CustomerID,CompanyName,ContactName,City,Phone
CUST00001,บริษัท บริษัท ศรีตะวันเฟอร์นิเจอร์ จำกัด จำกัด,นาทภูวพัฒน์ แจ้งสว่าง,พระนครศรีอยุธยา,051-702937
CUST00002,บริษัท ตันยาและแหยมศิริ จำกัด,อุลัยพร สงประเสริฐ,นครราชสีมา,+66 2610 6607
CUST00003,บริษัท บริษัท นามขำ จำกัด จำกัด,รมิตา เขียวขุ้ย,แม่สอด,+66 5491 7397
CUST00004,บริษัท บจก.ธาราธรและเพื่อน จำกัด,พศร นักสำหรวจ,นครราชสีมา,+66 (0) 891 263 107
CUST00005,บริษัท บริษัท ถนัดอักษร จำกัด จำกัด,เฉลิมพล เนื้อนุ่ม,นครสวรรค์,0-3110-3942
CUST00006,บริษัท ห้างหุ้นส่วนจำกัด ธีวร จำกัด,มารีนี เจริญรัมย์,สงขลา,+66 (0) 848 131 464
CUST00007,บริษัท บริษัท ซาซุม จำกัด จำกัด,เยาวรัตน์ บุนยะตีรณะ,เจ้าพระยาสุรศักดิ์,+66 7042 1929
CUST00008,บริษัท มูลนิธิกุมารบุญ จำกัด,ธารา เนตร์มณี,สุราษฎร์ธานี,037379409
CUST00009,บริษัท สมาคมวิลาสินี จำกัด,ภานุพล นิติสาขา,พัทยา,+66 (0) 4899 1813
CUST00010,บริษัท ห้างหุ้นส่วนจำกัด ทองลาภ จำกัด,นาวีตา เธียรายัน,อ้อมน้อย,057-136040
CUST00011,บริษัท กองทุนรวมแต้กุลเอเยนซี จำกัด (มหาชน) จำกัด,ดวงพร ทรงโกมล,ภูเก็ต,0 7632 8020
CUST00012,บริษัท บริษัท ชำนาญวาดเซอร์วิส จำกัด จำกัด,เอกชัย ตวงทอง,นครสวรรค์,+662 096 8492
CUST00013,บริษัท ห้างหุ้นส่วนสามัญ นากกนก จำกัด,ภัคชัญญา แน่นดุจป้อม,ตรัง,055-501657
CUST00014,บริษัท บริษัท ทองสีไพล จำกัด (มหาชน) จำกัด,พัชรีนิษฐ์ ทับทิมไทย,พิษณุโลก,0 5091 9577
CUST00015,บริษัท บริษัท ตัณสถิตย์ จำกัด จำกัด,ชัฎชา นิลเสนา,สมุทรสาคร,0 2583 5130
CUST00016,บริษัท บริษัท ถนัดพิมพการ จำกัด จำกัด,วิชชากร เตชะกำพุ,นนทบุรี,093 693 9790
CUST00017,บริษัท ห้างหุ้นส่วนจำกัด แหยมศิริเอเยนซี จำกัด,กระสุน ทองลาภ,เกาะสมุย,04 154 4870
CUST00018,บริษัท ห้างหุ้นส่วนสามัญ นพตระกูลแลบ จำกัด,สุรนีย์ นิษประปัญจ์,แม่สอด,0 4191 3093
CUST00019,บริษัท บมจ.บุนยะตีรณะการบัญชี จำกัด,โชคภาดล พรรษาสกุล,ตรัง,0-3778-9950
CUST00020,บริษัท สมาคมขอหมั่นกลาง จำกัด,นพ ศรีเผด็จ,ยะลา,063 444 1790
CUST00021,บริษัท บริษัท นฤทุกข์ก่อสร้าง จำกัด จำกัด,ศรายุธ นาควงษ์,สงขลา,059 455131
CUST00022,บริษัท บริษัท นาควงษ์เฟอร์นิเจอร์ จำกัด (มหาชน) จำกัด,ศรินยา ถนัดภาษา,พระนครศรีอยุธยา,+66 888 798 154
CUST00023,บริษัท มูลนิธิไม้แดง จำกัด,เทียมศักดิ์ ขันธุลา,พระนครศรีอยุธยา,03 891 1215
CUST00024,บริษัท บริษัท ธรรมทินนาเอ็นจิเนียริ่ง จำกัด จำกัด,สนั่น นกทอง,ปากเกร็ด,+66 (0) 5164 2136
CUST00025,บริษัท บริษัท สงประเสริฐ จำกัด จำกัด,ฌาฆีภัตฐ์ หอมสิน,เจ้าพระยาสุรศักดิ์,+663 480 7026
CUST00026,บริษัท ติระคมน์และบุนยะตีรณะ จำกัด,ประสิทธิ์ ทองแท้,นครศรีธรรมราช,0 3531 6785
CUST00027,บริษัท ศรีตะวันคอนสตรัคชั่น จำกัด,บุญญามี ธรรมเมธา,ยะลา,+66 962 486 780
CUST00028,บริษัท บริษัท ถุงเงิน จำกัด จำกัด,บุญทิวา ตั้งกุลงาม,แม่สอด,078 826303
CUST00029,บริษัท นรวิทย์โชติกุลพืชผล จำกัด,ปัณณวัชร ตันเผ่า,ระยอง,022-261999
CUST00030,บริษัท ธนาคารดาตูการช่าง จำกัด จำกัด,นรีกานต์ ทีฆะ,นครราชสีมา,+66 (0) 7020 6017
CUST00031,บริษัท บริษัท นวลเพ็งอิมปอร์ตเอ็กซปอร์ต จำกัด จำกัด,พิชญ์สินี แก้วชลคราม,ลำปาง,+662 775 1495
CUST00032,บริษัท ห้างหุ้นส่วนจำกัด เลขะพันธุ์ จำกัด,จิฬาภรณ์ จันทา,นครศรีธรรมราช,056 154453
CUST00033,บริษัท ถนัดพิมพการคอมมิวนิเคชั่น จำกัด,ภูวัน นากกนก,เจ้าพระยาสุรศักดิ์,+667 790 0415
CUST00034,บริษัท หจก.แหยมศิริแอนด์ซันส์ จำกัด,นนทกาญจน์ วะคีมัน,ปากเกร็ด,+662 376 8185
CUST00035,บริษัท ทรงโกมล-เลิศกิ่ง จำกัด,ศศิยา สงประเสริฐ,เชียงใหม่,080 182 2717
CUST00036,บริษัท บริษัท ไทยสุชาต จำกัด จำกัด,หรรษธร ดำริห์ชอบ,กรุงเทพมหานคร,+66 2365 1425
CUST00037,บริษัท ชมรมธาราธร จำกัด,ฮานาฟี อัตตนาถ,ภูเก็ต,052634767
CUST00038,บริษัท ธรรมสถิตไพศาลมอเตอร์ จำกัด,สิรวัฒน์ สันตะวงศ์,สงขลา,064 145 1316
CUST00039,บริษัท บจก.สาระพันธ์ จำกัด,ทรรศนชัย สังข์กรด,เชียงราย,035-249706
CUST00040,บริษัท ห้างหุ้นส่วนจำกัด ศรทอง จำกัด,อาซือมะ นพคเชนทร์,ขอนแก่น,+66 918 337 055
CUST00041,บริษัท บุนยาภิสนท์เทรดดิ้ง จำกัด,วิสาร ฉิมพาลี,สกลนคร,+663 945 8673
CUST00042,บริษัท หจก.บุนยะศัพท์ จำกัด,ภานิณี ทวีเดช,เชียงราย,043 059495
CUST00043,บริษัท บริษัท ดัตพันธุ์ จำกัด จำกัด,ชนิศา เลิศกิ่ง,นครสวรรค์,+662 339 5401
CUST00044,บริษัท ห้างหุ้นส่วนสามัญ ขำเอนก จำกัด,มาสิตะ ดาวกระจาย,อ้อมน้อย,093-492-0071
CUST00045,บริษัท บริษัท ปานสุวรรณเอเยนซี จำกัด จำกัด,ฟิรยา ฉายแสง,ขอนแก่น,0-5132-4502
CUST00046,บริษัท ถนอมพลกรังและบุตร จำกัด,ศรายุธ นิระหานี,เกาะสมุย,+66 (0) 4382 8018
CUST00047,บริษัท บริษัท ชุมวระ จำกัด จำกัด,จุฑารัตน์ นิยมธรรม,เชียงราย,+66 (0) 3720 2812
CUST00048,บริษัท บมจ.หิรัญสาลีเทรดดิ้ง จำกัด,อัญชัญ ทองปากน้ำ,รังสิต,047687835
CUST00049,บริษัท ห้างหุ้นส่วนจำกัด ดุริยพันธุ์เอ็นจิเนียริ่ง จำกัด,นาทภูวพัฒน์ ถาวระวรณ์,นครสวรรค์,022 448081
CUST00050,บริษัท ห้างหุ้นส่วนสามัญ จันอ้นแอนด์ซันส์ จำกัด,มาซีเตาะ เนตร์มณี,เชียงราย,+665 815 9299
CUST00051,บริษัท ห้างหุ้นส่วนจำกัด สุวรรณหงษ์การบัญชี จำกัด,ศรายุธ ศรีอุ่น,รังสิต,+66 (0) 7698 1824
CUST00052,บริษัท บริษัท ทองแท้ จำกัด จำกัด,กวีฉัฏฐ นวลเพ็ง,ระยอง,+66 2927 3219
CUST00053,บริษัท บริษัท บุญส่งก่อสร้าง จำกัด จำกัด,ชัชนันท์ คณานุรักษ์,สมุทรปราการ,086 138 8138
CUST00054,บริษัท บริษัท ตระกูลบุญ จำกัด จำกัด,อรุณี ดาวกระจาย,นครศรีธรรมราช,+664 417 9343
CUST00055,บริษัท บริษัท เณรานุสนธิ์ก่อสร้าง จำกัด จำกัด,ผดุงชาติ ทุมะบุตร์,เจ้าพระยาสุรศักดิ์,+66 (0) 4564 0847
CUST00056,บริษัท พรมอ่อนอิมปอร์ตเอ็กซปอร์ต จำกัด,เอกอธิพงษ์ ธนประทีป,ระยอง,067 389 4262
CUST00057,บริษัท บริษัท ราชมณีวิศวกรรม จำกัด จำกัด,ธาเอก ธัญเสถียร,ปากเกร็ด,+66 687 528 958
CUST00058,บริษัท บริษัท นุตตารและเพื่อน จำกัด จำกัด,วันฉัตร ฉัพพรรณธนกูร,พระนครศรีอยุธยา,+66 (0) 2213 2705
CUST00059,บริษัท หจก.ดำริห์ชอบกลการ จำกัด,เขียว แหยมศิริ,แม่สอด,0 4319 5574
CUST00060,บริษัท มูลนิธิศรีอุ่น จำกัด,บุญเกิด ดาบเพ็ชร์,เชียงใหม่,0999619467
CUST00061,บริษัท ธีวรเอ็นจิเนียริ่ง จำกัด,ยศพนต์ เขียวอ่อน,ลำปาง,048731957
CUST00062,บริษัท ชมรมนิระหานี จำกัด,อับดุลเลาะห์ นาคพันธุ์,อุบลราชธานี,0 5628 5596
CUST00063,บริษัท ห้างหุ้นส่วนจำกัด หนักแน่น จำกัด,ปัญญาพร ปรีชากุลเศรษฐ์,แหลมฉบัง,+66 692 572 826
CUST00064,บริษัท ห้างหุ้นส่วนจำกัด ทองสินธุ์ จำกัด,สันชัย คณานุรักษ์,ลำปาง,064-112-8555
CUST00065,บริษัท ห้างหุ้นส่วนจำกัด พงศ์ฉบับนภาพานิช จำกัด,อัญชัญ หนุนสุข,นครปฐม,+66 (0) 858 075 328
CUST00066,บริษัท บริษัท ทันยุคมอเตอร์ จำกัด จำกัด,ศรายุธ ถนัดเดินข่าว,ลำปาง,049767686
CUST00067,บริษัท บริษัท ถนอมกุลบุตรกลการ จำกัด จำกัด,เยาวรัตน์ ขุนดำ,ปากเกร็ด,+66 (0) 2168 0229
CUST00068,บริษัท บริษัท ถนัดรบคอมมิวนิเคชั่น จำกัด จำกัด,สมใจ ไทไชโย,นนทบุรี,0 928 727 293
CUST00069,บริษัท บริษัท ธรรมสถิตไพศาลการช่าง จำกัด จำกัด,วิชา ธรรมฤดี,อุบลราชธานี,085-403-8372
CUST00070,บริษัท บริษัท บุตดา จำกัด จำกัด,วิถี ธูปะวิโรจน์,รังสิต,+66 (0) 5288 1526
CUST00071,บริษัท บริษัท นาถะพินธุและเพื่อน จำกัด จำกัด,กุลดิลก ศรีวงค์,แม่สอด,0 921 035 557
CUST00072,บริษัท ธนาคารตวงทอง จำกัด จำกัด,มะสูเกียน ศรีสัตย์,ลำปาง,024264120
CUST00073,บริษัท หจก.ตันเผ่าเคมิคอล จำกัด,นิติยา ทัศนสุทธิ,กรุงเทพมหานคร,04 596 6972
CUST00074,บริษัท ห้างหุ้นส่วนจำกัด ปรีชากุลเศรษฐ์ยานยนต์ จำกัด,วิเชียร ฉัพพรรณธนกูร,สุราษฎร์ธานี,025-217015
CUST00075,บริษัท บริษัท แท่นทอง จำกัด,วิรศักดิ์ นิลสุวรรณ์,สกลนคร,02 866 6566
CUST00076,บริษัท บจก.นรวิทย์โชติกุล จำกัด,สโรชา สันตะวงศ์,เชียงราย,+66 835 378 035
CUST00077,บริษัท ห้างหุ้นส่วนสามัญ นรวิทย์โชติกุล จำกัด,พัชรีนิษฐ์ เจริญรัมย์,อ้อมน้อย,0 5917 6227
CUST00078,บริษัท บจก.วุฑฒยากร จำกัด,พรสวรรค์ ชุมวระ,สุราษฎร์ธานี,035927241
CUST00079,บริษัท บจก.ศาสตร์ศิลป์อิมปอร์ตเอ็กซปอร์ต จำกัด,เอกชัย แนวพญา,นครศรีธรรมราช,0 2386 0613
CUST00080,บริษัท บริษัท นาถะเดชะ จำกัด (มหาชน) จำกัด,ภูวิช ตวันเยี่ยม,หาดใหญ่,04 092 6113
CUST00081,บริษัท ซูสารอ-นิลวิมล จำกัด,ณัฐจศักดิ์ ถนัดภาษา,เชียงราย,0-7990-4364
CUST00082,บริษัท หจก.ตระกูลบุญ จำกัด,รูไกยะฮ์ บุญญาภิรมย์,เจ้าพระยาสุรศักดิ์,034703596
CUST00083,บริษัท นาคสุทินภาพยนตร์ จำกัด,ยศพงศ์ วาทา,รังสิต,+662 159 5674
CUST00084,บริษัท บริษัท ถนัดอาวุธ จำกัด จำกัด,ทัตธน หนักแน่น,นครปฐม,05 348 8158
CUST00085,บริษัท บริษัท ธุวะนุติ์เคมิคอล จำกัด จำกัด,นราวรรณ เธียรายัน,พัทยา,021-663332
CUST00086,บริษัท ห้างหุ้นส่วนจำกัด ถาวรายุศม์วิศวกรรม จำกัด,จีรยุทธ สุวรรณหงษ์,พิษณุโลก,059-893192
CUST00087,บริษัท หจก.เขียวอ่อน จำกัด,ธารา บุญศล,นครสวรรค์,0-4106-1681
CUST00088,บริษัท บริษัท เนื่องนนท์ จำกัด จำกัด,ศุภกรชนา แก้วชลคราม,นนทบุรี,+662 936 2609
CUST00089,บริษัท มูลนิธิวาทา จำกัด,สุรนัย กุมารบุญ,หาดใหญ่,0 4553 2826
CUST00090,บริษัท บริษัท นามขำ จำกัด จำกัด,มนรัตน์ ธรรมทินนา,สุราษฎร์ธานี,02 948 7570
CUST00091,บริษัท บริษัท อัตตนาถ จำกัด จำกัด,เกศรา ธนรักษ์,เชียงราย,+662 493 9717
CUST00092,บริษัท บริษัท หอมพิกุล จำกัด จำกัด,อัญชัญ ถนัดรบ,ตรัง,030305469
CUST00093,บริษัท ชมรมทองสีไพล จำกัด,ประไพพักตร์ แถมธน,สงขลา,+66 (0) 5023 9760
CUST00094,บริษัท ตวงทองจิวเวลรี่ จำกัด,สุทกร ถนัดอาวุธ,สุราษฎร์ธานี,057 339895
CUST00095,บริษัท บริษัท ถนัดภาษา จำกัด จำกัด,ธนกิตต์ บัวเผื่อน,แม่สอด,0 2788 9074
CUST00096,บริษัท บริษัท แน่นดุจป้อมบริการ จำกัด จำกัด,นิติยา นักสำหรวจ,เชียงราย,+66 (0) 3252 4983
CUST00097,บริษัท บมจ.สังข์กรดแพคกิ้ง จำกัด,ทัตธน นักสำหรวจ,พัทยา,0 2693 2572
CUST00098,บริษัท ห้างหุ้นส่วนจำกัด นิยมสำหรวจการช่าง จำกัด,เฉลิมรัฐ ทันยุค,ตรัง,05 452 8762
CUST00099,บริษัท บริษัท ธนรักษ์ จำกัด จำกัด,เลิศเดช ศาสตร์ศิลป์,สงขลา,+66 (0) 904 504 325
CUST00100,บริษัท สมาคมเณรานุสนธิ์ จำกัด,ธนวันต์ เดชวา,ตรัง,051-196939
CUST00101,บริษัท ธนาคารธนรักษ์ จำกัด (มหาชน) จำกัด,ฐิติวุฒิ ทองเนื้อดี,รังสิต,03 999 8538
CUST00102,บริษัท บมจ.นาฏคายี จำกัด,คณภรณ์ ทศโยธิน,ภูเก็ต,037-073015
CUST00103,บริษัท บุณยะภาชน์และทองสีไพล จำกัด,อรจิรา ยาปะโลหิต,ระยอง,+66 (0) 888 915 863
CUST00104,บริษัท ห้างหุ้นส่วนสามัญ ซาซุมก่อสร้าง จำกัด,วรรณกร ตันยา,นครปฐม,+662 895 9121
CUST00105,บริษัท มูลนิธิมิ่งขวัญ จำกัด,โกมล เลิศกิ่ง,สมุทรปราการ,078-438743
CUST00106,บริษัท บริษัท เมืองสุขกลการ จำกัด จำกัด,ปฐวีกานต์ ธาราธร,แหลมฉบัง,087-892-2885
CUST00107,บริษัท บริษัท นำธวัช จำกัด จำกัด,มัตติกา นุชแนวนุ่ม,ปากเกร็ด,+664 765 6810
CUST00108,บริษัท ธนาคารนามขำมอเตอร์ จำกัด จำกัด,ภูวิช ธุวะนุติ์,ปากเกร็ด,085-574-2514
CUST00109,บริษัท สมาคมอุลหัสสา จำกัด,มารุด บัวเผื่อน,พัทยา,+66 (0) 2280 5424
CUST00110,บริษัท บริษัท พงศ์ฉบับนภาบริการ จำกัด จำกัด,มารีนี เลขะพันธุ์,นครปฐม,0-3525-3818
CUST00111,บริษัท ธรรมทินนาขนส่ง จำกัด,ณาร์รีมาน นิติสาขา,ตรัง,092-717-0262
CUST00112,บริษัท ทวีเดชแลบ จำกัด,ณัฐติญา ทองประดิฐ,ระยอง,05 360 5357
CUST00113,บริษัท ห้างหุ้นส่วนจำกัด ศรีอุ่น จำกัด,หล้า แน่นดุจป้อม,อุดรธานี,036973296
CUST00114,บริษัท บริษัท ยะผา จำกัด จำกัด,เยาวรัตน์ ร่มธิติรัตน์,ภูเก็ต,+662 835 1400
CUST00115,บริษัท ห้างหุ้นส่วนสามัญ ถนัดเดินข่าวการค้า จำกัด,ชัชเวศย์ นิลสุวรรณ์,ลำปาง,+66 3577 8228
CUST00116,บริษัท บริษัท นุตตารวิศวกรรม จำกัด จำกัด,ฉลองชัย ไทยแท้,นครราชสีมา,0-2228-6072
CUST00117,บริษัท นิยมสำหรวจและทำประดู่ จำกัด,พิมพ์สุดา ร่มธิติรัตน์,ลำปาง,036 176616
CUST00118,บริษัท นิลวิมล-ชำนาญวาด จำกัด,จักรกฤนาย ทีฆะ,เชียงราย,+66 (0) 828 148 605
CUST00119,บริษัท บริษัท ศรีเผด็จ จำกัด จำกัด,สุธาวี บุญญาภิรมย์,ขอนแก่น,057537348
CUST00120,บริษัท ห้างหุ้นส่วนจำกัด บุตดาเอเยนซี จำกัด,อเนชา ถนัดอักษร,เชียงราย,+66 (0) 4251 5043
CUST00121,บริษัท ห้างหุ้นส่วนจำกัด นักรบ จำกัด,ธีริสรา พงศ์ฉบับนภา,สงขลา,+66 5540 4857
CUST00122,บริษัท หจก.มิ่งขวัญ จำกัด,ทิพย์วารี ธรรมฤดี,ภูเก็ต,053-535689
CUST00123,บริษัท บริษัท เดชวายานยนต์ จำกัด (มหาชน) จำกัด,ภาสินี ถะเกิงชศ,พัทยา,+66 (0) 4742 1015
CUST00124,บริษัท บริษัท บุนยะศัพท์ จำกัด จำกัด,อลิษา นิลวรรณ,เชียงใหม่,05 905 1392
CUST00125,บริษัท ห้างหุ้นส่วนสามัญ แถมธนเฟอนิชชิ่ง จำกัด,อำพร ทองสินธุ์,รังสิต,0654190885
CUST00126,บริษัท บริษัท ทองสินธุ์ จำกัด จำกัด,ซุกรี ทองประดิฐ,ลำปาง,+66 (0) 5073 8210
CUST00127,บริษัท ห้างหุ้นส่วนจำกัด สุวรรณหงษ์ จำกัด,สุทธิพจน์ นครเทพ,ลำปาง,0 3409 0266
CUST00128,บริษัท บริษัท นิลวรรณเทรดดิ้ง จำกัด จำกัด,ชนิศา ธัญาโภชน์,กรุงเทพมหานคร,030010660
CUST00129,บริษัท สมาคมนิละทัต จำกัด,ฐิติกุล นฤทุกข์,แหลมฉบัง,042220061
CUST00130,บริษัท ห้างหุ้นส่วนจำกัด ผลบุญกลการ จำกัด,ชนิศา ถนัดอักษร,เชียงใหม่,05 073 6589
CUST00131,บริษัท ทรัพย์ธำรงค์-พรมอ่อน จำกัด,นันทวุฒิ จันทา,อุบลราชธานี,068-408-6404
CUST00132,บริษัท หจก.หนักแน่นบริการ จำกัด,พันธุ์เทพ ถาวรรัตน,สกลนคร,062 013 7524
CUST00133,บริษัท บมจ.ตันตราจิณ จำกัด,วีร์สุดา ทหารแท้,อุดรธานี,0 834 364 166
CUST00134,บริษัท ห้างหุ้นส่วนจำกัด นักสำหรวจการบัญชี จำกัด,อัครพนธ์ ถนัดกลึง,นครราชสีมา,069-367-0514
CUST00135,บริษัท บริษัท วะคีมัน จำกัด (มหาชน) จำกัด,วรินทธิ์ธร พรสีมา,สุราษฎร์ธานี,094-225-8773
CUST00136,บริษัท ถนัดพิมพการโอสถ จำกัด,สุกฤษตา ธนรักษ์,นครศรีธรรมราช,+66 (0) 2623 0301
CUST00137,บริษัท บริษัท ถนัดอาวุธ จำกัด (มหาชน) จำกัด,ศรีสวัสดิ์ ถาวระวรณ์,แม่สอด,+66 7009 7074
CUST00138,บริษัท สงประเสริฐและนุชแนวนุ่ม จำกัด,อำไพ เมืองสุข,อ้อมน้อย,+66 2161 1729
CUST00139,บริษัท บริษัท มิ่งขวัญการบัญชี จำกัด จำกัด,ฐิติยาพร บุนยาภิสนท์,เจ้าพระยาสุรศักดิ์,0808648681
CUST00140,บริษัท สมาคมเนตร์มณี จำกัด,พศร นิยมธรรม,เกาะสมุย,0 635 467 360
CUST00141,บริษัท บริษัท ราชมณี จำกัด จำกัด,ยศพนต์ แก้วอยู่,พิษณุโลก,+664 408 2769
CUST00142,บริษัท ห้างหุ้นส่วนจำกัด หนุนสุข จำกัด,สมนึก แน่นดุจป้อม,อุบลราชธานี,+665 226 5442
CUST00143,บริษัท ชมรมดาบเงิน จำกัด,ฮาฟิต แต้กุล,ขอนแก่น,+663 576 4621
CUST00144,บริษัท บจก.ทุมะบุตร์ จำกัด,หรรษธร สาระพันธ์,อุบลราชธานี,04 642 8615
CUST00145,บริษัท บริษัท บุณยะภาชน์ จำกัด จำกัด,ศุภนุนาย เตชะกำพุ,ขอนแก่น,+66 3221 4674
CUST00146,บริษัท บริษัท ทองสีไพล จำกัด จำกัด,พิไลพร ประจันตะเสน,สกลนคร,+66 807 614 386
CUST00147,บริษัท ถนิมมาศบริการ จำกัด,สุมัชญา นาถะเดชะ,นครศรีธรรมราช,04 584 9095
CUST00148,บริษัท วะคีมัน-ถนัดอักษร จำกัด,ประเดิม ศรีอุ่น,เชียงราย,078-565271
CUST00149,บริษัท บริษัท แหยมศิริ จำกัด จำกัด,ธีร์ธวันาย ถ้วนศรี,เจ้าพระยาสุรศักดิ์,038-118685
CUST00150,บริษัท บมจ.ถนัดหัตถกรรม จำกัด,ซูฮัยดา นฤทุกข์,เชียงราย,0612206635
CUST00151,บริษัท บริษัท ดุริยพันธุ์ จำกัด จำกัด,กนกเนตร ดาบเงิน,เชียงราย,0-3784-9779
CUST00152,บริษัท กองทุนรวมไทยแท้อินเตอร์เนชั่นแนล จำกัด (มหาชน) จำกัด,ฐิติวุฒิ ถมังรักษสัตว์,สุราษฎร์ธานี,+665 212 5849
CUST00153,บริษัท ห้างหุ้นส่วนจำกัด ถมปัดเอเยนซี จำกัด,พิมพ์สุตา บุณยะภาชน์,นครศรีธรรมราช,069 425 2470
CUST00154,บริษัท ห้างหุ้นส่วนสามัญ ตระกูลบุญ จำกัด,อินทรีย์ เลขะพันธุ์,สกลนคร,+66 3131 7794
CUST00155,บริษัท บริษัท ดุริยพันธุ์ จำกัด จำกัด,ฐิติวุฒิ เขียวขุ้ย,พัทยา,+66 3717 7619
CUST00156,บริษัท บริษัท ทรัพย์สารวิศวการ จำกัด จำกัด,สโรชา นิษประปัญจ์,ตรัง,035-800816
CUST00157,บริษัท บริษัท ฉายแสงการช่าง จำกัด จำกัด,ณาร์รีมาน ยาปะโลหิต,อ้อมน้อย,068-214-4569
CUST00158,บริษัท บริษัท ถนอมพลมอเตอร์ จำกัด จำกัด,ประยุทธ์ ดาวกระจาย,กรุงเทพมหานคร,0-5780-8928
CUST00159,บริษัท บริษัท เนตร์มณีก่อสร้าง จำกัด จำกัด,เทพนารี ถาวรายุศม์,สมุทรปราการ,0 632 667 583
CUST00160,บริษัท สหภาพแรงงานคำลือ จำกัด,นิติ ธัญาโภชน์,แม่สอด,023855647
CUST00161,บริษัท นุชแนวนุ่ม-ตวันเยี่ยม จำกัด,พัสวี ธูปหอม,นครสวรรค์,058-031814
CUST00162,บริษัท กองทุนรวมทวีเดช จำกัด จำกัด,อารีย์ ตะละภัฏ,สมุทรปราการ,049105407
CUST00163,บริษัท สมาคมร่มธิติรัตน์ จำกัด,ณัฐจศักดิ์ ทำประดู่,สงขลา,+664 940 3647
CUST00164,บริษัท บริษัท ทีฆะ จำกัด จำกัด,มารีนี ทวีเดช,ขอนแก่น,080-029-0928
CUST00165,บริษัท บริษัท ดุษฎีวนิชพานิช จำกัด (มหาชน) จำกัด,เพชรมณี ถาวรรัตน,ยะลา,044500108
CUST00166,บริษัท มูลนิธิเลขะพันธุ์ จำกัด,ปิยนุช บุตราช,พระนครศรีอยุธยา,0 913 965 242
CUST00167,บริษัท บริษัท ไทยแท้กลการ จำกัด จำกัด,ราชันทร์ เดชคุ้ม,ขอนแก่น,05 447 9675
CUST00168,บริษัท ห้างหุ้นส่วนจำกัด ศาสตร์ศิลป์ จำกัด,กฤตพร ตันเผ่า,รังสิต,036-242910
CUST00169,บริษัท บจก.แท่นทอง จำกัด,ชนิศา ตั้งรบ,พระนครศรีอยุธยา,0 5525 2578
CUST00170,บริษัท สมาคมธัญาโภชน์ จำกัด,ณิชนันท์ นุ่มกัน,อุบลราชธานี,0 972 022 539
CUST00171,บริษัท ห้างหุ้นส่วนจำกัด ถนัดกลึงแอนด์ซันส์ จำกัด,อาฮามัด แก้วอยู่,ระยอง,05 366 1068
CUST00172,บริษัท บริษัท นาคพันธุ์ จำกัด จำกัด,มลิวรรณ ภูภักดี,แหลมฉบัง,+66 (0) 2311 2986
CUST00173,บริษัท ห้างหุ้นส่วนจำกัด เนตร์มณีอุตสาหกรรม จำกัด,มัตติกา ปานสุวรรณ,แหลมฉบัง,020111072
CUST00174,บริษัท บริษัท ตะละภัฏ จำกัด,ผดุงชาติ ดีตพันธุ์,รังสิต,+66 (0) 852 358 756
CUST00175,บริษัท บริษัท ธีวรแอนด์ซันส์ จำกัด (มหาชน) จำกัด,กันตวรรณ ฉิมพาลี,นครศรีธรรมราช,03 861 7054
CUST00176,บริษัท บริษัท ตวงทอง จำกัด จำกัด,วันฉัตร ธรรมทินนา,กรุงเทพมหานคร,073-345199
CUST00177,บริษัท ธรรมเมธาและชุมวระ จำกัด,เฉลิมรัฐ ด้วงโสน,แหลมฉบัง,0-5172-9094
CUST00178,บริษัท สหภาพแรงงานทวนทอง จำกัด,ณภัทร ดาตู,ขอนแก่น,+667 861 4684
CUST00179,บริษัท ห้างหุ้นส่วนจำกัด ราชมณีเฟอร์นิเจอร์ จำกัด,จิตตานันท์ บุญญาไลย์,สมุทรปราการ,+66 859 510 408
CUST00180,บริษัท บริษัท ตรีเภรินทร์ จำกัด จำกัด,ธัญญกัญญา นามเสวตร,นครปฐม,04 290 3165
CUST00181,บริษัท ห้างหุ้นส่วนจำกัด ถนัดอักษรวิศวกรรม จำกัด,สันติราษฎร์ วะคีมัน,นครปฐม,04 147 4493
CUST00182,บริษัท ยะผาและงามพิเชษฐ์ จำกัด,สุปรานี ธนรักษ์,อุดรธานี,0-4375-2551
CUST00183,บริษัท บริษัท เลิศกิ่ง จำกัด จำกัด,ณัฐศักดิ์ เตชะกำพุ,ปากเกร็ด,+662 365 3776
CUST00184,บริษัท บริษัท แถมธน จำกัด จำกัด,ปิยะชาติ ธาราธร,อุบลราชธานี,+665 596 8622
CUST00185,บริษัท บริษัท ถุงเงิน จำกัด จำกัด,อับดุลเลาะห์ ถาวรรัตน,แหลมฉบัง,096 131 6261
CUST00186,บริษัท บจก.ทันยุคการช่าง จำกัด,สุรธัช นุตตาร,พระนครศรีอยุธยา,+66 (0) 7314 9245
CUST00187,บริษัท บริษัท เนื่องนนท์ จำกัด จำกัด,ศรลักษณ์ ถนิมมาศ,พระนครศรีอยุธยา,058-698412
CUST00188,บริษัท อุ่นอกยานยนต์ จำกัด,ยอดแมน แน่นดุจป้อม,พระนครศรีอยุธยา,+66 5887 5201
CUST00189,บริษัท บริษัท ธีวร จำกัด จำกัด,เพียงกมล ถาวระวรณ์,นครราชสีมา,0-3571-7740
CUST00190,บริษัท ชมรมนฤทุกข์ จำกัด,ปัญญาพร ดำริห์ชอบ,ระยอง,087 696 3624
CUST00191,บริษัท หจก.ธีวร จำกัด,ราณี จันอ้น,ปากเกร็ด,+663 738 8751
CUST00192,บริษัท บริษัท เพียยาแลบ จำกัด จำกัด,วิสาร ถ้วนศรี,เชียงใหม่,+66 7782 5629
CUST00193,บริษัท บริษัท ไทยสุชาตเฟอนิชชิ่ง จำกัด จำกัด,กวีฉัฏฐ เช้าวันดี,นครศรีธรรมราช,0-3290-4887
CUST00194,บริษัท ห้างหุ้นส่วนจำกัด ตรีเภรินทร์ จำกัด,ศรินยา ไทยแท้,ปากเกร็ด,+66 805 594 786
CUST00195,บริษัท นฤทุกข์และศิวะวรเวท จำกัด,พรเบญญา แนวพนิช,เชียงใหม่,+66 (0) 3911 6800
CUST00196,บริษัท บริษัท ธนรักษ์วิศวการ จำกัด จำกัด,ฐิตาพร วิลาสินี,เชียงราย,+664 807 3607
CUST00197,บริษัท บริษัท นำธวัช จำกัด จำกัด,เกษมชัย ถนอมมนุษย์,นครศรีธรรมราช,0 5121 8446
CUST00198,บริษัท ราชมณี-หอมสิน จำกัด,ฌาฆีภัตฐ์ หอมสิน,พระนครศรีอยุธยา,047-775686
CUST00199,บริษัท บริษัท ติระคมน์ จำกัด จำกัด,วิรศักดิ์ ดีตพันธุ์,ยะลา,+66 4471 4736
CUST00200,บริษัท หจก.นิยมเซียมแพคกิ้ง จำกัด,เอกวิทย์ ทีฆะ,ปากเกร็ด,+66 2360 7421
CUST00201,บริษัท บริษัท ฉายแสงภาพยนตร์ จำกัด จำกัด,ยูซุฟ ยางสวย,พิษณุโลก,+66 (0) 5349 7226
CUST00202,บริษัท บริษัท ทำประดู่มอเตอร์ จำกัด จำกัด,ภัคศุภางค์ บุญบำรุง,ตรัง,0 7316 4266
CUST00203,บริษัท บริษัท ตระกูลไม้เรียงอุตสาหกรรม จำกัด จำกัด,ผดุงพล ธูปหอม,ภูเก็ต,0 4826 1959
CUST00204,บริษัท ถุงเงินคอนสตรัคชั่น จำกัด,ศิริญา ทวีเดช,สุราษฎร์ธานี,+66 (0) 7349 6735
CUST00205,บริษัท บริษัท นวลเพ็งบรรจุภัณฑ์ จำกัด จำกัด,สุกฤษตา ถ้วนศรี,ตรัง,047-359753
CUST00206,บริษัท หจก.ประจันตะเสนและบุตร จำกัด,ผดุงชาติ ตระกูลไม้เรียง,นครสวรรค์,+66 958 393 117
CUST00207,บริษัท ศาสตร์ศิลป์เอ็นจิเนียริ่ง จำกัด,ศิริเกศ ถนัดเดินข่าว,เชียงใหม่,037568663
CUST00208,บริษัท บุญบำรุง-นักสำหรวจ จำกัด,ฟิรยา แก้วอยู่,รังสิต,081 526 6043
CUST00209,บริษัท บริษัท ธรรมสถิตไพศาลคอมมิวนิเคชั่น จำกัด จำกัด,นันทวุฒิ วิลาสินี,สมุทรปราการ,063-291-1513
CUST00210,บริษัท บริษัท ชำนาญวาดยานยนต์ จำกัด จำกัด,คำมั่น ทองลาภ,ขอนแก่น,044930059
CUST00211,บริษัท ห้างหุ้นส่วนสามัญ ธนรักษ์ยานยนต์ จำกัด,บุญเกิด ฉัพพรรณธนกูร,เจ้าพระยาสุรศักดิ์,+663 489 6379
CUST00212,บริษัท ถาวระวรณ์-นุตตาร จำกัด,อธิตยา หอมพิกุล,ระยอง,+66 (0) 7307 5092
CUST00213,บริษัท สมาคมตั้งเผ่า จำกัด,ณิชนันท์ มนทอง,เชียงราย,069 792 4108
CUST00214,บริษัท บริษัท ดวงทับทิมโอสถ จำกัด จำกัด,จณิสตา ทวนไชย์,นครปฐม,+66 (0) 2168 1892
CUST00215,บริษัท ห้างหุ้นส่วนจำกัด จันทา จำกัด,จณิสตา ตั้งกุลงาม,หาดใหญ่,+66 7423 2781
CUST00216,บริษัท ห้างหุ้นส่วนจำกัด ถนิมมาศ จำกัด,วรศาสส์ ทองสุกเลิศ,นครราชสีมา,+66 (0) 4107 2139
CUST00217,บริษัท ห้างหุ้นส่วนจำกัด กุมารบุญอะไหล่ยนต์ จำกัด,ฮาฟิต นิระหานี,พระนครศรีอยุธยา,034-215907
CUST00218,บริษัท บริษัท อัตตนาถเซอร์วิส จำกัด จำกัด,พิชญ์สินี แนวพนิช,อุบลราชธานี,0 2948 9132
CUST00219,บริษัท บุนยะตีรณะและเพื่อน จำกัด,ยศวัฒน์ นฤภัย,ยะลา,0 2595 9013
CUST00220,บริษัท ห้างหุ้นส่วนจำกัด ดาวกระจาย จำกัด,โชติวุฒิ หนุนสุข,กรุงเทพมหานคร,052 807104
CUST00221,บริษัท บริษัท ถะเกิงชศคอนสตรัคชั่น จำกัด (มหาชน) จำกัด,รูไกยะฮ์ จันอ้น,สุราษฎร์ธานี,0-5401-5918
CUST00222,บริษัท บริษัท กุมารบุญ จำกัด จำกัด,พิชาภพ ยะผา,พระนครศรีอยุธยา,0 3437 0597
CUST00223,บริษัท นิลสุวรรณ์-วาทา จำกัด,พรเบญญา ศรีตะวัน,นครศรีธรรมราช,040-616098
CUST00224,บริษัท หจก.คำลือ จำกัด,ธนวันต์ นฤภัย,เชียงใหม่,040-034572
CUST00225,บริษัท หจก.ภูภักดี จำกัด,ทิพรดา นฤภัย,ปากเกร็ด,02 537 3249
CUST00226,บริษัท ห้างหุ้นส่วนจำกัด นากกนกอะไหล่ยนต์ จำกัด,พัสวี นพตระกูล,ปากเกร็ด,0-4404-8948
CUST00227,บริษัท หจก.ทองอยู่ จำกัด,มารีนี นวลฉวี,ตรัง,0 961 948 065
CUST00228,บริษัท บริษัท นุ่มกัน จำกัด จำกัด,เขมจิรา ธุวะนุติ์,รังสิต,0-5799-1307
CUST00229,บริษัท ห้างหุ้นส่วนสามัญ ทวีเดชก่อสร้าง จำกัด,ปัตถพงษ์ ธุวะนุติ์,นครสวรรค์,05 926 3339
CUST00230,บริษัท บริษัท ถนัดรักษาเซอร์วิส จำกัด จำกัด,อารีย์ บุญญาไลย์,ปากเกร็ด,+66 2725 6073
CUST00231,บริษัท สมาคมดุริยพันธุ์ จำกัด,วรรณรัตน์ หนักแน่น,เชียงราย,0 969 713 314
CUST00232,บริษัท บริษัท ตะละภัฏ จำกัด (มหาชน) จำกัด,นิรุตต์ ไทยสุชาต,แหลมฉบัง,042-552759
CUST00233,บริษัท ห้างหุ้นส่วนสามัญ ไทนิยม จำกัด,ทรรศนชัย ถนัดรักษา,แม่สอด,025-729571
CUST00234,บริษัท บริษัท อัตตนาถ จำกัด (มหาชน) จำกัด,ชัญญานุนาย พรสีมา,ปากเกร็ด,072196452
CUST00235,บริษัท บจก.คณานุรักษ์ จำกัด,โชติวุฒิ ฉายแสง,อ้อมน้อย,+665 174 8790
CUST00236,บริษัท สมาคมทำประดู่ จำกัด,วรรณนิสา บินดี,นครปฐม,074-627482
CUST00237,บริษัท หจก.ทัศนสุทธิ จำกัด,ธมลพรรณ เธียรายัน,นครสวรรค์,0 4412 4891
CUST00238,บริษัท บริษัท ธนรักษ์การบัญชี จำกัด จำกัด,กองสิน ไทยแท้,ภูเก็ต,+66 (0) 3241 9868
CUST00239,บริษัท หจก.นิยมเซียม จำกัด,อรุณี นุตตาร,แม่สอด,0 661 698 222
CUST00240,บริษัท ห้างหุ้นส่วนจำกัด เดชวาและบุตร จำกัด,พชรภรณ์ นวลเพ็ง,พัทยา,0624870796
CUST00241,บริษัท ห้างหุ้นส่วนสามัญ จ้อยนุแสงพานิช จำกัด,โกมล นาถะเดชะ,ยะลา,0-3685-5721
CUST00242,บริษัท ห้างหุ้นส่วนสามัญ วะคีมัน จำกัด,สิทธัญ ศาสตร์ศิลป์,เชียงใหม่,07 535 9548
CUST00243,บริษัท ห้างหุ้นส่วนสามัญ ศาสตร์ศิลป์ภาพยนตร์ จำกัด,ภูวฤณ ศรีเผด็จ,นนทบุรี,043156428
CUST00244,บริษัท แจ้งสว่างก่อสร้าง จำกัด,อรพิณ นกทอง,แหลมฉบัง,0-2166-1801
CUST00245,บริษัท บริษัท ทองประดิฐ จำกัด จำกัด,ธมลพรรณ ไทนิยม,ลำปาง,088 441 4796
CUST00246,บริษัท บริษัท บุนยะตีรณะ จำกัด จำกัด,ศรายุธ พรมอ่อน,เชียงใหม่,0-4500-4690
CUST00247,บริษัท บริษัท สุวรรณหงษ์ จำกัด (มหาชน) จำกัด,นันทวุฒิ ดิศดใน,สกลนคร,0 2527 1322
CUST00248,บริษัท บริษัท เขียวอ่อน จำกัด จำกัด,ประภัทร์สรณ์ ดีตพันธุ์,อุดรธานี,0-3643-2094
CUST00249,บริษัท นพตระกูล-ดาวอร่าม จำกัด,เยาวรัตน์ นิยมธรรม,นครราชสีมา,+66 7475 5638
CUST00250,บริษัท ไสยกิจและบุนยะศัพท์ จำกัด,ลักษมี นาควงษ์,อุดรธานี,+66 4951 4832
CUST00251,บริษัท บริษัท บัวเผื่อน จำกัด จำกัด,ธีรวุฒิ นับเนื่องนอ,สกลนคร,+66 4472 9813
CUST00252,บริษัท ธนาคารนาคสุทิน จำกัด จำกัด,วรนาฎ นิลสลัว,สงขลา,+664 755 8730
CUST00253,บริษัท บมจ.เดชคุ้มก่อสร้าง จำกัด,โรสชา ดิศดใน,อุดรธานี,044 796941
CUST00254,บริษัท หจก.ทรัพย์ธำรงค์ จำกัด,ประภัทร์สรณ์ นิละทัต,ขอนแก่น,0 873 944 703
CUST00255,บริษัท พีระเพ็ญกุลโอสถ จำกัด,กิติชัย ไทยแท้,พระนครศรีอยุธยา,0-7866-0242
CUST00256,บริษัท บริษัท บุญญาภิรมย์ จำกัด (มหาชน) จำกัด,จิณภัทตา ศาสตร์ศิลป์,นครศรีธรรมราช,0 4117 4488
CUST00257,บริษัท บจก.ตันยา จำกัด,หลักทรัพย์ อุ่นอก,อ้อมน้อย,+66 3577 7492
CUST00258,บริษัท บริษัท ถะเกิงชศการค้า จำกัด (มหาชน) จำกัด,อัญชิษฐา คณานุรักษ์,กรุงเทพมหานคร,058-215818
CUST00259,บริษัท บจก.น้ำทิพย์ จำกัด,สุกฤษตา เจริญรัมย์,พระนครศรีอยุธยา,0 998 361 667
CUST00260,บริษัท มูลนิธิถาวรรัตน จำกัด,กิติวัฒน์ ถนัดพิมพการ,พระนครศรีอยุธยา,+66 (0) 905 849 102
CUST00261,บริษัท บริษัท นำธวัชสโตร์ จำกัด จำกัด,นาวีตา ธูปะวิโรจน์,เจ้าพระยาสุรศักดิ์,+66 3195 9911
CUST00262,บริษัท สหภาพแรงงานฉัตรอภิเที่ยงค่ำ จำกัด,ปาริตา ธีวร,ปากเกร็ด,0834495766
CUST00263,บริษัท แท่นทองและนากกนก จำกัด,อุดมลักษณ์ นครเทพ,อุดรธานี,+664 082 6963
CUST00264,บริษัท กุมารบุญและนิลสลัว จำกัด,มะลีวัลย์ เขียวอ่อน,นครศรีธรรมราช,0-5752-4544
CUST00265,บริษัท บจก.กุมารบุญซัพพลาย จำกัด,ธีรวัช ธรรมทินนา,อ้อมน้อย,+667 588 0356
CUST00266,บริษัท ห้างหุ้นส่วนจำกัด พรรษาสกุล จำกัด,วัลลภ นุตตาร,เชียงราย,0-4847-6793
CUST00267,บริษัท สหภาพแรงงานร่มธิติรัตน์ จำกัด,ปรายกานต์ ราชมณี,แม่สอด,079982162
CUST00268,บริษัท บริษัท ถนอมมนุษย์ก่อสร้าง จำกัด จำกัด,ธัญญกัญญา ดาบเงิน,ระยอง,0622105242
CUST00269,บริษัท บริษัท ยางสวยก่อสร้าง จำกัด จำกัด,สิทธิชัย ศรทอง,ลำปาง,+66 (0) 2244 1596
CUST00270,บริษัท ชมรมธุวะนุติ์ จำกัด,อันธิกา บุนยะศัพท์,ภูเก็ต,049-735494
CUST00271,บริษัท บริษัท ดัตพันธุ์ จำกัด จำกัด,ยุศรอน ฉายแสง,แม่สอด,+66 4009 6651
CUST00272,บริษัท บริษัท เช้าวันดีสโตร์ จำกัด (มหาชน) จำกัด,กนกเนตร ผลบุญ,ตรัง,0 2575 8560
CUST00273,บริษัท บริษัท ตรีเภรินทร์กลการ จำกัด จำกัด,ดารุนี ถนอมกุลบุตร,ปากเกร็ด,061 547 8266
CUST00274,บริษัท มูลนิธิโพธิสัตย์ จำกัด,ภาสินี เนตร์มณี,ยะลา,041-966128
CUST00275,บริษัท ห้างหุ้นส่วนจำกัด นาคสุทินวิศวกรรม จำกัด,อรุณี ติณรัตน์,ตรัง,+662 125 5025
CUST00276,บริษัท บมจ.นิลเสนา จำกัด,ประวี นวลเพ็ง,ปากเกร็ด,+66 (0) 3842 4562
CUST00277,บริษัท บมจ.ทองสุกเลิศ จำกัด,นราวรรณ มิ่งขวัญ,ปากเกร็ด,0-5284-5925
CUST00278,บริษัท ด้วงโสนคอมพิวเตอร์ จำกัด,นภัสรินทร์ ภูภักดี,หาดใหญ่,+66 (0) 622 986 097
CUST00279,บริษัท ธนาคารฉัตรอภิเที่ยงค่ำยานยนต์ จำกัด จำกัด,พีระพงศ์พันธ์ ถนัดภาษา,ตรัง,07 526 6718
CUST00280,บริษัท บริษัท ถนอมพล จำกัด จำกัด,พีระพงศ์พันธ์ ถ้วนศรี,นครปฐม,0 2667 2860
CUST00281,บริษัท บริษัท นุตตารภาพยนตร์ จำกัด จำกัด,กฤตพร ทองสีไพล,อุบลราชธานี,070 073197
CUST00282,บริษัท บริษัท หิรัญสาลี จำกัด จำกัด,รังสินี ถนัดกลึง,ตรัง,078-109346
CUST00283,บริษัท บริษัท ดวงทับทิมการค้า จำกัด จำกัด,หลักทรัพย์ ธาราธร,หาดใหญ่,+66 4860 0932
CUST00284,บริษัท ห้างหุ้นส่วนจำกัด เตมิยะเดชกรุ๊ป จำกัด,สุทธิณัฐ เจริญรัมย์,ยะลา,05 652 5227
CUST00285,บริษัท แท่นทองแพคกิ้ง จำกัด,บุญญกัลป์ ทรงโกมล,ระยอง,+66 3204 4548
CUST00286,บริษัท ดาตูและถนอมพล จำกัด,สายสุรีย์ ไสยกิจ,ลำปาง,02 953 1628
CUST00287,บริษัท ห้างหุ้นส่วนสามัญ ธุวะนุติ์กลการ จำกัด,ภัทราวุธ ตัณสถิตย์,แม่สอด,0 698 335 503
CUST00288,บริษัท บมจ.ดาบเพ็ชร์ จำกัด,พรชีวิน ดาวกระจาย,เชียงราย,077203514
CUST00289,บริษัท ห้างหุ้นส่วนจำกัด ศรีตะวัน จำกัด,รอซีด๊ะ ติณรัตน์,สงขลา,086-877-5241
CUST00290,บริษัท หจก.นามเสวตร จำกัด,วีร์สุดา เวียงจันทึก,สมุทรสาคร,0 5346 7748
CUST00291,บริษัท สหภาพแรงงานถมปัด จำกัด,จิตรลดา ผลบุญ,เชียงใหม่,0-3250-5706
CUST00292,บริษัท บมจ.พรสีมา จำกัด,พรรณปพร ทหารแท้,สกลนคร,03 860 4816
CUST00293,บริษัท ห้างหุ้นส่วนจำกัด นิระหานียานยนต์ จำกัด,ซูฮัยดา เดชวา,ระยอง,05 667 0096
CUST00294,บริษัท สหภาพแรงงานถนัดอาวุธ จำกัด,ศิรินันท์ แนวพญา,นครสวรรค์,+663 449 2191
CUST00295,บริษัท มูลนิธินฤทุกข์ จำกัด,ศุภนุนาย ดาวกระจาย,นครราชสีมา,0647703360
CUST00296,บริษัท บริษัท ปรีชากุลเศรษฐ์ จำกัด จำกัด,มูฮำมัด ทองปากน้ำ,เชียงราย,+66 850 947 695
CUST00297,บริษัท นิยมเซียม-เดชคุ้ม จำกัด,วีรชัย ดำริห์ชอบ,หาดใหญ่,040147722
CUST00298,บริษัท บริษัท นิติสาขาคอนสตรัคชั่น จำกัด จำกัด,สิทธิชัย ทรัพย์ธำรงค์,อ้อมน้อย,+66 3487 6890
CUST00299,บริษัท บริษัท พานเกล้า จำกัด จำกัด,วรินทธิ์ธร ทองอยู่,นครราชสีมา,0 5275 8296
CUST00300,บริษัท บริษัท หนักแน่นกลการ จำกัด จำกัด,มนัญชยา นิยมเซียม,พระนครศรีอยุธยา,027052705
CUST00301,บริษัท ชมรมดาวอร่าม จำกัด,ทิพย์วารี ดาบเงิน,ขอนแก่น,+66 (0) 4308 4933
CUST00302,บริษัท บุญศลและเพื่อน จำกัด,ประเสริฐ ถนัดพิมพการ,นครศรีธรรมราช,0-5245-0499
CUST00303,บริษัท สหภาพแรงงานยาปะโลหิต จำกัด,วิกิจ ธนประทีป,อุดรธานี,+66 2068 7631
CUST00304,บริษัท หจก.แต้กุลวิศวการ จำกัด,มาสิตะ ซาซุม,อุบลราชธานี,+667 142 5014
CUST00305,บริษัท หจก.งามพิเชษฐ์ จำกัด,อันธิกา ถนอมพล,ตรัง,0 4687 5651
CUST00306,บริษัท บริษัท ทหารแท้สโตร์ จำกัด จำกัด,ยอดแมน ไทยสุชาต,พิษณุโลก,028 311882
CUST00307,บริษัท บมจ.ดาบเงิน จำกัด,วรดาพร ธรรมทินนา,นนทบุรี,+664 085 4529
CUST00308,บริษัท บริษัท ตั้งกุลงาม จำกัด จำกัด,จำรัส ดาบเงิน,สมุทรสาคร,037264991
CUST00309,บริษัท ห้างหุ้นส่วนจำกัด ดาบเพ็ชร์ จำกัด,นัฐพล ถมปัด,รังสิต,0-5525-4192
CUST00310,บริษัท ห้างหุ้นส่วนจำกัด ติระคมน์พานิช จำกัด,มนัญชยา บุญบำรุง,ภูเก็ต,082-147-3805
CUST00311,บริษัท บริษัท คณานุรักษ์ จำกัด จำกัด,พุทธ ไม้แดง,ระยอง,041261743
CUST00312,บริษัท มูลนิธิแน่นดุจป้อม จำกัด,หลี ถมังรักษสัตว์,อุบลราชธานี,+66 (0) 2481 7019
CUST00313,บริษัท บริษัท อัตตนาถ จำกัด (มหาชน) จำกัด,ศิริเกศ บุณยะภาชน์,ระยอง,020774320
CUST00314,บริษัท บุนยะศัพท์และนิยมเซียม จำกัด,วิถี วิลาสินี,ตรัง,+66 617 526 673
CUST00315,บริษัท บริษัท คำลือ จำกัด จำกัด,วิชา ผลบุญ,รังสิต,+66 (0) 893 300 745
CUST00316,บริษัท งามพิเชษฐ์ภาพยนตร์ จำกัด,นาทภูวพัฒน์ นุตตาร,นครสวรรค์,0693107330
CUST00317,บริษัท บมจ.เนตร์มณีโอสถ จำกัด,ตรีนุช ทวนไชย์,เกาะสมุย,074-087809
CUST00318,บริษัท ห้างหุ้นส่วนจำกัด นิติสาขาขนส่ง จำกัด,ชัฎชา ทรัพย์สาร,สกลนคร,+66 5567 7955
CUST00319,บริษัท งามพิเชษฐ์-ทวนทอง จำกัด,ภูวิช ตะละภัฏ,พัทยา,0 808 613 842
CUST00320,บริษัท บริษัท พีระเพ็ญกุล จำกัด จำกัด,สมปอง มนทอง,พัทยา,+663 911 6443
CUST00321,บริษัท ห้างหุ้นส่วนจำกัด ธรรมสถิตไพศาล จำกัด,โชติวุฒิ หอมสิน,ยะลา,035 219303
CUST00322,บริษัท ห้างหุ้นส่วนจำกัด ตวันเยี่ยมอุตสาหกรรม จำกัด,อัญธิกา ธุวะนุติ์,ขอนแก่น,+66 (0) 5917 4637
CUST00323,บริษัท บริษัท ถนัดอาวุธแลบ จำกัด จำกัด,นพวรรณ ไทไชโย,เกาะสมุย,071841050
CUST00324,บริษัท บริษัท ฉัตรอภิเที่ยงค่ำคอมมิวนิเคชั่น จำกัด จำกัด,ธนวันต์ ทองแท้,นครสวรรค์,0-3874-2466
CUST00325,บริษัท ห้างหุ้นส่วนจำกัด ตัณสถิตย์จิวเวลรี่ จำกัด,เชิงชาย สังข์กรด,เกาะสมุย,0849362323
CUST00326,บริษัท หจก.พรมอ่อนวิศวกรรม จำกัด,ปัณณธร ดำริห์ชอบ,กรุงเทพมหานคร,+66 (0) 7272 4928
CUST00327,บริษัท ห้างหุ้นส่วนจำกัด ถนอมพลกรังเฟอร์นิเจอร์ จำกัด,ศภัคชคง เขียวขุ้ย,แม่สอด,074 881836
CUST00328,บริษัท บริษัท นิลสุวรรณ์ จำกัด จำกัด,อณาวิน นกทอง,นครปฐม,032994413
CUST00329,บริษัท ห้างหุ้นส่วนจำกัด ไทนิยมอิมปอร์ตเอ็กซปอร์ต จำกัด,พาสุข นิยมธรรม,สงขลา,021 624422
CUST00330,บริษัท บริษัท บุญศลและเพื่อน จำกัด จำกัด,พัชรีนิษฐ์ ถนัดเดินข่าว,เกาะสมุย,061-720-7374
CUST00331,บริษัท บริษัท ทรัพย์ธำรงค์ จำกัด จำกัด,ภานิณี เณรานุสนธิ์,รังสิต,0-7517-5228
CUST00332,บริษัท หจก.ธูปะวิโรจน์ จำกัด,รวิวาน นวลฉวี,นครสวรรค์,0 943 227 729
CUST00333,บริษัท บริษัท ศรีอุ่นพานิช จำกัด จำกัด,หรรษา ทันยุค,สงขลา,043 289183
CUST00334,บริษัท บริษัท ขุนดำมอเตอร์ จำกัด จำกัด,รอกีเย๊าะ ไชยภา,สกลนคร,+66 (0) 645 547 753
CUST00335,บริษัท ห้างหุ้นส่วนสามัญ คำลือกลการ จำกัด,เทอดศักดิ์ ด้วงโสน,เชียงใหม่,021 523350
CUST00336,บริษัท ภูภักดีสโตร์ จำกัด,มารุด ถนิมมาศ,เจ้าพระยาสุรศักดิ์,0-4087-7181
CUST00337,บริษัท บริษัท นิลวิมล จำกัด จำกัด,พิมพกานต์ วะคีมัน,นครปฐม,+665 838 2107
CUST00338,บริษัท ห้างหุ้นส่วนสามัญ ตราชูการช่าง จำกัด,สุทธิพจน์ สันตะวงศ์,เชียงราย,043 221004
CUST00339,บริษัท นักสำหรวจและบุญส่ง จำกัด,รัฐพงษ์ ถมปัด,อ้อมน้อย,0 5484 0663
CUST00340,บริษัท หจก.ทองแท้โอสถ จำกัด,ประเดิม นามขำ,รังสิต,+66 (0) 908 609 666
CUST00341,บริษัท หจก.จันทาโอสถ จำกัด,นันทวรรณ ตั้งเผ่า,กรุงเทพมหานคร,029932551
CUST00342,บริษัท ทุมะบุตร์พืชผล จำกัด,วิทูลย์ ธีวร,ลำปาง,0 4217 9351
CUST00343,บริษัท บริษัท ยางสวย จำกัด จำกัด,วิเชียร ด้วงโสน,ระยอง,+66 (0) 2977 6194
CUST00344,บริษัท ห้างหุ้นส่วนจำกัด นิลวรรณ จำกัด,ปุณณรัตน์ พงศ์ฉบับนภา,แม่สอด,073422158
CUST00345,บริษัท บริษัท ตั้งรบ จำกัด จำกัด,ซูฮัยดา นวลเพ็ง,สุราษฎร์ธานี,0-2674-4384
CUST00346,บริษัท บริษัท บุญญาไลย์ จำกัด (มหาชน) จำกัด,ทองสิริ ขอหมั่นกลาง,หาดใหญ่,048679047
CUST00347,บริษัท บริษัท ธรรมเมธา จำกัด จำกัด,ประยุทธ์ ศรีตะวัน,รังสิต,082-299-7484
CUST00348,บริษัท ห้างหุ้นส่วนจำกัด บัวเผื่อนพืชผล จำกัด,พุทธ นวลฉวี,พระนครศรีอยุธยา,+66 629 745 617
CUST00349,บริษัท บริษัท ทองสีไพลบรรจุภัณฑ์ จำกัด จำกัด,อุลัยพร ทรงโกมล,นครปฐม,0 640 915 649
CUST00350,บริษัท บริษัท ธูปะวิโรจน์ จำกัด (มหาชน) จำกัด,ยนงคราญ ธรรมสถิตไพศาล,ยะลา,0-2741-5673
CUST00351,บริษัท มูลนิธิถิรสวัสดิ์ จำกัด,กุลภาวลัย เนตร์มณี,สุราษฎร์ธานี,096-990-9752
CUST00352,บริษัท บริษัท จันทาอุตสาหกรรม จำกัด จำกัด,บุญเทียน นครเทพ,นครสวรรค์,+66 (0) 4835 6861
CUST00353,บริษัท บริษัท เนื้อนุ่มวิศวกรรม จำกัด จำกัด,สุมัชญา ไทยแท้,พิษณุโลก,070 259159
CUST00354,บริษัท ชมรมถนัดหัตถกรรม จำกัด,นิติยา พรรษาสกุล,หาดใหญ่,0686567261
CUST00355,บริษัท บริษัท บุญญาไลย์บรรจุภัณฑ์ จำกัด จำกัด,สุภัทริดา นวลฉวี,นครศรีธรรมราช,057-604686
CUST00356,บริษัท ห้างหุ้นส่วนจำกัด นิยมธรรมคอมมิวนิเคชั่น จำกัด,พิศพรรณ นิระหานี,เกาะสมุย,056-786153
CUST00357,บริษัท หจก.ดาบเพ็ชร์พืชผล จำกัด,ประสิทธิ์ ติระคมน์,นครราชสีมา,+664 268 8068
CUST00358,บริษัท ตั้งรบอุตสาหกรรม จำกัด,รังสินี ถนัดภาษา,ลำปาง,+66 (0) 7801 6531
CUST00359,บริษัท บริษัท บุนยะศัพท์แอนด์ซันส์ จำกัด (มหาชน) จำกัด,พีรภัทร์ ดาบเงิน,พระนครศรีอยุธยา,+663 773 7385
CUST00360,บริษัท ชมรมติระคมน์ จำกัด,วรดาพร ดาบเพ็ชร์,สมุทรสาคร,059844287
CUST00361,บริษัท มูลนิธิบุญญาไลย์ จำกัด,มนรัตน์ นิลสลัว,สกลนคร,+66 969 280 363
CUST00362,บริษัท บุนยะศัพท์และนิลวิมล จำกัด,คำมั่น ซูสารอ,ยะลา,063 264 5729
CUST00363,บริษัท ห้างหุ้นส่วนสามัญ งามพิเชษฐ์และบุตร จำกัด,สิริกานต์ ทองอยู่,สุราษฎร์ธานี,098 952 7659
CUST00364,บริษัท ห้างหุ้นส่วนจำกัด สุวรรณหงษ์ จำกัด,สิริกานต์ ตระกูลไม้เรียง,ลำปาง,+667 311 1773
CUST00365,บริษัท บริษัท ฉิมพาลี จำกัด,สุมัชญา ตั้งกุลงาม,ตรัง,032673864
CUST00366,บริษัท บมจ.ทองเนื้อดี จำกัด,ดวงสมร ดุษฎีวนิช,เชียงราย,0 3404 3277
CUST00367,บริษัท มูลนิธิฉัพพรรณธนกูร จำกัด,อรจิรา จันอ้น,พัทยา,074448369
CUST00368,บริษัท บมจ.ถิรสวัสดิ์เฟอนิชชิ่ง จำกัด,ศจีกาญจน์ ตราชู,ขอนแก่น,048 462006
CUST00369,บริษัท หจก.นวลเพ็งคอนสตรัคชั่น จำกัด,สุรนีย์ เดชวา,รังสิต,0-4181-5342
CUST00370,บริษัท ห้างหุ้นส่วนจำกัด บุญศล จำกัด,โอภาส ด้วงโสน,พระนครศรีอยุธยา,+66 3350 4751
CUST00371,บริษัท ชุมวระเฟอร์นิเจอร์ จำกัด,นภัสรินทร์ ธรรมทินนา,ปากเกร็ด,0-7678-8970
CUST00372,บริษัท บมจ.บุตราช จำกัด,ทัตธน แหยมศิริ,สมุทรสาคร,062-823-4795
CUST00373,บริษัท บริษัท นามเสวตรเอนเตอรไพรส์ จำกัด (มหาชน) จำกัด,ศุภาศิล ซาซุม,ระยอง,0 5158 1069
CUST00374,บริษัท บจก.ทองแท้ จำกัด,ชิดชนก ศรีธนะเวทย์,ระยอง,079 555131
CUST00375,บริษัท บมจ.ทวนไชย์ จำกัด,พันเกล้า นาคสุทิน,อุบลราชธานี,027 917916
CUST00376,บริษัท หจก.นับเนื่องนอก่อสร้าง จำกัด,ศศิธร ตั้งเผ่า,เชียงราย,097 629 4406
CUST00377,บริษัท บริษัท ถนอมพล จำกัด (มหาชน) จำกัด,เขียว อัตตนาถ,นครราชสีมา,+66 (0) 7410 2150
CUST00378,บริษัท หสน.ทองอยู่กลการ จำกัด,นิชนันท์ ตระกูลบุญ,เชียงใหม่,0-2332-4201
CUST00379,บริษัท บริษัท ถนัดรักษา จำกัด จำกัด,พลานุช สันตะวงศ์,รังสิต,0 683 516 144
CUST00380,บริษัท ห้างหุ้นส่วนจำกัด นาคพันธุ์กรุ๊ป จำกัด,ยศพนต์ บุณยะภาชน์,รังสิต,052756335
CUST00381,บริษัท บจก.ไทไชโยเอนเตอรไพรส์ จำกัด,ตรีนุช ราชมณี,เจ้าพระยาสุรศักดิ์,0-2280-6135
CUST00382,บริษัท หจก.ศรีวงค์เฟอร์นิเจอร์ จำกัด,ปิยบุตร นพคเชนทร์,สงขลา,+66 (0) 4710 9641
CUST00383,บริษัท ชมรมอุลหัสสา จำกัด,วิถี เจริญรัมย์,สมุทรสาคร,092 202 5990
CUST00384,บริษัท ห้างหุ้นส่วนจำกัด ทศโยธิน จำกัด,กิ่งแก้ว ทรัพย์ธำรงค์,พระนครศรีอยุธยา,055-555981
CUST00385,บริษัท เมืองสุขโอสถ จำกัด,ทินวัฒน์ เยาวธนโชค,แหลมฉบัง,0604356138
CUST00386,บริษัท บริษัท ธาราธร จำกัด (มหาชน) จำกัด,มลิวรรณ ถนอมพลกรัง,รังสิต,0 3040 5525
CUST00387,บริษัท ไทยแท้อิมปอร์ตเอ็กซปอร์ต จำกัด,สรายุทธ ชุมวระ,กรุงเทพมหานคร,+664 159 8753
CUST00388,บริษัท ห้างหุ้นส่วนจำกัด นิระหานีซัพพลาย จำกัด,ปรายกานต์ เตมิยะเดช,อ้อมน้อย,063 925 2441
CUST00389,บริษัท ห้างหุ้นส่วนสามัญ ทศโยธิน จำกัด,อรรจน์ ศรีเผด็จ,เชียงใหม่,055-361004
CUST00390,บริษัท สมาคมยางสวย จำกัด,ณัฐศักดิ์ ดัตพันธุ์,นครศรีธรรมราช,072 986169
CUST00391,บริษัท ชมรมจ้อยนุแสง จำกัด,ปิยะชาติ แหยมศิริ,อ้อมน้อย,091 138 9795
CUST00392,บริษัท บริษัท นพตระกูลอินเตอร์เนชั่นแนล จำกัด จำกัด,ธนวันต์ ถนัดการยนต์,เชียงใหม่,0-7283-3356
CUST00393,บริษัท หนุนสุขพานิช จำกัด,สินสมุทร หอมพิกุล,พิษณุโลก,+662 829 9798
CUST00394,บริษัท ห้างหุ้นส่วนจำกัด ถิรสวัสดิ์ยานยนต์ จำกัด,มลิวรรณ ทุมะบุตร์,พระนครศรีอยุธยา,+66 (0) 2682 0808
CUST00395,บริษัท แจ้งสว่างยานยนต์ จำกัด,อัญพัชร์ หอมสิน,ระยอง,0 5297 4568
CUST00396,บริษัท ธนาคารมิ่งขวัญ จำกัด จำกัด,สุรนีย์ ดุริยพันธุ์,พระนครศรีอยุธยา,+66 (0) 855 847 242
CUST00397,บริษัท ห้างหุ้นส่วนจำกัด ฉัพพรรณธนกูรเอนเตอรไพรส์ จำกัด,ฉัตรปรียา นาถะเดชะ,ขอนแก่น,04 815 1945
CUST00398,บริษัท ตวันเยี่ยมเอนเตอรไพรส์ จำกัด,ยูซุฟ ผลบุญ,สุราษฎร์ธานี,029-492632
CUST00399,บริษัท บริษัท เลิศกิ่ง จำกัด จำกัด,แปลง ถนัดการเขียน,เกาะสมุย,+66 (0) 4696 5725
CUST00400,บริษัท บจก.นฤภัยบรรจุภัณฑ์ จำกัด,กุลปรียา ถนอมกุลบุตร,ตรัง,+66 4962 7854
CUST00401,บริษัท บริษัท ถมปัดคอมพิวเตอร์ จำกัด จำกัด,บุญทิวา เมืองสุข,สกลนคร,+665 792 5287
CUST00402,บริษัท นิยมสำหรวจ-ภูภักดี จำกัด,ดารุนี บุญญาภิรมย์,หาดใหญ่,+66 3935 0115
CUST00403,บริษัท ทวนไชย์ขนส่ง จำกัด,อริสรา ดวงทับทิม,รังสิต,096-247-3923
CUST00404,บริษัท บริษัท ดุษฎีวนิชคอมพิวเตอร์ จำกัด จำกัด,ณัฐญาดา ศรีอุ่น,สกลนคร,+664 169 5611
CUST00405,บริษัท บริษัท เลขะพันธุ์พืชผล จำกัด (มหาชน) จำกัด,สิริลัดดา ถาวรายุศม์,นครปฐม,+662 567 5833
CUST00406,บริษัท บริษัท ไทยแท้ จำกัด จำกัด,เจตธนากร คณานุรักษ์,เชียงใหม่,+66 2531 6717
CUST00407,บริษัท ห้างหุ้นส่วนจำกัด ไทยสุชาต จำกัด,โชติวุฒิ เวียงจันทึก,สุราษฎร์ธานี,0 868 134 542
CUST00408,บริษัท ถนัดรบ-พรสีมา จำกัด,ณิชนันท์ ซาซุม,ระยอง,037250612
CUST00409,บริษัท บริษัท นำธวัชเฟอนิชชิ่ง จำกัด จำกัด,วสิตา นฤทุกข์,แม่สอด,+66 4809 3832
CUST00410,บริษัท ห้างหุ้นส่วนจำกัด หอมพิกุล จำกัด,วรรณาต ธนรักษ์,ยะลา,0-2648-5309
CUST00411,บริษัท หจก.งามพิเชษฐ์กลการ จำกัด,วัลยา ไชยภา,ตรัง,047-421576
CUST00412,บริษัท บุญส่ง-ธนูปกรณ์ จำกัด,พรเบญญา ทศโยธิน,เชียงราย,094 655 1254
CUST00413,บริษัท บริษัท นวลเพ็งและเพื่อน จำกัด จำกัด,อุษณีย์ นพคเชนทร์,สงขลา,0954996844
CUST00414,บริษัท หจก.นานายนเคมิคอล จำกัด,เอนกพงศ์ เธียรายัน,พระนครศรีอยุธยา,+663 632 1598
CUST00415,บริษัท บริษัท เนตร์มณี จำกัด (มหาชน) จำกัด,ชลิดา นวลเพ็ง,รังสิต,0634105624
CUST00416,บริษัท นฤภัย-ธุวะนุติ์ จำกัด,บุญนพ สุวรรณหงษ์,นครปฐม,088 779 7153
CUST00417,บริษัท บริษัท ตรีครุธพันธุ์ จำกัด จำกัด,ผดุงชาติ ทับทิมไทย,ลำปาง,+66 2580 6878
CUST00418,บริษัท สหภาพแรงงานดีตพันธุ์ จำกัด,อุดมลักษณ์ หอมพิกุล,กรุงเทพมหานคร,038719648
CUST00419,บริษัท ธนาคารเนื่องนนท์จิวเวลรี่ จำกัด จำกัด,พันเกล้า งามพิเชษฐ์,นครสวรรค์,0 5422 6615
CUST00420,บริษัท ห้างหุ้นส่วนจำกัด บุนยาภิสนท์ จำกัด,นิมุ ถนัดรบ,อุดรธานี,039-884561
CUST00421,บริษัท ชมรมไชยภา จำกัด,อนุบาล นะวะมันดร,แหลมฉบัง,+66 (0) 5646 3528
CUST00422,บริษัท นักสำหรวจและพรรษาสกุล จำกัด,นิติยา ถ้วนศรี,นครศรีธรรมราช,067-028-0999
CUST00423,บริษัท มูลนิธิธัญเสถียร จำกัด,ทานตะวัน เขียวขุ้ย,กรุงเทพมหานคร,+66 5497 0427
CUST00424,บริษัท บริษัท นามขำวิศวการ จำกัด จำกัด,ดวงจันทร์ ตระกูลไม้เรียง,พระนครศรีอยุธยา,+66 964 103 140
CUST00425,บริษัท หจก.ทองอยู่ จำกัด,นาย นักสำหรวจ,ภูเก็ต,0 5108 5900
CUST00426,บริษัท บริษัท ไม้แดงบริการ จำกัด จำกัด,สิทธัญ บุตราช,นครราชสีมา,+665 149 0926
CUST00427,บริษัท บมจ.ดิสกะประกาย จำกัด,มาสิตะ สุวรรณหงษ์,สมุทรปราการ,0 2873 3130
CUST00428,บริษัท หจก.ถนัดพิมพการเทรดดิ้ง จำกัด,วิรชัย พรมอ่อน,ยะลา,094 018 5371
CUST00429,บริษัท บมจ.ตัณฑนุชเอนเตอรไพรส์ จำกัด,ภัทรนาฎ ถนัดการยนต์,นครราชสีมา,+66 7649 2137
CUST00430,บริษัท บริษัท ทองลาภ จำกัด จำกัด,กิติยาธรณ์ นิติสาขา,นครศรีธรรมราช,02 251 4740
CUST00431,บริษัท ห้างหุ้นส่วนสามัญ ตันตราจิณแอนด์ซันส์ จำกัด,นิมุ สันตะวงศ์,เกาะสมุย,051-525786
CUST00432,บริษัท เวียงจันทึกและพรมอ่อน จำกัด,อัษฏา ศรีสัตย์,สงขลา,054 110902
CUST00433,บริษัท บริษัท น้ำทิพย์คอมพิวเตอร์ จำกัด จำกัด,อมัด เช้าวันดี,กรุงเทพมหานคร,+667 739 5022
CUST00434,บริษัท ชมรมทองสีไพล จำกัด,สิริ ศรีเผด็จ,ยะลา,+662 917 6227
CUST00435,บริษัท สหภาพแรงงานตันตราจิณ จำกัด,ฉลองชัย น้ำทิพย์,แหลมฉบัง,+66 975 251 036
CUST00436,บริษัท ห้างหุ้นส่วนจำกัด เตชะกำพุ จำกัด,ใจกลาง ธนูปกรณ์,เชียงใหม่,+66 (0) 2513 3158
CUST00437,บริษัท ห้างหุ้นส่วนจำกัด ถนิมมาศมอเตอร์ จำกัด,เทพนารี วาทา,นครราชสีมา,091 563 2835
CUST00438,บริษัท บุญศล-บุตดา จำกัด,วรรณกร ภูภักดี,ยะลา,+66 3786 6129
CUST00439,บริษัท ห้างหุ้นส่วนจำกัด นะวะมันดร จำกัด,ปิยวัจน์ งามพิเชษฐ์,สมุทรสาคร,+66 4396 4814
CUST00440,บริษัท บมจ.ฉายแสง จำกัด,ธนกิตต์ นับเนื่องนอ,เกาะสมุย,07 314 6960
CUST00441,บริษัท บริษัท น้ำทิพย์ จำกัด จำกัด,ยุลิน สังข์กรด,อ้อมน้อย,+66 (0) 840 493 107
CUST00442,บริษัท บริษัท ทวนทองและบุตร จำกัด จำกัด,โกวิทย์ นพตระกูล,อ้อมน้อย,089-841-8955
CUST00443,บริษัท มูลนิธินฤภัย จำกัด,ชรินทร์ทิพย์ ทศโยธิน,เชียงราย,073-602984
CUST00444,บริษัท บริษัท ติณรัตน์ภาพยนตร์ จำกัด จำกัด,ฐิติวุฒิ นาถะเดชะ,ภูเก็ต,04 764 9417
CUST00445,บริษัท บริษัท สังข์กรดเอนเตอรไพรส์ จำกัด จำกัด,นภัสรินทร์ แน่นดุจป้อม,สกลนคร,02 220 1792
CUST00446,บริษัท บุนยะตีรณะจิวเวลรี่ จำกัด,ธาเอก ถนอมพล,ภูเก็ต,+667 287 6951
CUST00447,บริษัท ห้างหุ้นส่วนสามัญ นิยมสำหรวจและเพื่อน จำกัด,ภานุวัตร วะคีมัน,เกาะสมุย,+66 831 990 707
CUST00448,บริษัท บมจ.ศรีตะวันอะไหล่ยนต์ จำกัด,พิมพ์พิชญา สุวรรณหงษ์,ปากเกร็ด,038321557
CUST00449,บริษัท ห้างหุ้นส่วนจำกัด นิษประปัญจ์ จำกัด,มารีนี ทวีเดช,เชียงราย,080-953-3632
CUST00450,บริษัท สมาคมธนประทีป จำกัด,ปริญญา นพคเชนทร์,รังสิต,04 988 9968
CUST00451,บริษัท บริษัท ดาบเงินอินเตอร์เนชั่นแนล จำกัด (มหาชน) จำกัด,พิชญ์สินี พงศ์ฉบับนภา,ลำปาง,081 476 5393
CUST00452,บริษัท หจก.นามเสวตร จำกัด,ธัญญกัญญา บุญศล,ยะลา,032849558
CUST00453,บริษัท บริษัท นฤทุกข์ จำกัด (มหาชน) จำกัด,อับดุลเลาะห์ นิลสุวรรณ์,ลำปาง,056-030954
CUST00454,บริษัท บริษัท เดชวาเอ็นจิเนียริ่ง จำกัด จำกัด,ศศิธร นาถะเดชะ,กรุงเทพมหานคร,0969863564
CUST00455,บริษัท บริษัท นิติสาขา จำกัด จำกัด,จรรยพร ศรีเผด็จ,ยะลา,053990050
CUST00456,บริษัท ตั้งกุลงามคอมมิวนิเคชั่น จำกัด,พีรพัฒน์ ด้วงโสน,สงขลา,+663 348 4213
CUST00457,บริษัท บริษัท อุลหัสสาอุตสาหกรรม จำกัด จำกัด,ศรายุธ พรรษาสกุล,พัทยา,0 4308 6615
CUST00458,บริษัท ตั้งรบคอมพิวเตอร์ จำกัด,ปุณณรัตน์ นิติสาขา,เกาะสมุย,0 2453 3094
CUST00459,บริษัท หจก.เวียงจันทึก จำกัด,พีรพัฒน์ นามเสวตร,ภูเก็ต,083 418 7805
CUST00460,บริษัท บจก.ดาตู จำกัด,มะสูเกียน นานายน,รังสิต,+66 5747 1682
CUST00461,บริษัท บริษัท อัตตนาถ จำกัด จำกัด,ฐิติยาพร นรวิทย์โชติกุล,ปากเกร็ด,+66 4372 6919
CUST00462,บริษัท บริษัท ถนิมมาศเฟอนิชชิ่ง จำกัด จำกัด,ศจีกาญจน์ ถาวรรัตน,นครสวรรค์,0 5839 6340
CUST00463,บริษัท บริษัท นฤภัย จำกัด (มหาชน) จำกัด,ศิรณัฐ ดาบเงิน,อุดรธานี,+66 (0) 3769 4403
CUST00464,บริษัท มูลนิธิศรีตะวัน จำกัด,ปัณณธร ร่มธิติรัตน์,สมุทรสาคร,038830270
CUST00465,บริษัท ห้างหุ้นส่วนจำกัด นาคสุทิน จำกัด,ยนงคราญ ทุมะบุตร์,ยะลา,032 964845
CUST00466,บริษัท ห้างหุ้นส่วนจำกัด นุชแนวนุ่มและเพื่อน จำกัด,โสภา นฤภัย,รังสิต,+66 (0) 884 267 019
CUST00467,บริษัท หจก.ตรีเภรินทร์กรุ๊ป จำกัด,อธิตยา นวลฉวี,ภูเก็ต,038509971
CUST00468,บริษัท บริษัท ธนูปกรณ์ จำกัด จำกัด,อาแอเสาะ ถนัดอาวุธ,ภูเก็ต,0828860750
CUST00469,บริษัท หจก.ทรงโกมลสโตร์ จำกัด,ศิรินันท์ พรรษาสกุล,นครสวรรค์,+66 (0) 3109 6427
CUST00470,บริษัท บริษัท ซาซุมและเพื่อน จำกัด จำกัด,ภานุวัตร สุวรรณหงษ์,พัทยา,0-7360-3377
CUST00471,บริษัท หจก.พรมอ่อน จำกัด,วณัฐดา ถนัดภาษา,นครศรีธรรมราช,081-372-2473
CUST00472,บริษัท แน่นดุจป้อม-ศรีตะวัน จำกัด,อัษฏา นาฏคายี,เกาะสมุย,+66 692 017 997
CUST00473,บริษัท ธนาคารนุชแนวนุ่มการช่าง จำกัด จำกัด,อุลัยพร ดิสกะประกาย,ระยอง,029 791482
CUST00474,บริษัท ชมรมนับเนื่องนอ จำกัด,มาโนชญ์ บุณยะภาชน์,ปากเกร็ด,03 398 4989
CUST00475,บริษัท ห้างหุ้นส่วนจำกัด ตรีครุธพันธุ์เทรดดิ้ง จำกัด,เพชรมณี วะคีมัน,เจ้าพระยาสุรศักดิ์,07 984 7195
CUST00476,บริษัท บริษัท สังข์กรดและบุตร จำกัด จำกัด,สุพัตร ถนัดรบ,พัทยา,021-911264
CUST00477,บริษัท บริษัท ศรีวงค์และเพื่อน จำกัด จำกัด,ภัคศุภางค์ นามขำ,พัทยา,+66 5779 1089
CUST00478,บริษัท หจก.ศรีสัตย์ จำกัด,สัญชาน ถนอมกุลบุตร,นครสวรรค์,0 4050 5617
CUST00479,บริษัท มูลนิธิเลิศกิ่ง จำกัด,ฮาฟิต ดีตพันธุ์,รังสิต,+66 679 259 791
CUST00480,บริษัท ขอหมั่นกลางและธนรักษ์ จำกัด,เนตรฤดี แหยมศิริ,สกลนคร,090 919 5792
CUST00481,บริษัท ห้างหุ้นส่วนสามัญ ถนอมพลกรัง จำกัด,ตรีนุช เนื่องนนท์,สมุทรปราการ,+66 804 732 410
CUST00482,บริษัท บริษัท สงประเสริฐ จำกัด จำกัด,ธราวิทญ์ ทองประดิฐ,ปากเกร็ด,+663 661 1631
CUST00483,บริษัท บริษัท พรรษาสกุลยานยนต์ จำกัด จำกัด,พันธุ์เทพ เมืองสุข,เชียงใหม่,+66 7973 8852
CUST00484,บริษัท บริษัท พงศ์ฉบับนภา จำกัด จำกัด,ปิยนาฎ ธรรมสถิตไพศาล,เชียงใหม่,0 7011 4314
CUST00485,บริษัท หจก.นำธวัช จำกัด,วิทูลย์ ดุริยพันธุ์,สมุทรสาคร,+66 (0) 614 796 585
CUST00486,บริษัท บริษัท นุชแนวนุ่ม จำกัด จำกัด,ยุภา ตวงทอง,เกาะสมุย,096-779-4187
CUST00487,บริษัท บุญส่งเอนเตอรไพรส์ จำกัด,ปัณณธร ยะผา,นครศรีธรรมราช,0 819 018 546
CUST00488,บริษัท บมจ.บุตราชอินเตอร์เนชั่นแนล จำกัด,ยุศรอน นิษประปัญจ์,กรุงเทพมหานคร,097 688 1172
CUST00489,บริษัท บจก.พรรษาสกุล จำกัด,สิริ ธัญาโภชน์,อุดรธานี,070076156
CUST00490,บริษัท หจก.ตรีเภรินทร์ จำกัด,ยศพนต์ หอมพิกุล,หาดใหญ่,0-2493-9300
CUST00491,บริษัท บริษัท ผลบุญคอนสตรัคชั่น จำกัด จำกัด,รังสินี ทศโยธิน,ขอนแก่น,+663 011 9510
CUST00492,บริษัท นิยมสำหรวจเฟอนิชชิ่ง จำกัด,ธราวิทญ์ มิ่งขวัญ,เชียงใหม่,+664 367 2141
CUST00493,บริษัท บริษัท ผลบุญยานยนต์ จำกัด (มหาชน) จำกัด,ธมน ถิรสวัสดิ์,อ้อมน้อย,0 2570 8281
CUST00494,บริษัท บริษัท เนื่องนนท์ จำกัด จำกัด,นัฐพล พานเกล้า,กรุงเทพมหานคร,+66 (0) 2665 5789
CUST00495,บริษัท บริษัท ฉัตรอภิเที่ยงค่ำ จำกัด จำกัด,ใกล้รุ่ง เจริญรัมย์,สกลนคร,0 2368 1026
CUST00496,บริษัท บมจ.ถนอมพลพานิช จำกัด,บุญญามี ดำริห์ชอบ,ปากเกร็ด,073-808056
CUST00497,บริษัท บริษัท นพตระกูล จำกัด จำกัด,ราชัน ทองลาภ,นครสวรรค์,087 594 6201
CUST00498,บริษัท ห้างหุ้นส่วนจำกัด ทองอยู่ จำกัด,ปัณณธร ทัศนสุทธิ,เจ้าพระยาสุรศักดิ์,+66 (0) 974 275 655
CUST00499,บริษัท บริษัท นกทองมอเตอร์ จำกัด จำกัด,ชัชนันท์ นิระหานี,นครศรีธรรมราช,+66 828 490 825
CUST00500,บริษัท บริษัท ตันยากลการ จำกัด (มหาชน) จำกัด,นาวีตา นาคสุทิน,หาดใหญ่,03 820 1133
CUST00501,บริษัท ธนาคารตันเผ่าแอนด์ซันส์ จำกัด จำกัด,จุฑาภรณ์ สาระพันธ์,อุบลราชธานี,+66 (0) 962 988 552
CUST00502,บริษัท ห้างหุ้นส่วนจำกัด ธนรักษ์แพคกิ้ง จำกัด,พาสุข ตรีครุธพันธุ์,เกาะสมุย,+665 094 1693
CUST00503,บริษัท หจก.ซาซุมอิมปอร์ตเอ็กซปอร์ต จำกัด,ปิยนุช นาถะพินธุ,แหลมฉบัง,046379670
CUST00504,บริษัท บริษัท แท่นทองโอสถ จำกัด จำกัด,อมัด ฉายแสง,นครศรีธรรมราช,+66 898 293 922
CUST00505,บริษัท บริษัท นาคะนคร จำกัด จำกัด,เกริกพล เดชคุ้ม,นนทบุรี,076569357
CUST00506,บริษัท บริษัท งามพิเชษฐ์ จำกัด จำกัด,นันทวรรณ นิยมธรรม,สมุทรสาคร,+66 (0) 911 751 155
CUST00507,บริษัท มูลนิธิชำนาญวาด จำกัด,ประวี ถนัดการเขียน,กรุงเทพมหานคร,05 196 4955
CUST00508,บริษัท บริษัท บุณยะภาชน์ จำกัด จำกัด,ปิยะชาติ แหยมศิริ,อุดรธานี,07 280 5780
CUST00509,บริษัท หจก.งามพิเชษฐ์กลการ จำกัด,บุญเอก จันอ้น,ตรัง,050-026399
CUST00510,บริษัท บริษัท บัวเผื่อน จำกัด จำกัด,อำพร นาควงษ์,รังสิต,0 948 086 237
CUST00511,บริษัท บริษัท ตระกูลไม้เรียงเซอร์วิส จำกัด (มหาชน) จำกัด,วรปรัชญ์ เจริญรัมย์,เกาะสมุย,0 3304 8131
CUST00512,บริษัท ห้างหุ้นส่วนจำกัด เธียรายัน จำกัด,วาสุเทพ นฤภัย,สกลนคร,037-266277
CUST00513,บริษัท หจก.นิลสุวรรณ์ จำกัด,คำมั่น นพตระกูล,อุบลราชธานี,+66 7124 3927
CUST00514,บริษัท ห้างหุ้นส่วนจำกัด ตั้งรบ จำกัด,ฉัตรปรียา วุฑฒยากร,เชียงราย,+66 7826 6980
CUST00515,บริษัท บมจ.นากกนกเอ็นจิเนียริ่ง จำกัด,ธารา ทีฆะ,ตรัง,047 294110
CUST00516,บริษัท คณานุรักษ์แลบ จำกัด,ทับทิม ดาตู,สงขลา,04 249 6859
CUST00517,บริษัท บริษัท พรมอ่อนอะไหล่ยนต์ จำกัด จำกัด,พิมพ์ประภา ปรีชากุลเศรษฐ์,ลำปาง,0 3861 0590
CUST00518,บริษัท บริษัท อุ่นอก จำกัด จำกัด,ฤทธิ์ชกร ทับทิมไทย,สงขลา,074733991
CUST00519,บริษัท นิลวรรณและบุตร จำกัด,สิทธัญ บุนยะตีรณะ,พระนครศรีอยุธยา,+662 013 2385
CUST00520,บริษัท หจก.ดาตู จำกัด,ธมลพรรณ บุญศล,รังสิต,0-2631-9286
CUST00521,บริษัท ห้างหุ้นส่วนจำกัด ถะเกิงชศเคมิคอล จำกัด,รักชนก นิละทัต,หาดใหญ่,085-143-6641
CUST00522,บริษัท บจก.ถมปัดเอนเตอรไพรส์ จำกัด,พุทธ ทหารแท้,เชียงราย,026-443469
CUST00523,บริษัท บริษัท บุนยะตีรณะ จำกัด (มหาชน) จำกัด,เยาวรัตน์ นิลสุวรรณ์,นครปฐม,04 191 8742
CUST00524,บริษัท บริษัท ถุงเงินแอนด์ซันส์ จำกัด จำกัด,ณิชาภัทร เตชะกำพุ,อุดรธานี,+66 898 760 841
CUST00525,บริษัท หจก.ถนิมมาศกลการ จำกัด,ราณี นิยมธรรม,หาดใหญ่,072 504527
CUST00526,บริษัท บริษัท ฉัตรอภิเที่ยงค่ำเฟอนิชชิ่ง จำกัด จำกัด,โอภาส ทองอยู่,ลำปาง,07 089 7613
CUST00527,บริษัท ทำประดู่เทรดดิ้ง จำกัด,พุทธ เมืองสุข,นครปฐม,068 175 1809
CUST00528,บริษัท หจก.ทองปากน้ำเอนเตอรไพรส์ จำกัด,สมพิศ เพียยา,ลำปาง,+66 (0) 3964 1598
CUST00529,บริษัท นฤทุกข์และธูปะวิโรจน์ จำกัด,สุกฤษตา ธรรมฤดี,นนทบุรี,041284440
CUST00530,บริษัท ธรรมนิยม-ถนัดหัตถกรรม จำกัด,ดวงจันทร์ พรรษาสกุล,เชียงใหม่,034742877
CUST00531,บริษัท บริษัท ดุริยพันธุ์ จำกัด จำกัด,ขอดิเยาะ ตวันเยี่ยม,สมุทรปราการ,+66 (0) 2036 6655
CUST00532,บริษัท บริษัท ถิรสวัสดิ์ จำกัด จำกัด,วรนาฎ ยางสวย,กรุงเทพมหานคร,047-850852
CUST00533,บริษัท บริษัท แก้วชลคราม จำกัด (มหาชน) จำกัด,อลิษา จันอ้น,เชียงใหม่,052-649976
CUST00534,บริษัท ทรัพย์สารคอนสตรัคชั่น จำกัด,ณัฐธภรณ์ ธรรมสถิตไพศาล,นนทบุรี,0 5264 2793
CUST00535,บริษัท ห้างหุ้นส่วนจำกัด นพคเชนทร์แลบ จำกัด,วิพุธ ธูปะวิโรจน์,สมุทรสาคร,063 824 3839
CUST00536,บริษัท นิลวิมล-สาระพันธ์ จำกัด,นรีกานต์ พานเกล้า,นครสวรรค์,038 005314
CUST00537,บริษัท ตัณฑนุชการช่าง จำกัด,โสภณ น้ำทิพย์,ตรัง,+665 765 4923
CUST00538,บริษัท ราชมณีและศรทอง จำกัด,จด บุนยะตีรณะ,เชียงใหม่,0932743454
CUST00539,บริษัท บริษัท บุญญาไลย์ จำกัด (มหาชน) จำกัด,ไชยภพ เนื่องนนท์,แหลมฉบัง,0 5705 5500
CUST00540,บริษัท หนักแน่นแพคกิ้ง จำกัด,อภิลักษณ์ ดวงทับทิม,อุบลราชธานี,057197668
CUST00541,บริษัท บริษัท ธูปหอม จำกัด จำกัด,กรพนธ์ ดาบเพ็ชร์,ระยอง,041291439
CUST00542,บริษัท บริษัท นกทองแอนด์ซันส์ จำกัด จำกัด,พรสวรรค์ ถนัดอาวุธ,แม่สอด,0852487800
CUST00543,บริษัท บริษัท แนวพญา จำกัด จำกัด,นันทิกานต์ ธรรมนิยม,เชียงใหม่,04 786 4745
CUST00544,บริษัท ห้างหุ้นส่วนจำกัด แก้วอยู่การบัญชี จำกัด,ภควัฒน์ อัตตนาถ,นครราชสีมา,081 947 4958
CUST00545,บริษัท ดาบเงิน-ศรีธนะเวทย์ จำกัด,แปลง พีระเพ็ญกุล,สมุทรปราการ,0-3829-6372
CUST00546,บริษัท บมจ.ไม้แดงและบุตร จำกัด,สมใจ งามพิเชษฐ์,แม่สอด,091-685-6470
CUST00547,บริษัท บริษัท ผลบุญยานยนต์ จำกัด (มหาชน) จำกัด,อัญพัชร์ ทองสินธุ์,ขอนแก่น,+663 718 7270
CUST00548,บริษัท บมจ.พีระเพ็ญกุล จำกัด,ใกล้รุ่ง ธัญาโภชน์,พิษณุโลก,05 235 4304
CUST00549,บริษัท ห้างหุ้นส่วนจำกัด ดัตพันธุ์ จำกัด,หลี สันตะวงศ์,รังสิต,+66 (0) 7590 3673
CUST00550,บริษัท บจก.ตระกูลบุญอินเตอร์เนชั่นแนล จำกัด,จิตรลดา ทุมะบุตร์,อ้อมน้อย,0695560056
CUST00551,บริษัท บริษัท หอมสิน จำกัด จำกัด,สุทกร เณรานุสนธิ์,พัทยา,0 5836 4496
CUST00552,บริษัท บจก.ธุวะนุติ์วิศวกรรม จำกัด,ฤทธิ์ชกร ดัตพันธุ์,นครราชสีมา,0-7300-9934
CUST00553,บริษัท ห้างหุ้นส่วนสามัญ ทหารแท้แอนด์ซันส์ จำกัด,ภานุพล ศรีธนะเวทย์,อ้อมน้อย,065-953-6082
CUST00554,บริษัท กุมารบุญและนวลฉวี จำกัด,ณิชาภัทร นาฏคายี,แม่สอด,0-7612-3496
CUST00555,บริษัท บริษัท ทับทิมไทยการค้า จำกัด จำกัด,สันติราษฎร์ ดุริยพันธุ์,ระยอง,+66 (0) 5269 0697
CUST00556,บริษัท บุญบำรุงและจันอ้น จำกัด,หล้า นาคพันธุ์,อุบลราชธานี,+662 424 5606
CUST00557,บริษัท บมจ.ชำนาญวาดมอเตอร์ จำกัด,บุญนพ ถนัดรักษา,ลำปาง,048 598019
CUST00558,บริษัท หจก.นับเนื่องนออุตสาหกรรม จำกัด,วนาลี ธัญเสถียร,ขอนแก่น,029-680018
CUST00559,บริษัท ห้างหุ้นส่วนจำกัด นามขำพานิช จำกัด,ปิยวัจน์ เจริญรัมย์,ลำปาง,0-3629-5143
CUST00560,บริษัท นิยมสำหรวจและแก้วชลคราม จำกัด,ปาริตา ดาบเงิน,นครราชสีมา,0925561705
CUST00561,บริษัท บริษัท อุลหัสสา จำกัด จำกัด,อุษณีย์ ปรีชากุลเศรษฐ์,กรุงเทพมหานคร,05 537 8111
CUST00562,บริษัท หนักแน่น-ตระกูลไม้เรียง จำกัด,พุทธิพงษ์ บุญบำรุง,อุดรธานี,0-7756-7836
CUST00563,บริษัท บริษัท ตรีครุธพันธุ์ จำกัด จำกัด,วีระวัฒน์ ตระกูลบุญ,นนทบุรี,0 3426 2726
CUST00564,บริษัท ชมรมนุตตาร จำกัด,อนุบาล นิลสุวรรณ์,สมุทรปราการ,0 931 059 290
CUST00565,บริษัท ชมรมนิยมสำหรวจ จำกัด,วัลลภ อุลหัสสา,ตรัง,+66 (0) 2971 1044
CUST00566,บริษัท หจก.ธรรมนิยม จำกัด,สิริรัตน์ จันทา,อ้อมน้อย,038 519200
CUST00567,บริษัท หจก.ผลบุญเฟอนิชชิ่ง จำกัด,หลี นับเนื่องนอ,ภูเก็ต,043 515743
CUST00568,บริษัท ห้างหุ้นส่วนจำกัด ถนิมมาศกลการ จำกัด,ทองสิริ ทศโยธิน,ปากเกร็ด,086 979 8103
CUST00569,บริษัท บริษัท ดวงทับทิมและเพื่อน จำกัด จำกัด,วณัฐดา ถาวรรัตน,เชียงใหม่,0 5982 6760
CUST00570,บริษัท ถนอมพลกรังและเยาวธนโชค จำกัด,บุญทิวา นาคะนคร,นนทบุรี,0 623 844 588
CUST00571,บริษัท จันอ้นและตัณฑนุช จำกัด,พันเกล้า อุลหัสสา,เจ้าพระยาสุรศักดิ์,070 789296
CUST00572,บริษัท หจก.คำลือ จำกัด,ประวี นาถะพินธุ,เชียงราย,0-3917-3755
CUST00573,บริษัท มูลนิธิทองสีไพล จำกัด,วิชา ถ้วนศรี,เชียงราย,+66 7766 0094
CUST00574,บริษัท บริษัท เตมิยะเดช จำกัด (มหาชน) จำกัด,ณัฐจศักดิ์ นะวะมันดร,ปากเกร็ด,+66 968 800 498
CUST00575,บริษัท บริษัท ศรีเผด็จ จำกัด จำกัด,จันทนา ติระคมน์,ระยอง,0 989 070 999
CUST00576,บริษัท บจก.ปรีชากุลเศรษฐ์ จำกัด,แปลง ไชยภา,ภูเก็ต,074761676
CUST00577,บริษัท ไสยกิจ-อุ่นอก จำกัด,มนัส นำธวัช,พระนครศรีอยุธยา,+66 7667 6677
CUST00578,บริษัท บริษัท นิลสุวรรณ์จิวเวลรี่ จำกัด (มหาชน) จำกัด,เนติลักษณ์ ถาวระวรณ์,สมุทรปราการ,060 128 5766
CUST00579,บริษัท สมาคมทองปากน้ำ จำกัด,พีรพัฒน์ ดาวกระจาย,สมุทรปราการ,056 082314
CUST00580,บริษัท หจก.หอมพิกุลแอนด์ซันส์ จำกัด,ธนกิตต์ นิยมสำหรวจ,อุบลราชธานี,095-517-4437
CUST00581,บริษัท บริษัท ธรรมฤดี จำกัด จำกัด,คณภรณ์ บุญบำรุง,เชียงราย,07 192 8819
CUST00582,บริษัท มูลนิธิเลิศกิ่ง จำกัด,นพ เตมิยะเดช,ภูเก็ต,0685648225
CUST00583,บริษัท บริษัท ทศโยธินอะไหล่ยนต์ จำกัด จำกัด,ประภัทร์สรณ์ ทรัพย์สาร,อุดรธานี,0-5447-1820
CUST00584,บริษัท สมาคมนากกนก จำกัด,ทองรัตน์ ถนัดภาษา,เชียงใหม่,087 768 4022
CUST00585,บริษัท ห้างหุ้นส่วนจำกัด เพียยามอเตอร์ จำกัด,ราชันทร์ นิลสุวรรณ์,พัทยา,+66 (0) 863 482 006
CUST00586,บริษัท บริษัท หิรัญสาลี จำกัด จำกัด,ภัทราวุธ อัตตนาถ,สมุทรปราการ,077567847
CUST00587,บริษัท ตวันเยี่ยมพืชผล จำกัด,สมนึก ดาตู,เชียงราย,+665 521 0665
CUST00588,บริษัท ห้างหุ้นส่วนจำกัด นาคสุทิน จำกัด,วรินทธิ์ธร ทรัพย์สาร,เกาะสมุย,053318451
CUST00589,บริษัท บริษัท ทองสีไพล จำกัด จำกัด,ทรรศนชัย ดีตพันธุ์,เชียงราย,+66 4990 0733
CUST00590,บริษัท ห้างหุ้นส่วนจำกัด สาระพันธ์เอเยนซี จำกัด,เอกอธิพงษ์ ดำริห์ชอบ,อุดรธานี,+667 553 8559
CUST00591,บริษัท มูลนิธิดีตพันธุ์ จำกัด,เขมจิรา คณานุรักษ์,สมุทรสาคร,033695816
CUST00592,บริษัท ทองอยู่-พรมอ่อน จำกัด,ณิชาภัทร จันอ้น,เชียงราย,0-5478-6046
CUST00593,บริษัท หจก.นครเทพ จำกัด,หลี ติณรัตน์,นครปฐม,+66 902 664 510
CUST00594,บริษัท บริษัท บัวเผื่อนแพคกิ้ง จำกัด (มหาชน) จำกัด,ธมลพรรณ ดวงทับทิม,อ้อมน้อย,0878343922
CUST00595,บริษัท บริษัท สงประเสริฐคอมพิวเตอร์ จำกัด จำกัด,รอซีด๊ะ บุนยาภิสนท์,แหลมฉบัง,0657133819
CUST00596,บริษัท หสน.ตั้งรบ จำกัด,ศิริญา แจ้งสว่าง,สมุทรสาคร,0 928 227 206
CUST00597,บริษัท บริษัท ถนอมมนุษย์ จำกัด จำกัด,สุรวัช บุนยะศัพท์,หาดใหญ่,05 980 5945
CUST00598,บริษัท ร่มธิติรัตน์และวุฑฒยากร จำกัด,อัครพนธ์ งามพิเชษฐ์,แม่สอด,045034733
CUST00599,บริษัท หจก.บินดีเซอร์วิส จำกัด,ปิยนาฎ นิละทัต,ระยอง,+66 2247 0710
CUST00600,บริษัท บริษัท ขอหมั่นกลางวิศวการ จำกัด จำกัด,กฤตเมธ ธูปะวิโรจน์,ยะลา,053 758685
CUST00601,บริษัท บริษัท เตมิยะเดช จำกัด จำกัด,ยูซุฟ นำธวัช,ลำปาง,+662 466 6725
CUST00602,บริษัท บริษัท ดวงทับทิมพานิช จำกัด (มหาชน) จำกัด,ศรินยา เนื้อนุ่ม,นครราชสีมา,0 4358 1719
CUST00603,บริษัท บริษัท เนื่องนนท์แพคกิ้ง จำกัด จำกัด,พัชรีนิษฐ์ นิยมธรรม,แม่สอด,093-562-3632
CUST00604,บริษัท ห้างหุ้นส่วนจำกัด ปรีชากุลเศรษฐ์คอมมิวนิเคชั่น จำกัด,นันทวรรณ แถมธน,พระนครศรีอยุธยา,0 2852 3196
CUST00605,บริษัท หจก.งามพิเชษฐ์ จำกัด,ฐิติณัฐฐา เนื้อนุ่ม,ขอนแก่น,+664 305 4693
CUST00606,บริษัท ห้างหุ้นส่วนจำกัด ศรีเผด็จขนส่ง จำกัด,ปัญญาพร ดาวกระจาย,พัทยา,0 937 172 798
CUST00607,บริษัท บริษัท ธนูปกรณ์ขนส่ง จำกัด จำกัด,กันตวรรณ ตั้งรบ,ตรัง,057881899
CUST00608,บริษัท หจก.ทองปากน้ำ จำกัด,ใกล้รุ่ง ถนัดพิมพการ,สมุทรปราการ,05 441 9788
CUST00609,บริษัท ห้างหุ้นส่วนจำกัด ตั้งรบ จำกัด,เกศรา ปานสุวรรณ,กรุงเทพมหานคร,021 404655
CUST00610,บริษัท บมจ.บุญญาภิรมย์ จำกัด,นุจรี ศรีสัตย์,เกาะสมุย,0865697856
CUST00611,บริษัท บริษัท ศรีอุ่นจิวเวลรี่ จำกัด (มหาชน) จำกัด,ศรีสวัสดิ์ แนวพญา,ขอนแก่น,+66 (0) 5704 4292
CUST00612,บริษัท บุณยะภาชน์เอ็นจิเนียริ่ง จำกัด,ประจิน เณรานุสนธิ์,พระนครศรีอยุธยา,0-5017-5054
CUST00613,บริษัท บริษัท ถมปัด จำกัด จำกัด,นนทกาญจน์ ถนัดหัตถกรรม,นครสวรรค์,+662 970 0316
CUST00614,บริษัท สมาคมแนวพญา จำกัด,ชลิดา นุชแนวนุ่ม,ขอนแก่น,056 371499
CUST00615,บริษัท บุญส่ง-นิษประปัญจ์ จำกัด,พิไลพร ดาบเงิน,สกลนคร,072-346766
CUST00616,บริษัท บริษัท ทัศนสุทธิการค้า จำกัด (มหาชน) จำกัด,กิติชัย แจ้งสว่าง,สมุทรสาคร,0 3435 2587
CUST00617,บริษัท ห้างหุ้นส่วนจำกัด ตั้งเผ่า จำกัด,เชิงชาย หนุนสุข,ปากเกร็ด,028189351
CUST00618,บริษัท บริษัท น้ำทิพย์ จำกัด จำกัด,จักรกฤนาย เตมิยะเดช,พิษณุโลก,0 3723 8359
CUST00619,บริษัท นาถะพินธุยานยนต์ จำกัด,ศุภาศิล นะวะมันดร,ระยอง,04 805 0953
CUST00620,บริษัท บริษัท ศรีสัตย์ จำกัด จำกัด,ศศิรินทร์ วิลาสินี,เจ้าพระยาสุรศักดิ์,+66 (0) 5018 8536
CUST00621,บริษัท บริษัท โพธิสัตย์แลบ จำกัด (มหาชน) จำกัด,นันทิกานต์ ถิรสวัสดิ์,เกาะสมุย,0 3100 8996
CUST00622,บริษัท บมจ.ธัญเสถียร จำกัด,เขียว ธรรมนิยม,ตรัง,065 327 3998
CUST00623,บริษัท หจก.โพธิสัตย์บริการ จำกัด,ชัชนันท์ พรมอ่อน,พระนครศรีอยุธยา,0 4528 5778
CUST00624,บริษัท บริษัท งามพิเชษฐ์ จำกัด จำกัด,วีรชัย ตระกูลบุญ,หาดใหญ่,+66 (0) 685 562 075
CUST00625,บริษัท บริษัท ตะละภัฏบริการ จำกัด จำกัด,จีรยุทธ ทองสินธุ์,เกาะสมุย,05 196 6461
CUST00626,บริษัท ห้างหุ้นส่วนสามัญ อุลหัสสาการค้า จำกัด,เมทนี บุนยาภิสนท์,พัทยา,0-5548-0212
CUST00627,บริษัท บจก.เธียรายันจิวเวลรี่ จำกัด,ธีราทัต ธูปหอม,สุราษฎร์ธานี,+665 034 2535
CUST00628,บริษัท หจก.นิลสุวรรณ์ จำกัด,ธเนษฐ ธาราธร,หาดใหญ่,083 893 2770
CUST00629,บริษัท เนื่องนนท์-ทหารแท้ จำกัด,วิรศักดิ์ หอมพิกุล,นครราชสีมา,041 592297
CUST00630,บริษัท ห้างหุ้นส่วนสามัญ ทองสุกเลิศเทรดดิ้ง จำกัด,เกษตร ขุนดำ,ระยอง,056831832
CUST00631,บริษัท ไชยภาและทองปากน้ำ จำกัด,คำ นุชแนวนุ่ม,หาดใหญ่,044025174
CUST00632,บริษัท บริษัท เลิศกิ่งเทรดดิ้ง จำกัด (มหาชน) จำกัด,พรเบญญา เดชวา,ตรัง,0-2430-5641
CUST00633,บริษัท บริษัท ฉัตรอภิเที่ยงค่ำ จำกัด จำกัด,ณิชนันท์ พรรษาสกุล,นครราชสีมา,036 431145
CUST00634,บริษัท ถนิมมาศและตัณฑนุช จำกัด,ยูซุฟ ดิสกะประกาย,แม่สอด,+665 630 4526
CUST00635,บริษัท นาคพันธุ์-นิยมสำหรวจ จำกัด,ศศิรินทร์ ขอหมั่นกลาง,แหลมฉบัง,+664 633 0332
CUST00636,บริษัท ชมรมเจริญรัมย์ จำกัด,ราชัน ภูภักดี,รังสิต,+66 (0) 3395 9624
CUST00637,บริษัท ห้างหุ้นส่วนจำกัด บุตราช จำกัด,เอนกพงศ์ ไทนิยม,แหลมฉบัง,075 184929
CUST00638,บริษัท บริษัท ชุมวระ จำกัด จำกัด,คมกริบ นักรบ,สกลนคร,088-761-2429
CUST00639,บริษัท บริษัท ทัศนสุทธิวิศวการ จำกัด จำกัด,เพชรมณี แก้วอยู่,พระนครศรีอยุธยา,07 111 7906
CUST00640,บริษัท ธาราธรการบัญชี จำกัด,อุษณีย์ ศรีอุ่น,นครปฐม,+66 (0) 673 842 154
CUST00641,บริษัท ปรีชากุลเศรษฐ์และสันตะวงศ์ จำกัด,ปรมินทร์ ธีวร,ระยอง,03 030 7884
CUST00642,บริษัท หจก.จ้อยนุแสงแพคกิ้ง จำกัด,ปุณณรัตน์ เวียงจันทึก,ลำปาง,031802283
CUST00643,บริษัท ห้างหุ้นส่วนจำกัด ตวงทองมอเตอร์ จำกัด,นวรรษนันท์ ตั้งกุลงาม,หาดใหญ่,+66 3560 2849
CUST00644,บริษัท บริษัท วะคีมัน จำกัด จำกัด,ยอดแมน นากกนก,สกลนคร,0-5665-5297
CUST00645,บริษัท บจก.ขุนดำ จำกัด,มูฮำมัด ทองแท้,สมุทรสาคร,+66 5095 3912
CUST00646,บริษัท บริษัท ทองสินธุ์มอเตอร์ จำกัด จำกัด,สุภาพร ถนัดอาวุธ,ลำปาง,031-914376
CUST00647,บริษัท ธนาคารเพียยาวิศวการ จำกัด จำกัด,บุญญกัลป์ ธีวร,ขอนแก่น,043-222141
CUST00648,บริษัท หจก.ถนอมมนุษย์คอมมิวนิเคชั่น จำกัด,ณัฐญาดา เลิศกิ่ง,เกาะสมุย,069 647 6795
CUST00649,บริษัท บริษัท ซาซุม จำกัด จำกัด,ไมล์ ไทยแท้,เจ้าพระยาสุรศักดิ์,0-4821-2737
CUST00650,บริษัท บมจ.ขอหมั่นกลาง จำกัด,สิทธิชัย ตันยา,เชียงราย,+665 205 5810
CUST00651,บริษัท บมจ.ถิรสวัสดิ์วิศวการ จำกัด,ราชันทร์ เธียรายัน,นนทบุรี,030 124701
CUST00652,บริษัท ห้างหุ้นส่วนจำกัด ไทนิยม จำกัด,รอซีด๊ะ พรมอ่อน,ระยอง,02 791 2372
CUST00653,บริษัท บริษัท สุวรรณหงษ์ จำกัด จำกัด,ณัฐศักดิ์ ธูปหอม,พัทยา,033 478251
CUST00654,บริษัท บมจ.มิ่งขวัญ จำกัด,สมพิศ นพคเชนทร์,ปากเกร็ด,+66 (0) 958 633 262
CUST00655,บริษัท ห้างหุ้นส่วนจำกัด ทองอยู่ จำกัด,จักรกฤนาย ศรีวงค์,สกลนคร,03 437 4056
CUST00656,บริษัท เวียงจันทึก-ถนัดการเขียน จำกัด,กิ่งแก้ว ร่มธิติรัตน์,อุดรธานี,02 361 2074
CUST00657,บริษัท ห้างหุ้นส่วนจำกัด พีระเพ็ญกุลเอ็นจิเนียริ่ง จำกัด,มาสิตะ บุญศล,เชียงใหม่,095 956 3626
CUST00658,บริษัท หจก.วะคีมันโอสถ จำกัด,เกริกพล ดาบเพ็ชร์,อ้อมน้อย,0-2135-6494
CUST00659,บริษัท ห้างหุ้นส่วนสามัญ ดิศดใน จำกัด,ปัณณธร สันตะวงศ์,สมุทรสาคร,0 5407 8015
CUST00660,บริษัท อุลหัสสาเอนเตอรไพรส์ จำกัด,ณภัทร ยะผา,กรุงเทพมหานคร,0 2996 5213
CUST00661,บริษัท ห้างหุ้นส่วนสามัญ ถนัดการยนต์แอนด์ซันส์ จำกัด,ปาริตา ทองปากน้ำ,เกาะสมุย,083-209-2179
CUST00662,บริษัท บริษัท บินดีภาพยนตร์ จำกัด จำกัด,คมสัน ปรีชากุลเศรษฐ์,เกาะสมุย,0 802 888 662
CUST00663,บริษัท คำลือขนส่ง จำกัด,อิสรันดร์ นักสำหรวจ,รังสิต,0 966 900 866
CUST00664,บริษัท บริษัท พานเกล้า จำกัด จำกัด,เฉลิมพล นิลเสนา,เชียงราย,+66 917 354 565
CUST00665,บริษัท บริษัท ทองปากน้ำเอนเตอรไพรส์ จำกัด จำกัด,วิถี ถาวรรัตน,เกาะสมุย,+66 937 199 402
CUST00666,บริษัท ทัศนสุทธิและเพื่อน จำกัด,ดารุนี อุลหัสสา,นครราชสีมา,+66 (0) 849 033 416
CUST00667,บริษัท บริษัท บุนยะตีรณะ จำกัด จำกัด,ภัทรนาฎ แก้วชลคราม,นครราชสีมา,040 473244
CUST00668,บริษัท บริษัท ดีตพันธุ์ จำกัด จำกัด,ธัญญามาศ ฉิมพาลี,นครราชสีมา,+66 2759 6893
CUST00669,บริษัท หจก.ซาซุม จำกัด,บุญพา ทองแท้,แม่สอด,+663 178 5757
CUST00670,บริษัท บริษัท นาถะพินธุพืชผล จำกัด จำกัด,นิวิลดาน ทำประดู่,สกลนคร,+66 (0) 859 058 461
CUST00671,บริษัท บริษัท แท่นทอง จำกัด จำกัด,วิรศักดิ์ เตชะกำพุ,พิษณุโลก,075-835342
CUST00672,บริษัท สาระพันธ์และบุนยาภิสนท์ จำกัด,อุดมลักษณ์ ตันยา,อ้อมน้อย,025 679194
CUST00673,บริษัท บริษัท นพคเชนทร์ จำกัด จำกัด,ศศิรินทร์ แต้กุล,แหลมฉบัง,026 733417
CUST00674,บริษัท บริษัท ธูปะวิโรจน์แลบ จำกัด จำกัด,พาดีล๊ะ ดาตู,เกาะสมุย,027059781
CUST00675,บริษัท ห้างหุ้นส่วนจำกัด แหยมศิริ จำกัด,วรรณชนะชัย ยะผา,พัทยา,+66 642 835 016
CUST00676,บริษัท เลิศกิ่งบริการ จำกัด,เยาวรัตน์ นิระหานี,พิษณุโลก,075 795410
CUST00677,บริษัท บริษัท นาควงษ์ จำกัด จำกัด,ทิพย์วารี นาถะพินธุ,ลำปาง,053120897
CUST00678,บริษัท ห้างหุ้นส่วนสามัญ ศาสตร์ศิลป์ จำกัด,คำมั่น ธัญเสถียร,เชียงราย,046-653303
CUST00679,บริษัท หจก.นิติสาขาอินเตอร์เนชั่นแนล จำกัด,สุชิน พรมอ่อน,ตรัง,080 457 9255
CUST00680,บริษัท บริษัท พรสีมาวิศวการ จำกัด จำกัด,กิ่งแก้ว ทองเนื้อดี,แม่สอด,076325177
CUST00681,บริษัท ห้างหุ้นส่วนจำกัด ซาซุม จำกัด,ภัคศุภางค์ ซูสารอ,ปากเกร็ด,090-474-8599
CUST00682,บริษัท บมจ.ดาวอร่ามและบุตร จำกัด,วุฒิ ถนัดรบ,นนทบุรี,07 428 5728
CUST00683,บริษัท ยางสวยพืชผล จำกัด,มะสูเกียน หิรัญสาลี,สกลนคร,065 165 2797
CUST00684,บริษัท ห้างหุ้นส่วนสามัญ ทองแท้ จำกัด,พรปราณี ตราชู,สงขลา,054812281
CUST00685,บริษัท ห้างหุ้นส่วนจำกัด ถนัดกลึงจิวเวลรี่ จำกัด,จักรีรัตน์ นุตตาร,เจ้าพระยาสุรศักดิ์,+66 (0) 2933 9119
CUST00686,บริษัท บริษัท เนื้อนุ่มเทรดดิ้ง จำกัด จำกัด,ถนอมชัย ทองแท้,ระยอง,085 928 2669
CUST00687,บริษัท ธนาคารวาทาการค้า จำกัด จำกัด,ภารวี ถนัดพิมพการ,ตรัง,+667 270 1439
CUST00688,บริษัท บริษัท บุณยะภาชน์ จำกัด จำกัด,สหัสมณี ถมปัด,กรุงเทพมหานคร,05 962 9038
CUST00689,บริษัท มูลนิธิทองปากน้ำ จำกัด,บุญเอก ดิศดใน,นครสวรรค์,05 373 3917
CUST00690,บริษัท ธนประทีปกรุ๊ป จำกัด,อัญพัชร์ นครเทพ,สุราษฎร์ธานี,069 152 6428
CUST00691,บริษัท บริษัท เนตร์มณี จำกัด จำกัด,จุฑาภรณ์ ทรงโกมล,อ้อมน้อย,0 857 941 458
CUST00692,บริษัท บริษัท ตระกูลไม้เรียงอุตสาหกรรม จำกัด จำกัด,มลิวรรณ นาคสุทิน,อุบลราชธานี,+66 932 183 472
CUST00693,บริษัท ห้างหุ้นส่วนจำกัด นวลเพ็ง จำกัด,ภัคชัญญา เลิศกิ่ง,นครสวรรค์,079188180
CUST00694,บริษัท บริษัท ตันเผ่า จำกัด จำกัด,จุฑาภรณ์ อัตตนาถ,สุราษฎร์ธานี,+66 4055 3319
CUST00695,บริษัท บริษัท ถนัดภาษา จำกัด จำกัด,กิติยาธรณ์ เดชคุ้ม,เจ้าพระยาสุรศักดิ์,0 7965 4826
CUST00696,บริษัท บมจ.จันทาโอสถ จำกัด,รมิตา ถนัดหัตถกรรม,แหลมฉบัง,07 822 2413
CUST00697,บริษัท ทุมะบุตร์วิศวกรรม จำกัด,กวาง ภูภักดี,สกลนคร,044009399
CUST00698,บริษัท หสน.ถนัดรบเทรดดิ้ง จำกัด,เอนกพงศ์ ตันยา,นครปฐม,+66 3147 0983
CUST00699,บริษัท ห้างหุ้นส่วนสามัญ สาระพันธ์ จำกัด,ฉลองชัย นกทอง,อุบลราชธานี,0-7253-3463
CUST00700,บริษัท หจก.มิ่งขวัญ จำกัด,อัญธิกา ดาบเงิน,อ้อมน้อย,0 3648 4098
CUST00701,บริษัท บริษัท ยะผา จำกัด จำกัด,หลี นักรบ,พระนครศรีอยุธยา,+66 (0) 3633 5498
CUST00702,บริษัท บริษัท ทรงโกมลการค้า จำกัด จำกัด,นันทวุฒิ ถาวรายุศม์,เชียงใหม่,+663 096 2252
CUST00703,บริษัท ห้างหุ้นส่วนจำกัด ถนัดอักษร จำกัด,คณภรณ์ ตัณฑนุช,นครราชสีมา,+66 (0) 2722 5727
CUST00704,บริษัท บริษัท ซูสารอเอนเตอรไพรส์ จำกัด (มหาชน) จำกัด,เจษฎากร ถนอมพล,นครศรีธรรมราช,096 596 9342
CUST00705,บริษัท หจก.บุณยะภาชน์ จำกัด,จันทนา เมืองสุข,แหลมฉบัง,0 896 331 942
CUST00706,บริษัท บุนยะตีรณะเทรดดิ้ง จำกัด,อาภัศรา นิลสลัว,นครปฐม,074-680020
CUST00707,บริษัท บริษัท ดาตูพานิช จำกัด จำกัด,ประไพพักตร์ แนวพนิช,ตรัง,022 822176
CUST00708,บริษัท ห้างหุ้นส่วนสามัญ ทรงโกมล จำกัด,รมิตา ดีตพันธุ์,พิษณุโลก,+667 671 0886
CUST00709,บริษัท บจก.ทำประดู่คอมมิวนิเคชั่น จำกัด,เมทนี มิ่งขวัญ,เจ้าพระยาสุรศักดิ์,+66 (0) 3805 9545
CUST00710,บริษัท บริษัท ตัณสถิตย์จิวเวลรี่ จำกัด จำกัด,รชตกร ทับทิมไทย,พิษณุโลก,+66 2900 7608
CUST00711,บริษัท ทองปากน้ำเอเยนซี จำกัด,ชรินทร์ทิพย์ ทองสินธุ์,นครศรีธรรมราช,085 219 2667
CUST00712,บริษัท บริษัท บัวเผื่อน จำกัด จำกัด,อรจิรา นักรบ,สมุทรสาคร,+66 (0) 642 715 653
CUST00713,บริษัท สังข์กรดและเช้าวันดี จำกัด,ศิริเกศ ถมังรักษสัตว์,ลำปาง,071464713
CUST00714,บริษัท หจก.นักสำหรวจ จำกัด,วาร์มูฮำหมัด แท่นทอง,ปากเกร็ด,044183691
CUST00715,บริษัท นาถะพินธุขนส่ง จำกัด,สุชิน นิลสลัว,รังสิต,+66 (0) 2743 1726
CUST00716,บริษัท ศรีธนะเวทย์บริการ จำกัด,ธีรวัช ติณรัตน์,สกลนคร,+66 (0) 2468 2997
CUST00717,บริษัท ชมรมทองสินธุ์ จำกัด,ณาร์รีมาน นวลฉวี,กรุงเทพมหานคร,021-488136
CUST00718,บริษัท ห้างหุ้นส่วนจำกัด ดีตพันธุ์ จำกัด,สิริกานต์ ถนัดอาวุธ,สมุทรสาคร,044 681483
CUST00719,บริษัท กองทุนรวมทรงโกมลพืชผล จำกัด จำกัด,ปิยะนันท์ แนวพนิช,นครสวรรค์,048782371
CUST00720,บริษัท บริษัท ด้วงโสนจิวเวลรี่ จำกัด (มหาชน) จำกัด,ภควัฒน์ ถนัดการยนต์,ระยอง,070637942
CUST00721,บริษัท บมจ.หนุนสุข จำกัด,สนั่น ทองสุกเลิศ,นครปฐม,0629738296
CUST00722,บริษัท บริษัท ดิศดในเอเยนซี จำกัด (มหาชน) จำกัด,ดวงพร แท่นทอง,อุดรธานี,+66 (0) 5963 8381
CUST00723,บริษัท บจก.เลขะพันธุ์ จำกัด,ณัฐญาดา ทำประดู่,หาดใหญ่,+66 (0) 3255 0201
CUST00724,บริษัท บริษัท ทีฆะวิศวกรรม จำกัด จำกัด,เทพนารี ธรรมนิยม,แหลมฉบัง,080-144-3809
CUST00725,บริษัท ห้างหุ้นส่วนจำกัด สงประเสริฐ จำกัด,เมษา ไทไชโย,แหลมฉบัง,090-334-5773
CUST00726,บริษัท บริษัท ธรรมนิยม จำกัด จำกัด,เอนกพงศ์ ทับทิมไทย,นครราชสีมา,069-987-3799
CUST00727,บริษัท บริษัท เลิศกิ่งการช่าง จำกัด (มหาชน) จำกัด,ชัชเวศย์ นวลฉวี,ยะลา,0605890036
CUST00728,บริษัท บริษัท ร่มธิติรัตน์บริการ จำกัด จำกัด,นาตยา ธัญาโภชน์,พัทยา,+66 (0) 3076 1062
CUST00729,บริษัท บริษัท สันตะวงศ์วิศวการ จำกัด จำกัด,เฉลิมรัฐ สงประเสริฐ,รังสิต,+66 (0) 5351 1676
CUST00730,บริษัท ห้างหุ้นส่วนสามัญ บินดี จำกัด,พิพิธธน ธนูปกรณ์,พระนครศรีอยุธยา,+66 (0) 956 626 405
CUST00731,บริษัท ห้างหุ้นส่วนจำกัด เดชวาจิวเวลรี่ จำกัด,วิสาร บุญญาไลย์,สงขลา,+66 (0) 833 817 550
CUST00732,บริษัท บริษัท นาคพันธุ์ จำกัด จำกัด,ทรรศนชัย ขอหมั่นกลาง,หาดใหญ่,02 876 9117
CUST00733,บริษัท แก้วอยู่โอสถ จำกัด,โยธิการ์ นาคพันธุ์,เชียงใหม่,088-283-0504
CUST00734,บริษัท บริษัท นวลฉวี จำกัด จำกัด,สมพิศ ซาซุม,นครศรีธรรมราช,052999911
CUST00735,บริษัท บริษัท ดาวอร่าม จำกัด จำกัด,หลี แหยมศิริ,นครศรีธรรมราช,+664 262 1622
CUST00736,บริษัท มูลนิธินิยมธรรม จำกัด,ณัฐพิชา แหยมศิริ,อุบลราชธานี,0 4129 1294
CUST00737,บริษัท บริษัท บุณยะภาชน์สโตร์ จำกัด จำกัด,คำมั่น นิละทัต,เชียงราย,078-311222
CUST00738,บริษัท บริษัท ถนัดพิมพการ จำกัด (มหาชน) จำกัด,พรชีวิน นิลสลัว,เจ้าพระยาสุรศักดิ์,+66 (0) 5593 5772
CUST00739,บริษัท มูลนิธินรวิทย์โชติกุล จำกัด,สุรวัช นิยมเซียม,แหลมฉบัง,+66 7593 8681
CUST00740,บริษัท บริษัท น้ำทิพย์แพคกิ้ง จำกัด (มหาชน) จำกัด,คำมั่น ไม้แดง,สกลนคร,+66 (0) 4940 2041
CUST00741,บริษัท ถนัดกลึงภาพยนตร์ จำกัด,ธีริสรา บินดี,ขอนแก่น,0-2413-6529
CUST00742,บริษัท บริษัท ถิรสวัสดิ์อุตสาหกรรม จำกัด จำกัด,ปุณณรัตน์ ชำนาญวาด,อ้อมน้อย,+664 865 8085
CUST00743,บริษัท บุญบำรุงเทรดดิ้ง จำกัด,เทียมศักดิ์ หนักแน่น,นครสวรรค์,0-7326-6568
CUST00744,บริษัท ธนาคารนครเทพ จำกัด จำกัด,นาทภูวพัฒน์ เณรานุสนธิ์,สงขลา,0 808 199 115
CUST00745,บริษัท หจก.พรสีมาและบุตร จำกัด,ปาริตา จ้อยนุแสง,ตรัง,028 823719
CUST00746,บริษัท บริษัท ทันยุค จำกัด จำกัด,วรรณชนะชัย ตวงทอง,เชียงใหม่,+66 905 911 982
CUST00747,บริษัท ถนัดรบแอนด์ซันส์ จำกัด,บุญญกัลป์ ทีฆะ,เกาะสมุย,094 958 1363
CUST00748,บริษัท บริษัท นิยมสำหรวจ จำกัด จำกัด,วิถี ถนอมมนุษย์,สมุทรสาคร,+66 4345 6518
CUST00749,บริษัท ไทไชโย-นกทอง จำกัด,ปัญญาพร ฉัพพรรณธนกูร,พิษณุโลก,+66 4416 2049
CUST00750,บริษัท บริษัท พีระเพ็ญกุล จำกัด (มหาชน) จำกัด,ศศินา ทำประดู่,นครสวรรค์,054 213140
CUST00751,บริษัท สมาคมอุลหัสสา จำกัด,ศรลักษณ์ ธรรมนิยม,เกาะสมุย,0-3289-4660
CUST00752,บริษัท หจก.เช้าวันดีอิมปอร์ตเอ็กซปอร์ต จำกัด,สมมล ศิวะวรเวท,ยะลา,046-186424
CUST00753,บริษัท บริษัท นกทอง จำกัด จำกัด,ปริญญา ทองสินธุ์,แม่สอด,+663 958 0248
CUST00754,บริษัท ห้างหุ้นส่วนจำกัด นิลเสนา จำกัด,จิตตานันท์ ดาวอร่าม,หาดใหญ่,0863015476
CUST00755,บริษัท บริษัท นิระหานี จำกัด จำกัด,ญาณพันธุ์ ตราชู,แหลมฉบัง,+663 789 8610
CUST00756,บริษัท ถนัดอาวุธ-นักสำหรวจ จำกัด,เนตรฤดี ตวันเยี่ยม,เชียงใหม่,023-980326
CUST00757,บริษัท บริษัท นิระหานี จำกัด (มหาชน) จำกัด,ภูวรา บุตราช,เจ้าพระยาสุรศักดิ์,0968801204
CUST00758,บริษัท ห้างหุ้นส่วนจำกัด ดาตูซัพพลาย จำกัด,นัสรุน ถนิมมาศ,อุดรธานี,0-7769-6484
CUST00759,บริษัท บริษัท ดาบเงินแลบ จำกัด (มหาชน) จำกัด,พัชรพร ตั้งรบ,อุบลราชธานี,0-2081-7381
CUST00760,บริษัท นักรบอินเตอร์เนชั่นแนล จำกัด,ธีราทัต เนื้อนุ่ม,นครปฐม,0816827056
CUST00761,บริษัท ห้างหุ้นส่วนจำกัด ทรัพย์สารจิวเวลรี่ จำกัด,นิมุ นิยมธรรม,นครราชสีมา,07 178 1230
CUST00762,บริษัท ธนาคารสาระพันธ์อิมปอร์ตเอ็กซปอร์ต จำกัด (มหาชน) จำกัด,สุไฮลัน ถนัดภาษา,ระยอง,031922270
CUST00763,บริษัท ห้างหุ้นส่วนจำกัด บัวเผื่อน จำกัด,พรเบญญา นพตระกูล,ระยอง,02 235 7733
CUST00764,บริษัท หจก.แน่นดุจป้อมภาพยนตร์ จำกัด,วิสาร ทัศนสุทธิ,แม่สอด,+66 (0) 5619 7219
CUST00765,บริษัท บริษัท ตะละภัฏและเพื่อน จำกัด จำกัด,วณัฐดา พรรษาสกุล,สุราษฎร์ธานี,055183308
CUST00766,บริษัท ไชยภาคอมมิวนิเคชั่น จำกัด,รวิวาน ถนัดพิมพการ,สงขลา,03 020 6618
CUST00767,บริษัท ตันเผ่าและนครเทพ จำกัด,พิชาภพ ถาวรรัตน,กรุงเทพมหานคร,046006769
CUST00768,บริษัท บริษัท ไทยแท้ภาพยนตร์ จำกัด จำกัด,อนุวัช คำลือ,ปากเกร็ด,022126346
CUST00769,บริษัท ห้างหุ้นส่วนจำกัด ถนัดภาษาอิมปอร์ตเอ็กซปอร์ต จำกัด,พีรภัทร์ นาฏคายี,รังสิต,04 897 8412
CUST00770,บริษัท ชมรมคำลือ จำกัด,ภานิณี บุณยะภาชน์,สมุทรปราการ,035 659019
CUST00771,บริษัท บริษัท ทีฆะซัพพลาย จำกัด จำกัด,สันติราษฎร์ ธีวร,สกลนคร,088 548 0717
CUST00772,บริษัท ห้างหุ้นส่วนจำกัด ร่มธิติรัตน์แพคกิ้ง จำกัด,ศรีสวัสดิ์ เธียรายัน,แหลมฉบัง,+66 695 823 355
CUST00773,บริษัท สมาคมวิลาสินี จำกัด,ฐิติณัฐฐา หิรัญสาลี,สมุทรสาคร,0-4071-9417
CUST00774,บริษัท บริษัท ตัณฑนุช จำกัด จำกัด,พิมพ์สุดา ทองอยู่,ตรัง,+66 898 229 722
CUST00775,บริษัท สมาคมทันยุค จำกัด,จันทนา ยะผา,อ้อมน้อย,+66 (0) 917 128 151
CUST00776,บริษัท ห้างหุ้นส่วนจำกัด ถะเกิงชศ จำกัด,ยูซุฟ นากกนก,เจ้าพระยาสุรศักดิ์,0600965703
CUST00777,บริษัท บริษัท หิรัญสาลี จำกัด จำกัด,นารดา แน่นดุจป้อม,นครราชสีมา,0-3261-6207
CUST00778,บริษัท มิ่งขวัญ-นกทอง จำกัด,ธีรลักษณ์ เนื่องนนท์,สมุทรปราการ,+66 (0) 3346 4269
CUST00779,บริษัท บริษัท ธูปะวิโรจน์ จำกัด จำกัด,วิชชากร ธนรักษ์,สกลนคร,0-7245-5834
CUST00780,บริษัท บริษัท ถุงเงิน จำกัด จำกัด,ภูวรา ถนัดอักษร,รังสิต,+66 (0) 7305 2518
CUST00781,บริษัท บริษัท ถนัดพิมพการ จำกัด จำกัด,พรปราณี แก้วชลคราม,รังสิต,036 220642
CUST00782,บริษัท บริษัท แก้วอยู่คอมพิวเตอร์ จำกัด จำกัด,ประเดิม คำลือ,รังสิต,0-4134-1037
CUST00783,บริษัท บมจ.นวลเพ็งเอ็นจิเนียริ่ง จำกัด,พิพิธธน อุลหัสสา,ตรัง,+66 (0) 925 626 815
CUST00784,บริษัท บริษัท ถนอมกุลบุตร จำกัด จำกัด,จริยฉัตร ฉิมพาลี,อุดรธานี,+66 632 604 754
CUST00785,บริษัท ห้างหุ้นส่วนจำกัด สันตะวงศ์ก่อสร้าง จำกัด,เทพณรงค์ เขียวอ่อน,นครปฐม,0-4046-6146
CUST00786,บริษัท บริษัท ตันเผ่า จำกัด จำกัด,นาวีตา แถมธน,ตรัง,07 747 7401
CUST00787,บริษัท ห้างหุ้นส่วนจำกัด เดชวา จำกัด,พรปราณี เจริญรัมย์,สมุทรสาคร,0857059541
CUST00788,บริษัท บริษัท ติณรัตน์ จำกัด จำกัด,ณภัทร นาคะนคร,อ้อมน้อย,030 225554
CUST00789,บริษัท บจก.ทุมะบุตร์และบุตร จำกัด,ทรรศนชัย นุ่มกัน,สกลนคร,055080190
CUST00790,บริษัท ห้างหุ้นส่วนจำกัด พีระเพ็ญกุลเซอร์วิส จำกัด,อนุวัช ถนอมพล,หาดใหญ่,07 907 9007
CUST00791,บริษัท บริษัท ทีฆะ จำกัด จำกัด,หรรษธร ทองประดิฐ,ระยอง,077 404235
CUST00792,บริษัท ห้างหุ้นส่วนจำกัด ศิวะวรเวทก่อสร้าง จำกัด,คมสัน ดวงทับทิม,กรุงเทพมหานคร,0 633 502 061
CUST00793,บริษัท ธนรักษ์คอมมิวนิเคชั่น จำกัด,โรสชา ตัณฑนุช,สมุทรปราการ,0 682 801 720
CUST00794,บริษัท ห้างหุ้นส่วนจำกัด จ้อยนุแสง จำกัด,วนาลี อุ่นอก,พัทยา,0 811 809 247
CUST00795,บริษัท บริษัท หอมพิกุลเอเยนซี จำกัด จำกัด,วสิตา ด้วงโสน,พระนครศรีอยุธยา,05 782 9109
CUST00796,บริษัท บริษัท ดาวอร่ามกลการ จำกัด (มหาชน) จำกัด,ฮานาฟี นิละทัต,นครราชสีมา,+66 (0) 3812 1633
CUST00797,บริษัท ห้างหุ้นส่วนจำกัด ศรีสัตย์ จำกัด,อลิษา ถนัดหัตถกรรม,ภูเก็ต,+66 (0) 4817 2964
CUST00798,บริษัท นุ่มกันและถนัดอักษร จำกัด,ณัฐธภรณ์ ขันธุลา,เกาะสมุย,+66 (0) 924 153 361
CUST00799,บริษัท บมจ.แหยมศิริเอนเตอรไพรส์ จำกัด,ฉัตรปรียา แก้วอยู่,ตรัง,0 7860 9462
CUST00800,บริษัท ฉายแสงอะไหล่ยนต์ จำกัด,โยธิการ์ ฉัพพรรณธนกูร,นนทบุรี,+66 (0) 7502 4289
CUST00801,บริษัท บริษัท ภูภักดี จำกัด จำกัด,วรศาสส์ ธัญเสถียร,นครศรีธรรมราช,038-240335
CUST00802,บริษัท บมจ.ยางสวย จำกัด,จณิสตา คณานุรักษ์,ตรัง,+66 874 110 765
CUST00803,บริษัท ห้างหุ้นส่วนสามัญ ทองสินธุ์พืชผล จำกัด,จันทภา ชำนาญวาด,อ้อมน้อย,0 2431 9097
CUST00804,บริษัท บมจ.ถมปัด จำกัด,พุทธิพงษ์ ถนัดหัตถกรรม,ระยอง,0-2471-4259
CUST00805,บริษัท ทองเนื้อดี-จันอ้น จำกัด,อลิษา ปรีชากุลเศรษฐ์,นครราชสีมา,+66 665 134 898
CUST00806,บริษัท ห้างหุ้นส่วนจำกัด ดาวกระจายก่อสร้าง จำกัด,มัตติกา ไม้แดง,นครสวรรค์,061-478-1565
CUST00807,บริษัท นาถะเดชะมอเตอร์ จำกัด,กุลปรียา ฉิมพาลี,แม่สอด,+662 088 6907
CUST00808,บริษัท หจก.เดชคุ้มเซอร์วิส จำกัด,พรชีวิน นะวะมันดร,สุราษฎร์ธานี,035-840517
CUST00809,บริษัท บริษัท ถ้วนศรี จำกัด จำกัด,เถลิงยศ สันตะวงศ์,พิษณุโลก,+66 632 866 251
CUST00810,บริษัท บริษัท ดุษฎีวนิชแอนด์ซันส์ จำกัด จำกัด,พิพิธธน ตั้งกุลงาม,รังสิต,0 3067 2387
CUST00811,บริษัท หจก.ตัณสถิตย์บริการ จำกัด,เพ็ญพรรษา เวียงจันทึก,เชียงใหม่,071089241
CUST00812,บริษัท บมจ.ธนูปกรณ์ จำกัด,ตอฮา แหยมศิริ,ระยอง,+66 (0) 606 118 042
CUST00813,บริษัท บริษัท ตัณฑนุช จำกัด จำกัด,พาดีล๊ะ ไทไชโย,ภูเก็ต,026 941542
CUST00814,บริษัท มูลนิธิตัณฑนุช จำกัด,มลิวรรณ ทหารแท้,เชียงราย,061 479 0486
CUST00815,บริษัท มูลนิธิซาซุม จำกัด,อินทรีย์ ธรรมนิยม,ยะลา,04 868 4046
CUST00816,บริษัท บริษัท โพธิสัตย์ จำกัด (มหาชน) จำกัด,พิศพรรณ ตัณฑนุช,แหลมฉบัง,058791820
CUST00817,บริษัท ห้างหุ้นส่วนจำกัด นพตระกูล จำกัด,พศร นามเสวตร,แหลมฉบัง,023 044034
CUST00818,บริษัท หสน.ศรีธนะเวทย์ จำกัด,โอภาส ฉัพพรรณธนกูร,สงขลา,0630162227
CUST00819,บริษัท บริษัท คณานุรักษ์ จำกัด จำกัด,สิริ ทองสีไพล,ตรัง,+66 2258 6294
CUST00820,บริษัท บมจ.ศรีสัตย์พืชผล จำกัด,อธิตยา นวลฉวี,นครศรีธรรมราช,069-627-8626
CUST00821,บริษัท บมจ.สงประเสริฐเอนเตอรไพรส์ จำกัด,อรพิณ ถนัดหัตถกรรม,แหลมฉบัง,+66 (0) 3918 1210
CUST00822,บริษัท ห้างหุ้นส่วนจำกัด ถนัดการยนต์มอเตอร์ จำกัด,ฐิติวุฒิ ภูภักดี,หาดใหญ่,058 612570
CUST00823,บริษัท นับเนื่องนอพืชผล จำกัด,ธนภณ บุญบำรุง,ลำปาง,+66 896 347 766
CUST00824,บริษัท ห้างหุ้นส่วนจำกัด คำลือ จำกัด,จิณภัทตา เลิศกิ่ง,สงขลา,040-078215
CUST00825,บริษัท ดุษฎีวนิชการบัญชี จำกัด,พุทธ แนวพญา,นครศรีธรรมราช,+664 276 0585
CUST00826,บริษัท หจก.ตะละภัฏการบัญชี จำกัด,สิริ ด้วงโสน,ตรัง,093 062 6422
CUST00827,บริษัท ห้างหุ้นส่วนจำกัด เณรานุสนธิ์ จำกัด,จิตตานันท์ นะวะมันดร,เกาะสมุย,024038735
CUST00828,บริษัท หจก.คำลือ จำกัด,ฉลองชัย ถาวรรัตน,เกาะสมุย,0-3610-9160
CUST00829,บริษัท บริษัท ไสยกิจ จำกัด จำกัด,นิรุตต์ ตะละภัฏ,ตรัง,+66 (0) 7701 2843
CUST00830,บริษัท บริษัท อุลหัสสากลการ จำกัด จำกัด,พันเกล้า ทหารแท้,อุบลราชธานี,0602351046
CUST00831,บริษัท หจก.ถนอมพลกรัง จำกัด,วสิตา ทีฆะ,สุราษฎร์ธานี,031742504
CUST00832,บริษัท ธุวะนุติ์-เวียงจันทึก จำกัด,อาซือมะ นิยมธรรม,นครราชสีมา,0-5516-6827
CUST00833,บริษัท หจก.ฉัพพรรณธนกูร จำกัด,ณัฐศักดิ์ ศรีธนะเวทย์,กรุงเทพมหานคร,041-085975
CUST00834,บริษัท ห้างหุ้นส่วนจำกัด โพธิสัตย์การช่าง จำกัด,มนัญชยา สาระพันธ์,ภูเก็ต,+66 3969 0531
CUST00835,บริษัท ธนาคารทุมะบุตร์ จำกัด จำกัด,ทวีวัฒน์ นาฏคายี,ยะลา,+66 (0) 7124 0466
CUST00836,บริษัท บริษัท พานเกล้าเอ็นจิเนียริ่ง จำกัด จำกัด,สุปรานี ด้วงโสน,สมุทรสาคร,079986448
CUST00837,บริษัท สมาคมนฤภัย จำกัด,สิราพร ดีตพันธุ์,พระนครศรีอยุธยา,+66 (0) 4423 4832
CUST00838,บริษัท บริษัท ถนัดเดินข่าวมอเตอร์ จำกัด จำกัด,พิมพ์พิชญา ไทนิยม,เชียงใหม่,078-178469
CUST00839,บริษัท ห้างหุ้นส่วนจำกัด ศิวะวรเวทอิมปอร์ตเอ็กซปอร์ต จำกัด,เมทนี ถนัดอักษร,สุราษฎร์ธานี,+66 (0) 5190 1989
CUST00840,บริษัท บริษัท วิลาสินี จำกัด (มหาชน) จำกัด,วรดาพร เณรานุสนธิ์,พระนครศรีอยุธยา,0 3990 7712
CUST00841,บริษัท บริษัท ราชมณี จำกัด (มหาชน) จำกัด,ภานุพล นิลเสนา,ระยอง,020778247
CUST00842,บริษัท หจก.ทับทิมไทย จำกัด,ทินพร ธรรมฤดี,เกาะสมุย,0990317989
CUST00843,บริษัท หจก.ยางสวย จำกัด,ชนิศา ถนอมมนุษย์,ระยอง,082 129 3847
CUST00844,บริษัท บมจ.ทวีเดช จำกัด,มาสิตะ พีระเพ็ญกุล,ระยอง,03 478 9667
CUST00845,บริษัท บริษัท ตวันเยี่ยม จำกัด จำกัด,ขอดิเยาะ จันทา,สมุทรปราการ,05 437 9243
CUST00846,บริษัท มูลนิธิตรีครุธพันธุ์ จำกัด,ซูไรดา ทำประดู่,ระยอง,0-5003-7297
CUST00847,บริษัท บริษัท ฉัตรอภิเที่ยงค่ำ จำกัด (มหาชน) จำกัด,โอภาส ปรีชากุลเศรษฐ์,นครศรีธรรมราช,0981795296
CUST00848,บริษัท บริษัท ธนรักษ์ จำกัด จำกัด,สีหราช บุณยะภาชน์,เชียงราย,05 974 8436
CUST00849,บริษัท มูลนิธิศรทอง จำกัด,ธนวันต์ บินดี,สมุทรปราการ,02 190 4003
CUST00850,บริษัท ถนัดอาวุธและนิลวรรณ จำกัด,สมหมาย นิลสลัว,พิษณุโลก,+66 (0) 2629 2388
CUST00851,บริษัท บริษัท นวลฉวี จำกัด จำกัด,ศศินา สาระพันธ์,กรุงเทพมหานคร,+66 (0) 4299 9229
CUST00852,บริษัท ชมรมตวงทอง จำกัด,โกวิทย์ ถนัดรักษา,สมุทรสาคร,+667 587 6109
CUST00853,บริษัท บริษัท ถมังรักษสัตว์บรรจุภัณฑ์ จำกัด จำกัด,สุทธิณัฐ ศิวะวรเวท,สงขลา,0 2763 2966
CUST00854,บริษัท ห้างหุ้นส่วนสามัญ เตมิยะเดช จำกัด,ชรินทร์ทิพย์ ทองอยู่,พระนครศรีอยุธยา,0 904 262 382
CUST00855,บริษัท ซูสารอกรุ๊ป จำกัด,เจษฏาภรณ์ ถะเกิงชศ,อุบลราชธานี,045926520
CUST00856,บริษัท บมจ.ตันเผ่าจิวเวลรี่ จำกัด,ฤทธิ์ชกร ยะผา,นครปฐม,035 254005
CUST00857,บริษัท อัตตนาถอุตสาหกรรม จำกัด,ยุภา ถาวรายุศม์,กรุงเทพมหานคร,+66 (0) 5190 0190
CUST00858,บริษัท หจก.ทัศนสุทธิการบัญชี จำกัด,สมปอง ศรีธนะเวทย์,หาดใหญ่,+66 2107 4429
CUST00859,บริษัท บุญญาไลย์และบุนยะศัพท์ จำกัด,พัชรพร ร่มธิติรัตน์,พิษณุโลก,0-4722-0007
CUST00860,บริษัท บมจ.นักสำหรวจการบัญชี จำกัด,สิริ นิยมสำหรวจ,ยะลา,0 5082 8676
CUST00861,บริษัท ห้างหุ้นส่วนจำกัด ตัณฑนุช จำกัด,พรชนก ธนูปกรณ์,เจ้าพระยาสุรศักดิ์,0696983483
CUST00862,บริษัท ห้างหุ้นส่วนสามัญ ถมังรักษสัตว์คอมพิวเตอร์ จำกัด,สายสุรีย์ แท่นทอง,แม่สอด,+66 5374 8630
CUST00863,บริษัท ห้างหุ้นส่วนจำกัด หิรัญสาลีซัพพลาย จำกัด,ปัณณวัชร ดัตพันธุ์,อุดรธานี,079720046
CUST00864,บริษัท นฤทุกข์วิศวการ จำกัด,ฐิตาพร หิรัญสาลี,ลำปาง,+66 (0) 2126 6572
CUST00865,บริษัท ทวนทองเฟอร์นิเจอร์ จำกัด,วสิตา นับเนื่องนอ,พัทยา,079 969446
CUST00866,บริษัท ห้างหุ้นส่วนสามัญ นิยมธรรม จำกัด,เอกชัย อุ่นอก,เชียงใหม่,05 643 2955
CUST00867,บริษัท หจก.ดุริยพันธุ์และเพื่อน จำกัด,ปิยวดี ฉัพพรรณธนกูร,ยะลา,+66 (0) 3799 7274
CUST00868,บริษัท บริษัท นาถะพินธุ จำกัด จำกัด,สุปรานี ตวงทอง,ตรัง,+66 (0) 994 770 116
CUST00869,บริษัท ทองสุกเลิศเคมิคอล จำกัด,ปุณณรัตน์ ผลบุญ,ปากเกร็ด,0 848 521 733
CUST00870,บริษัท พงศ์ฉบับนภาและธูปหอม จำกัด,จักรีรัตน์ ถมังรักษสัตว์,เชียงราย,0 3814 0342
CUST00871,บริษัท ชมรมประจันตะเสน จำกัด,สุภัทริดา ถนัดการยนต์,ปากเกร็ด,+66 (0) 884 515 591
CUST00872,บริษัท บริษัท ทัศนสุทธิ จำกัด จำกัด,โสภา ศรีธนะเวทย์,ปากเกร็ด,0 4877 2953
CUST00873,บริษัท สมาคมไทยสุชาต จำกัด,สัญชาน ดาตู,หาดใหญ่,+66 (0) 626 836 843
CUST00874,บริษัท บัวเผื่อนพานิช จำกัด,ชนิศา ธรรมฤดี,เจ้าพระยาสุรศักดิ์,+662 739 3187
CUST00875,บริษัท บริษัท แนวพญาเซอร์วิส จำกัด จำกัด,เรืองเกียรติ หนักแน่น,ปากเกร็ด,+66 5110 1735
CUST00876,บริษัท บริษัท บุญญาไลย์ จำกัด จำกัด,นันทวุฒิ ดำริห์ชอบ,อุบลราชธานี,+66 800 193 337
CUST00877,บริษัท จ้อยนุแสงและตระกูลไม้เรียง จำกัด,กันตวรรณ ยะผา,สุราษฎร์ธานี,+66 4513 2981
CUST00878,บริษัท บริษัท หอมพิกุลภาพยนตร์ จำกัด จำกัด,นราวรรณ ธรรมนิยม,เชียงใหม่,07 351 9549
CUST00879,บริษัท สมาคมสุวรรณหงษ์ จำกัด,โยธิการ์ เตมิยะเดช,สงขลา,066 292 8044
CUST00880,บริษัท บริษัท ธาราธร จำกัด จำกัด,สโรชา นุ่มกัน,ปากเกร็ด,+664 294 5083
CUST00881,บริษัท บริษัท บุนยาภิสนท์โอสถ จำกัด จำกัด,ภานิณี ศาสตร์ศิลป์,สุราษฎร์ธานี,04 497 7380
CUST00882,บริษัท บริษัท ศิวะวรเวท จำกัด จำกัด,กฤตพร ธาราธร,สงขลา,+66 5463 0294
CUST00883,บริษัท หสน.ตั้งรบแพคกิ้ง จำกัด,ธีรวุฒิ ธรรมนิยม,อุดรธานี,+662 045 5916
CUST00884,บริษัท ห้างหุ้นส่วนจำกัด ถะเกิงชศ จำกัด,ผดุงพล แถมธน,รังสิต,+66 2003 3301
CUST00885,บริษัท บจก.นุชแนวนุ่มอินเตอร์เนชั่นแนล จำกัด,กันตวรรณ ฉัตรอภิเที่ยงค่ำ,ระยอง,+667 367 7029
CUST00886,บริษัท ทำประดู่คอมพิวเตอร์ จำกัด,สุภัทริดา วิลาสินี,นครศรีธรรมราช,+662 264 4626
CUST00887,บริษัท หจก.ทวีเดชภาพยนตร์ จำกัด,อริสรา ดวงทับทิม,นครปฐม,023 040040
CUST00888,บริษัท ตวันเยี่ยมคอนสตรัคชั่น จำกัด,มารีนี ศรีธนะเวทย์,นครราชสีมา,052423771
CUST00889,บริษัท บริษัท ถนัดการเขียน จำกัด จำกัด,รอกีเย๊าะ นาถะเดชะ,สมุทรปราการ,+66 (0) 4766 4699
CUST00890,บริษัท บริษัท ธรรมเมธาเอเยนซี จำกัด จำกัด,พลานุช ทองลาภ,นนทบุรี,098-176-8106
CUST00891,บริษัท มูลนิธินิระหานี จำกัด,วณัฐดา ทองแท้,นครสวรรค์,0-3321-3014
CUST00892,บริษัท บมจ.ตันยา จำกัด,ซุกรี เขียวอ่อน,แหลมฉบัง,094 466 9612
CUST00893,บริษัท ห้างหุ้นส่วนจำกัด ธรรมฤดีบริการ จำกัด,คำ ไทไชโย,ลำปาง,0 7684 7967
CUST00894,บริษัท ห้างหุ้นส่วนจำกัด ดาวกระจายเอเยนซี จำกัด,อัญชัญ บุตดา,สุราษฎร์ธานี,+665 354 0110
CUST00895,บริษัท ทับทิมไทย-ทองลาภ จำกัด,วาสุเทพ พงศ์ฉบับนภา,หาดใหญ่,03 484 8186
CUST00896,บริษัท สงประเสริฐและขำเอนก จำกัด,พุทธิพงษ์ ทองประดิฐ,นครศรีธรรมราช,0 2316 1935
CUST00897,บริษัท หจก.ทองสินธุ์เอเยนซี จำกัด,วาร์มูฮำหมัด ภูภักดี,กรุงเทพมหานคร,072 662521
CUST00898,บริษัท บจก.อุ่นอก จำกัด,ธัญญามาศ ทศโยธิน,ตรัง,031347359
CUST00899,บริษัท ชมรมนุตตาร จำกัด,กวาง เลิศกิ่ง,ยะลา,+664 823 1205
CUST00900,บริษัท สมาคมซูสารอ จำกัด,อาซือมะ ศรีเผด็จ,สกลนคร,083-329-2984
CUST00901,บริษัท หจก.ทองสีไพลบรรจุภัณฑ์ จำกัด,วรดาพร ตวันเยี่ยม,ยะลา,+66 (0) 868 482 295
CUST00902,บริษัท ยะผายานยนต์ จำกัด,เกศรา ศาสตร์ศิลป์,เจ้าพระยาสุรศักดิ์,+66 (0) 3687 8196
CUST00903,บริษัท หอมสินกรุ๊ป จำกัด,พชรภรณ์ เตชะกำพุ,ยะลา,040-372573
CUST00904,บริษัท สมาคมนพคเชนทร์ จำกัด,ศิรณัฐ นิยมธรรม,อุดรธานี,02 990 2115
CUST00905,บริษัท ห้างหุ้นส่วนจำกัด ธูปะวิโรจน์พืชผล จำกัด,จิราภรณ์ ฉิมพาลี,ยะลา,+66 873 298 158
CUST00906,บริษัท บริษัท เยาวธนโชค จำกัด (มหาชน) จำกัด,นราวรรณ หนักแน่น,อุดรธานี,0607436989
CUST00907,บริษัท บริษัท ศรีสัตย์ จำกัด จำกัด,วิเชียร ทองสุกเลิศ,ปากเกร็ด,02 984 5795
CUST00908,บริษัท บริษัท ดีตพันธุ์เคมิคอล จำกัด จำกัด,มนัส เจริญรัมย์,พระนครศรีอยุธยา,0620118934
CUST00909,บริษัท หจก.นาถะเดชะ จำกัด,เจษฎากร หนักแน่น,หาดใหญ่,075-720659
CUST00910,บริษัท ร่มธิติรัตน์และอุลหัสสา จำกัด,ปิ่นบุญญา ศรีสัตย์,นครราชสีมา,+66 (0) 4103 4496
CUST00911,บริษัท บริษัท ถาวระวรณ์การค้า จำกัด จำกัด,อธิวัตร นิติสาขา,สมุทรสาคร,+66 661 044 721
CUST00912,บริษัท บริษัท จันอ้น จำกัด จำกัด,นารดา บุตดา,อุบลราชธานี,0849195230
CUST00913,บริษัท บริษัท ศรีธนะเวทย์บริการ จำกัด จำกัด,เรืองเกียรติ นักรบ,แม่สอด,030-035091
CUST00914,บริษัท บริษัท หิรัญสาลี จำกัด (มหาชน) จำกัด,ทรรศนชัย ติระคมน์,สกลนคร,+66 (0) 2813 8568
CUST00915,บริษัท บริษัท เดชวา จำกัด จำกัด,จิม ดำริห์ชอบ,พระนครศรีอยุธยา,+664 964 2468
CUST00916,บริษัท ห้างหุ้นส่วนจำกัด ธรรมเมธา จำกัด,วัลลภ แก้วชลคราม,นครปฐม,0 2056 5092
CUST00917,บริษัท เยาวธนโชคเซอร์วิส จำกัด,สุพัตรา ไสยกิจ,นครราชสีมา,07 869 0112
CUST00918,บริษัท บริษัท นุชแนวนุ่มคอนสตรัคชั่น จำกัด (มหาชน) จำกัด,ใกล้รุ่ง น้ำทิพย์,เจ้าพระยาสุรศักดิ์,0 7299 5653
CUST00919,บริษัท มูลนิธิธัญเสถียร จำกัด,หรรษา ถนัดการเขียน,เกาะสมุย,+66 696 850 182
CUST00920,บริษัท บริษัท แต้กุล จำกัด จำกัด,ธารา ฉัพพรรณธนกูร,แม่สอด,+66 (0) 3279 1007
CUST00921,บริษัท ห้างหุ้นส่วนจำกัด เลิศกิ่งการค้า จำกัด,ณิชนันท์ พงศ์ฉบับนภา,รังสิต,0 980 188 142
CUST00922,บริษัท ห้างหุ้นส่วนสามัญ เช้าวันดีเทรดดิ้ง จำกัด,สุธินันท์ ศรีเผด็จ,สกลนคร,0 3823 2552
CUST00923,บริษัท บริษัท ภูภักดี จำกัด จำกัด,หล้า ถนิมมาศ,รังสิต,0 857 915 813
CUST00924,บริษัท ห้างหุ้นส่วนจำกัด นาควงษ์ จำกัด,ฉัตรปรียา เลขะพันธุ์,ขอนแก่น,085 877 3473
CUST00925,บริษัท บริษัท ดาวอร่าม จำกัด จำกัด,ตอฮา เณรานุสนธิ์,ขอนแก่น,0813413495
CUST00926,บริษัท ธนาคารนิลวิมลอินเตอร์เนชั่นแนล จำกัด (มหาชน) จำกัด,ฐิติวุฒิ ดาวอร่าม,ภูเก็ต,0 5265 2772
CUST00927,บริษัท บจก.ถะเกิงชศ จำกัด,พิชาภพ เขียวขุ้ย,เจ้าพระยาสุรศักดิ์,0-5853-9363
CUST00928,บริษัท ไชยภาแอนด์ซันส์ จำกัด,ณิชนันท์ น้ำทิพย์,ปากเกร็ด,0-5768-0823
CUST00929,บริษัท บริษัท นฤทุกข์ จำกัด จำกัด,สุภาพร ธูปะวิโรจน์,แม่สอด,+66 (0) 5700 5513
CUST00930,บริษัท บริษัท วาทาการช่าง จำกัด จำกัด,ปริญญา แก้วชลคราม,อุบลราชธานี,085 461 2898
CUST00931,บริษัท มูลนิธิไชยภา จำกัด,ณัฐจศักดิ์ ทรัพย์สาร,ระยอง,0 609 805 947
CUST00932,บริษัท สหภาพแรงงานทองแท้ จำกัด,ประเสริฐ นพตระกูล,เจ้าพระยาสุรศักดิ์,+663 253 1253
CUST00933,บริษัท บริษัท ยางสวยจิวเวลรี่ จำกัด จำกัด,พรชนก ปรีชากุลเศรษฐ์,รังสิต,+66 (0) 600 643 759
CUST00934,บริษัท ห้างหุ้นส่วนจำกัด บุญศล จำกัด,สรรเพชญ์ ถะเกิงชศ,แหลมฉบัง,+667 820 4226
CUST00935,บริษัท แถมธนมอเตอร์ จำกัด,อาภัศรา ตัณสถิตย์,ตรัง,+66 (0) 809 901 260
CUST00936,บริษัท ชมรมถนัดพิมพการ จำกัด,ทินวัฒน์ แหยมศิริ,พิษณุโลก,0 2924 1688
CUST00937,บริษัท มูลนิธิถนัดการยนต์ จำกัด,เฉลิมรัฐ ธรรมนิยม,ปากเกร็ด,037251583
CUST00938,บริษัท บริษัท สงประเสริฐกลการ จำกัด จำกัด,สายสุรีย์ ถาวระวรณ์,ตรัง,080-568-3055
CUST00939,บริษัท บริษัท ตวันเยี่ยมเฟอนิชชิ่ง จำกัด จำกัด,พันธุ์เทพ กุมารบุญ,กรุงเทพมหานคร,020 281669
CUST00940,บริษัท บริษัท ดีตพันธุ์และเพื่อน จำกัด จำกัด,ชรินทร์ทิพย์ นักรบ,ลำปาง,0-7392-0260
CUST00941,บริษัท งามพิเชษฐ์โอสถ จำกัด,ไชยภพ บุญญาไลย์,เจ้าพระยาสุรศักดิ์,088-300-3097
CUST00942,บริษัท ห้างหุ้นส่วนจำกัด วะคีมัน จำกัด,ทับทิม ทหารแท้,ภูเก็ต,+66 (0) 7681 6971
CUST00943,บริษัท ทุมะบุตร์-นาคสุทิน จำกัด,นราวรรณ บุญญาภิรมย์,พิษณุโลก,07 026 6792
CUST00944,บริษัท บริษัท ศรีสัตย์ จำกัด จำกัด,วรรณชนะชัย แต้กุล,นครปฐม,+662 645 8455
CUST00945,บริษัท ตั้งรบและติณรัตน์ จำกัด,ราณี นุ่มกัน,สงขลา,+66 805 712 068
CUST00946,บริษัท หจก.บัวเผื่อน จำกัด,ดิลก นิละทัต,พระนครศรีอยุธยา,+66 (0) 647 863 502
CUST00947,บริษัท บริษัท จันทา จำกัด จำกัด,สุรการณ์ ดำริห์ชอบ,เชียงราย,0-5468-7010
CUST00948,บริษัท เขียวอ่อนและยะผา จำกัด,ฉลองชัย นพคเชนทร์,เกาะสมุย,086 166 7993
CUST00949,บริษัท บุญญาไลย์คอมพิวเตอร์ จำกัด,ศุภาศิล ทองอยู่,กรุงเทพมหานคร,+66 622 719 659
CUST00950,บริษัท บริษัท วิลาสินีเคมิคอล จำกัด (มหาชน) จำกัด,อณาวิน ซาซุม,นครศรีธรรมราช,0 3915 0839
CUST00951,บริษัท บริษัท นุชแนวนุ่มอินเตอร์เนชั่นแนล จำกัด จำกัด,สีหราช ทองประดิฐ,สกลนคร,0 3438 6275
CUST00952,บริษัท ห้างหุ้นส่วนสามัญ นุตตารกรุ๊ป จำกัด,อำพร ทองอยู่,ภูเก็ต,0 5305 8269
CUST00953,บริษัท บจก.ดาบเงินยานยนต์ จำกัด,อนุบาล นวลฉวี,นครปฐม,063 242 7406
CUST00954,บริษัท บริษัท สังข์กรดเฟอร์นิเจอร์ จำกัด จำกัด,วรนาฎ ทองปากน้ำ,อุดรธานี,043-649493
CUST00955,บริษัท ห้างหุ้นส่วนจำกัด หอมพิกุล จำกัด,อัญชิษฐา เขียวขุ้ย,ระยอง,029-932418
CUST00956,บริษัท ห้างหุ้นส่วนจำกัด ธัญเสถียรการบัญชี จำกัด,ชัชเวศย์ พีระเพ็ญกุล,นนทบุรี,0654231470
CUST00957,บริษัท บริษัท บุตดาอะไหล่ยนต์ จำกัด จำกัด,กฤตพร อุ่นอก,สงขลา,0-7740-2609
CUST00958,บริษัท บมจ.ทองลาภ จำกัด,เฉลิมรัฐ ตรีเภรินทร์,พิษณุโลก,02 338 4316
CUST00959,บริษัท มูลนิธิทวนไชย์ จำกัด,สุรธัช บุณยะภาชน์,แหลมฉบัง,058 156559
CUST00960,บริษัท หจก.นพคเชนทร์จิวเวลรี่ จำกัด,ธีร์ธวันาย ดุริยพันธุ์,สงขลา,0 7013 4791
CUST00961,บริษัท บริษัท นิยมเซียมกลการ จำกัด จำกัด,พิมพ์สุตา ศาสตร์ศิลป์,เจ้าพระยาสุรศักดิ์,+665 862 2705
CUST00962,บริษัท บริษัท นวลเพ็ง จำกัด (มหาชน) จำกัด,ราชพฤกษ์ ตั้งเผ่า,สุราษฎร์ธานี,+662 674 2774
CUST00963,บริษัท บจก.ทองประดิฐ จำกัด,ธัชญา ทันยุค,นครสวรรค์,04 086 2057
CUST00964,บริษัท เขียวขุ้ยการช่าง จำกัด,พันเกล้า ทองลาภ,ภูเก็ต,033-622325
CUST00965,บริษัท บจก.นุตตารพานิช จำกัด,ภาสวุฒิ บุนยะศัพท์,รังสิต,+66 (0) 5490 7654
CUST00966,บริษัท บริษัท นวลเพ็ง จำกัด จำกัด,อณาวิน นพคเชนทร์,ปากเกร็ด,+66 3808 7327
CUST00967,บริษัท ทองปากน้ำแลบ จำกัด,รมิตา ทองสุกเลิศ,เจ้าพระยาสุรศักดิ์,+66 5356 8066
CUST00968,บริษัท ห้างหุ้นส่วนจำกัด เมืองสุข จำกัด,เขมจิรา นพคเชนทร์,สมุทรสาคร,042 270631
CUST00969,บริษัท ชมรมนับเนื่องนอ จำกัด,สิทธัญ ถมปัด,ตรัง,+66 (0) 969 875 951
CUST00970,บริษัท บจก.นิลสลัวบริการ จำกัด,สุภาลินี ยะผา,เชียงราย,032 426894
CUST00971,บริษัท นิลวรรณพานิช จำกัด,พิไลพร ธุวะนุติ์,ขอนแก่น,089-480-6823
CUST00972,บริษัท มูลนิธินิละทัต จำกัด,ณัฐธิตา หิรัญสาลี,อุบลราชธานี,05 594 8528
CUST00973,บริษัท บมจ.ทวีเดช จำกัด,อันธิกา พรมอ่อน,สุราษฎร์ธานี,+66 7535 4276
CUST00974,บริษัท บริษัท ถมังรักษสัตว์ จำกัด,จิรวิทย์ ทวนไชย์,กรุงเทพมหานคร,+66 2965 4017
CUST00975,บริษัท บริษัท นับเนื่องนอเคมิคอล จำกัด จำกัด,กฤตพร หอมสิน,ปากเกร็ด,035 546449
CUST00976,บริษัท ทัศนสุทธิเคมิคอล จำกัด,ศิรินันท์ ดิสกะประกาย,อ้อมน้อย,+66 7855 6226
CUST00977,บริษัท บจก.ถนัดเดินข่าว จำกัด,ฐิติณัฐฐา บุญญาไลย์,สกลนคร,052 561403
CUST00978,บริษัท ถนัดภาษาและซาซุม จำกัด,อภิลักษณ์ ตันยา,นนทบุรี,+66 7446 5770
CUST00979,บริษัท บริษัท สุวรรณหงษ์ จำกัด จำกัด,นรีรัตน์ นิลเสนา,พัทยา,05 646 4042
CUST00980,บริษัท บริษัท สันตะวงศ์บรรจุภัณฑ์ จำกัด จำกัด,ศศิยา ไทนิยม,อุดรธานี,0-3949-5051
CUST00981,บริษัท บริษัท ธนูปกรณ์ จำกัด จำกัด,ฮานาฟี ไม้แดง,สุราษฎร์ธานี,030880466
CUST00982,บริษัท บมจ.นิลวิมล จำกัด,กองสิน ทองปากน้ำ,พัทยา,07 199 5104
CUST00983,บริษัท บริษัท เณรานุสนธิ์ยานยนต์ จำกัด จำกัด,ศภัคชคง ตั้งรบ,นครศรีธรรมราช,0 861 161 937
CUST00984,บริษัท บมจ.ดาตู จำกัด,รมิตา นิลวรรณ,พระนครศรีอยุธยา,077-606489
CUST00985,บริษัท กุมารบุญ-นาคะนคร จำกัด,วันชนก ตัณสถิตย์,เชียงใหม่,060 974 4461
CUST00986,บริษัท บริษัท เดชวา จำกัด จำกัด,บุญพา พานเกล้า,สงขลา,036868109
CUST00987,บริษัท นาคสุทินแลบ จำกัด,รังสินี ธรรมฤดี,อ้อมน้อย,0 623 670 367
CUST00988,บริษัท มูลนิธิหอมสิน จำกัด,วาสุเทพ เขียวอ่อน,ภูเก็ต,064 551 6405
CUST00989,บริษัท บริษัท แก้วอยู่ จำกัด (มหาชน) จำกัด,เจษฎากร ติณรัตน์,อุบลราชธานี,+66 987 692 289
CUST00990,บริษัท บริษัท นกทอง จำกัด จำกัด,ธีรลักษณ์ ซูสารอ,อ้อมน้อย,026 782092
CUST00991,บริษัท สมาคมพรมอ่อน จำกัด,อำไพ นากกนก,เชียงราย,03 887 4773
CUST00992,บริษัท หจก.โพธิสัตย์ก่อสร้าง จำกัด,นาทภูวพัฒน์ ถนัดกลึง,ยะลา,080-596-5730
CUST00993,บริษัท ถนัดภาษา-นำธวัช จำกัด,สุปรานี หนุนสุข,สุราษฎร์ธานี,070-326441
CUST00994,บริษัท บริษัท นิลเสนาอิมปอร์ตเอ็กซปอร์ต จำกัด จำกัด,ศรลักษณ์ ถาวรายุศม์,พระนครศรีอยุธยา,+66 609 344 593
CUST00995,บริษัท หจก.หอมสิน จำกัด,แปลง นานายน,นครราชสีมา,+66 (0) 7820 1151
CUST00996,บริษัท มูลนิธิถนิมมาศ จำกัด,จิตรลดา ดัตพันธุ์,สกลนคร,+663 315 4029
CUST00997,บริษัท หจก.ทัศนสุทธิ จำกัด,โชติวุฒิ ขุนดำ,ระยอง,028 658125
CUST00998,บริษัท บริษัท ถนัดการยนต์เคมิคอล จำกัด จำกัด,เจษฏาภรณ์ บุตดา,ระยอง,+66 (0) 5684 9001
CUST00999,บริษัท บมจ.ตระกูลบุญก่อสร้าง จำกัด,กุลปรียา นาคพันธุ์,อ้อมน้อย,071-122797
CUST01000,บริษัท ห้างหุ้นส่วนจำกัด แจ้งสว่างเอนเตอรไพรส์ จำกัด,กุลเชษฐ แหยมศิริ,สมุทรปราการ,+66 (0) 3207 0638
CUST01001,บริษัท เธียรายันกลการ จำกัด,สุปรานี บุญญาไลย์,นครสวรรค์,+66 (0) 7860 6965
CUST01002,บริษัท ฉัตรอภิเที่ยงค่ำแอนด์ซันส์ จำกัด,อาแอเสาะ เพียยา,สกลนคร,+665 524 8159
CUST01003,บริษัท บริษัท นักสำหรวจขนส่ง จำกัด จำกัด,อับดุลเลาะห์ ตั้งรบ,ขอนแก่น,04 759 1953
CUST01004,บริษัท ห้างหุ้นส่วนจำกัด บุณยะภาชน์ จำกัด,ไชยภพ ดำริห์ชอบ,ภูเก็ต,0 2352 3741
CUST01005,บริษัท บริษัท ปานสุวรรณ จำกัด จำกัด,ประยุทธ์ บุณยะภาชน์,ขอนแก่น,0 977 158 684
CUST01006,บริษัท หจก.บัวเผื่อนเฟอนิชชิ่ง จำกัด,สมใจ บุญญาไลย์,หาดใหญ่,087 311 6612
CUST01007,บริษัท ห้างหุ้นส่วนสามัญ นิติสาขา จำกัด,สุพนธ์ ดาวอร่าม,หาดใหญ่,090 884 6740
CUST01008,บริษัท บมจ.ไทยแท้วิศวกรรม จำกัด,คมกฤชญ์ นิลสลัว,แม่สอด,+664 434 3976
CUST01009,บริษัท หจก.เตชะกำพุแลบ จำกัด,มนรัตน์ บุนยะตีรณะ,กรุงเทพมหานคร,+662 970 8290
CUST01010,บริษัท พรรษาสกุลเคมิคอล จำกัด,กองสิน ไทยสุชาต,ยะลา,05 505 7981
CUST01011,บริษัท บุตราชและเขียวขุ้ย จำกัด,เลิศเดช ถนัดอาวุธ,กรุงเทพมหานคร,0842058216
CUST01012,บริษัท บริษัท จันอ้น จำกัด จำกัด,ธนภณ นฤภัย,หาดใหญ่,+66 5752 3184
CUST01013,บริษัท บริษัท ถนัดเดินข่าว จำกัด จำกัด,เอกอธิพงษ์ ถนัดกลึง,สกลนคร,+66 4206 7864
CUST01014,บริษัท ห้างหุ้นส่วนจำกัด ถมปัด จำกัด,โกวิทย์ นวลฉวี,แม่สอด,02 537 8329
CUST01015,บริษัท บริษัท ตวันเยี่ยม จำกัด จำกัด,พิมพ์พิชญา ถาวรายุศม์,นครศรีธรรมราช,0 4962 5060
CUST01016,บริษัท บริษัท นพคเชนทร์อุตสาหกรรม จำกัด จำกัด,อาซือมะ ตันยา,ตรัง,+664 328 3954
CUST01017,บริษัท หนักแน่นบรรจุภัณฑ์ จำกัด,ธาเอก แหยมศิริ,พัทยา,051-153563
CUST01018,บริษัท ห้างหุ้นส่วนจำกัด ฉิมพาลีพานิช จำกัด,พัสวี เนตร์มณี,นครศรีธรรมราช,+66 (0) 4056 7950
CUST01019,บริษัท บจก.นิลวรรณ จำกัด,บุญเทียน ทีฆะ,ปากเกร็ด,0 806 740 422
CUST01020,บริษัท บริษัท ถาวรายุศม์เอเยนซี จำกัด จำกัด,ทิมาภรณ์ นาถะพินธุ,สงขลา,+66 (0) 840 304 071
CUST01021,บริษัท ไม้แดง-ธูปะวิโรจน์ จำกัด,สุรนัย ทุมะบุตร์,สมุทรสาคร,0 3630 3625
CUST01022,บริษัท บริษัท ถาวรรัตนการค้า จำกัด จำกัด,พงษ์นเรศ ทองลาภ,นครศรีธรรมราช,077536461
CUST01023,บริษัท หจก.ภูภักดี จำกัด,ชนิศา วะคีมัน,นครปฐม,0894991259
CUST01024,บริษัท ปานสุวรรณแลบ จำกัด,สุกฤษตา แจ้งสว่าง,นครสวรรค์,+66 690 170 230
CUST01025,บริษัท บริษัท งามพิเชษฐ์คอนสตรัคชั่น จำกัด จำกัด,นารดา ไทยสุชาต,พิษณุโลก,03 857 2364
CUST01026,บริษัท บริษัท ทัศนสุทธิโอสถ จำกัด จำกัด,ทวีวัฒน์ เนื่องนนท์,เชียงใหม่,058 398218
CUST01027,บริษัท บุนยาภิสนท์-ตัณสถิตย์ จำกัด,กุลภาวลัย ธีวร,ลำปาง,030 556965
CUST01028,บริษัท ห้างหุ้นส่วนสามัญ ปานสุวรรณอินเตอร์เนชั่นแนล จำกัด,ณัฐติญา เนื่องนนท์,แหลมฉบัง,066 882 5882
CUST01029,บริษัท บมจ.แก้วอยู่ยานยนต์ จำกัด,นัสรุน นากกนก,นครสวรรค์,+66 960 292 819
CUST01030,บริษัท บริษัท สงประเสริฐ จำกัด จำกัด,นภัสรินทร์ ทองเนื้อดี,ระยอง,05 078 8423
CUST01031,บริษัท บริษัท ศรทองเอเยนซี จำกัด จำกัด,เบญญาทิพย์ ธุวะนุติ์,แม่สอด,0-2164-6156
CUST01032,บริษัท บริษัท ทุมะบุตร์บรรจุภัณฑ์ จำกัด จำกัด,อรพิณ งามพิเชษฐ์,นครปฐม,+66 604 097 360
CUST01033,บริษัท บริษัท นิลสุวรรณ์ จำกัด (มหาชน) จำกัด,สุรธัช พรรษาสกุล,ภูเก็ต,+66 2108 0230
CUST01034,บริษัท ห้างหุ้นส่วนจำกัด ซูสารอ จำกัด,ฐิติวุฒิ ดีตพันธุ์,ลำปาง,+66 (0) 2218 4735
CUST01035,บริษัท บริษัท วาทาวิศวกรรม จำกัด จำกัด,ณัฐพิชา เจริญรัมย์,ลำปาง,+66 869 408 518
CUST01036,บริษัท บุนยาภิสนท์-ถนัดการยนต์ จำกัด,ยศวัฒน์ ศรีอุ่น,ระยอง,+663 758 5278
CUST01037,บริษัท ห้างหุ้นส่วนจำกัด ดวงทับทิมและเพื่อน จำกัด,จิตตานันท์ ถาวรายุศม์,ปากเกร็ด,+66 (0) 865 967 301
CUST01038,บริษัท บริษัท ภูภักดี จำกัด จำกัด,อัครพนธ์ หนุนสุข,รังสิต,0 7708 4371
CUST01039,บริษัท วุฑฒยากรคอมมิวนิเคชั่น จำกัด,วิชชากร ตระกูลบุญ,สมุทรปราการ,024 591038
CUST01040,บริษัท บริษัท ธรรมฤดีจิวเวลรี่ จำกัด จำกัด,พลานุช ดาวอร่าม,เชียงใหม่,026-717322
CUST01041,บริษัท ยางสวยวิศวการ จำกัด,สนั่น กุมารบุญ,นครสวรรค์,+66 (0) 993 688 066
CUST01042,บริษัท ห้างหุ้นส่วนสามัญ นักรบ จำกัด,ณัฐวรินทร เยาวธนโชค,เกาะสมุย,054450220
CUST01043,บริษัท แถมธนและหิรัญสาลี จำกัด,ฟารินี ธูปะวิโรจน์,ภูเก็ต,+66 (0) 7984 5803
CUST01044,บริษัท บจก.ดิสกะประกายก่อสร้าง จำกัด,อริสรา นฤภัย,สมุทรสาคร,063 435 1602
CUST01045,บริษัท หนุนสุขสโตร์ จำกัด,นิรันดร์ ทับทิมไทย,นนทบุรี,+66 (0) 991 384 436
CUST01046,บริษัท บริษัท นิลเสนาคอมพิวเตอร์ จำกัด (มหาชน) จำกัด,พันเกล้า ดาตู,ปากเกร็ด,053313936
CUST01047,บริษัท สมาคมไทยแท้ จำกัด,อนิวัฒน์ ดิสกะประกาย,นครศรีธรรมราช,0-4768-6102
CUST01048,บริษัท บริษัท นาถะพินธุ จำกัด จำกัด,นัฐพล ตระกูลบุญ,เชียงราย,+66 3054 5158
CUST01049,บริษัท ห้างหุ้นส่วนจำกัด ทองปากน้ำเคมิคอล จำกัด,กิติวัฒน์ แนวพญา,ยะลา,0695204177
CUST01050,บริษัท ห้างหุ้นส่วนสามัญ บุญญาไลย์ จำกัด,ธาเอก ธรรมสถิตไพศาล,พระนครศรีอยุธยา,+665 398 9648
CUST01051,บริษัท ห้างหุ้นส่วนสามัญ พรสีมาอิมปอร์ตเอ็กซปอร์ต จำกัด,เพ็ญยุภา ถนัดภาษา,ลำปาง,+66 (0) 2893 8928
CUST01052,บริษัท บริษัท นวลเพ็งขนส่ง จำกัด จำกัด,พีรภัทร์ พานเกล้า,แม่สอด,0 7246 3677
CUST01053,บริษัท บมจ.นิลสุวรรณ์ขนส่ง จำกัด,ซูฮัยดา ขำเอนก,ภูเก็ต,036630498
CUST01054,บริษัท บจก.นามเสวตรคอมพิวเตอร์ จำกัด,ภารวี ถุงเงิน,อุบลราชธานี,054325391
CUST01055,บริษัท มูลนิธิแจ้งสว่าง จำกัด,กิติยาธรณ์ ถนัดการเขียน,สกลนคร,+66 (0) 2344 3582
CUST01056,บริษัท สังข์กรด-ทองแท้ จำกัด,วิรศักดิ์ แน่นดุจป้อม,สุราษฎร์ธานี,079-648156
CUST01057,บริษัท ห้างหุ้นส่วนจำกัด ทองแท้ยานยนต์ จำกัด,เทพณรงค์ เจริญรัมย์,เชียงใหม่,057 747673
CUST01058,บริษัท ห้างหุ้นส่วนจำกัด ทรงโกมลเอ็นจิเนียริ่ง จำกัด,ธราวิทญ์ ทองสินธุ์,นครสวรรค์,05 394 2190
CUST01059,บริษัท หจก.ดิศดในอะไหล่ยนต์ จำกัด,ฮาฟิต หอมพิกุล,นครราชสีมา,0-3305-0391
CUST01060,บริษัท บริษัท สาระพันธ์และบุตร จำกัด จำกัด,นิชนันท์ ทรัพย์ธำรงค์,อ้อมน้อย,066-948-4914
CUST01061,บริษัท ห้างหุ้นส่วนจำกัด นาคพันธุ์วิศวกรรม จำกัด,ถนอมชัย ดีตพันธุ์,เชียงใหม่,+66 691 970 198
CUST01062,บริษัท ศรีอุ่นสโตร์ จำกัด,ฟิรยา ตระกูลไม้เรียง,นนทบุรี,054 902050
CUST01063,บริษัท หจก.นักรบกรุ๊ป จำกัด,มารุด บุตราช,ปากเกร็ด,031281102
CUST01064,บริษัท บุตราชและบินดี จำกัด,มารีนี นานายน,อ้อมน้อย,+66 985 003 493
CUST01065,บริษัท บริษัท ตันตราจิณการช่าง จำกัด (มหาชน) จำกัด,วิพุธ นวลเพ็ง,เชียงใหม่,047471555
CUST01066,บริษัท หจก.เขียวขุ้ย จำกัด,ศุภชัย นิลเสนา,สมุทรสาคร,083-372-6596
CUST01067,บริษัท บริษัท ถนัดรักษา จำกัด จำกัด,ประไพพักตร์ เวียงจันทึก,ยะลา,+66 4801 0293
CUST01068,บริษัท บริษัท โพธิสัตย์ จำกัด (มหาชน) จำกัด,ศุภนุนาย นาควงษ์,ลำปาง,+66 7937 9863
CUST01069,บริษัท บริษัท นามเสวตร จำกัด จำกัด,ดวงจันทร์ ดวงทับทิม,สกลนคร,070 504157
CUST01070,บริษัท ธนาคารตวงทอง จำกัด,ธเนษฐ ถนัดเดินข่าว,สมุทรปราการ,07 952 5760
CUST01071,บริษัท บริษัท จันอ้นเทรดดิ้ง จำกัด จำกัด,ภูมิปัญญา ไทไชโย,แหลมฉบัง,0842243679
CUST01072,บริษัท ธนาคารถมังรักษสัตว์ขนส่ง จำกัด จำกัด,นนทกาญจน์ ไทไชโย,ขอนแก่น,024330874
CUST01073,บริษัท บริษัท นาถะเดชะ จำกัด จำกัด,ณัฐธภรณ์ ทองปากน้ำ,พัทยา,0-5339-5501
CUST01074,บริษัท สมาคมนาคะนคร จำกัด,วิกิจ ไทไชโย,ระยอง,+66 (0) 858 743 056
CUST01075,บริษัท ห้างหุ้นส่วนจำกัด แหยมศิริ จำกัด,นาย ทรงโกมล,พัทยา,+66 7343 2599
CUST01076,บริษัท บริษัท ตรีครุธพันธุ์อุตสาหกรรม จำกัด จำกัด,ปรมินทร์ นามเสวตร,กรุงเทพมหานคร,062 022 4743
CUST01077,บริษัท บจก.นฤภัย จำกัด,จิราภรณ์ ธีวร,นครศรีธรรมราช,05 282 1651
CUST01078,บริษัท บริษัท แนวพนิช จำกัด จำกัด,สมมล อุลหัสสา,อ้อมน้อย,07 205 3041
CUST01079,บริษัท หจก.นุชแนวนุ่ม จำกัด,ศิรณัฐ ถนิมมาศ,สมุทรสาคร,+66 (0) 7528 7298
CUST01080,บริษัท บจก.นาถะพินธุบรรจุภัณฑ์ จำกัด,ไชยภพ จ้อยนุแสง,กรุงเทพมหานคร,039 279621
CUST01081,บริษัท บริษัท ถนอมพลจิวเวลรี่ จำกัด จำกัด,ธวัศชา ถาวรรัตน,ลำปาง,0-4912-2720
CUST01082,บริษัท บริษัท นามขำเอเยนซี จำกัด จำกัด,ญาณพันธุ์ ดุษฎีวนิช,ระยอง,0 7247 8081
CUST01083,บริษัท บริษัท ดีตพันธุ์การบัญชี จำกัด จำกัด,ศภัคชคง บุญญาภิรมย์,สมุทรสาคร,0-2146-9106
CUST01084,บริษัท ห้างหุ้นส่วนจำกัด แหยมศิริวิศวกรรม จำกัด,ปิยะชาติ ทองเนื้อดี,ตรัง,0 980 534 759
CUST01085,บริษัท บจก.เนตร์มณีและเพื่อน จำกัด,ชลิดา หิรัญสาลี,แหลมฉบัง,05 027 5330
CUST01086,บริษัท บริษัท ขุนดำ จำกัด (มหาชน) จำกัด,กนกเนตร ตัณฑนุช,ยะลา,+66 (0) 859 913 841
CUST01087,บริษัท บมจ.นิลวิมล จำกัด,ศุภาศิล น้ำทิพย์,อ้อมน้อย,+66 (0) 7574 0139
CUST01088,บริษัท ห้างหุ้นส่วนจำกัด ขันธุลา จำกัด,พิพิธธน พีระเพ็ญกุล,สมุทรสาคร,+664 288 6097
CUST01089,บริษัท เนตร์มณีเอนเตอรไพรส์ จำกัด,กรพนธ์ จ้อยนุแสง,สกลนคร,+66 (0) 5420 9102
CUST01090,บริษัท บริษัท สันตะวงศ์ยานยนต์ จำกัด จำกัด,สุภาพร ตวันเยี่ยม,สงขลา,098-264-1162
CUST01091,บริษัท บริษัท ทองแท้คอมพิวเตอร์ จำกัด จำกัด,นราวรรณ บัวเผื่อน,แม่สอด,021-344196
CUST01092,บริษัท ห้างหุ้นส่วนจำกัด ผลบุญการค้า จำกัด,ทินวัฒน์ ทองประดิฐ,ตรัง,0-5028-9030
CUST01093,บริษัท บริษัท แท่นทองแพคกิ้ง จำกัด จำกัด,สมมล นักสำหรวจ,อุบลราชธานี,0 906 705 081
CUST01094,บริษัท บริษัท ถนอมพล จำกัด จำกัด,นิรันดร์ ตันตราจิณ,นครสวรรค์,047-257647
CUST01095,บริษัท บริษัท บุญญาภิรมย์และเพื่อน จำกัด จำกัด,อรุณี ธีวร,สงขลา,022-116451
CUST01096,บริษัท บมจ.ธูปะวิโรจน์คอนสตรัคชั่น จำกัด,นัฐพล คำลือ,แหลมฉบัง,0 865 224 827
CUST01097,บริษัท บริษัท นานายนซัพพลาย จำกัด จำกัด,สุรวัช บุญส่ง,รังสิต,087-241-8892
CUST01098,บริษัท นวลฉวีการช่าง จำกัด,ฟารินี ทองสีไพล,เชียงราย,04 834 0486
CUST01099,บริษัท ทรัพย์ธำรงค์-ซาซุม จำกัด,สุไฮลัน ไสยกิจ,ภูเก็ต,040599846
CUST01100,บริษัท บริษัท ทวีเดช จำกัด จำกัด,สุธาวี ฉายแสง,นครปฐม,051-458541
CUST01101,บริษัท บริษัท นามเสวตรเฟอนิชชิ่ง จำกัด จำกัด,สมใจ ทัศนสุทธิ,อุบลราชธานี,05 166 5088
CUST01102,บริษัท บริษัท ไทยแท้บริการ จำกัด (มหาชน) จำกัด,กระสุน ผลบุญ,รังสิต,+66 3216 4352
CUST01103,บริษัท บริษัท คำลือโอสถ จำกัด จำกัด,พิพิธธน มิ่งขวัญ,ตรัง,+66 2463 3261
CUST01104,บริษัท ดำริห์ชอบและนิลเสนา จำกัด,อดิสรณ์ ตระกูลไม้เรียง,ระยอง,029988239
CUST01105,บริษัท บจก.ทรัพย์สารการค้า จำกัด,คำปลิว ศรีวงค์,ขอนแก่น,+66 824 949 150
CUST01106,บริษัท บริษัท ปรีชากุลเศรษฐ์ จำกัด จำกัด,โรสชา ถนัดภาษา,พิษณุโลก,+66 (0) 7072 4267
CUST01107,บริษัท บริษัท จันทาก่อสร้าง จำกัด จำกัด,จด นพคเชนทร์,นครสวรรค์,079 316517
CUST01108,บริษัท บริษัท ไตรบรรพพืชผล จำกัด จำกัด,มนัส ดาบเพ็ชร์,สุราษฎร์ธานี,0 4523 1572
CUST01109,บริษัท บุณยะภาชน์การบัญชี จำกัด,เฉลิมรัฐ พานเกล้า,พระนครศรีอยุธยา,069 985 0293
CUST01110,บริษัท ห้างหุ้นส่วนจำกัด นิระหานี จำกัด,พรเบญญา ถนัดพิมพการ,รังสิต,055 226171
CUST01111,บริษัท บริษัท ดาตู จำกัด จำกัด,สุพัตร พงศ์ฉบับนภา,นครสวรรค์,+66 3949 1193
CUST01112,บริษัท ศรีวงค์บรรจุภัณฑ์ จำกัด,สิราพร ซาซุม,นครราชสีมา,0 644 771 888
CUST01113,บริษัท สมาคมศรีตะวัน จำกัด,ณิชเชฏฐ์ นรวิทย์โชติกุล,แม่สอด,+66 (0) 3342 0934
CUST01114,บริษัท บริษัท ตั้งเผ่า จำกัด จำกัด,ชัฎชา ตัณฑนุช,ภูเก็ต,072198116
CUST01115,บริษัท บริษัท ถนัดกลึง จำกัด (มหาชน) จำกัด,นุจรี แน่นดุจป้อม,สุราษฎร์ธานี,056-456994
CUST01116,บริษัท แต้กุลอินเตอร์เนชั่นแนล จำกัด,เอกวิทย์ ประจันตะเสน,นครศรีธรรมราช,0 5884 3343
CUST01117,บริษัท หจก.บุญญาไลย์ จำกัด,อชิตะวีร์ นิละทัต,นครราชสีมา,+662 238 9130
CUST01118,บริษัท ห้างหุ้นส่วนจำกัด พงศ์ฉบับนภาเคมิคอล จำกัด,สีหราช ร่มธิติรัตน์,สกลนคร,031 005922
CUST01119,บริษัท บริษัท บุณยะภาชน์การบัญชี จำกัด (มหาชน) จำกัด,พุทธิพงษ์ ไม้แดง,สมุทรสาคร,026-754904
CUST01120,บริษัท บริษัท เนื่องนนท์ จำกัด จำกัด,นิภา ถนัดกลึง,สุราษฎร์ธานี,05 165 9900
CUST01121,บริษัท หจก.ถนัดอักษรวิศวการ จำกัด,นราวรรณ บินดี,กรุงเทพมหานคร,0 5011 8401
CUST01122,บริษัท ห้างหุ้นส่วนสามัญ นับเนื่องนอ จำกัด,โกวิทย์ ถนัดเดินข่าว,นครราชสีมา,0830851137
CUST01123,บริษัท ถนัดการเขียนบรรจุภัณฑ์ จำกัด,น้ำเพชร วิลาสินี,เกาะสมุย,083 175 8957
CUST01124,บริษัท บริษัท ศรีสัตย์ จำกัด จำกัด,พาดีล๊ะ เณรานุสนธิ์,เชียงราย,+66 (0) 916 175 388
CUST01125,บริษัท บัวเผื่อนการบัญชี จำกัด,นภนต์ ไชยภา,สุราษฎร์ธานี,0-3916-4108
CUST01126,บริษัท บริษัท พรสีมาวิศวการ จำกัด จำกัด,สิริ เมืองสุข,เจ้าพระยาสุรศักดิ์,+66 832 617 432
CUST01127,บริษัท บริษัท ถนัดอาวุธ จำกัด (มหาชน) จำกัด,ไมล์ บัวเผื่อน,ปากเกร็ด,+66 (0) 977 800 579
CUST01128,บริษัท บจก.นักสำหรวจ จำกัด,เยาวรัตน์ ดัตพันธุ์,ระยอง,0 3476 6915
CUST01129,บริษัท บริษัท ถมังรักษสัตว์ จำกัด (มหาชน) จำกัด,ธัชญา พานเกล้า,อ้อมน้อย,+66 (0) 5918 3700
CUST01130,บริษัท ทวนทองคอมมิวนิเคชั่น จำกัด,พัชรพร ถนอมกุลบุตร,เจ้าพระยาสุรศักดิ์,0-7395-5847
CUST01131,บริษัท ถนัดหัตถกรรมและฉิมพาลี จำกัด,ทินวัฒน์ เธียรายัน,ตรัง,+66 (0) 5663 8265
CUST01132,บริษัท หจก.นิติสาขาสโตร์ จำกัด,คำ ศรีอุ่น,อุบลราชธานี,050559093
CUST01133,บริษัท สมาคมถนิมมาศ จำกัด,ชัญญานุนาย นิละทัต,หาดใหญ่,+66 899 787 064
CUST01134,บริษัท บริษัท ถนิมมาศ จำกัด จำกัด,รอกีเย๊าะ บินดี,ภูเก็ต,02 060 7718
CUST01135,บริษัท มูลนิธิธนรักษ์ จำกัด,กุลปรียา ถนัดกลึง,เจ้าพระยาสุรศักดิ์,055-703670
CUST01136,บริษัท หจก.อัตตนาถสโตร์ จำกัด,ทิพย์วารี ภูภักดี,อุบลราชธานี,+66 654 605 171
CUST01137,บริษัท ห้างหุ้นส่วนสามัญ ชำนาญวาด จำกัด,ณปภัช บุนยะศัพท์,นครศรีธรรมราช,+66 7084 1570
CUST01138,บริษัท ห้างหุ้นส่วนจำกัด เดชวาการช่าง จำกัด,เกษมชัย ถมปัด,พระนครศรีอยุธยา,+662 243 5772
CUST01139,บริษัท มูลนิธินวลเพ็ง จำกัด,วีร์สุดา ถนัดรักษา,ระยอง,+66 (0) 852 875 165
CUST01140,บริษัท ฉิมพาลีแอนด์ซันส์ จำกัด,ใจกลาง สันตะวงศ์,สมุทรปราการ,+66 (0) 2676 7092
CUST01141,บริษัท บริษัท นิยมเซียมอะไหล่ยนต์ จำกัด จำกัด,วรนาฎ เช้าวันดี,แม่สอด,0 4856 3828
CUST01142,บริษัท บริษัท เช้าวันดี จำกัด จำกัด,วุฒิ นฤภัย,กรุงเทพมหานคร,025 884654
CUST01143,บริษัท หจก.ธาราธร จำกัด,เอนกพงศ์ ถนอมพล,ลำปาง,+663 023 4406
CUST01144,บริษัท บจก.ผลบุญอินเตอร์เนชั่นแนล จำกัด,ฉัตรปรียา นิติสาขา,หาดใหญ่,+662 445 5826
CUST01145,บริษัท บมจ.คำลือเอนเตอรไพรส์ จำกัด,ทิมาภรณ์ ถนัดอาวุธ,อ้อมน้อย,+66 (0) 912 597 111
CUST01146,บริษัท บจก.เลิศกิ่ง จำกัด,ณิชเชฏฐ์ ธนประทีป,สมุทรปราการ,+662 096 1648
CUST01147,บริษัท บจก.ไทนิยมเฟอร์นิเจอร์ จำกัด,เนติลักษณ์ นกทอง,เจ้าพระยาสุรศักดิ์,0-4529-7711
CUST01148,บริษัท จ้อยนุแสงเอ็นจิเนียริ่ง จำกัด,ปิยนุช แน่นดุจป้อม,ตรัง,044 784970
CUST01149,บริษัท บริษัท คณานุรักษ์ จำกัด จำกัด,เขมจิรา ซูสารอ,นนทบุรี,+66 (0) 815 601 143
CUST01150,บริษัท ห้างหุ้นส่วนสามัญ ธรรมสถิตไพศาลโอสถ จำกัด,ปัญญาพร ไทยแท้,กรุงเทพมหานคร,+66 917 573 651
CUST01151,บริษัท หจก.นิลวรรณการช่าง จำกัด,วิทูลย์ เลขะพันธุ์,หาดใหญ่,0896782722
CUST01152,บริษัท บริษัท จันอ้นยานยนต์ จำกัด จำกัด,สุปรานี พรมอ่อน,แม่สอด,+66 3748 4426
CUST01153,บริษัท ห้างหุ้นส่วนจำกัด ทองแท้ จำกัด,โกมล จันทา,อุบลราชธานี,095 793 2916
CUST01154,บริษัท บริษัท นักรบคอมมิวนิเคชั่น จำกัด จำกัด,เกียรติก้อง นำธวัช,ยะลา,0 5083 3090
CUST01155,บริษัท ดาบเพ็ชร์บริการ จำกัด,ยูซุฟ ธีวร,เจ้าพระยาสุรศักดิ์,0-3567-0899
CUST01156,บริษัท บริษัท ไชยภา จำกัด จำกัด,ปัณณวัชร ทองสินธุ์,เจ้าพระยาสุรศักดิ์,038 292223
CUST01157,บริษัท ห้างหุ้นส่วนจำกัด ทองประดิฐก่อสร้าง จำกัด,พิชญ์สินี เนตร์มณี,นครปฐม,050 313429
CUST01158,บริษัท หจก.แถมธนโอสถ จำกัด,มะลีวัลย์ ธนรักษ์,สงขลา,03 427 1086
CUST01159,บริษัท ถะเกิงชศเฟอนิชชิ่ง จำกัด,ประไพพักตร์ ดัตพันธุ์,สมุทรสาคร,0 921 855 262
CUST01160,บริษัท บริษัท คำลือ จำกัด จำกัด,ธราวิทญ์ ดุริยพันธุ์,สุราษฎร์ธานี,+66 843 882 527
CUST01161,บริษัท ชมรมแก้วชลคราม จำกัด,สิริลัดดา นานายน,เกาะสมุย,0 932 314 179
CUST01162,บริษัท บจก.ทวนทองการบัญชี จำกัด,ปัญญาพร ธรรมเมธา,พิษณุโลก,+664 698 3119
CUST01163,บริษัท บริษัท เลิศกิ่งมอเตอร์ จำกัด (มหาชน) จำกัด,อนุบาล ถาวระวรณ์,นครราชสีมา,+66 891 111 566
CUST01164,บริษัท บมจ.ธนรักษ์ จำกัด,วรรณนิสา ทรัพย์ธำรงค์,นครศรีธรรมราช,059-223290
CUST01165,บริษัท บริษัท ทศโยธินก่อสร้าง จำกัด (มหาชน) จำกัด,มูฮัมหมัดอิมรอน ทองประดิฐ,พัทยา,+66 2001 3915
CUST01166,บริษัท ห้างหุ้นส่วนจำกัด จันอ้น จำกัด,ศศิรินทร์ ถนอมมนุษย์,อุบลราชธานี,+66 2659 0609
CUST01167,บริษัท บริษัท ตัณฑนุชจิวเวลรี่ จำกัด จำกัด,ศิริญา นาคสุทิน,นครราชสีมา,029274441
CUST01168,บริษัท ถิรสวัสดิ์-ถาวรรัตน จำกัด,พรรณปพร ชำนาญวาด,อุบลราชธานี,053 604522
CUST01169,บริษัท บริษัท ทรัพย์สาร จำกัด จำกัด,ดารุนี ปรีชากุลเศรษฐ์,เชียงใหม่,064 591 8877
CUST01170,บริษัท บริษัท นฤภัยอินเตอร์เนชั่นแนล จำกัด จำกัด,ถนอมชัย ธัญาโภชน์,สุราษฎร์ธานี,04 733 1984
CUST01171,บริษัท บริษัท นิลเสนา จำกัด จำกัด,กันตวรรณ ตันเผ่า,สมุทรปราการ,0 2813 0371
CUST01172,บริษัท บริษัท ไทไชโยเซอร์วิส จำกัด จำกัด,สุรการณ์ ศรีวงค์,เกาะสมุย,02 522 7543
CUST01173,บริษัท สมาคมชุมวระ จำกัด,อลิษา ดาวอร่าม,สมุทรปราการ,07 569 1404
CUST01174,บริษัท ห้างหุ้นส่วนจำกัด ตวันเยี่ยม จำกัด,วีร์สุดา ยางสวย,ยะลา,+66 4418 8524
CUST01175,บริษัท เช้าวันดีและเพื่อน จำกัด,กรพนธ์ ดำริห์ชอบ,ระยอง,07 070 5144
CUST01176,บริษัท หจก.สาระพันธ์การช่าง จำกัด,ประสิทธิ์ ปรีชากุลเศรษฐ์,นครศรีธรรมราช,+66 (0) 2387 7099
CUST01177,บริษัท ตั้งรบเคมิคอล จำกัด,พิไลพร นับเนื่องนอ,ภูเก็ต,022-243029
CUST01178,บริษัท บริษัท ตะละภัฏเอนเตอรไพรส์ จำกัด จำกัด,ศิรินันท์ ธาราธร,นครปฐม,056738666
CUST01179,บริษัท บริษัท นครเทพการบัญชี จำกัด จำกัด,ศิรณัฐ นุ่มกัน,สกลนคร,063-648-2146
CUST01180,บริษัท หจก.ถนัดการเขียน จำกัด,พิศพรรณ ขุนดำ,ตรัง,032592659
CUST01181,บริษัท ธีวรโอสถ จำกัด,ธนภณ แถมธน,แหลมฉบัง,092-737-0726
CUST01182,บริษัท ห้างหุ้นส่วนสามัญ พรสีมา จำกัด,หรรษธร ถนัดการยนต์,สมุทรปราการ,0-3835-1694
CUST01183,บริษัท กองทุนรวมธนูปกรณ์บรรจุภัณฑ์ จำกัด จำกัด,ภควัฒน์ พรรษาสกุล,สมุทรสาคร,+66 5777 6134
CUST01184,บริษัท บริษัท ธนูปกรณ์ จำกัด (มหาชน) จำกัด,นาวีตา พงศ์ฉบับนภา,ลำปาง,085 611 7206
CUST01185,บริษัท นาควงษ์และคณานุรักษ์ จำกัด,นิติ ถุงเงิน,รังสิต,027093144
CUST01186,บริษัท บริษัท ถ้วนศรี จำกัด จำกัด,เพทาย เนตร์มณี,นนทบุรี,026826989
CUST01187,บริษัท บริษัท เยาวธนโชคอุตสาหกรรม จำกัด (มหาชน) จำกัด,กรพนธ์ นิษประปัญจ์,สมุทรสาคร,081 124 6914
CUST01188,บริษัท มูลนิธิดัตพันธุ์ จำกัด,พันเกล้า ธรรมสถิตไพศาล,กรุงเทพมหานคร,05 792 5866
CUST01189,บริษัท สมาคมดุษฎีวนิช จำกัด,คมสัน แจ้งสว่าง,พัทยา,+66 (0) 623 081 571
CUST01190,บริษัท บจก.บุนยะตีรณะการค้า จำกัด,นาย แนวพญา,นครปฐม,032606330
CUST01191,บริษัท พีระเพ็ญกุลกลการ จำกัด,เอกอธิพงษ์ ศรีวงค์,นครปฐม,+667 889 0788
CUST01192,บริษัท บริษัท ฉัพพรรณธนกูร จำกัด จำกัด,บุญญกัลป์ แนวพนิช,ลำปาง,+66 4631 2605
CUST01193,บริษัท หจก.ถนัดเดินข่าว จำกัด,ธมลพรรณ นิติสาขา,นครปฐม,0-7389-2742
CUST01194,บริษัท ห้างหุ้นส่วนจำกัด ทวีเดชอะไหล่ยนต์ จำกัด,พาสุข เนตร์มณี,ระยอง,+66 4574 2715
CUST01195,บริษัท บริษัท ทวีเดช จำกัด จำกัด,สิริรัตน์ พรรษาสกุล,ตรัง,041 722826
CUST01196,บริษัท หจก.ตรีครุธพันธุ์ จำกัด,ปิยวัจน์ ธุวะนุติ์,สมุทรปราการ,0-3833-2336
CUST01197,บริษัท ชมรมซาซุม จำกัด,สุธาวี ธนูปกรณ์,นครปฐม,+66 3722 6516
CUST01198,บริษัท หจก.ฉายแสงพานิช จำกัด,ดวงพร สันตะวงศ์,อ้อมน้อย,0 4579 0303
CUST01199,บริษัท ห้างหุ้นส่วนสามัญ ถนัดการยนต์เอ็นจิเนียริ่ง จำกัด,เอกชัย ทองสุกเลิศ,กรุงเทพมหานคร,+667 287 9116
CUST01200,บริษัท บริษัท ทวีเดช จำกัด จำกัด,นิชนันท์ ศาสตร์ศิลป์,ตรัง,02 110 4339
CUST01201,บริษัท บริษัท เตมิยะเดช จำกัด จำกัด,นวรรษนันท์ ผลบุญ,ระยอง,033614040
CUST01202,บริษัท ห้างหุ้นส่วนจำกัด ไชยภา จำกัด,เขียว ไสยกิจ,นนทบุรี,0 5589 1855
CUST01203,บริษัท หจก.ตรีครุธพันธุ์บริการ จำกัด,รูไกยะฮ์ ทรัพย์ธำรงค์,กรุงเทพมหานคร,0 810 955 983
CUST01204,บริษัท ห้างหุ้นส่วนจำกัด แท่นทองเอ็นจิเนียริ่ง จำกัด,สุชิน พรรษาสกุล,สุราษฎร์ธานี,084 967 8715
CUST01205,บริษัท บริษัท ธาราธร จำกัด จำกัด,สมมล ทองสุกเลิศ,พิษณุโลก,022 817948
CUST01206,บริษัท หอมพิกุล-บุตราช จำกัด,นราวรรณ ธรรมฤดี,สมุทรปราการ,091-951-9110
CUST01207,บริษัท บริษัท ชำนาญวาด จำกัด จำกัด,อาภัศรา ธรรมเมธา,ภูเก็ต,0-7170-2797
CUST01208,บริษัท ห้างหุ้นส่วนจำกัด ถนัดอาวุธ จำกัด,ปวีณ ศรีสัตย์,นนทบุรี,055-700472
CUST01209,บริษัท ธนาคารศรทองกลการ จำกัด จำกัด,นภนต์ ศรีอุ่น,สงขลา,057 618344
CUST01210,บริษัท ห้างหุ้นส่วนสามัญ หอมสินแพคกิ้ง จำกัด,นภัสรินทร์ ดวงทับทิม,พิษณุโลก,03 751 6567
CUST01211,บริษัท ห้างหุ้นส่วนจำกัด ทองอยู่ จำกัด,ฐิติวุฒิ ทันยุค,นนทบุรี,0996588385
CUST01212,บริษัท ห้างหุ้นส่วนจำกัด ธูปหอม จำกัด,สีหราช พรสีมา,ตรัง,+66 2929 6930
CUST01213,บริษัท ห้างหุ้นส่วนจำกัด นำธวัชอิมปอร์ตเอ็กซปอร์ต จำกัด,ธาเอก เนื่องนนท์,ระยอง,056-962354
CUST01214,บริษัท ห้างหุ้นส่วนสามัญ นิลเสนาพืชผล จำกัด,ณัฐวรินทร งามพิเชษฐ์,นนทบุรี,03 234 4460
CUST01215,บริษัท บจก.หอมพิกุลการบัญชี จำกัด,สรายุทธ หนุนสุข,ลำปาง,+66 (0) 3434 6665
CUST01216,บริษัท ห้างหุ้นส่วนสามัญ ธัญเสถียรพืชผล จำกัด,ศิริญา ศรีธนะเวทย์,เจ้าพระยาสุรศักดิ์,+66 (0) 2504 9429
CUST01217,บริษัท บริษัท นานายนวิศวกรรม จำกัด (มหาชน) จำกัด,ยนงคราญ แถมธน,นครศรีธรรมราช,032421686
CUST01218,บริษัท ห้างหุ้นส่วนจำกัด สังข์กรดขนส่ง จำกัด,ชลิดา โพธิสัตย์,ปากเกร็ด,056221122
CUST01219,บริษัท ทศโยธินก่อสร้าง จำกัด,ดวงสมร ดาตู,เจ้าพระยาสุรศักดิ์,0-5580-7406
CUST01220,บริษัท สหภาพแรงงานถนอมพลกรัง จำกัด,สุภัทริดา ถาวระวรณ์,เกาะสมุย,+66 (0) 2314 2191
CUST01221,บริษัท หจก.ไชยภาคอมมิวนิเคชั่น จำกัด,อนิวัฒน์ หอมสิน,ขอนแก่น,+665 526 8577
CUST01222,บริษัท บริษัท ทองอยู่เอ็นจิเนียริ่ง จำกัด (มหาชน) จำกัด,มนรัตน์ ดำริห์ชอบ,ภูเก็ต,0-5767-2824
CUST01223,บริษัท ห้างหุ้นส่วนจำกัด นะวะมันดร จำกัด,จุฑารัตน์ ศรีเผด็จ,อ้อมน้อย,084 182 5553
CUST01224,บริษัท หจก.ชำนาญวาดเอนเตอรไพรส์ จำกัด,ธัญญกัญญา ทุมะบุตร์,สมุทรปราการ,037331257
CUST01225,บริษัท บจก.บุนยะศัพท์ จำกัด,ราชพฤกษ์ ไทยแท้,นครปฐม,075696406
CUST01226,บริษัท ทองปากน้ำเซอร์วิส จำกัด,มะลีวัลย์ หนุนสุข,ระยอง,062-101-2765
CUST01227,บริษัท หจก.ทุมะบุตร์คอมพิวเตอร์ จำกัด,ขอดิเยาะ นาฏคายี,หาดใหญ่,+66 (0) 4561 4663
CUST01228,บริษัท บมจ.สงประเสริฐ จำกัด,ณัฐธภรณ์ นิลวิมล,เจ้าพระยาสุรศักดิ์,+66 (0) 937 284 865
CUST01229,บริษัท บริษัท ไชยภาการบัญชี จำกัด (มหาชน) จำกัด,คมสัน ธูปะวิโรจน์,นนทบุรี,03 325 6652
CUST01230,บริษัท บริษัท ไสยกิจเฟอนิชชิ่ง จำกัด จำกัด,พรสวรรค์ ไทยสุชาต,พิษณุโลก,+663 413 2115
CUST01231,บริษัท บริษัท ทีฆะ จำกัด จำกัด,นาตยา ดาวอร่าม,สมุทรสาคร,+667 633 7077
CUST01232,บริษัท ห้างหุ้นส่วนจำกัด ทันยุคเซอร์วิส จำกัด,ภูมิปัญญา พรรษาสกุล,สงขลา,0-2430-7969
CUST01233,บริษัท ด้วงโสน-ตวงทอง จำกัด,อำพร อัตตนาถ,เจ้าพระยาสุรศักดิ์,+66 4819 6572
CUST01234,บริษัท บริษัท บุญญาไลย์ จำกัด จำกัด,ศรายุธ ถุงเงิน,ภูเก็ต,+663 263 9428
CUST01235,บริษัท มูลนิธินิติสาขา จำกัด,ยุภา นิยมเซียม,นครศรีธรรมราช,046298994
CUST01236,บริษัท บริษัท ถะเกิงชศ จำกัด จำกัด,กนกเนตร ทำประดู่,ปากเกร็ด,055941681
CUST01237,บริษัท หจก.นิติสาขา จำกัด,ภัคชนน ไทยสุชาต,เจ้าพระยาสุรศักดิ์,080 014 6838
CUST01238,บริษัท ห้างหุ้นส่วนจำกัด ตระกูลบุญ จำกัด,แกมแพร ฉัตรอภิเที่ยงค่ำ,เจ้าพระยาสุรศักดิ์,+66 (0) 3488 3885
CUST01239,บริษัท บริษัท ถนัดหัตถกรรม จำกัด จำกัด,สิริลัดดา นรวิทย์โชติกุล,สุราษฎร์ธานี,034878632
CUST01240,บริษัท ขันธุลา-นิละทัต จำกัด,อริสรา เดชคุ้ม,สมุทรสาคร,+66 (0) 952 741 551
CUST01241,บริษัท แก้วชลครามกลการ จำกัด,อนิวัฒน์ เยาวธนโชค,รังสิต,0-2972-6746
CUST01242,บริษัท ห้างหุ้นส่วนจำกัด นิลสุวรรณ์ก่อสร้าง จำกัด,สุปรานี เณรานุสนธิ์,อุบลราชธานี,02 694 1974
CUST01243,บริษัท บริษัท ตราชูโอสถ จำกัด จำกัด,ประเดิม ธรรมทินนา,ภูเก็ต,07 004 6498
CUST01244,บริษัท ยางสวยและไสยกิจ จำกัด,ปฐม ถาวรรัตน,ยะลา,058-084350
CUST01245,บริษัท หจก.นฤภัยเทรดดิ้ง จำกัด,ศิรณัฐ ถนิมมาศ,แหลมฉบัง,0 4758 4861
CUST01246,บริษัท บริษัท ดัตพันธุ์ จำกัด จำกัด,กฤตเมธ ดาวอร่าม,นครสวรรค์,+663 894 1046
CUST01247,บริษัท ห้างหุ้นส่วนจำกัด ร่มธิติรัตน์อะไหล่ยนต์ จำกัด,ภูวรา นกทอง,เจ้าพระยาสุรศักดิ์,+66 2735 8420
CUST01248,บริษัท ธนาคารศิวะวรเวท จำกัด จำกัด,สุภาลินี เพียยา,สุราษฎร์ธานี,+66 (0) 3605 1375
CUST01249,บริษัท ห้างหุ้นส่วนจำกัด ธนรักษ์ จำกัด,เฉลิมรัตน์ แก้วอยู่,เชียงราย,027-580724
CUST01250,บริษัท บมจ.เพียยา จำกัด,สหัสมณี ถาวรรัตน,แม่สอด,076277372
CUST01251,บริษัท หจก.บุญบำรุง จำกัด,พิมพ์ประภา ทองลาภ,ตรัง,040-813874
CUST01252,บริษัท ห้างหุ้นส่วนจำกัด นวลฉวียานยนต์ จำกัด,โชคภาดล จ้อยนุแสง,แหลมฉบัง,073 238774
CUST01253,บริษัท ถนัดหัตถกรรมอะไหล่ยนต์ จำกัด,กุลดิลก ตั้งรบ,สงขลา,0 2675 8206
CUST01254,บริษัท ชมรมมิ่งขวัญ จำกัด,กิ่งแก้ว นุชแนวนุ่ม,พัทยา,+663 768 7808
CUST01255,บริษัท ห้างหุ้นส่วนสามัญ ถนัดอักษรบริการ จำกัด,พาสุข นกทอง,นครปฐม,056698485
CUST01256,บริษัท บริษัท นกทอง จำกัด จำกัด,กฤตเมธ ศรีวงค์,เชียงราย,+66 673 324 063
CUST01257,บริษัท นิลวรรณและโพธิสัตย์ จำกัด,ธมลพรรณ วาทา,ปากเกร็ด,+66 (0) 3681 0564
CUST01258,บริษัท ห้างหุ้นส่วนจำกัด ทองประดิฐ จำกัด,อดิสรณ์ ทองสินธุ์,อ้อมน้อย,0 5583 3822
CUST01259,บริษัท บริษัท จันอ้นกลการ จำกัด จำกัด,สโรชา นิยมเซียม,อุบลราชธานี,073 838130
CUST01260,บริษัท บมจ.ถาวรายุศม์ จำกัด,อเนชา ตวันเยี่ยม,พิษณุโลก,+66 5380 7904
CUST01261,บริษัท บริษัท ดาบเพ็ชร์ จำกัด จำกัด,วิพุธ ตัณสถิตย์,ตรัง,+66 2434 3655
CUST01262,บริษัท ศรีธนะเวทย์คอนสตรัคชั่น จำกัด,เลิศเดช ตันยา,นครศรีธรรมราช,0888050916
CUST01263,บริษัท หจก.ธนูปกรณ์ จำกัด,ธนกิตต์ ดาบเพ็ชร์,เชียงราย,03 328 9106
CUST01264,บริษัท ห้างหุ้นส่วนจำกัด นิติสาขา จำกัด,วรรณรัตน์ แก้วอยู่,สุราษฎร์ธานี,+66 (0) 865 439 187
CUST01265,บริษัท บริษัท ตันตราจิณ จำกัด จำกัด,บุญนพ ตระกูลบุญ,เชียงใหม่,026 856897
CUST01266,บริษัท ห้างหุ้นส่วนสามัญ ดาวอร่ามการค้า จำกัด,สุพัตร สันตะวงศ์,นครราชสีมา,035459308
CUST01267,บริษัท บมจ.บุนยะตีรณะการช่าง จำกัด,จรรยพร ทองสินธุ์,เชียงใหม่,042-007570
CUST01268,บริษัท มูลนิธิสุวรรณหงษ์ จำกัด,เมษา ตันยา,กรุงเทพมหานคร,+66 (0) 3450 7635
CUST01269,บริษัท บริษัท ธูปะวิโรจน์แลบ จำกัด จำกัด,กิติยาธรณ์ ธนประทีป,หาดใหญ่,0-3672-2740
CUST01270,บริษัท มูลนิธินาฏคายี จำกัด,อัญชิษฐา โพธิสัตย์,แม่สอด,+66 (0) 3131 4287
CUST01271,บริษัท ธนาคารบินดี จำกัด จำกัด,วณัฐดา นิละทัต,สงขลา,+664 190 0553
CUST01272,บริษัท บริษัท ทับทิมไทย จำกัด จำกัด,ประยุทธ์ นิละทัต,ปากเกร็ด,0-2461-8526
CUST01273,บริษัท หจก.ตราชู จำกัด,ชิดชนก นิละทัต,ลำปาง,0-2036-5384
CUST01274,บริษัท ห้างหุ้นส่วนจำกัด ยาปะโลหิตสโตร์ จำกัด,พรเบญญา หนักแน่น,เกาะสมุย,063-222-8308
CUST01275,บริษัท บมจ.ดาตูเซอร์วิส จำกัด,อธิตยา ตัณฑนุช,นครศรีธรรมราช,+663 175 1409
CUST01276,บริษัท บริษัท ตระกูลบุญจิวเวลรี่ จำกัด จำกัด,ปุณณรัตน์ สุวรรณหงษ์,พิษณุโลก,093 587 5022
CUST01277,บริษัท เช้าวันดี-เนื้อนุ่ม จำกัด,พิชญ์สินี ศรีเผด็จ,ลำปาง,056-275305
CUST01278,บริษัท ตัณสถิตย์และเลขะพันธุ์ จำกัด,พันเกล้า คำลือ,นครปฐม,035895986
CUST01279,บริษัท ตันยาเคมิคอล จำกัด,พาสุข ดาตู,พระนครศรีอยุธยา,+665 171 0238
CUST01280,บริษัท ตันยาอะไหล่ยนต์ จำกัด,เทพนารี ราชมณี,อุดรธานี,037 273642
CUST01281,บริษัท ทวนทองและนาฏคายี จำกัด,วรปรัชญ์ ทองลาภ,กรุงเทพมหานคร,030 715702
CUST01282,บริษัท หจก.บุญส่งพานิช จำกัด,สุชิน ดัตพันธุ์,สมุทรปราการ,068-038-8527
CUST01283,บริษัท บริษัท ไตรบรรพกรุ๊ป จำกัด (มหาชน) จำกัด,จิณภัทตา ตรีครุธพันธุ์,สมุทรปราการ,+66 (0) 611 662 117
CUST01284,บริษัท บริษัท นฤภัยอะไหล่ยนต์ จำกัด (มหาชน) จำกัด,อำไพ บุตราช,อุบลราชธานี,+662 925 4011
CUST01285,บริษัท ห้างหุ้นส่วนจำกัด น้ำทิพย์คอมมิวนิเคชั่น จำกัด,คำมั่น นิลเสนา,พัทยา,+66 935 165 350
CUST01286,บริษัท สหภาพแรงงานดาบเงิน จำกัด,เจษฏาภรณ์ นามเสวตร,อุบลราชธานี,05 068 8700
CUST01287,บริษัท บริษัท แจ้งสว่าง จำกัด จำกัด,เพ็ญยุภา นิติสาขา,ระยอง,+66 5178 1060
CUST01288,บริษัท เดชวาพืชผล จำกัด,เถลิงยศ ทัศนสุทธิ,รังสิต,+66 (0) 659 495 948
CUST01289,บริษัท บมจ.ถนัดการยนต์ จำกัด,ยุภา กุมารบุญ,พิษณุโลก,+665 362 0698
CUST01290,บริษัท เยาวธนโชควิศวการ จำกัด,คมกฤชญ์ ดีตพันธุ์,ปากเกร็ด,031156676
CUST01291,บริษัท บริษัท บุญญาไลย์ จำกัด จำกัด,ยศพงศ์ ศรีวงค์,นนทบุรี,+667 802 8171
CUST01292,บริษัท บุญศลวิศวกรรม จำกัด,เพ็ญพรรษา ขันธุลา,เกาะสมุย,063 048 3302
CUST01293,บริษัท ห้างหุ้นส่วนจำกัด นิลสุวรรณ์ภาพยนตร์ จำกัด,พรปราณี ตวันเยี่ยม,สงขลา,040 335024
CUST01294,บริษัท สมาคมเตมิยะเดช จำกัด,จำรัส ทรงโกมล,สุราษฎร์ธานี,0 800 107 238
CUST01295,บริษัท นิยมธรรม-ถนัดภาษา จำกัด,จณิสตา ดุริยพันธุ์,ระยอง,+66 7154 2179
CUST01296,บริษัท หจก.คำลืออะไหล่ยนต์ จำกัด,สิรวัฒน์ บุตราช,เจ้าพระยาสุรศักดิ์,0 981 116 861
CUST01297,บริษัท บริษัท ชุมวระ จำกัด จำกัด,อัญชิษฐา นาควงษ์,แหลมฉบัง,050 552838
CUST01298,บริษัท ห้างหุ้นส่วนจำกัด นาถะเดชะ จำกัด,เถลิงยศ ซาซุม,สงขลา,0900607049
CUST01299,บริษัท หจก.นวลเพ็ง จำกัด,รมิตา บุญญาไลย์,นครปฐม,+66 (0) 3925 7578
CUST01300,บริษัท สมาคมนิยมธรรม จำกัด,อชิตะวีร์ บุญศล,เชียงใหม่,0-2116-3989
CUST01301,บริษัท ถนัดภาษาบริการ จำกัด,นิภา ธรรมทินนา,เจ้าพระยาสุรศักดิ์,0 3268 3522
CUST01302,บริษัท มูลนิธิชำนาญวาด จำกัด,ภัทรนาฎ นามเสวตร,ยะลา,045984839
CUST01303,บริษัท ติระคมน์แอนด์ซันส์ จำกัด,สุรวัช พรรษาสกุล,อุดรธานี,050 221385
CUST01304,บริษัท บริษัท ไทยแท้ จำกัด (มหาชน) จำกัด,ปิยวัจน์ วิลาสินี,พิษณุโลก,093 948 0853
CUST01305,บริษัท มูลนิธิบุตราช จำกัด,พิไลพร สาระพันธ์,นครศรีธรรมราช,0-2058-2754
CUST01306,บริษัท บริษัท นักรบ จำกัด จำกัด,นิรุตต์ นุ่มกัน,นครศรีธรรมราช,0 3390 5673
CUST01307,บริษัท ฉายแสงการบัญชี จำกัด,สุรนีย์ ทรัพย์สาร,สมุทรสาคร,096 107 9513
CUST01308,บริษัท บริษัท เมืองสุข จำกัด จำกัด,พศร ธาราธร,ลำปาง,0847356076
CUST01309,บริษัท ห้างหุ้นส่วนจำกัด ถนอมพลกรัง จำกัด,โชติวุฒิ นับเนื่องนอ,ลำปาง,0 7390 8105
CUST01310,บริษัท บริษัท บุญญาภิรมย์ จำกัด จำกัด,ศิรณัฐ นิระหานี,นครศรีธรรมราช,03 082 6205
CUST01311,บริษัท แถมธน-กุมารบุญ จำกัด,ไชยภพ ขุนดำ,อุบลราชธานี,+66 (0) 4849 3814
CUST01312,บริษัท ห้างหุ้นส่วนจำกัด ยาปะโลหิต จำกัด,ใกล้รุ่ง ถิรสวัสดิ์,เกาะสมุย,+66 (0) 4772 2216
CUST01313,บริษัท บริษัท ศาสตร์ศิลป์ จำกัด จำกัด,นิติ บุญศล,สมุทรสาคร,030-277105
CUST01314,บริษัท หสน.บุญญาไลย์เฟอร์นิเจอร์ จำกัด,นิติยา สงประเสริฐ,ขอนแก่น,0623733468
CUST01315,บริษัท บจก.นุตตารอิมปอร์ตเอ็กซปอร์ต จำกัด,ณปภัช นุ่มกัน,สุราษฎร์ธานี,049 651183
CUST01316,บริษัท หสน.สุวรรณหงษ์เฟอนิชชิ่ง จำกัด,อาแอเสาะ ตรีเภรินทร์,แหลมฉบัง,0 5893 6000
CUST01317,บริษัท กองทุนรวมวะคีมัน จำกัด จำกัด,อธิตยา ทองสุกเลิศ,นนทบุรี,059321839
CUST01318,บริษัท บมจ.ถาวรรัตนพานิช จำกัด,กษิดิฐ ถนัดเดินข่าว,เชียงราย,023-461296
CUST01319,บริษัท ห้างหุ้นส่วนสามัญ สาระพันธ์ จำกัด,เกษมชัย ตระกูลไม้เรียง,อุบลราชธานี,059 742745
CUST01320,บริษัท บริษัท นิลสลัว จำกัด จำกัด,ภควัฒน์ หิรัญสาลี,นนทบุรี,020 277073
CUST01321,บริษัท บริษัท ตราชู จำกัด จำกัด,อริสรา ถนอมพล,เจ้าพระยาสุรศักดิ์,077994328
CUST01322,บริษัท บมจ.แถมธนเคมิคอล จำกัด,จันทนา เช้าวันดี,แม่สอด,020 309759
CUST01323,บริษัท หจก.แนวพนิช จำกัด,รัฐพงษ์ ซูสารอ,ขอนแก่น,+66 (0) 7648 8667
CUST01324,บริษัท หิรัญสาลีเอ็นจิเนียริ่ง จำกัด,ณัฐธิตา นานายน,หาดใหญ่,0 971 188 529
CUST01325,บริษัท ชมรมทวนไชย์ จำกัด,ศุภาศิล ถนัดการเขียน,ระยอง,0-2347-6673
CUST01326,บริษัท หจก.ตวันเยี่ยมพืชผล จำกัด,หลักทรัพย์ นรวิทย์โชติกุล,สงขลา,+662 355 3056
CUST01327,บริษัท หจก.ฉัตรอภิเที่ยงค่ำเอนเตอรไพรส์ จำกัด,สีหราช ธรรมเมธา,ปากเกร็ด,0 2132 6163
CUST01328,บริษัท มูลนิธิดาวอร่าม จำกัด,อัษฏา ธัญาโภชน์,ยะลา,+665 495 5355
CUST01329,บริษัท บริษัท จันอ้นการค้า จำกัด (มหาชน) จำกัด,ธัญญามาศ ถาวรายุศม์,นครสวรรค์,023 979405
CUST01330,บริษัท เดชคุ้มการค้า จำกัด,จิณภัทตา นากกนก,พัทยา,+66 7938 1498
CUST01331,บริษัท หจก.ขำเอนกสโตร์ จำกัด,สราญจิตต์ เดชวา,แม่สอด,0 7769 3848
CUST01332,บริษัท ห้างหุ้นส่วนจำกัด ตันเผ่าแพคกิ้ง จำกัด,ชรินทร์ทิพย์ อัตตนาถ,พระนครศรีอยุธยา,+66 805 707 076
CUST01333,บริษัท กองทุนรวมเขียวอ่อน จำกัด จำกัด,ชลิดา นิละทัต,เกาะสมุย,0-3649-9132
CUST01334,บริษัท ทองเนื้อดี-ทหารแท้ จำกัด,ภารวี หอมพิกุล,สกลนคร,+66 7691 9505
CUST01335,บริษัท บริษัท ถนัดหัตถกรรม จำกัด จำกัด,ซูไรดา นิลสลัว,ขอนแก่น,025-213111
CUST01336,บริษัท สมาคมนาคะนคร จำกัด,พรชีวิน ถ้วนศรี,รังสิต,085-092-0541
CUST01337,บริษัท บริษัท วะคีมันภาพยนตร์ จำกัด จำกัด,ลัดดา นุตตาร,พิษณุโลก,0 2544 9215
CUST01338,บริษัท พรรษาสกุลอินเตอร์เนชั่นแนล จำกัด,คมสัน อัตตนาถ,สุราษฎร์ธานี,021-755288
CUST01339,บริษัท บริษัท ศรีอุ่นและบุตร จำกัด จำกัด,ประสิทธิ์ ดาวกระจาย,นครศรีธรรมราช,+66 3381 5898
CUST01340,บริษัท บริษัท ถมังรักษสัตว์ซัพพลาย จำกัด จำกัด,รักชนก นกทอง,หาดใหญ่,0-3098-6317
CUST01341,บริษัท บริษัท นานายนเอ็นจิเนียริ่ง จำกัด จำกัด,สุกฤษตา ธัญเสถียร,นครศรีธรรมราช,05 081 9111
CUST01342,บริษัท คำลือและบุตร จำกัด,ปาริตา ธีวร,สกลนคร,041473438
CUST01343,บริษัท มูลนิธิธนรักษ์ จำกัด,นาตยา นาคพันธุ์,อุดรธานี,05 770 3515
CUST01344,บริษัท บริษัท นิษประปัญจ์ จำกัด จำกัด,สุปรานี พงศ์ฉบับนภา,นครศรีธรรมราช,0 845 396 361
CUST01345,บริษัท สมาคมทองสุกเลิศ จำกัด,สุทธิณัฐ ถิรสวัสดิ์,ตรัง,+664 329 8569
CUST01346,บริษัท ห้างหุ้นส่วนสามัญ เดชวาภาพยนตร์ จำกัด,ซูฮัยดา นาถะเดชะ,สมุทรสาคร,0980349360
CUST01347,บริษัท บริษัท ดาตูขนส่ง จำกัด จำกัด,ธีรลักษณ์ ถะเกิงชศ,อุบลราชธานี,067 684 3454
CUST01348,บริษัท ทองลาภและศรีตะวัน จำกัด,วัลยา จันทา,เชียงราย,0-3642-9990
CUST01349,บริษัท บจก.ถุงเงิน จำกัด,อันธิกา ตรีครุธพันธุ์,แม่สอด,+66 (0) 5060 7598
CUST01350,บริษัท ตะละภัฏ-ดัตพันธุ์ จำกัด,อิสรันดร์ ถนัดหัตถกรรม,พระนครศรีอยุธยา,0 4267 4507
CUST01351,บริษัท บริษัท นิลสุวรรณ์ขนส่ง จำกัด จำกัด,อรจิรา หิรัญสาลี,แหลมฉบัง,0 5109 6769
CUST01352,บริษัท บริษัท พานเกล้า จำกัด (มหาชน) จำกัด,อรรจน์ ดาบเพ็ชร์,ระยอง,+66 7776 2377
CUST01353,บริษัท บมจ.ชำนาญวาดแอนด์ซันส์ จำกัด,ปิยะนันท์ ขันธุลา,ตรัง,0866832430
CUST01354,บริษัท หจก.เดชวาอินเตอร์เนชั่นแนล จำกัด,โสภา นาคสุทิน,อ้อมน้อย,071627309
CUST01355,บริษัท ห้างหุ้นส่วนจำกัด แท่นทอง จำกัด,ดวงสมร ปรีชากุลเศรษฐ์,นครราชสีมา,038411816
CUST01356,บริษัท ห้างหุ้นส่วนสามัญ ดุษฎีวนิชการบัญชี จำกัด,สิริ นาฏคายี,สงขลา,052683631
CUST01357,บริษัท มูลนิธิเยาวธนโชค จำกัด,ดวงจันทร์ ถนัดเดินข่าว,ลำปาง,+66 (0) 2593 1195
CUST01358,บริษัท บริษัท สุวรรณหงษ์ขนส่ง จำกัด จำกัด,ยนงคราญ งามพิเชษฐ์,กรุงเทพมหานคร,051-307199
CUST01359,บริษัท หจก.ธรรมสถิตไพศาลการช่าง จำกัด,สัญชาน ขุนดำ,เกาะสมุย,0 3534 3487
CUST01360,บริษัท บจก.ตรีเภรินทร์บริการ จำกัด,ชัชนันท์ นะวะมันดร,อุดรธานี,021063155
CUST01361,บริษัท บริษัท มิ่งขวัญการค้า จำกัด จำกัด,ธมน บัวเผื่อน,นครปฐม,048 883599
CUST01362,บริษัท ห้างหุ้นส่วนจำกัด นิติสาขาคอนสตรัคชั่น จำกัด,สหัสมณี ราชมณี,ภูเก็ต,+66 (0) 890 353 282
CUST01363,บริษัท นาถะเดชะเคมิคอล จำกัด,สิริลัดดา เณรานุสนธิ์,พระนครศรีอยุธยา,0-5628-3268
CUST01364,บริษัท หจก.พรมอ่อน จำกัด,ธัญญามาศ ดาวอร่าม,อุบลราชธานี,023 750790
CUST01365,บริษัท บริษัท ศรีวงค์ จำกัด จำกัด,เกษรา นิลเสนา,ตรัง,0 866 225 791
CUST01366,บริษัท บมจ.แก้วอยู่ จำกัด,ไวพจน์ นากกนก,รังสิต,+66 (0) 857 969 962
CUST01367,บริษัท บริษัท อุลหัสสาวิศวการ จำกัด จำกัด,โยธิการ์ ดาบเงิน,แม่สอด,080-892-9978
CUST01368,บริษัท บริษัท ธรรมสถิตไพศาล จำกัด จำกัด,นวรรษนันท์ ทองลาภ,อุดรธานี,031-194724
CUST01369,บริษัท ทองสีไพลเทรดดิ้ง จำกัด,กองสิน ตัณสถิตย์,ตรัง,078 900714
CUST01370,บริษัท หจก.บุนยาภิสนท์ภาพยนตร์ จำกัด,สรายุทธ ฉัพพรรณธนกูร,พิษณุโลก,0 890 390 530
CUST01371,บริษัท บริษัท ดิสกะประกาย จำกัด,โอภาส ศรีตะวัน,อุบลราชธานี,070122827
CUST01372,บริษัท บริษัท ชุมวระ จำกัด จำกัด,ภัทราวุธ โพธิสัตย์,เจ้าพระยาสุรศักดิ์,074 764084
CUST01373,บริษัท บริษัท ชุมวระเอเยนซี จำกัด จำกัด,มารีนี ธรรมทินนา,นครศรีธรรมราช,+66 3214 7285
CUST01374,บริษัท ห้างหุ้นส่วนจำกัด ทองแท้ จำกัด,นิวิลดาน ไม้แดง,รังสิต,+66 (0) 2268 0381
CUST01375,บริษัท ถุงเงินเซอร์วิส จำกัด,ธมน ฉายแสง,พิษณุโลก,067 233 3674
CUST01376,บริษัท บริษัท ดำริห์ชอบ จำกัด,มูฮัมหมัดอิมรอน ถนัดรักษา,เกาะสมุย,02 519 4190
CUST01377,บริษัท บจก.แก้วอยู่ จำกัด,เกียรติศักดิ์ พานเกล้า,เชียงใหม่,+66 5973 8262
CUST01378,บริษัท บริษัท ศรีเผด็จเอนเตอรไพรส์ จำกัด (มหาชน) จำกัด,ทิพย์วารี ธาราธร,นครปฐม,034558863
CUST01379,บริษัท บริษัท ไตรบรรพ จำกัด จำกัด,นารดา ธาราธร,แหลมฉบัง,039 133119
CUST01380,บริษัท บมจ.ด้วงโสน จำกัด,หลักทรัพย์ เตชะกำพุ,แหลมฉบัง,026 382394
CUST01381,บริษัท บริษัท ฉายแสง จำกัด จำกัด,ภาสินี นพตระกูล,พิษณุโลก,0642684263
CUST01382,บริษัท บริษัท คณานุรักษ์ จำกัด จำกัด,จริยฉัตร ตรีครุธพันธุ์,สกลนคร,028-597826
CUST01383,บริษัท ถนอมพลมอเตอร์ จำกัด,อรจิรา นิละทัต,พระนครศรีอยุธยา,+66 2259 9030
CUST01384,บริษัท บริษัท ซาซุมจิวเวลรี่ จำกัด จำกัด,ธาเอก พรรษาสกุล,แหลมฉบัง,055 225642
CUST01385,บริษัท บริษัท ถนอมพลกรังเอ็นจิเนียริ่ง จำกัด (มหาชน) จำกัด,บุญญกัลป์ พีระเพ็ญกุล,สกลนคร,0841480584
CUST01386,บริษัท บริษัท ทวนทองเฟอนิชชิ่ง จำกัด จำกัด,หล้า ศรีเผด็จ,รังสิต,0 5822 3266
CUST01387,บริษัท ห้างหุ้นส่วนจำกัด บุญศล จำกัด,เกษตร นาคสุทิน,สกลนคร,031863535
CUST01388,บริษัท บริษัท ดิศดในเอนเตอรไพรส์ จำกัด จำกัด,อนิวัฒน์ ดาวกระจาย,ภูเก็ต,080 364 8163
CUST01389,บริษัท บจก.ขอหมั่นกลางเซอร์วิส จำกัด,คณภรณ์ กุมารบุญ,ปากเกร็ด,0-5681-3864
CUST01390,บริษัท บริษัท บุญศลอินเตอร์เนชั่นแนล จำกัด จำกัด,คณภรณ์ ธัญเสถียร,สุราษฎร์ธานี,03 532 9194
CUST01391,บริษัท ห้างหุ้นส่วนจำกัด แนวพนิชก่อสร้าง จำกัด,สัญชาน เลิศกิ่ง,นครปฐม,+66 (0) 993 821 316
CUST01392,บริษัท ห้างหุ้นส่วนจำกัด ถมปัดการช่าง จำกัด,วันชนก นพคเชนทร์,นครสวรรค์,+66 (0) 3823 7431
CUST01393,บริษัท ห้างหุ้นส่วนจำกัด ดีตพันธุ์ จำกัด,สุปรานี พรสีมา,นครสวรรค์,05 148 6567
CUST01394,บริษัท ห้างหุ้นส่วนจำกัด นพคเชนทร์ จำกัด,เกียรติศักดิ์ ด้วงโสน,พัทยา,+66 (0) 4131 4591
CUST01395,บริษัท สมาคมทองแท้ จำกัด,อำไพ อุลหัสสา,เชียงราย,+662 136 9337
CUST01396,บริษัท บริษัท นักสำหรวจเทรดดิ้ง จำกัด จำกัด,ฉลองชัย ศรีธนะเวทย์,เกาะสมุย,+66 7900 2514
CUST01397,บริษัท บริษัท นุ่มกันคอมพิวเตอร์ จำกัด จำกัด,สุพนธ์ ปรีชากุลเศรษฐ์,ภูเก็ต,067 398 7625
CUST01398,บริษัท สมาคมจันทา จำกัด,เทอดศักดิ์ ทวนไชย์,อุดรธานี,056273569
CUST01399,บริษัท บุตราช-สาระพันธ์ จำกัด,เถลิงยศ ธุวะนุติ์,นนทบุรี,+663 600 2346
CUST01400,บริษัท นะวะมันดรและนามขำ จำกัด,จิตตานันท์ เลิศกิ่ง,นครปฐม,+66 7895 3686
CUST01401,บริษัท บมจ.สงประเสริฐ จำกัด,อรุณี ดำริห์ชอบ,นครปฐม,+663 640 5052
CUST01402,บริษัท หจก.อุลหัสสา จำกัด,ภูวิช จ้อยนุแสง,อ้อมน้อย,+66 (0) 2072 6623
CUST01403,บริษัท บริษัท ตั้งเผ่า จำกัด จำกัด,อัครพนธ์ ฉัตรอภิเที่ยงค่ำ,นครศรีธรรมราช,0 7350 4448
CUST01404,บริษัท ห้างหุ้นส่วนสามัญ ไทยสุชาตการบัญชี จำกัด,จิตรลดา นามเสวตร,ลำปาง,+665 441 9969
CUST01405,บริษัท หจก.พีระเพ็ญกุล จำกัด,วิถี ศิวะวรเวท,ระยอง,0861421642
CUST01406,บริษัท บริษัท ทีฆะจิวเวลรี่ จำกัด (มหาชน) จำกัด,ฮาฟิต เช้าวันดี,พัทยา,037 193047
CUST01407,บริษัท บริษัท หิรัญสาลีเอ็นจิเนียริ่ง จำกัด จำกัด,ไชยภพ คำลือ,ขอนแก่น,+66 4994 6178
CUST01408,บริษัท บริษัท นิละทัต จำกัด จำกัด,เพทาย เดชวา,อุดรธานี,+66 2501 0711
CUST01409,บริษัท ดาตูพืชผล จำกัด,สหัสมณี ถุงเงิน,พิษณุโลก,+66 (0) 678 271 693
CUST01410,บริษัท บริษัท นิลวรรณ จำกัด จำกัด,ทิพรดา ถนัดพิมพการ,เกาะสมุย,042-082145
CUST01411,บริษัท บริษัท วุฑฒยากรวิศวกรรม จำกัด จำกัด,อัญพัชร์ นุตตาร,นครศรีธรรมราช,04 064 5235
CUST01412,บริษัท บมจ.นาคะนครและบุตร จำกัด,ตอฮา ดุษฎีวนิช,ระยอง,+66 5454 8918
CUST01413,บริษัท ห้างหุ้นส่วนจำกัด ทองประดิฐ จำกัด,บุญนพ นรวิทย์โชติกุล,นครราชสีมา,045628170
CUST01414,บริษัท ไทยแท้คอมมิวนิเคชั่น จำกัด,พิไลพร มิ่งขวัญ,นครศรีธรรมราช,059 732877
CUST01415,บริษัท หจก.เดชวาแลบ จำกัด,กฤตเมธ ดาวอร่าม,ยะลา,07 522 8329
CUST01416,บริษัท ห้างหุ้นส่วนจำกัด ศรีธนะเวทย์ จำกัด,พิพิธธน ศรทอง,ตรัง,+66 7231 2066
CUST01417,บริษัท ห้างหุ้นส่วนจำกัด นุตตาร จำกัด,อาแอเสาะ มิ่งขวัญ,สมุทรสาคร,023 172091
CUST01418,บริษัท สมาคมนุ่มกัน จำกัด,กิ่งแก้ว เขียวอ่อน,เจ้าพระยาสุรศักดิ์,075030393
CUST01419,บริษัท ดำริห์ชอบเอเยนซี จำกัด,ฌาฆีภัตฐ์ ปานสุวรรณ,อุบลราชธานี,030453851
CUST01420,บริษัท ห้างหุ้นส่วนสามัญ นิยมสำหรวจ จำกัด,วาร์มูฮำหมัด บินดี,สุราษฎร์ธานี,024 243343
CUST01421,บริษัท ห้างหุ้นส่วนจำกัด ไสยกิจ จำกัด,พิมพ์สุตา สาระพันธ์,ขอนแก่น,+66 3432 7547
CUST01422,บริษัท บมจ.นักสำหรวจ จำกัด,ศรลักษณ์ ถนัดกลึง,เกาะสมุย,+665 717 7172
CUST01423,บริษัท บริษัท ถมังรักษสัตว์ จำกัด จำกัด,สุรนัย นิลวรรณ,ลำปาง,+66 (0) 3293 6712
CUST01424,บริษัท นรวิทย์โชติกุลเฟอนิชชิ่ง จำกัด,เพชรมณี นาฏคายี,กรุงเทพมหานคร,047-404897
CUST01425,บริษัท บริษัท ทองสินธุ์ จำกัด จำกัด,ณิชาภัทร ถนัดอาวุธ,เชียงราย,0917809362
CUST01426,บริษัท บริษัท ราชมณี จำกัด (มหาชน) จำกัด,เฉลิมพล ฉิมพาลี,อุบลราชธานี,054290442
CUST01427,บริษัท ห้างหุ้นส่วนจำกัด เดชคุ้มอินเตอร์เนชั่นแนล จำกัด,อนิวัฒน์ นาคพันธุ์,นนทบุรี,056-402179
CUST01428,บริษัท บริษัท ตัณสถิตย์และเพื่อน จำกัด จำกัด,รวิวาน เขียวขุ้ย,สมุทรสาคร,0 2448 1352
CUST01429,บริษัท แถมธน-ดีตพันธุ์ จำกัด,รภัสพงษ์ นวลเพ็ง,พระนครศรีอยุธยา,0 961 836 368
CUST01430,บริษัท ห้างหุ้นส่วนจำกัด นวลเพ็งการช่าง จำกัด,ประยุทธ์ ธรรมสถิตไพศาล,นครสวรรค์,07 224 5543
CUST01431,บริษัท เตมิยะเดช-นกทอง จำกัด,มะลีวัลย์ ธาราธร,สกลนคร,062-455-5315
CUST01432,บริษัท ซูสารอวิศวการ จำกัด,ณัฐวรินทร ติระคมน์,นนทบุรี,044 709871
CUST01433,บริษัท บริษัท ถนัดรักษา จำกัด จำกัด,ศรลักษณ์ ผลบุญ,เกาะสมุย,02 456 9679
CUST01434,บริษัท บริษัท นิติสาขา จำกัด จำกัด,ปัณณธร ราชมณี,พระนครศรีอยุธยา,0-3014-5181
CUST01435,บริษัท ถนอมพลเทรดดิ้ง จำกัด,ปวีณ จันทา,เชียงใหม่,0 7992 3161
CUST01436,บริษัท บริษัท เดชคุ้มอินเตอร์เนชั่นแนล จำกัด จำกัด,พิมพ์สุดา ศิวะวรเวท,สมุทรสาคร,0-2843-1184
CUST01437,บริษัท หจก.ขำเอนก จำกัด,หลี ปานสุวรรณ,อุดรธานี,0810298720
CUST01438,บริษัท บมจ.ไทไชโย จำกัด,ปิยวัจน์ ดิศดใน,กรุงเทพมหานคร,+66 (0) 839 169 004
CUST01439,บริษัท ห้างหุ้นส่วนจำกัด ไตรบรรพอินเตอร์เนชั่นแนล จำกัด,ณัฐวรินทร ศรีตะวัน,สมุทรปราการ,0 5865 5191
CUST01440,บริษัท จ้อยนุแสงอิมปอร์ตเอ็กซปอร์ต จำกัด,ปัณณธร ทรัพย์ธำรงค์,เกาะสมุย,0 7537 5905
CUST01441,บริษัท บริษัท เขียวอ่อน จำกัด จำกัด,นันทวุฒิ ทองแท้,สมุทรปราการ,035254319
CUST01442,บริษัท บมจ.นะวะมันดรก่อสร้าง จำกัด,สุภาพร ราชมณี,ปากเกร็ด,02 122 8892
CUST01443,บริษัท ห้างหุ้นส่วนจำกัด ร่มธิติรัตน์ จำกัด,อรพิณ ถมปัด,สุราษฎร์ธานี,+662 993 4588
CUST01444,บริษัท แจ้งสว่างและถนัดอักษร จำกัด,ไชยภพ ธรรมทินนา,สุราษฎร์ธานี,082-671-1438
CUST01445,บริษัท ห้างหุ้นส่วนจำกัด ถนัดหัตถกรรม จำกัด,พลานุช ถนัดภาษา,กรุงเทพมหานคร,+66 (0) 5796 8013
CUST01446,บริษัท บมจ.เพียยาอิมปอร์ตเอ็กซปอร์ต จำกัด,บุญเทียน ดาบเงิน,สงขลา,055 403519
CUST01447,บริษัท บมจ.พรมอ่อนแลบ จำกัด,รูไกยะฮ์ มนทอง,ตรัง,092-479-9102
CUST01448,บริษัท หจก.ธรรมฤดีเฟอร์นิเจอร์ จำกัด,ณิชนันท์ นาคะนคร,แหลมฉบัง,088-025-0638
CUST01449,บริษัท หสน.บุญบำรุง จำกัด,ใจกลาง ธรรมทินนา,ตรัง,037482975
CUST01450,บริษัท มูลนิธิเตชะกำพุ จำกัด,วิชชากร ศิวะวรเวท,ตรัง,0-7153-3637
CUST01451,บริษัท บริษัท พรมอ่อน จำกัด จำกัด,มะสูเกียน สงประเสริฐ,รังสิต,+66 2207 8732
CUST01452,บริษัท คำลือและเณรานุสนธิ์ จำกัด,พรพิไล หอมพิกุล,กรุงเทพมหานคร,+66 (0) 3394 8301
CUST01453,บริษัท มูลนิธิทรงโกมล จำกัด,สุทกร ไสยกิจ,เชียงใหม่,057-278601
CUST01454,บริษัท แถมธนอินเตอร์เนชั่นแนล จำกัด,บุญญกัลป์ ติณรัตน์,ปากเกร็ด,069 813 3126
CUST01455,บริษัท ห้างหุ้นส่วนสามัญ ไทนิยมเอ็นจิเนียริ่ง จำกัด,ทับทิม ยางสวย,ตรัง,023 213675
CUST01456,บริษัท บมจ.นิลสุวรรณ์ซัพพลาย จำกัด,สุภัทริดา ถ้วนศรี,พิษณุโลก,0603491789
CUST01457,บริษัท บมจ.นิลสลัวซัพพลาย จำกัด,สรรเพชญ์ ถนิมมาศ,นครราชสีมา,0 4756 0540
CUST01458,บริษัท ห้างหุ้นส่วนจำกัด หอมพิกุล จำกัด,จักรีรัตน์ ถนัดพิมพการ,อุดรธานี,054-958338
CUST01459,บริษัท หจก.ทองประดิฐ จำกัด,พีระพงศ์พันธ์ ขอหมั่นกลาง,กรุงเทพมหานคร,0 881 832 227
CUST01460,บริษัท บริษัท ตั้งกุลงาม จำกัด จำกัด,ปิยวัจน์ ถมปัด,สุราษฎร์ธานี,0-7885-4987
CUST01461,บริษัท บริษัท สาระพันธ์แอนด์ซันส์ จำกัด จำกัด,ธีราทัต ธัญาโภชน์,รังสิต,+66 (0) 2177 1916
CUST01462,บริษัท บริษัท ยางสวยวิศวกรรม จำกัด จำกัด,เนติลักษณ์ ศรีตะวัน,กรุงเทพมหานคร,0 5797 5063
CUST01463,บริษัท บริษัท ไม้แดง จำกัด จำกัด,ภานุพล นฤภัย,เชียงใหม่,0 7275 4342
CUST01464,บริษัท บริษัท ภูภักดี จำกัด จำกัด,กิติวัฒน์ ดาบเงิน,สกลนคร,0 4624 3476
CUST01465,บริษัท บริษัท ดำริห์ชอบ จำกัด จำกัด,วรรณชนะชัย ไทไชโย,นครศรีธรรมราช,+66 996 940 769
CUST01466,บริษัท บจก.อุ่นอก จำกัด,อริสรา ดาวอร่าม,นครปฐม,0 2147 7783
CUST01467,บริษัท ยะผาและเพื่อน จำกัด,สันชัย ดิสกะประกาย,ปากเกร็ด,0 671 483 202
CUST01468,บริษัท มูลนิธิฉัตรอภิเที่ยงค่ำ จำกัด,นวรรษนันท์ ทรัพย์ธำรงค์,พระนครศรีอยุธยา,0872311858
CUST01469,บริษัท บริษัท แถมธนจิวเวลรี่ จำกัด จำกัด,ธมน นิยมเซียม,ปากเกร็ด,087 944 1625
CUST01470,บริษัท บริษัท นพตระกูล จำกัด จำกัด,วรรณชนะชัย ตรีครุธพันธุ์,อุดรธานี,0 670 758 349
CUST01471,บริษัท บริษัท ดาตู จำกัด (มหาชน) จำกัด,สิราพร ถนัดรักษา,อุบลราชธานี,0-3894-3934
CUST01472,บริษัท บริษัท เดชวาบริการ จำกัด จำกัด,ปุณณรัตน์ ทศโยธิน,สกลนคร,+66 (0) 868 492 478
CUST01473,บริษัท หจก.นวลเพ็งเฟอนิชชิ่ง จำกัด,เยาวรัตน์ นิยมธรรม,เจ้าพระยาสุรศักดิ์,0 7090 2849
CUST01474,บริษัท นิละทัตและมนทอง จำกัด,ภูมิปัญญา ธนประทีป,พัทยา,095-282-3670
CUST01475,บริษัท ห้างหุ้นส่วนจำกัด นะวะมันดร จำกัด,สุรวัช นาถะเดชะ,สกลนคร,0684310651
CUST01476,บริษัท บริษัท ธุวะนุติ์เอนเตอรไพรส์ จำกัด จำกัด,พัสวี ขันธุลา,นครราชสีมา,+66 (0) 5980 8448
CUST01477,บริษัท บริษัท วิลาสินีอะไหล่ยนต์ จำกัด จำกัด,อาภัศรา เนื้อนุ่ม,แหลมฉบัง,0 811 976 248
CUST01478,บริษัท ห้างหุ้นส่วนจำกัด ตัณสถิตย์ จำกัด,ธารา ทองสินธุ์,แหลมฉบัง,+66 3733 4582
CUST01479,บริษัท นาคพันธุ์คอมพิวเตอร์ จำกัด,นารดา หอมพิกุล,ภูเก็ต,+66 (0) 936 352 803
CUST01480,บริษัท บริษัท หนักแน่นเอเยนซี จำกัด จำกัด,ตรีนุช นากกนก,สงขลา,0-3065-3414
CUST01481,บริษัท บริษัท ศรีธนะเวทย์จิวเวลรี่ จำกัด จำกัด,ศศินา นิษประปัญจ์,นครสวรรค์,+66 2807 1281
CUST01482,บริษัท ห้างหุ้นส่วนจำกัด มิ่งขวัญ จำกัด,เบญญาทิพย์ สันตะวงศ์,สกลนคร,04 970 3331
CUST01483,บริษัท ห้างหุ้นส่วนจำกัด หอมพิกุลอะไหล่ยนต์ จำกัด,วิชชากร นิระหานี,ลำปาง,+66 (0) 4440 3312
CUST01484,บริษัท บริษัท ถนอมมนุษย์ จำกัด จำกัด,อับดุลเลาะห์ หอมพิกุล,สกลนคร,02 678 7323
CUST01485,บริษัท ทองประดิฐมอเตอร์ จำกัด,เทพณรงค์ นิยมธรรม,พิษณุโลก,0-5739-2285
CUST01486,บริษัท บมจ.เวียงจันทึกอินเตอร์เนชั่นแนล จำกัด,นิรุตต์ ไม้แดง,ลำปาง,030-586692
CUST01487,บริษัท บริษัท เจริญรัมย์ จำกัด จำกัด,ปุณณรัตน์ อุลหัสสา,ขอนแก่น,+66 5127 2636
CUST01488,บริษัท บริษัท พรมอ่อนเอเยนซี จำกัด จำกัด,วรดาพร ไสยกิจ,ระยอง,+66 (0) 4589 9431
CUST01489,บริษัท ห้างหุ้นส่วนจำกัด ชุมวระอุตสาหกรรม จำกัด,อุษณีย์ ตระกูลไม้เรียง,พระนครศรีอยุธยา,+66 (0) 966 189 990
CUST01490,บริษัท บริษัท เมืองสุข จำกัด จำกัด,มนัส คำลือ,พัทยา,075-493880
CUST01491,บริษัท บริษัท กุมารบุญบริการ จำกัด (มหาชน) จำกัด,กรพนธ์ บุญส่ง,ภูเก็ต,038257812
CUST01492,บริษัท บริษัท ทองแท้เอ็นจิเนียริ่ง จำกัด จำกัด,วันชนก บินดี,พิษณุโลก,050078227
CUST01493,บริษัท บริษัท นฤทุกข์ จำกัด จำกัด,เพ็ญพรรษา นิยมธรรม,กรุงเทพมหานคร,04 955 9775
CUST01494,บริษัท ธนาคารเณรานุสนธิ์แลบ จำกัด จำกัด,จักรชัย ทองสีไพล,นครราชสีมา,04 806 2924
CUST01495,บริษัท ห้างหุ้นส่วนสามัญ จันอ้นอะไหล่ยนต์ จำกัด,จักรชัย ถนอมพล,สมุทรปราการ,+66 (0) 663 016 818
CUST01496,บริษัท ห้างหุ้นส่วนสามัญ ถมปัดเอ็นจิเนียริ่ง จำกัด,จุฑารัตน์ ขอหมั่นกลาง,เจ้าพระยาสุรศักดิ์,031392440
CUST01497,บริษัท บริษัท ทองสีไพล จำกัด จำกัด,ธีร์ธวันาย จ้อยนุแสง,นครปฐม,064-678-4521
CUST01498,บริษัท เนื้อนุ่ม-จันอ้น จำกัด,ทานตะวัน ตัณฑนุช,นนทบุรี,054-788918
CUST01499,บริษัท บริษัท ไทนิยมคอนสตรัคชั่น จำกัด จำกัด,ใจกลาง ตระกูลไม้เรียง,พิษณุโลก,+66 5162 1691
CUST01500,บริษัท หจก.คณานุรักษ์ จำกัด,สุทกร ดวงทับทิม,อุบลราชธานี,0 880 285 467
CUST01501,บริษัท บริษัท ถมังรักษสัตว์ภาพยนตร์ จำกัด จำกัด,มะลีวัลย์ เตชะกำพุ,ระยอง,0-4021-3225
CUST01502,บริษัท ห้างหุ้นส่วนจำกัด ศรีสัตย์ จำกัด,จิตตานันท์ นาคะนคร,สมุทรสาคร,02 261 8295
CUST01503,บริษัท หจก.เดชวาอะไหล่ยนต์ จำกัด,ปิยะนันท์ ชุมวระ,หาดใหญ่,0-3857-1838
CUST01504,บริษัท ถนอมกุลบุตร-เขียวอ่อน จำกัด,พลานุช ตระกูลบุญ,นครปฐม,039 267396
CUST01505,บริษัท บริษัท ตั้งกุลงามแลบ จำกัด (มหาชน) จำกัด,รชตกร ไทยแท้,อุดรธานี,+66 (0) 975 795 972
CUST01506,บริษัท โพธิสัตย์อินเตอร์เนชั่นแนล จำกัด,จันทนา นาถะพินธุ,อุบลราชธานี,0 650 145 811
CUST01507,บริษัท บริษัท ตันเผ่าบรรจุภัณฑ์ จำกัด (มหาชน) จำกัด,ยูซุฟ ขอหมั่นกลาง,เจ้าพระยาสุรศักดิ์,0697042751
CUST01508,บริษัท ชำนาญวาดสโตร์ จำกัด,อันธิกา บุณยะภาชน์,เชียงราย,02 101 1045
CUST01509,บริษัท ห้างหุ้นส่วนจำกัด เช้าวันดี จำกัด,เชิงชาย ชุมวระ,พิษณุโลก,052486118
CUST01510,บริษัท บมจ.ภูภักดี จำกัด,ศศินา ถมปัด,ยะลา,+66 5911 1809
CUST01511,บริษัท หจก.นิละทัต จำกัด,จันทภา ธัญเสถียร,ยะลา,090 248 8452
CUST01512,บริษัท หจก.ไชยภาพืชผล จำกัด,สมใจ ตัณฑนุช,นครปฐม,048654889
CUST01513,บริษัท บริษัท ดิสกะประกายวิศวการ จำกัด จำกัด,ปริญญา แหยมศิริ,รังสิต,066 687 4405
CUST01514,บริษัท ห้างหุ้นส่วนจำกัด ดุษฎีวนิช จำกัด,สุรวัช ทองประดิฐ,ภูเก็ต,0975799666
CUST01515,บริษัท สมาคมตระกูลบุญ จำกัด,พันเทพ คณานุรักษ์,ระยอง,0 872 956 474
CUST01516,บริษัท บริษัท ธรรมสถิตไพศาล จำกัด,พิไลพร บุตราช,อ้อมน้อย,0 661 597 679
CUST01517,บริษัท ห้างหุ้นส่วนจำกัด นิลสุวรรณ์ จำกัด,ภาสินี ไม้แดง,พระนครศรีอยุธยา,0 902 487 368
CUST01518,บริษัท บริษัท ทศโยธิน จำกัด จำกัด,ธมลพรรณ นิลเสนา,ระยอง,0-7310-3890
CUST01519,บริษัท ห้างหุ้นส่วนจำกัด สงประเสริฐการบัญชี จำกัด,ณภัทร ศาสตร์ศิลป์,แม่สอด,04 989 0046
CUST01520,บริษัท ห้างหุ้นส่วนจำกัด บุญศลเอเยนซี จำกัด,อัญชัญ เตชะกำพุ,พิษณุโลก,+66 7938 9007
CUST01521,บริษัท บริษัท นิละทัต จำกัด จำกัด,ปิยะนันท์ วิลาสินี,อุดรธานี,0924092373
CUST01522,บริษัท บริษัท ตวงทอง จำกัด จำกัด,สุทธิณัฐ ถ้วนศรี,ยะลา,0650584671
CUST01523,บริษัท ธนาคารเขียวขุ้ยภาพยนตร์ จำกัด จำกัด,อภิลักษณ์ เจริญรัมย์,อุดรธานี,046-230733
CUST01524,บริษัท มูลนิธิไตรบรรพ จำกัด,ดิลก แน่นดุจป้อม,สมุทรสาคร,044-315664
CUST01525,บริษัท บริษัท ไทนิยมมอเตอร์ จำกัด จำกัด,โชติวุฒิ ยาปะโลหิต,ระยอง,0-2529-2445
CUST01526,บริษัท บริษัท เลิศกิ่ง จำกัด (มหาชน) จำกัด,วรรณกร ฉายแสง,พิษณุโลก,0 2288 0407
CUST01527,บริษัท บมจ.เวียงจันทึก จำกัด,ธัญญามาศ ยาปะโลหิต,ลำปาง,+66 675 304 907
CUST01528,บริษัท นิยมธรรมและแหยมศิริ จำกัด,โกวิทย์ นิลวิมล,สงขลา,0-7719-5729
CUST01529,บริษัท บริษัท นาคะนครจิวเวลรี่ จำกัด จำกัด,สมมล ธูปหอม,พัทยา,+66 (0) 984 877 508
CUST01530,บริษัท บริษัท พีระเพ็ญกุลกลการ จำกัด จำกัด,ณัฐวรินทร เนื้อนุ่ม,ขอนแก่น,043 568707
CUST01531,บริษัท ห้างหุ้นส่วนจำกัด ธรรมทินนา จำกัด,วีรชัย ธรรมทินนา,พิษณุโลก,05 225 7476
CUST01532,บริษัท ห้างหุ้นส่วนจำกัด ศาสตร์ศิลป์ก่อสร้าง จำกัด,คมกริบ ตรีเภรินทร์,กรุงเทพมหานคร,055-432098
CUST01533,บริษัท บมจ.ดวงทับทิม จำกัด,ธีร์ธวันาย นิลสุวรรณ์,พิษณุโลก,0628316170
CUST01534,บริษัท นครเทพ-นครเทพ จำกัด,เกริกพล ดำริห์ชอบ,พระนครศรีอยุธยา,024 498121
CUST01535,บริษัท บริษัท จ้อยนุแสงขนส่ง จำกัด จำกัด,ธมลพรรณ นฤภัย,แหลมฉบัง,+66 (0) 5057 7747
CUST01536,บริษัท บมจ.ทศโยธินคอมมิวนิเคชั่น จำกัด,พิมพ์สุดา ดุษฎีวนิช,หาดใหญ่,042612157
CUST01537,บริษัท ห้างหุ้นส่วนสามัญ ทุมะบุตร์ จำกัด,ภูวรา เขียวอ่อน,พระนครศรีอยุธยา,+66 (0) 7534 1164
CUST01538,บริษัท ไตรบรรพพืชผล จำกัด,สมพิศ บุตราช,อ้อมน้อย,+66 (0) 898 855 028
CUST01539,บริษัท บริษัท ถนิมมาศ จำกัด จำกัด,สมปอง แถมธน,ภูเก็ต,0670367206
CUST01540,บริษัท ห้างหุ้นส่วนจำกัด บุตราช จำกัด,อาภัศรา ดาบเงิน,อุบลราชธานี,046-346380
CUST01541,บริษัท หจก.วะคีมัน จำกัด,ศุภกรชนา นิษประปัญจ์,เจ้าพระยาสุรศักดิ์,034-652633
CUST01542,บริษัท บริษัท ไทไชโย จำกัด จำกัด,เกศรา ทองแท้,นครศรีธรรมราช,0-3280-8746
CUST01543,บริษัท ดัตพันธุ์เทรดดิ้ง จำกัด,เกศรา เพียยา,อุดรธานี,0 7194 4498
CUST01544,บริษัท หสน.แถมธน จำกัด,สินสมุทร เลิศกิ่ง,อุบลราชธานี,029752991
CUST01545,บริษัท บริษัท ฉายแสงคอนสตรัคชั่น จำกัด จำกัด,ดารุนี ทรงโกมล,เกาะสมุย,0998018832
CUST01546,บริษัท ดาวกระจาย-นาฏคายี จำกัด,นิภา ตระกูลไม้เรียง,กรุงเทพมหานคร,066-742-0763
CUST01547,บริษัท บริษัท นาคพันธุ์การค้า จำกัด จำกัด,อุลัยพร ธรรมสถิตไพศาล,สมุทรสาคร,092-868-7002
CUST01548,บริษัท แนวพญา-บุญส่ง จำกัด,สมเกียรติ นฤภัย,ปากเกร็ด,+66 (0) 696 386 627
CUST01549,บริษัท ชมรมสงประเสริฐ จำกัด,เฉลิมพล นิลสุวรรณ์,เจ้าพระยาสุรศักดิ์,+66 (0) 5824 1911
CUST01550,บริษัท ห้างหุ้นส่วนจำกัด ตรีเภรินทร์โอสถ จำกัด,ฐิติวุฒิ นุ่มกัน,ภูเก็ต,094-047-2249
CUST01551,บริษัท บริษัท ธรรมฤดีการค้า จำกัด จำกัด,สุรนัย ถนิมมาศ,เกาะสมุย,078964922
CUST01552,บริษัท บริษัท ถนัดรักษา จำกัด จำกัด,รมิตา ฉัพพรรณธนกูร,อ้อมน้อย,+66 3156 3134
CUST01553,บริษัท บริษัท ตัณฑนุช จำกัด จำกัด,วีระวัฒน์ ทองเนื้อดี,ขอนแก่น,+667 799 9919
CUST01554,บริษัท บริษัท นิละทัต จำกัด จำกัด,ทองสิริ ตั้งเผ่า,นครสวรรค์,033 781396
CUST01555,บริษัท บมจ.ทองสุกเลิศ จำกัด,ธนวันต์ ทรัพย์สาร,ขอนแก่น,049135750
CUST01556,บริษัท หสน.บุญส่งและบุตร จำกัด,มนัส นุชแนวนุ่ม,นครสวรรค์,07 948 3492
CUST01557,บริษัท ห้างหุ้นส่วนจำกัด ขำเอนก จำกัด,เชิงชาย บัวเผื่อน,แหลมฉบัง,0-3130-3436
CUST01558,บริษัท บริษัท ทุมะบุตร์ จำกัด จำกัด,เสรี ธรรมสถิตไพศาล,นนทบุรี,0918138432
CUST01559,บริษัท ชมรมถาวรายุศม์ จำกัด,เอกอธิพงษ์ เช้าวันดี,นครปฐม,+66 896 277 388
CUST01560,บริษัท บริษัท เตชะกำพุขนส่ง จำกัด จำกัด,ศิริญา นามเสวตร,สกลนคร,048109823
CUST01561,บริษัท หสน.เจริญรัมย์เอนเตอรไพรส์ จำกัด,เอกอธิพงษ์ ถิรสวัสดิ์,พระนครศรีอยุธยา,+66 615 940 512
CUST01562,บริษัท บริษัท เวียงจันทึก จำกัด จำกัด,ปิยะนันท์ ถนัดรบ,เจ้าพระยาสุรศักดิ์,+66 (0) 4856 8512
CUST01563,บริษัท วะคีมันอิมปอร์ตเอ็กซปอร์ต จำกัด,พรสวรรค์ คณานุรักษ์,อ้อมน้อย,094 430 9398
CUST01564,บริษัท สมาคมไสยกิจ จำกัด,สุปรานี ศรีตะวัน,สมุทรสาคร,07 675 9741
CUST01565,บริษัท บมจ.นฤทุกข์ จำกัด,จุฑาภรณ์ อุ่นอก,แม่สอด,0-3602-0338
CUST01566,บริษัท ชมรมพงศ์ฉบับนภา จำกัด,นันทิกานต์ ดุริยพันธุ์,นครศรีธรรมราช,+66 952 897 838
CUST01567,บริษัท หจก.นาฏคายี จำกัด,วิกิจ บุนยาภิสนท์,หาดใหญ่,045-910734
CUST01568,บริษัท สมาคมถนัดการเขียน จำกัด,สุกฤษตา นิยมสำหรวจ,อุดรธานี,+66 4113 6155
CUST01569,บริษัท บริษัท ไทนิยม จำกัด จำกัด,ชัญญานุนาย สาระพันธ์,ระยอง,04 115 9775
CUST01570,บริษัท ห้างหุ้นส่วนจำกัด นิลวรรณ จำกัด,ธเนษฐ ทองอยู่,สมุทรปราการ,076-025605
CUST01571,บริษัท หจก.ดาตู จำกัด,ภาสินี ธนูปกรณ์,รังสิต,0-7848-0386
CUST01572,บริษัท บจก.จันอ้นแลบ จำกัด,จุฑารัตน์ ยาปะโลหิต,กรุงเทพมหานคร,0 882 762 514
CUST01573,บริษัท ทหารแท้บริการ จำกัด,อรพิณ ไม้แดง,ปากเกร็ด,+66 (0) 7940 4337
CUST01574,บริษัท บริษัท สุวรรณหงษ์เอ็นจิเนียริ่ง จำกัด จำกัด,ธีรวุฒิ ราชมณี,พระนครศรีอยุธยา,07 443 1528
CUST01575,บริษัท ห้างหุ้นส่วนจำกัด จ้อยนุแสงเฟอร์นิเจอร์ จำกัด,สินสมุทร อุ่นอก,อุดรธานี,+663 579 1329
CUST01576,บริษัท แก้วชลครามและนุชแนวนุ่ม จำกัด,พรเบญญา ทองสินธุ์,ตรัง,+66 893 512 881
CUST01577,บริษัท บจก.นิยมธรรมซัพพลาย จำกัด,ศุภชัย ทรัพย์ธำรงค์,เชียงราย,+66 (0) 2761 6451
CUST01578,บริษัท สมาคมตั้งกุลงาม จำกัด,ภัทราวุธ ชุมวระ,เชียงราย,044 047530
CUST01579,บริษัท ถนัดกลึงจิวเวลรี่ จำกัด,ณัฐธภรณ์ ทีฆะ,นครราชสีมา,074 500857
CUST01580,บริษัท บริษัท ศาสตร์ศิลป์การบัญชี จำกัด จำกัด,สุมัชญา ทหารแท้,แหลมฉบัง,050-442772
CUST01581,บริษัท ธนาคารถิรสวัสดิ์ จำกัด จำกัด,ภาสวุฒิ ทองสินธุ์,เกาะสมุย,0688481366
CUST01582,บริษัท บริษัท นิลเสนาคอมมิวนิเคชั่น จำกัด (มหาชน) จำกัด,ปิยนุช ถาวรรัตน,นครสวรรค์,+66 2949 5788
CUST01583,บริษัท บริษัท นิยมเซียม จำกัด จำกัด,พรรณปพร พรสีมา,สมุทรสาคร,093 945 6046
CUST01584,บริษัท บริษัท ศรีสัตย์แพคกิ้ง จำกัด จำกัด,อดิสรณ์ ทุมะบุตร์,ภูเก็ต,+665 908 9964
CUST01585,บริษัท หจก.นิติสาขาภาพยนตร์ จำกัด,มาสิตะ จันทา,เกาะสมุย,+66 5421 7338
CUST01586,บริษัท บริษัท วะคีมัน จำกัด จำกัด,โสภณ หอมพิกุล,กรุงเทพมหานคร,031 902764
CUST01587,บริษัท บริษัท บุตราช จำกัด (มหาชน) จำกัด,ฟิรยา นวลเพ็ง,เชียงราย,+66 7212 4350
CUST01588,บริษัท ถนิมมาศพานิช จำกัด,โรสชา เณรานุสนธิ์,ลำปาง,+66 979 354 551
CUST01589,บริษัท บมจ.ตั้งรบ จำกัด,ฐิติณัฐฐา คำลือ,ระยอง,050 463354
CUST01590,บริษัท มูลนิธิทัศนสุทธิ จำกัด,บุญพา นักรบ,ภูเก็ต,084-886-4055
CUST01591,บริษัท บริษัท นิลสุวรรณ์ จำกัด จำกัด,เมทนี นามเสวตร,อุบลราชธานี,046 773037
CUST01592,บริษัท นิยมสำหรวจแอนด์ซันส์ จำกัด,วุฒิ ถนอมพลกรัง,สุราษฎร์ธานี,0 2788 4060
CUST01593,บริษัท บริษัท ดาบเพ็ชร์จิวเวลรี่ จำกัด จำกัด,ปาริตา ศรีตะวัน,สงขลา,+662 644 1720
CUST01594,บริษัท บุญส่ง-ดำริห์ชอบ จำกัด,ทิพรดา ถนอมกุลบุตร,สมุทรสาคร,0961015248
CUST01595,บริษัท ห้างหุ้นส่วนจำกัด หนุนสุข จำกัด,อาซือมะ แนวพญา,พัทยา,028866221
CUST01596,บริษัท มูลนิธินักสำหรวจ จำกัด,สุรการณ์ ติณรัตน์,ยะลา,+66 (0) 5488 6209
CUST01597,บริษัท เขียวอ่อนมอเตอร์ จำกัด,ณิชนันท์ ฉายแสง,กรุงเทพมหานคร,05 455 9007
CUST01598,บริษัท ห้างหุ้นส่วนสามัญ เนื่องนนท์ จำกัด,วิชา ถนัดอาวุธ,สกลนคร,+667 562 6608
CUST01599,บริษัท บริษัท เนตร์มณีเซอร์วิส จำกัด จำกัด,เอนกพงศ์ แถมธน,อุดรธานี,058761321
CUST01600,บริษัท หจก.แนวพนิชก่อสร้าง จำกัด,มะสูเกียน ถะเกิงชศ,พิษณุโลก,+66 4515 0760
CUST01601,บริษัท ศรีอุ่นคอนสตรัคชั่น จำกัด,ณิชนันท์ อุ่นอก,ยะลา,03 742 0706
CUST01602,บริษัท ชมรมสังข์กรด จำกัด,สมหมาย เพียยา,นครราชสีมา,0623013674
CUST01603,บริษัท มูลนิธิทองอยู่ จำกัด,ชลิดา วะคีมัน,สมุทรปราการ,022091049
CUST01604,บริษัท บริษัท ดิศดในซัพพลาย จำกัด จำกัด,ปาริตา ศรีวงค์,อุบลราชธานี,+66 952 301 832
CUST01605,บริษัท ห้างหุ้นส่วนจำกัด พงศ์ฉบับนภา จำกัด,จักรชัย หอมพิกุล,ขอนแก่น,079-342261
CUST01606,บริษัท ถนัดเดินข่าวอินเตอร์เนชั่นแนล จำกัด,ปวีณ ดีตพันธุ์,นครปฐม,049 318421
CUST01607,บริษัท บริษัท เขียวขุ้ย จำกัด จำกัด,จักรกฤนาย ถุงเงิน,อุบลราชธานี,05 105 8664
CUST01608,บริษัท หจก.ทหารแท้ จำกัด,นนทกาญจน์ วาทา,ตรัง,+66 (0) 3896 6276
CUST01609,บริษัท ห้างหุ้นส่วนสามัญ ศรีสัตย์ จำกัด,รอกีเย๊าะ นำธวัช,สงขลา,+667 460 9288
CUST01610,บริษัท บริษัท ตระกูลบุญเอเยนซี จำกัด จำกัด,ยูซุฟ นานายน,สงขลา,+66 4481 0013
CUST01611,บริษัท ห้างหุ้นส่วนจำกัด ทรัพย์ธำรงค์ จำกัด,ภัทรนาฎ ถนัดการยนต์,เกาะสมุย,028-813173
CUST01612,บริษัท บจก.ทัศนสุทธิ จำกัด,เนตรฤดี ตระกูลบุญ,นนทบุรี,03 392 8604
CUST01613,บริษัท สมาคมเพียยา จำกัด,จิฬาภรณ์ ฉัตรอภิเที่ยงค่ำ,เชียงราย,+66 (0) 2143 6034
CUST01614,บริษัท บริษัท นครเทพพืชผล จำกัด จำกัด,จักรชัย บุญญาภิรมย์,เชียงใหม่,041365978
CUST01615,บริษัท ห้างหุ้นส่วนจำกัด หนักแน่น จำกัด,ศุภชัย เนื่องนนท์,ปากเกร็ด,+66 5311 9477
CUST01616,บริษัท ห้างหุ้นส่วนสามัญ ตรีเภรินทร์ จำกัด,วีร์สุดา ตั้งรบ,แหลมฉบัง,0-7223-0021
CUST01617,บริษัท ห้างหุ้นส่วนจำกัด ไตรบรรพเอ็นจิเนียริ่ง จำกัด,ธัญญกัญญา ธูปหอม,นครศรีธรรมราช,+66 4865 0244
CUST01618,บริษัท บมจ.ธรรมสถิตไพศาลแพคกิ้ง จำกัด,พรปราณี เนื่องนนท์,พัทยา,042-610624
CUST01619,บริษัท บริษัท นกทอง จำกัด จำกัด,จักรชัย เช้าวันดี,สกลนคร,+665 529 2068
CUST01620,บริษัท บริษัท ยางสวย จำกัด จำกัด,อุดมลักษณ์ ดาวกระจาย,สมุทรปราการ,05 804 8889
CUST01621,บริษัท อุ่นอก-ถนอมพลกรัง จำกัด,ฐิติยาพร ยะผา,แหลมฉบัง,044 127518
CUST01622,บริษัท ห้างหุ้นส่วนจำกัด นิติสาขา จำกัด,อนุวัช บุนยะศัพท์,สงขลา,07 641 2221
CUST01623,บริษัท แต้กุลเทรดดิ้ง จำกัด,ประเดิม บุณยะภาชน์,เกาะสมุย,0-7254-2146
CUST01624,บริษัท บริษัท ดุริยพันธุ์คอมพิวเตอร์ จำกัด จำกัด,ทิมาภรณ์ ศรีอุ่น,ขอนแก่น,+667 902 3352
CUST01625,บริษัท ห้างหุ้นส่วนจำกัด นวลฉวีอินเตอร์เนชั่นแนล จำกัด,โกมล ภูภักดี,อ้อมน้อย,036 215254
CUST01626,บริษัท บริษัท วุฑฒยากรคอมมิวนิเคชั่น จำกัด จำกัด,ขอดิเยาะ ทัศนสุทธิ,พัทยา,+66 (0) 4607 9968
CUST01627,บริษัท ห้างหุ้นส่วนสามัญ ศรีสัตย์ จำกัด,ศศิธร ตรีเภรินทร์,ระยอง,026-575147
CUST01628,บริษัท ห้างหุ้นส่วนจำกัด ไตรบรรพจิวเวลรี่ จำกัด,สุรนัย ไทนิยม,ภูเก็ต,084 891 3052
CUST01629,บริษัท นฤทุกข์-ไทยแท้ จำกัด,ศภัคชคง ถนัดพิมพการ,ระยอง,0 7115 7407
CUST01630,บริษัท บริษัท จ้อยนุแสงคอนสตรัคชั่น จำกัด จำกัด,ไพสิฐ ถนัดรบ,เชียงราย,0978058009
CUST01631,บริษัท ฉิมพาลีและยาปะโลหิต จำกัด,รังสินี ธรรมเมธา,สมุทรสาคร,052-839682
CUST01632,บริษัท หจก.ธุวะนุติ์และบุตร จำกัด,ศจีกาญจน์ เตชะกำพุ,สกลนคร,061-282-5636
CUST01633,บริษัท บริษัท บุณยะภาชน์และบุตร จำกัด จำกัด,ราชันทร์ ธรรมสถิตไพศาล,ยะลา,0976369941
CUST01634,บริษัท บริษัท สันตะวงศ์คอมพิวเตอร์ จำกัด จำกัด,บุญเทียน ยางสวย,เชียงใหม่,02 415 2768
CUST01635,บริษัท บมจ.ธัญเสถียร จำกัด,ศุภนุนาย เพียยา,อ้อมน้อย,0-4536-2546
CUST01636,บริษัท หจก.แก้วอยู่การช่าง จำกัด,ศิริเกศ นักรบ,ขอนแก่น,027699719
CUST01637,บริษัท บริษัท แนวพญา จำกัด (มหาชน) จำกัด,จีรยุทธ พรรษาสกุล,สงขลา,090-729-2644
CUST01638,บริษัท นฤทุกข์เทรดดิ้ง จำกัด,ศดิศ ธูปะวิโรจน์,สมุทรสาคร,+66 (0) 2243 2711
CUST01639,บริษัท บริษัท แน่นดุจป้อม จำกัด (มหาชน) จำกัด,ปฐม นุตตาร,สกลนคร,02 197 0751
CUST01640,บริษัท บริษัท เวียงจันทึกขนส่ง จำกัด จำกัด,ฮาฟิต ดุริยพันธุ์,สงขลา,+66 624 638 621
CUST01641,บริษัท หจก.นุ่มกันภาพยนตร์ จำกัด,ปิยนาฎ แก้วอยู่,สุราษฎร์ธานี,04 461 2305
CUST01642,บริษัท บริษัท เตมิยะเดชอินเตอร์เนชั่นแนล จำกัด จำกัด,โชคภาดล ถนัดการยนต์,นครศรีธรรมราช,+66 (0) 7509 6898
CUST01643,บริษัท สหภาพแรงงานทันยุค จำกัด,อัญชิษฐา บุญส่ง,พระนครศรีอยุธยา,+66 (0) 3876 5794
CUST01644,บริษัท บริษัท ถนัดกลึงมอเตอร์ จำกัด จำกัด,เทพนารี ธนูปกรณ์,ปากเกร็ด,047-814097
CUST01645,บริษัท บริษัท ทองประดิฐ จำกัด,ฐิติณัฐฐา ทีฆะ,รังสิต,0998583069
CUST01646,บริษัท บจก.ทันยุคซัพพลาย จำกัด,พรพิไล ตัณสถิตย์,นครปฐม,032284395
CUST01647,บริษัท บมจ.วาทา จำกัด,สรายุทธ ทองแท้,อ้อมน้อย,+665 271 1497
CUST01648,บริษัท บริษัท นิยมธรรม จำกัด จำกัด,วรนาฎ ถนัดภาษา,แหลมฉบัง,04 393 9561
CUST01649,บริษัท บริษัท ไตรบรรพ จำกัด (มหาชน) จำกัด,วรรณชนะชัย แท่นทอง,นครราชสีมา,+66 7012 9939
CUST01650,บริษัท ทองลาภและทรัพย์ธำรงค์ จำกัด,ฉลองชัย เยาวธนโชค,แหลมฉบัง,045 731893
CUST01651,บริษัท บริษัท ถนัดพิมพการ จำกัด จำกัด,โสภณิตา วาทา,ตรัง,051 182735
CUST01652,บริษัท ห้างหุ้นส่วนจำกัด แนวพญา จำกัด,วสิตา บินดี,ปากเกร็ด,0-5374-3347
CUST01653,บริษัท ห้างหุ้นส่วนจำกัด ดาวอร่ามเอนเตอรไพรส์ จำกัด,เทพนารี ธุวะนุติ์,ปากเกร็ด,0 615 475 666
CUST01654,บริษัท ห้างหุ้นส่วนจำกัด เยาวธนโชคกรุ๊ป จำกัด,พิมพ์สุดา ถะเกิงชศ,สมุทรสาคร,+66 (0) 7691 0643
CUST01655,บริษัท หจก.ชำนาญวาด จำกัด,นภนต์ ดวงทับทิม,ปากเกร็ด,029-367405
CUST01656,บริษัท ห้างหุ้นส่วนจำกัด เมืองสุข จำกัด,สุทธิณัฐ ตั้งกุลงาม,พิษณุโลก,+66 835 100 329
CUST01657,บริษัท หนุนสุข-ตันเผ่า จำกัด,นาตยา ทัศนสุทธิ,พิษณุโลก,+66 852 676 851
CUST01658,บริษัท ห้างหุ้นส่วนจำกัด ถนิมมาศแลบ จำกัด,ฤทธิ์ชกร น้ำทิพย์,เกาะสมุย,+66 4327 8373
CUST01659,บริษัท บริษัท นิติสาขากลการ จำกัด จำกัด,สมมล เตชะกำพุ,อุบลราชธานี,+66 (0) 648 726 169
CUST01660,บริษัท หจก.ธูปะวิโรจน์อินเตอร์เนชั่นแนล จำกัด,บุญเกิด ธรรมฤดี,ปากเกร็ด,073 686178
CUST01661,บริษัท บริษัท โพธิสัตย์เอเยนซี จำกัด จำกัด,พัชรพร ทรัพย์ธำรงค์,สมุทรปราการ,080-093-8314
CUST01662,บริษัท บริษัท ทัศนสุทธิบริการ จำกัด จำกัด,อรุณี ถ้วนศรี,แม่สอด,0 695 306 203
CUST01663,บริษัท หจก.ถนอมมนุษย์พานิช จำกัด,ชิดชนก ถนัดอักษร,อุดรธานี,092 371 8218
CUST01664,บริษัท สมาคมบุณยะภาชน์ จำกัด,ภูวัน พีระเพ็ญกุล,สุราษฎร์ธานี,+66 4977 4329
CUST01665,บริษัท บริษัท วะคีมัน จำกัด จำกัด,เอกวิทย์ เขียวอ่อน,ตรัง,064-432-0128
CUST01666,บริษัท บริษัท นาถะเดชะ จำกัด (มหาชน) จำกัด,ปิยะชาติ ถนัดอักษร,พระนครศรีอยุธยา,084-659-3818
CUST01667,บริษัท หสน.วิลาสินีเฟอนิชชิ่ง จำกัด,อัครพนธ์ บุตราช,หาดใหญ่,074-143565
CUST01668,บริษัท ทวนทองบริการ จำกัด,มารุด ถมปัด,อุบลราชธานี,053 970303
CUST01669,บริษัท ปานสุวรรณและสังข์กรด จำกัด,พรชีวิน บุญญาภิรมย์,ภูเก็ต,+66 (0) 3967 3562
CUST01670,บริษัท ห้างหุ้นส่วนสามัญ ตัณสถิตย์ จำกัด,เจษฎากร เจริญรัมย์,นครราชสีมา,+66 850 437 013
CUST01671,บริษัท ห้างหุ้นส่วนสามัญ ธรรมฤดี จำกัด,ประภัทร์สรณ์ ธีวร,อ้อมน้อย,+663 920 4120
CUST01672,บริษัท บริษัท ธุวะนุติ์ จำกัด จำกัด,มารีนี ธรรมทินนา,สมุทรปราการ,023304204
CUST01673,บริษัท บริษัท ตวงทองบริการ จำกัด จำกัด,คมกฤชญ์ ถนอมพล,นนทบุรี,031-788526
CUST01674,บริษัท เตมิยะเดชและตรีครุธพันธุ์ จำกัด,นันทวรรณ ตราชู,พัทยา,036318575
CUST01675,บริษัท ห้างหุ้นส่วนสามัญ ธุวะนุติ์บริการ จำกัด,ปรมินทร์ ศรีตะวัน,นนทบุรี,+66 (0) 920 117 339
CUST01676,บริษัท ดีตพันธุ์-ศรีธนะเวทย์ จำกัด,ยุศรอน ถนัดรักษา,ลำปาง,0 5813 6371
CUST01677,บริษัท บมจ.ถนัดการเขียน จำกัด,สโรชา วิลาสินี,เชียงใหม่,0-3947-9406
CUST01678,บริษัท ห้างหุ้นส่วนจำกัด นาฏคายีเทรดดิ้ง จำกัด,วัลยา ทัศนสุทธิ,พระนครศรีอยุธยา,0 918 567 793
CUST01679,บริษัท หจก.ถนัดรักษา จำกัด,กฤตเมธ ไชยภา,กรุงเทพมหานคร,+66 3289 6529
CUST01680,บริษัท บุญญาภิรมย์อุตสาหกรรม จำกัด,มะลีวัลย์ นุชแนวนุ่ม,หาดใหญ่,+66 3849 8451
CUST01681,บริษัท ห้างหุ้นส่วนจำกัด ดาวอร่ามเทรดดิ้ง จำกัด,พิมพ์พิชญา บุญบำรุง,ปากเกร็ด,+66 (0) 3981 3338
CUST01682,บริษัท บริษัท ดีตพันธุ์ จำกัด จำกัด,อัญพัชร์ ถนัดการเขียน,พระนครศรีอยุธยา,0 984 386 984
CUST01683,บริษัท หจก.ตันยา จำกัด,เรืองเกียรติ ทองประดิฐ,อุบลราชธานี,+66 802 739 728
CUST01684,บริษัท นิยมสำหรวจและเพื่อน จำกัด,สุทธิพจน์ ทองแท้,สงขลา,072376439
CUST01685,บริษัท ห้างหุ้นส่วนสามัญ ดาวอร่าม จำกัด,วรนาฎ ทีฆะ,นครราชสีมา,022-258797
CUST01686,บริษัท หจก.ตรีครุธพันธุ์ จำกัด,นิรันดร์ แน่นดุจป้อม,นนทบุรี,+66 (0) 7455 9461
CUST01687,บริษัท บริษัท ชุมวระ จำกัด จำกัด,วิชา ตั้งรบ,เชียงใหม่,035-192537
CUST01688,บริษัท บริษัท ยาปะโลหิต จำกัด จำกัด,บุญเกิด ราชมณี,อุบลราชธานี,0920370584
CUST01689,บริษัท บริษัท นิลวรรณ จำกัด จำกัด,จิราภรณ์ นิลเสนา,พิษณุโลก,0 630 459 559
CUST01690,บริษัท บจก.ติระคมน์ จำกัด,พิมพ์พิชญา แถมธน,เกาะสมุย,03 778 3058
CUST01691,บริษัท บมจ.ธรรมนิยม จำกัด,ขวัญรุ้ง ภูภักดี,ตรัง,065-904-5869
CUST01692,บริษัท ถนัดอักษรวิศวการ จำกัด,สันชัย ถนัดหัตถกรรม,นนทบุรี,+66 (0) 3340 7367
CUST01693,บริษัท ห้างหุ้นส่วนจำกัด แจ้งสว่างคอนสตรัคชั่น จำกัด,ศจีกาญจน์ ถนัดเดินข่าว,อุดรธานี,0664417104
CUST01694,บริษัท บริษัท ถมปัดบรรจุภัณฑ์ จำกัด จำกัด,วรรณาต ถนอมกุลบุตร,อุดรธานี,0 7168 5652
CUST01695,บริษัท ชมรมนวลเพ็ง จำกัด,อธิวัตร ถุงเงิน,อุบลราชธานี,04 572 4921
CUST01696,บริษัท นามขำเอนเตอรไพรส์ จำกัด,อณาวิน ถ้วนศรี,ปากเกร็ด,098 524 6410
CUST01697,บริษัท หจก.เตชะกำพุวิศวการ จำกัด,ศจีกาญจน์ นิระหานี,นครสวรรค์,02 610 7651
CUST01698,บริษัท บริษัท พรมอ่อน จำกัด จำกัด,มนัญชยา เตมิยะเดช,เกาะสมุย,044637279
CUST01699,บริษัท แจ้งสว่างและเพื่อน จำกัด,อุลัยพร เนื้อนุ่ม,อ้อมน้อย,055-506517
CUST01700,บริษัท ห้างหุ้นส่วนจำกัด เนื้อนุ่มคอนสตรัคชั่น จำกัด,ศรินยา เนื้อนุ่ม,สกลนคร,+665 420 1026
CUST01701,บริษัท บมจ.ถนัดภาษาแอนด์ซันส์ จำกัด,นันทิกานต์ คณานุรักษ์,ระยอง,069 369 1265
CUST01702,บริษัท บริษัท นิษประปัญจ์ จำกัด จำกัด,นิติ ดาบเพ็ชร์,ขอนแก่น,+664 438 7785
CUST01703,บริษัท สมาคมถนัดหัตถกรรม จำกัด,อรพิณ ตันตราจิณ,แหลมฉบัง,+663 327 0913
CUST01704,บริษัท บจก.นพคเชนทร์ จำกัด,กรพนธ์ ดาตู,สุราษฎร์ธานี,0-7858-8371
CUST01705,บริษัท ห้างหุ้นส่วนจำกัด ถนัดเดินข่าว จำกัด,ณภัทร ฉิมพาลี,นนทบุรี,070801355
CUST01706,บริษัท ห้างหุ้นส่วนจำกัด นับเนื่องนอเทรดดิ้ง จำกัด,ธัชญา พงศ์ฉบับนภา,รังสิต,030 901693
CUST01707,บริษัท ศรีธนะเวทย์-นามขำ จำกัด,เรืองเกียรติ นิติสาขา,เชียงราย,080-892-6862
CUST01708,บริษัท ห้างหุ้นส่วนจำกัด สังข์กรด จำกัด,ศุภนุนาย นุ่มกัน,เจ้าพระยาสุรศักดิ์,+663 820 0532
CUST01709,บริษัท บริษัท ตั้งเผ่า จำกัด จำกัด,นพวรรณ ตวันเยี่ยม,อุบลราชธานี,0-7984-5816
CUST01710,บริษัท หจก.นักรบยานยนต์ จำกัด,เลิศเดช บุนยะศัพท์,พิษณุโลก,+665 109 2097
CUST01711,บริษัท ดำริห์ชอบและเดชคุ้ม จำกัด,คมกฤชญ์ เขียวอ่อน,หาดใหญ่,033 261690
CUST01712,บริษัท บริษัทหลักทรัพย์ คณานุรักษ์การบัญชี จำกัด จำกัด,สุรการณ์ แหยมศิริ,ยะลา,07 464 9768
CUST01713,บริษัท สหภาพแรงงานนกทอง จำกัด,จริยฉัตร ดิสกะประกาย,หาดใหญ่,0 896 122 116
CUST01714,บริษัท ห้างหุ้นส่วนจำกัด อุลหัสสา จำกัด,สุภาลินี ธรรมสถิตไพศาล,ยะลา,0-2153-0690
CUST01715,บริษัท ห้างหุ้นส่วนจำกัด ดาตู จำกัด,ภัทราวุธ นะวะมันดร,ลำปาง,02 180 6537
CUST01716,บริษัท ผลบุญ-ทรัพย์สาร จำกัด,นภนต์ นฤทุกข์,นครศรีธรรมราช,054-054393
CUST01717,บริษัท หจก.ศรีตะวัน จำกัด,อนุวัช เมืองสุข,พระนครศรีอยุธยา,043059996
CUST01718,บริษัท บุตราชขนส่ง จำกัด,เถลิงยศ แก้วชลคราม,นครศรีธรรมราช,0639926315
CUST01719,บริษัท บจก.ตระกูลไม้เรียงแลบ จำกัด,ทัตธน ไชยภา,กรุงเทพมหานคร,+66 7804 1926
CUST01720,บริษัท ชมรมคณานุรักษ์ จำกัด,บุญเกิด ถนัดอาวุธ,สมุทรปราการ,0 4396 5190
CUST01721,บริษัท หจก.ไชยภาอิมปอร์ตเอ็กซปอร์ต จำกัด,อธิวัตร แต้กุล,ยะลา,056783235
CUST01722,บริษัท เธียรายัน-โพธิสัตย์ จำกัด,เกษรา ถนัดรบ,ยะลา,+66 5933 9538
CUST01723,บริษัท ถนอมพล-แนวพนิช จำกัด,กะดิรัตน์ ประจันตะเสน,เชียงราย,+66 2351 6628
CUST01724,บริษัท หจก.นามเสวตร จำกัด,ซูไรดา ซาซุม,กรุงเทพมหานคร,07 997 8203
CUST01725,บริษัท ห้างหุ้นส่วนจำกัด หิรัญสาลีและบุตร จำกัด,ฉัตรปรียา ถนัดภาษา,รังสิต,+66 7465 4514
CUST01726,บริษัท ห้างหุ้นส่วนจำกัด ทวนทอง จำกัด,อารีย์ นฤทุกข์,อุดรธานี,0-4862-0036
CUST01727,บริษัท ห้างหุ้นส่วนจำกัด ทับทิมไทย จำกัด,อรรจน์ แถมธน,สมุทรสาคร,+66 (0) 981 682 696
CUST01728,บริษัท บริษัท ตราชู จำกัด (มหาชน) จำกัด,สินสมุทร นพคเชนทร์,กรุงเทพมหานคร,073815433
CUST01729,บริษัท บริษัท ขุนดำมอเตอร์ จำกัด จำกัด,พุทธ ศรีสัตย์,เชียงราย,+66 7866 7354
CUST01730,บริษัท ห้างหุ้นส่วนสามัญ แนวพนิช จำกัด,ทินวัฒน์ ดาวอร่าม,เกาะสมุย,0 2999 2515
CUST01731,บริษัท ห้างหุ้นส่วนจำกัด หนุนสุข จำกัด,กุลปรียา พานเกล้า,สงขลา,097-064-4944
CUST01732,บริษัท ห้างหุ้นส่วนจำกัด ฉัตรอภิเที่ยงค่ำเคมิคอล จำกัด,ลักษมี ทวนไชย์,ภูเก็ต,0-2931-4314
CUST01733,บริษัท สมาคมนุตตาร จำกัด,ศุภชัย ดาตู,นนทบุรี,054 129241
CUST01734,บริษัท บริษัท เมืองสุข จำกัด จำกัด,กฤตเมธ พรสีมา,พระนครศรีอยุธยา,079 187241
CUST01735,บริษัท บริษัท นิละทัต จำกัด (มหาชน) จำกัด,มารีนี ศรีสัตย์,นครปฐม,07 693 2929
CUST01736,บริษัท บริษัท ดาบเงิน จำกัด จำกัด,สุภาพร นักสำหรวจ,เชียงใหม่,+664 894 8609
CUST01737,บริษัท บริษัท บุตราช จำกัด (มหาชน) จำกัด,บุญพา ธรรมเมธา,กรุงเทพมหานคร,+66 950 736 774
CUST01738,บริษัท ห้างหุ้นส่วนจำกัด ตัณสถิตย์เอนเตอรไพรส์ จำกัด,พรชนก ดาวกระจาย,เจ้าพระยาสุรศักดิ์,0 3466 6729
CUST01739,บริษัท บริษัท แนวพนิชอุตสาหกรรม จำกัด จำกัด,ผกาทิพย์ เดชวา,นครราชสีมา,035274222
CUST01740,บริษัท บริษัท ภูภักดี จำกัด (มหาชน) จำกัด,นาวีตา จันอ้น,หาดใหญ่,067-710-6595
CUST01741,บริษัท ชมรมธุวะนุติ์ จำกัด,ถนอมชัย ตรีเภรินทร์,สมุทรปราการ,0-4686-1705
CUST01742,บริษัท นวลเพ็งและทวนทอง จำกัด,ธนวันต์ ถนอมมนุษย์,เชียงราย,068-809-0774
CUST01743,บริษัท บริษัท ไทนิยมขนส่ง จำกัด จำกัด,อชิตะวีร์ แถมธน,พระนครศรีอยุธยา,098 292 8194
CUST01744,บริษัท บริษัท สงประเสริฐเฟอนิชชิ่ง จำกัด จำกัด,กิติวัฒน์ นิติสาขา,ยะลา,+66 (0) 3754 3252
CUST01745,บริษัท ชมรมนาควงษ์ จำกัด,อุษณีย์ ดิศดใน,พระนครศรีอยุธยา,044760760
CUST01746,บริษัท บมจ.ผลบุญภาพยนตร์ จำกัด,ยุศรอน นากกนก,นครปฐม,+667 307 6124
CUST01747,บริษัท บริษัท นวลฉวี จำกัด จำกัด,รังสินี แนวพญา,ระยอง,+66 942 563 643
CUST01748,บริษัท บริษัท ถมังรักษสัตว์แอนด์ซันส์ จำกัด จำกัด,ฮาฟิต ตรีครุธพันธุ์,นครปฐม,02 691 8267
CUST01749,บริษัท ห้างหุ้นส่วนจำกัด บุญบำรุง จำกัด,วัลลภ ถาวรรัตน,ตรัง,073390240
CUST01750,บริษัท ห้างหุ้นส่วนจำกัด ธูปหอมกลการ จำกัด,วรรณกร ถนัดหัตถกรรม,นครราชสีมา,0-5392-0199
CUST01751,บริษัท บริษัท ยางสวยก่อสร้าง จำกัด จำกัด,ทับทิม เดชวา,แม่สอด,+662 255 3645
CUST01752,บริษัท บริษัท ไทยแท้ จำกัด จำกัด,เพทาย หนักแน่น,อ้อมน้อย,081-063-7706
CUST01753,บริษัท บริษัท เวียงจันทึกและบุตร จำกัด (มหาชน) จำกัด,ศรีสวัสดิ์ ทรัพย์ธำรงค์,แม่สอด,093 580 8247
CUST01754,บริษัท ห้างหุ้นส่วนจำกัด ดิศดใน จำกัด,วรนาฎ ตันตราจิณ,กรุงเทพมหานคร,+66 (0) 4706 5644
CUST01755,บริษัท ชมรมตระกูลไม้เรียง จำกัด,เขมจิรา วะคีมัน,นครศรีธรรมราช,040-663901
CUST01756,บริษัท แหยมศิริอุตสาหกรรม จำกัด,อันธิกา ดาวกระจาย,พัทยา,026948879
CUST01757,บริษัท บมจ.พงศ์ฉบับนภา จำกัด,ศิริญา เนื้อนุ่ม,สมุทรปราการ,0845480652
CUST01758,บริษัท บริษัท ธนประทีปยานยนต์ จำกัด จำกัด,ศิรณัฐ ด้วงโสน,สุราษฎร์ธานี,0 4023 3709
CUST01759,บริษัท ห้างหุ้นส่วนสามัญ ศาสตร์ศิลป์ จำกัด,ศรลักษณ์ ไทไชโย,สุราษฎร์ธานี,0 873 428 565
CUST01760,บริษัท บมจ.ดีตพันธุ์เฟอนิชชิ่ง จำกัด,สมใจ ทันยุค,สมุทรปราการ,0 7368 2931
CUST01761,บริษัท หจก.ทองอยู่ จำกัด,ฮาฟิต ถนัดการเขียน,เชียงใหม่,064 426 0346
CUST01762,บริษัท บริษัท ธรรมนิยมแลบ จำกัด จำกัด,นาย นิยมสำหรวจ,เกาะสมุย,027-707097
CUST01763,บริษัท บริษัท นาถะเดชะ จำกัด (มหาชน) จำกัด,ราชัน คำลือ,เชียงราย,0 7192 9715
CUST01764,บริษัท ห้างหุ้นส่วนจำกัด นิลวรรณคอมพิวเตอร์ จำกัด,อับดุลเลาะห์ เตชะกำพุ,นครปฐม,0-3600-4188
CUST01765,บริษัท บจก.ทองปากน้ำก่อสร้าง จำกัด,เพียงกมล นิลสลัว,ภูเก็ต,+66 2799 8584
CUST01766,บริษัท ห้างหุ้นส่วนจำกัด ทองลาภ จำกัด,เจษฏาภรณ์ ตั้งเผ่า,ยะลา,0-2252-9592
CUST01767,บริษัท ธนาคารเขียวขุ้ยอินเตอร์เนชั่นแนล จำกัด จำกัด,ชัชเวศย์ ทองแท้,อ้อมน้อย,0 800 610 976
CUST01768,บริษัท บริษัท นะวะมันดร จำกัด จำกัด,พัสวี ราชมณี,สกลนคร,+66 (0) 2276 0172
CUST01769,บริษัท หจก.ทองประดิฐ จำกัด,พันเทพ นฤทุกข์,กรุงเทพมหานคร,0666582060
CUST01770,บริษัท มูลนิธิเตชะกำพุ จำกัด,กฤตพร นะวะมันดร,นครปฐม,0 993 845 176
CUST01771,บริษัท บมจ.ถนัดรบบริการ จำกัด,นวรรษนันท์ ดุริยพันธุ์,อุบลราชธานี,+662 453 9758
CUST01772,บริษัท บริษัท ขำเอนกแพคกิ้ง จำกัด จำกัด,หรรษธร แจ้งสว่าง,ตรัง,0 5490 1606
CUST01773,บริษัท บมจ.หนักแน่น จำกัด,นิติ ดิศดใน,เชียงราย,+66 (0) 4520 1667
CUST01774,บริษัท ห้างหุ้นส่วนจำกัด ทองสุกเลิศก่อสร้าง จำกัด,มารุด ดาวกระจาย,สุราษฎร์ธานี,0960844068
CUST01775,บริษัท บริษัท ทศโยธิน จำกัด จำกัด,ธนภณ ราชมณี,สงขลา,083 397 4954
CUST01776,บริษัท บริษัท ทรัพย์ธำรงค์ยานยนต์ จำกัด จำกัด,วิชชากร สาระพันธ์,ปากเกร็ด,0-2745-2102
CUST01777,บริษัท บมจ.ถาวระวรณ์ จำกัด,วีระโชติ เตชะกำพุ,แม่สอด,07 951 9002
CUST01778,บริษัท แนวพนิชเซอร์วิส จำกัด,สราญจิตต์ ธนูปกรณ์,สงขลา,07 340 5353
CUST01779,บริษัท ธรรมทินนากลการ จำกัด,อันธิกา ธูปหอม,นครราชสีมา,084-858-3658
CUST01780,บริษัท บริษัท ทวีเดช จำกัด จำกัด,อรจิรา ศาสตร์ศิลป์,ปากเกร็ด,+66 3270 4580
CUST01781,บริษัท ห้างหุ้นส่วนจำกัด ไสยกิจ จำกัด,กิ่งแก้ว พรมอ่อน,นครปฐม,+66 3347 1326
CUST01782,บริษัท บริษัท สาระพันธ์ จำกัด จำกัด,พันธุ์เทพ เมืองสุข,สมุทรสาคร,073-106580
CUST01783,บริษัท บริษัท แหยมศิริ จำกัด จำกัด,ชัชนันท์ อุ่นอก,แม่สอด,+667 974 5937
CUST01784,บริษัท ห้างหุ้นส่วนจำกัด ศรีอุ่นบริการ จำกัด,วิพุธ หอมพิกุล,สกลนคร,+66 (0) 7885 1861
CUST01785,บริษัท บริษัท ทวีเดช จำกัด จำกัด,จันทภา ผลบุญ,รังสิต,085 108 9598
CUST01786,บริษัท เมืองสุขจิวเวลรี่ จำกัด,อธิตยา ขันธุลา,สงขลา,+667 547 4481
CUST01787,บริษัท บจก.ดัตพันธุ์เอ็นจิเนียริ่ง จำกัด,สมปอง ศิวะวรเวท,นครสวรรค์,+66 7033 9104
CUST01788,บริษัท บริษัท ไม้แดง จำกัด จำกัด,เพ็ญยุภา ปานสุวรรณ,พัทยา,+662 907 6605
CUST01789,บริษัท บมจ.นวลฉวีอิมปอร์ตเอ็กซปอร์ต จำกัด,พงษ์นเรศ บัวเผื่อน,เชียงใหม่,+66 3505 7286
CUST01790,บริษัท บริษัท ตัณฑนุช จำกัด จำกัด,จินต์จุฑา ไทยแท้,สงขลา,0-2617-9172
CUST01791,บริษัท บริษัท ตวงทองก่อสร้าง จำกัด จำกัด,ซูฮัยดา ศรีธนะเวทย์,สมุทรปราการ,037-099303
CUST01792,บริษัท บริษัท ดาบเพ็ชร์วิศวการ จำกัด จำกัด,อรจิรา ไทไชโย,ลำปาง,0 2510 7261
CUST01793,บริษัท บริษัท เจริญรัมย์ จำกัด (มหาชน) จำกัด,อัญพัชร์ สุวรรณหงษ์,สุราษฎร์ธานี,0626665440
CUST01794,บริษัท หสน.ถนอมมนุษย์เฟอนิชชิ่ง จำกัด,ดิลก แหยมศิริ,นครศรีธรรมราช,+66 (0) 621 185 009
CUST01795,บริษัท ห้างหุ้นส่วนสามัญ ดวงทับทิม จำกัด,บุญเกิด ศรทอง,แม่สอด,+66 7660 1207
CUST01796,บริษัท บริษัท นิติสาขาอุตสาหกรรม จำกัด จำกัด,ณัฐธภรณ์ นพตระกูล,เกาะสมุย,0 7074 3844
CUST01797,บริษัท ธูปหอมคอมพิวเตอร์ จำกัด,นันทวรรณ ถนัดกลึง,แม่สอด,03 987 8852
CUST01798,บริษัท ห้างหุ้นส่วนจำกัด ดิศดในกรุ๊ป จำกัด,อรจิรา นิระหานี,แม่สอด,0 889 861 674
CUST01799,บริษัท สมาคมฉายแสง จำกัด,ชลิดา พรรษาสกุล,กรุงเทพมหานคร,03 668 8187
CUST01800,บริษัท บจก.ทองแท้เอนเตอรไพรส์ จำกัด,เมทนี ปรีชากุลเศรษฐ์,สมุทรสาคร,+662 575 8972
CUST01801,บริษัท บริษัท วุฑฒยากรแอนด์ซันส์ จำกัด จำกัด,พีระพงศ์พันธ์ ทวนไชย์,สกลนคร,030774736
CUST01802,บริษัท หจก.ดิศดใน จำกัด,ศรีสวัสดิ์ ธรรมทินนา,อุดรธานี,+66 (0) 801 256 604
CUST01803,บริษัท บจก.ยางสวยบริการ จำกัด,อรรจน์ ไทยสุชาต,สกลนคร,0-3478-6669
CUST01804,บริษัท บริษัท นิติสาขาเอเยนซี จำกัด จำกัด,ณัฐธิตา พานเกล้า,เชียงใหม่,070781284
CUST01805,บริษัท ห้างหุ้นส่วนจำกัด สันตะวงศ์ จำกัด,สัญชาน เขียวอ่อน,สมุทรสาคร,036740569
CUST01806,บริษัท บริษัท ศรทองอุตสาหกรรม จำกัด จำกัด,ธนนนท์ นวลฉวี,ภูเก็ต,+66 (0) 640 689 864
CUST01807,บริษัท ตัณสถิตย์-เพียยา จำกัด,สิริกานต์ บุนยาภิสนท์,ยะลา,059 386059
CUST01808,บริษัท ห้างหุ้นส่วนจำกัด ตันเผ่า จำกัด,น้ำเพชร นวลเพ็ง,ลำปาง,0-2815-7414
CUST01809,บริษัท ห้างหุ้นส่วนจำกัด อุลหัสสา จำกัด,พันธุ์เทพ บุนยะตีรณะ,พัทยา,+66 (0) 5606 7247
CUST01810,บริษัท ห้างหุ้นส่วนจำกัด มนทองการค้า จำกัด,จิตรลดา บุญบำรุง,นครราชสีมา,020771510
CUST01811,บริษัท บจก.พีระเพ็ญกุลขนส่ง จำกัด,ศดิศ นิยมสำหรวจ,สุราษฎร์ธานี,+66 874 694 640
CUST01812,บริษัท หจก.ธนูปกรณ์เคมิคอล จำกัด,ไพสิฐ เมืองสุข,แม่สอด,+667 158 1950
CUST01813,บริษัท สมาคมนิลเสนา จำกัด,รัฐพงษ์ นำธวัช,พระนครศรีอยุธยา,037 977083
CUST01814,บริษัท หจก.นำธวัช จำกัด,ชัชนันท์ พรมอ่อน,ตรัง,093-636-1471
CUST01815,บริษัท บริษัท ขำเอนกจิวเวลรี่ จำกัด จำกัด,นาวีตา ถนัดรบ,รังสิต,+66 (0) 2410 5421
CUST01816,บริษัท บจก.ไสยกิจ จำกัด,อลิษา เวียงจันทึก,ขอนแก่น,+66 (0) 5248 3565
CUST01817,บริษัท บริษัท ซาซุมอะไหล่ยนต์ จำกัด จำกัด,วิกิจ นาคพันธุ์,พัทยา,+66 (0) 808 734 427
CUST01818,บริษัท ห้างหุ้นส่วนจำกัด บัวเผื่อนจิวเวลรี่ จำกัด,อธิตยา ถนอมพลกรัง,ระยอง,030-724175
CUST01819,บริษัท หจก.ธนูปกรณ์เฟอร์นิเจอร์ จำกัด,สุพนธ์ แนวพญา,แม่สอด,047524235
CUST01820,บริษัท บริษัท ดาวกระจาย จำกัด จำกัด,อิสรันดร์ นะวะมันดร,กรุงเทพมหานคร,02 445 8748
CUST01821,บริษัท ห้างหุ้นส่วนจำกัด ตะละภัฏการบัญชี จำกัด,ชัญญานุนาย ดุริยพันธุ์,สมุทรปราการ,05 896 0364
CUST01822,บริษัท ห้างหุ้นส่วนจำกัด เนื้อนุ่ม จำกัด,พาสุข ทองสินธุ์,สกลนคร,096 825 4133
CUST01823,บริษัท บจก.ธรรมเมธาบริการ จำกัด,สมนึก ศาสตร์ศิลป์,ยะลา,+66 (0) 3763 8302
CUST01824,บริษัท หจก.นากกนกวิศวการ จำกัด,ไวพจน์ ดุษฎีวนิช,สงขลา,05 717 2959
CUST01825,บริษัท บริษัท จันอ้นเซอร์วิส จำกัด จำกัด,นันทวรรณ ดุริยพันธุ์,รังสิต,+663 553 7420
CUST01826,บริษัท บจก.ชุมวระ จำกัด,มัตติกา ทำประดู่,พระนครศรีอยุธยา,+66 3721 7863
CUST01827,บริษัท ถนิมมาศกลการ จำกัด,ณภัทร ทองเนื้อดี,รังสิต,051-142915
CUST01828,บริษัท นักรบและถุงเงิน จำกัด,พิพิธธน ยาปะโลหิต,ปากเกร็ด,05 794 5564
CUST01829,บริษัท บริษัท ธูปหอมโอสถ จำกัด จำกัด,เจตธนากร ถนัดกลึง,พิษณุโลก,022127785
CUST01830,บริษัท ห้างหุ้นส่วนจำกัด จันทา จำกัด,ปัณณธร ธาราธร,อุดรธานี,034 368259
CUST01831,บริษัท ห้างหุ้นส่วนจำกัด ธนรักษ์ จำกัด,วีระวัฒน์ ธาราธร,นนทบุรี,0 910 803 554
CUST01832,บริษัท บริษัท ถาวรรัตนเฟอนิชชิ่ง จำกัด จำกัด,ฮามีย๊ะ นครเทพ,ลำปาง,0 902 214 926
CUST01833,บริษัท ถนัดภาษาโอสถ จำกัด,สัญชาน ตั้งรบ,นครราชสีมา,0 872 483 119
CUST01834,บริษัท บริษัท เธียรายันแอนด์ซันส์ จำกัด จำกัด,ฐิติวุฒิ ตัณสถิตย์,รังสิต,+667 272 9902
CUST01835,บริษัท บริษัท บินดี จำกัด จำกัด,พีรภัทร์ สันตะวงศ์,ยะลา,04 167 7852
CUST01836,บริษัท ดาวกระจายและถาวรรัตน จำกัด,จักรีรัตน์ ดำริห์ชอบ,สงขลา,098 545 1030
CUST01837,บริษัท บุญญาไลย์และดาวกระจาย จำกัด,สมพิศ ตัณฑนุช,ลำปาง,0 4657 1964
CUST01838,บริษัท บมจ.ตราชู จำกัด,กฤตเมธ สุวรรณหงษ์,แม่สอด,0-3986-5246
CUST01839,บริษัท นาคสุทินคอมมิวนิเคชั่น จำกัด,ณัฐจศักดิ์ ดาวอร่าม,กรุงเทพมหานคร,041 457140
CUST01840,บริษัท ห้างหุ้นส่วนจำกัด ตั้งเผ่า จำกัด,วิเชียร วิลาสินี,พัทยา,027 897536
CUST01841,บริษัท สมาคมถมังรักษสัตว์ จำกัด,นิติ ตั้งกุลงาม,สมุทรสาคร,0951841406
CUST01842,บริษัท บริษัท ทองเนื้อดีการบัญชี จำกัด จำกัด,สุรการณ์ นาฏคายี,ตรัง,+66 856 385 074
CUST01843,บริษัท บมจ.ธรรมสถิตไพศาลอินเตอร์เนชั่นแนล จำกัด,สิทธัญ เตชะกำพุ,ลำปาง,0911454501
CUST01844,บริษัท บริษัท แหยมศิริพืชผล จำกัด จำกัด,วีระวัฒน์ ศรีเผด็จ,ระยอง,0 2063 2725
CUST01845,บริษัท บริษัท เจริญรัมย์ จำกัด จำกัด,เถลิงยศ บุนยาภิสนท์,อุบลราชธานี,0 846 945 802
CUST01846,บริษัท บริษัท บุญบำรุง จำกัด,รชตกร ติณรัตน์,พัทยา,0-3891-3294
CUST01847,บริษัท บริษัท นิลเสนา จำกัด จำกัด,นภนต์ ธูปหอม,รังสิต,+66 3475 6827
CUST01848,บริษัท ห้างหุ้นส่วนจำกัด ตรีครุธพันธุ์คอมพิวเตอร์ จำกัด,ปิยะชาติ บุนยาภิสนท์,อุบลราชธานี,0 5170 2494
CUST01849,บริษัท สมาคมไม้แดง จำกัด,จรรยพร หอมพิกุล,แหลมฉบัง,032086210
CUST01850,บริษัท หสน.นิลสลัว จำกัด,ชรินทร์ทิพย์ ถนัดเดินข่าว,สงขลา,+66 5468 7321
CUST01851,บริษัท บริษัท นิยมสำหรวจ จำกัด จำกัด,หรรษธร พีระเพ็ญกุล,พิษณุโลก,025-810449
CUST01852,บริษัท บริษัท ธัญาโภชน์ซัพพลาย จำกัด จำกัด,ทองรัตน์ ศรีเผด็จ,ตรัง,0-3897-4792
CUST01853,บริษัท บริษัท ทองเนื้อดีการบัญชี จำกัด จำกัด,ปฐม ดำริห์ชอบ,สมุทรปราการ,044-280576
CUST01854,บริษัท บริษัท ตะละภัฏเอเยนซี จำกัด จำกัด,เกษตร ตัณฑนุช,แม่สอด,+663 659 0726
CUST01855,บริษัท ห้างหุ้นส่วนจำกัด เตมิยะเดช จำกัด,ราณี บุนยะศัพท์,เจ้าพระยาสุรศักดิ์,+66 4030 5448
CUST01856,บริษัท ทองแท้พานิช จำกัด,วิเชียร หอมสิน,เจ้าพระยาสุรศักดิ์,+66 2025 4551
CUST01857,บริษัท บริษัท นักสำหรวจซัพพลาย จำกัด (มหาชน) จำกัด,อำพร ตวันเยี่ยม,นครราชสีมา,049-863563
CUST01858,บริษัท บริษัท วาทา จำกัด จำกัด,ฉัตรปรียา ธรรมนิยม,แม่สอด,+66 3448 6759
CUST01859,บริษัท ห้างหุ้นส่วนสามัญ บุนยาภิสนท์ภาพยนตร์ จำกัด,วรรณาต นิยมธรรม,ตรัง,022-968063
CUST01860,บริษัท บริษัท จันทา จำกัด,กรพนธ์ ร่มธิติรัตน์,ขอนแก่น,0-2332-1432
CUST01861,บริษัท แน่นดุจป้อม-ศาสตร์ศิลป์ จำกัด,มลิวรรณ ทวีเดช,แหลมฉบัง,05 499 5916
CUST01862,บริษัท บริษัท ร่มธิติรัตน์และบุตร จำกัด จำกัด,ยศพงศ์ ปานสุวรรณ,ยะลา,+66 (0) 3798 7874
CUST01863,บริษัท ห้างหุ้นส่วนจำกัด ดาวอร่าม จำกัด,ณัฐติญา บุตดา,เจ้าพระยาสุรศักดิ์,0 3592 4456
CUST01864,บริษัท บริษัท นาถะพินธุแลบ จำกัด จำกัด,เอกวิทย์ ศรีตะวัน,นนทบุรี,0-4403-3099
CUST01865,บริษัท ทรัพย์สารก่อสร้าง จำกัด,จำรัส ทองอยู่,พระนครศรีอยุธยา,074 555234
CUST01866,บริษัท บจก.ถนัดรักษาแอนด์ซันส์ จำกัด,สมมล ถนัดเดินข่าว,สมุทรสาคร,029765025
CUST01867,บริษัท หจก.ถนัดรบ จำกัด,เจษฎากร ชำนาญวาด,ระยอง,0 609 134 163
CUST01868,บริษัท ห้างหุ้นส่วนสามัญ พงศ์ฉบับนภา จำกัด,มะลีวัลย์ ชุมวระ,ขอนแก่น,0 7019 2279
CUST01869,บริษัท บริษัท ขุนดำอะไหล่ยนต์ จำกัด จำกัด,นราวรรณ พรรษาสกุล,สมุทรสาคร,+66 (0) 816 005 332
CUST01870,บริษัท ห้างหุ้นส่วนจำกัด ขันธุลาวิศวการ จำกัด,วรรณนิสา ประจันตะเสน,นนทบุรี,+66 926 759 338
CUST01871,บริษัท บริษัท แหยมศิริ จำกัด จำกัด,ศศิรินทร์ ดาตู,แหลมฉบัง,0-3376-8529
CUST01872,บริษัท บริษัท บุญญาไลย์ จำกัด จำกัด,พรรณปพร ทุมะบุตร์,อุบลราชธานี,0 7038 0219
CUST01873,บริษัท บริษัท ถนัดภาษาโอสถ จำกัด จำกัด,วันชนก ศรีสัตย์,พัทยา,023786922
CUST01874,บริษัท หจก.เนื้อนุ่ม จำกัด,พุทธิพงษ์ ศรีอุ่น,สมุทรสาคร,+66 (0) 978 874 505
CUST01875,บริษัท บริษัท นักสำหรวจสโตร์ จำกัด จำกัด,ประภัทร์สรณ์ ธรรมฤดี,หาดใหญ่,+66 (0) 659 228 402
CUST01876,บริษัท ห้างหุ้นส่วนจำกัด สังข์กรดโอสถ จำกัด,ศภัคชคง มนทอง,พระนครศรีอยุธยา,097-479-8478
CUST01877,บริษัท บริษัท ตระกูลบุญ จำกัด จำกัด,ธีรวุฒิ ถมปัด,ยะลา,+66 (0) 2044 9255
CUST01878,บริษัท บริษัท ตระกูลบุญ จำกัด จำกัด,นิภา นาคสุทิน,สกลนคร,+662 947 6461
CUST01879,บริษัท บมจ.นิลสลัวการค้า จำกัด,ปัณณวัชร ศรีธนะเวทย์,สมุทรสาคร,051 813541
CUST01880,บริษัท นิลสลัวแอนด์ซันส์ จำกัด,วัลยา ถนัดเดินข่าว,ลำปาง,0 7612 8918
CUST01881,บริษัท ดีตพันธุ์-แนวพนิช จำกัด,ฟารินี ถิรสวัสดิ์,อ้อมน้อย,+66 (0) 2485 7015
CUST01882,บริษัท หจก.ภูภักดี จำกัด,คมสัน เดชวา,เกาะสมุย,03 384 0954
CUST01883,บริษัท บุญญาไลย์แลบ จำกัด,ธนกิตต์ บุนยะตีรณะ,สมุทรสาคร,038 410265
CUST01884,บริษัท ห้างหุ้นส่วนจำกัด ถ้วนศรีคอมมิวนิเคชั่น จำกัด,เขมจิรา ถ้วนศรี,ตรัง,+66 (0) 927 101 252
CUST01885,บริษัท บริษัท แนวพญา จำกัด จำกัด,ยศพนต์ นิลเสนา,พิษณุโลก,0-7094-9210
CUST01886,บริษัท บริษัท นิยมสำหรวจคอมมิวนิเคชั่น จำกัด จำกัด,เมษา ถนอมมนุษย์,ตรัง,+66 (0) 7465 0140
CUST01887,บริษัท บริษัท เวียงจันทึก จำกัด จำกัด,กุลภาวลัย แหยมศิริ,นครปฐม,+66 4919 6624
CUST01888,บริษัท ห้างหุ้นส่วนจำกัด นพตระกูลจิวเวลรี่ จำกัด,เกศรา นาถะเดชะ,อุดรธานี,0 891 101 014
CUST01889,บริษัท บริษัท นิระหานี จำกัด จำกัด,เบญญาทิพย์ ถนัดภาษา,กรุงเทพมหานคร,03 185 2401
CUST01890,บริษัท บริษัท ซูสารอ จำกัด จำกัด,บุญทิวา ยาปะโลหิต,แหลมฉบัง,+66 3918 3889
CUST01891,บริษัท ห้างหุ้นส่วนจำกัด ถมังรักษสัตว์การบัญชี จำกัด,ฟารินี นิลสุวรรณ์,นครสวรรค์,0 4739 5831
CUST01892,บริษัท หจก.นาควงษ์เอนเตอรไพรส์ จำกัด,จริยฉัตร ทัศนสุทธิ,รังสิต,043590355
CUST01893,บริษัท บริษัท ซูสารอแลบ จำกัด จำกัด,มณียา พรสีมา,อุบลราชธานี,+66 (0) 2873 5947
CUST01894,บริษัท บริษัท สันตะวงศ์วิศวการ จำกัด จำกัด,สิทธิชัย ปานสุวรรณ,พิษณุโลก,+66 (0) 5508 3253
CUST01895,บริษัท บริษัท ยางสวย จำกัด จำกัด,ฐิติวุฒิ ถาวระวรณ์,พิษณุโลก,094 470 7599
CUST01896,บริษัท บริษัท บุณยะภาชน์เอเยนซี จำกัด จำกัด,คำมั่น นามขำ,เจ้าพระยาสุรศักดิ์,075634705
CUST01897,บริษัท ห้างหุ้นส่วนสามัญ ถุงเงิน จำกัด,โกวิทย์ ถนัดหัตถกรรม,นครปฐม,05 275 7884
CUST01898,บริษัท ดำริห์ชอบ-แนวพญา จำกัด,เจษฎากร สังข์กรด,ยะลา,053803951
CUST01899,บริษัท ดาตูกลการ จำกัด,ธัชญา นามเสวตร,พิษณุโลก,075 035382
CUST01900,บริษัท บริษัท ทับทิมไทย จำกัด จำกัด,จันทภา นาคะนคร,ระยอง,+66 (0) 5217 5922
CUST01901,บริษัท ไทยสุชาตขนส่ง จำกัด,สีหราช เนตร์มณี,สุราษฎร์ธานี,0953956598
CUST01902,บริษัท สมาคมถนัดเดินข่าว จำกัด,รภัสพงษ์ บุญส่ง,ขอนแก่น,070-986616
CUST01903,บริษัท ยะผาและนิระหานี จำกัด,สายสุรีย์ ไตรบรรพ,ภูเก็ต,038-124853
CUST01904,บริษัท บริษัท แจ้งสว่าง จำกัด จำกัด,อมัด ไตรบรรพ,รังสิต,0 886 471 777
CUST01905,บริษัท หจก.วิลาสินีการค้า จำกัด,ชัชนันท์ พงศ์ฉบับนภา,ภูเก็ต,022-588663
CUST01906,บริษัท ห้างหุ้นส่วนสามัญ ถนัดรบ จำกัด,พิไลพร ทองประดิฐ,แม่สอด,041-859214
CUST01907,บริษัท บจก.นะวะมันดรและเพื่อน จำกัด,นิรันดร์ ดาวกระจาย,รังสิต,+66 669 289 013
CUST01908,บริษัท ห้างหุ้นส่วนจำกัด เยาวธนโชคเอ็นจิเนียริ่ง จำกัด,ฐิติยาพร ทองประดิฐ,นครศรีธรรมราช,090-749-5269
CUST01909,บริษัท บมจ.นักรบเฟอร์นิเจอร์ จำกัด,อรพิณ พีระเพ็ญกุล,อุดรธานี,0-7026-1752
CUST01910,บริษัท บมจ.ถนัดอักษร จำกัด,ไพสิฐ ศรทอง,สมุทรสาคร,+66 (0) 7730 8095
CUST01911,บริษัท ธรรมเมธาพืชผล จำกัด,นรีกานต์ เยาวธนโชค,ลำปาง,05 145 4788
CUST01912,บริษัท บริษัท ไสยกิจ จำกัด จำกัด,เนตรฤดี ดาวอร่าม,ตรัง,0 2474 8649
CUST01913,บริษัท มูลนิธิทัศนสุทธิ จำกัด,อชิตะวีร์ ไชยภา,ลำปาง,03 103 1513
CUST01914,บริษัท บจก.ทองสุกเลิศ จำกัด,ปิยนาฎ แน่นดุจป้อม,นครศรีธรรมราช,+66 826 433 388
CUST01915,บริษัท ธรรมสถิตไพศาลซัพพลาย จำกัด,อาแอเสาะ ทองปากน้ำ,สงขลา,046175358
CUST01916,บริษัท บริษัท นาคะนครคอมพิวเตอร์ จำกัด จำกัด,ณัฐธิตา ถนัดการเขียน,นนทบุรี,+66 (0) 883 038 909
CUST01917,บริษัท บจก.นิลสลัว จำกัด,สมนึก นิลสลัว,นครราชสีมา,0 991 651 203
CUST01918,บริษัท บริษัท ดีตพันธุ์แอนด์ซันส์ จำกัด จำกัด,ซุกรี นิลสุวรรณ์,นครศรีธรรมราช,+66 (0) 2271 8357
CUST01919,บริษัท หอมสินสโตร์ จำกัด,ยุลิน อุลหัสสา,อุบลราชธานี,069 309 8284
CUST01920,บริษัท หอมพิกุลการบัญชี จำกัด,อัครพนธ์ นิยมธรรม,พัทยา,0839565129
CUST01921,บริษัท บริษัท นะวะมันดรเคมิคอล จำกัด จำกัด,จิรวิทย์ นิลสลัว,นครศรีธรรมราช,077-790053
CUST01922,บริษัท ชมรมพรมอ่อน จำกัด,ชัชเวศย์ ทัศนสุทธิ,เชียงใหม่,+66 (0) 4933 8969
CUST01923,บริษัท ห้างหุ้นส่วนจำกัด นาคพันธุ์ก่อสร้าง จำกัด,เพ็ญพรรษา ศรีตะวัน,นครสวรรค์,+66 918 579 814
CUST01924,บริษัท บมจ.นิยมเซียมคอมพิวเตอร์ จำกัด,วรรณชนะชัย ศรีอุ่น,อุบลราชธานี,+664 554 8546
CUST01925,บริษัท บริษัท ถนัดพิมพการ จำกัด จำกัด,ทินพร ศรทอง,สกลนคร,039006291
CUST01926,บริษัท ธัญเสถียรก่อสร้าง จำกัด,วาร์มูฮำหมัด ทรงโกมล,นครสวรรค์,0-2453-5050
CUST01927,บริษัท บริษัท แนวพญาการบัญชี จำกัด (มหาชน) จำกัด,พิมพ์ประภา ทองสีไพล,ระยอง,097-091-3906
CUST01928,บริษัท ห้างหุ้นส่วนจำกัด ฉัพพรรณธนกูรอินเตอร์เนชั่นแนล จำกัด,นาวีตา ศรีอุ่น,อุดรธานี,03 364 9388
CUST01929,บริษัท ดุริยพันธุ์สโตร์ จำกัด,ฌาฆีภัตฐ์ จันทา,ปากเกร็ด,0 628 981 164
CUST01930,บริษัท บจก.ดัตพันธุ์ยานยนต์ จำกัด,จุฑาภรณ์ เขียวขุ้ย,นครศรีธรรมราช,+66 (0) 841 726 777
CUST01931,บริษัท บริษัท ขอหมั่นกลาง จำกัด จำกัด,ปาริตา ทองเนื้อดี,แม่สอด,057 104164
CUST01932,บริษัท ห้างหุ้นส่วนจำกัด นุชแนวนุ่ม จำกัด,เกียรติศักดิ์ มนทอง,สกลนคร,0871616977
CUST01933,บริษัท หจก.วะคีมัน จำกัด,ทวีวัฒน์ ภูภักดี,ลำปาง,039-493470
CUST01934,บริษัท ห้างหุ้นส่วนจำกัด เขียวขุ้ย จำกัด,ณิชาภัทร เลขะพันธุ์,นครสวรรค์,056-005079
CUST01935,บริษัท ทหารแท้-ศรีเผด็จ จำกัด,กุลดิลก บุญส่ง,ภูเก็ต,+66 (0) 5907 9341
CUST01936,บริษัท บมจ.ซาซุม จำกัด,มารุด นักสำหรวจ,นนทบุรี,0-4817-1600
CUST01937,บริษัท บริษัท อัตตนาถแอนด์ซันส์ จำกัด จำกัด,วิรศักดิ์ บุญญาภิรมย์,เชียงราย,+66 882 700 136
CUST01938,บริษัท บริษัท ฉิมพาลีซัพพลาย จำกัด จำกัด,จิราภรณ์ ศรีธนะเวทย์,เชียงราย,0841149791
CUST01939,บริษัท ห้างหุ้นส่วนจำกัด ศรทองเฟอร์นิเจอร์ จำกัด,พิมพ์ประภา คำลือ,เกาะสมุย,+66 (0) 5295 9687
CUST01940,บริษัท ห้างหุ้นส่วนจำกัด ศาสตร์ศิลป์อุตสาหกรรม จำกัด,เฉลิมพล นิระหานี,นครสวรรค์,+66 (0) 3696 4744
CUST01941,บริษัท บริษัท ยะผา จำกัด จำกัด,บุญเกิด ทวนไชย์,พิษณุโลก,089 646 9707
CUST01942,บริษัท คำลือเคมิคอล จำกัด,มนรัตน์ ซูสารอ,ตรัง,+66 (0) 5734 1181
CUST01943,บริษัท หจก.ทัศนสุทธิ จำกัด,นวรรษนันท์ วาทา,สมุทรปราการ,090-998-1981
CUST01944,บริษัท หจก.ทองลาภและเพื่อน จำกัด,อุษณีย์ นพคเชนทร์,หาดใหญ่,+66 (0) 2859 9648
CUST01945,บริษัท หจก.นิลสุวรรณ์เทรดดิ้ง จำกัด,บุญทิวา ทองปากน้ำ,อุดรธานี,+66 5648 8341
CUST01946,บริษัท ศรีสัตย์และจันอ้น จำกัด,อนุบาล ทวนไชย์,นครสวรรค์,089-591-1397
CUST01947,บริษัท ห้างหุ้นส่วนจำกัด ไทนิยม จำกัด,พรสวรรค์ ทันยุค,เชียงราย,+66 5215 8168
CUST01948,บริษัท สหภาพแรงงานธนประทีป จำกัด,เพ็ญพรรษา กุมารบุญ,ระยอง,0 4685 0545
CUST01949,บริษัท บมจ.นิลเสนา จำกัด,ชัฎชา จันทา,ภูเก็ต,07 634 7666
CUST01950,บริษัท บจก.ทองเนื้อดี จำกัด,ยอดแมน ถนัดการยนต์,อุดรธานี,0887915066
CUST01951,บริษัท บมจ.นิลวิมลเฟอนิชชิ่ง จำกัด,ทัตธน ถนอมพลกรัง,ภูเก็ต,045 118732
CUST01952,บริษัท บริษัท ศรีวงค์ จำกัด จำกัด,ภาสวุฒิ ดาตู,ปากเกร็ด,0 4897 3936
CUST01953,บริษัท ห้างหุ้นส่วนจำกัด ฉายแสงการบัญชี จำกัด,สุรนัย ถนัดรบ,หาดใหญ่,0-4600-6658
CUST01954,บริษัท บริษัท ทวนทองการช่าง จำกัด จำกัด,ปัญญาพร ทำประดู่,เชียงราย,069 495 9337
CUST01955,บริษัท บริษัท พรมอ่อน จำกัด จำกัด,พิศพรรณ ดิสกะประกาย,นครปฐม,030998253
CUST01956,บริษัท ห้างหุ้นส่วนจำกัด ทองสุกเลิศ จำกัด,เรืองเกียรติ แก้วอยู่,ระยอง,+66 (0) 7862 5685
CUST01957,บริษัท บริษัท ปานสุวรรณคอนสตรัคชั่น จำกัด (มหาชน) จำกัด,ปฐวีกานต์ นักรบ,พระนครศรีอยุธยา,038864796
CUST01958,บริษัท บริษัท หนุนสุขการบัญชี จำกัด จำกัด,ชรินทร์ทิพย์ ซูสารอ,รังสิต,0 3480 9106
CUST01959,บริษัท บริษัท นักสำหรวจ จำกัด จำกัด,เขียว สาระพันธ์,สุราษฎร์ธานี,+667 617 2906
CUST01960,บริษัท ห้างหุ้นส่วนจำกัด บุตราช จำกัด,พัชรีนิษฐ์ ดีตพันธุ์,เจ้าพระยาสุรศักดิ์,033-916888
CUST01961,บริษัท บริษัท บุญญาภิรมย์ภาพยนตร์ จำกัด จำกัด,ยุภา ไสยกิจ,อุดรธานี,03 500 6874
CUST01962,บริษัท บุนยะศัพท์-ขันธุลา จำกัด,ดวงพร ตัณสถิตย์,ระยอง,0 7506 7020
CUST01963,บริษัท หนุนสุขและมิ่งขวัญ จำกัด,พิศพรรณ พงศ์ฉบับนภา,ตรัง,0621054981
CUST01964,บริษัท บจก.เช้าวันดีเซอร์วิส จำกัด,ณัฐวรินทร ทรงโกมล,อ้อมน้อย,0 3134 2990
CUST01965,บริษัท สมาคมทุมะบุตร์ จำกัด,จันทภา นับเนื่องนอ,นครราชสีมา,0 879 423 267
CUST01966,บริษัท บริษัท ทรัพย์สาร จำกัด จำกัด,บุญพา ทรัพย์สาร,สมุทรสาคร,0-5623-7494
CUST01967,บริษัท ดาวอร่ามและเยาวธนโชค จำกัด,สิรวัฒน์ ถนัดภาษา,สุราษฎร์ธานี,+66 612 777 585
CUST01968,บริษัท มูลนิธิติณรัตน์ จำกัด,ศุภชัย เวียงจันทึก,สงขลา,057-426264
CUST01969,บริษัท นักรบกลการ จำกัด,เพ็ญยุภา ประจันตะเสน,ตรัง,04 051 7979
CUST01970,บริษัท บจก.นิลเสนา จำกัด,เอกอธิพงษ์ นรวิทย์โชติกุล,ปากเกร็ด,067 936 7142
CUST01971,บริษัท บริษัท บุญส่ง จำกัด จำกัด,ณภัทร ธุวะนุติ์,ลำปาง,+665 629 8526
CUST01972,บริษัท กุมารบุญแพคกิ้ง จำกัด,ศุภกรชนา ดิศดใน,นครสวรรค์,+66 (0) 658 194 858
CUST01973,บริษัท บริษัท แหยมศิริ จำกัด,วสิตา หนักแน่น,สมุทรสาคร,0 4094 2816
CUST01974,บริษัท บริษัท ประจันตะเสนเคมิคอล จำกัด จำกัด,จณิตตา ถนอมพลกรัง,หาดใหญ่,+66 (0) 855 048 600
CUST01975,บริษัท บมจ.ธัญาโภชน์จิวเวลรี่ จำกัด,วิถี นิยมเซียม,สกลนคร,0-4462-6351
CUST01976,บริษัท บริษัท ทุมะบุตร์ จำกัด จำกัด,อริสรา เธียรายัน,พระนครศรีอยุธยา,090 451 5470
CUST01977,บริษัท ตันตราจิณเฟอร์นิเจอร์ จำกัด,เถลิงยศ ยางสวย,ลำปาง,080 437 3107
CUST01978,บริษัท บริษัท นครเทพและบุตร จำกัด จำกัด,พันธุ์เทพ ดิสกะประกาย,ขอนแก่น,097 032 8799
CUST01979,บริษัท บริษัท ราชมณี จำกัด จำกัด,ยศพนต์ ซูสารอ,นนทบุรี,03 249 2317
CUST01980,บริษัท บริษัท ทำประดู่อิมปอร์ตเอ็กซปอร์ต จำกัด (มหาชน) จำกัด,วิรชัย ถนอมกุลบุตร,สุราษฎร์ธานี,+66 2776 4649
CUST01981,บริษัท ห้างหุ้นส่วนจำกัด ตระกูลบุญ จำกัด,ยูซุฟ นาถะเดชะ,เจ้าพระยาสุรศักดิ์,043083055
CUST01982,บริษัท บริษัท นฤทุกข์ จำกัด จำกัด,เมทนี นพตระกูล,รังสิต,05 798 7992
CUST01983,บริษัท หจก.ถมังรักษสัตว์เฟอนิชชิ่ง จำกัด,กุลเชษฐ นิลวรรณ,กรุงเทพมหานคร,054 609428
CUST01984,บริษัท นฤภัยเฟอนิชชิ่ง จำกัด,รชตกร ธรรมนิยม,สงขลา,+66 (0) 2947 1027
CUST01985,บริษัท หจก.ศรีอุ่นคอมมิวนิเคชั่น จำกัด,จีราภรณ์ ประจันตะเสน,หาดใหญ่,0846464734
CUST01986,บริษัท บริษัท ตรีเภรินทร์อินเตอร์เนชั่นแนล จำกัด จำกัด,ประวี ตราชู,พระนครศรีอยุธยา,053945612
CUST01987,บริษัท หสน.เธียรายัน จำกัด,อาซือมะ ธูปหอม,นนทบุรี,058642863
CUST01988,บริษัท มูลนิธินิลสุวรรณ์ จำกัด,มนรัตน์ นิลเสนา,พัทยา,031 861257
CUST01989,บริษัท ศรีวงค์-เช้าวันดี จำกัด,จิราภรณ์ นำธวัช,นครราชสีมา,+662 383 6492
CUST01990,บริษัท บจก.ปรีชากุลเศรษฐ์ภาพยนตร์ จำกัด,เกศรา เช้าวันดี,ลำปาง,0 5666 8715
CUST01991,บริษัท นุตตารและธูปหอม จำกัด,ปุณณรัตน์ ปรีชากุลเศรษฐ์,ลำปาง,03 828 7253
CUST01992,บริษัท บมจ.บุณยะภาชน์คอมพิวเตอร์ จำกัด,ทรรศนชัย อัตตนาถ,ตรัง,0 5281 5256
CUST01993,บริษัท มูลนิธิเพียยา จำกัด,ธัญญกัญญา ถนัดการเขียน,พระนครศรีอยุธยา,0-5131-8502
CUST01994,บริษัท มูลนิธินิยมสำหรวจ จำกัด,ดวงสมร นพตระกูล,ตรัง,+667 219 0476
CUST01995,บริษัท หจก.นานายนเทรดดิ้ง จำกัด,ประสิทธิ์ ดุริยพันธุ์,หาดใหญ่,059 120375
CUST01996,บริษัท ห้างหุ้นส่วนจำกัด ทำประดู่การค้า จำกัด,ปุณณรัตน์ ธุวะนุติ์,หาดใหญ่,077 083340
CUST01997,บริษัท ห้างหุ้นส่วนจำกัด ศรีสัตย์ จำกัด,อรุณี ธรรมนิยม,รังสิต,033-997211
CUST01998,บริษัท พรรษาสกุล-แท่นทอง จำกัด,กฤตเมธ ศรีตะวัน,พิษณุโลก,0 5334 0305
CUST01999,บริษัท บริษัท หอมสินกลการ จำกัด (มหาชน) จำกัด,ยนงคราญ ถ้วนศรี,เชียงราย,+66 (0) 5693 9740
CUST02000,บริษัท สหภาพแรงงานเช้าวันดี จำกัด,วีระวัฒน์ นวลฉวี,นครปฐม,+66 2598 1726
CUST02001,บริษัท หจก.คำลืออินเตอร์เนชั่นแนล จำกัด,ขอดิเยาะ เลขะพันธุ์,นนทบุรี,+66 3104 9349
CUST02002,บริษัท บริษัท นฤทุกข์เอนเตอรไพรส์ จำกัด จำกัด,ทิมาภรณ์ ดัตพันธุ์,อ้อมน้อย,039665478
CUST02003,บริษัท หสน.ทัศนสุทธิ จำกัด,มาสิตะ ทองสินธุ์,นครราชสีมา,079 776696
CUST02004,บริษัท บริษัท ตันยาสโตร์ จำกัด จำกัด,พุทธ วุฑฒยากร,นครปฐม,055-394855
CUST02005,บริษัท บริษัท แท่นทอง จำกัด (มหาชน) จำกัด,สมมล ธรรมนิยม,แม่สอด,+665 617 2018
CUST02006,บริษัท เยาวธนโชคและเพื่อน จำกัด,อณาวิน ทวีเดช,เชียงราย,07 810 8417
CUST02007,บริษัท บจก.ธรรมฤดี จำกัด,ธัชญา ทองสินธุ์,รังสิต,053 501959
CUST02008,บริษัท บริษัท นครเทพ จำกัด จำกัด,นรีกานต์ ถนัดรบ,ยะลา,+66 (0) 887 223 854
CUST02009,บริษัท บริษัท ดิศดในเอเยนซี จำกัด (มหาชน) จำกัด,วิสาร ทันยุค,ลำปาง,091 832 5729
CUST02010,บริษัท หจก.ชุมวระเคมิคอล จำกัด,ชรินทร์ทิพย์ ทรัพย์สาร,ตรัง,036-897897
CUST02011,บริษัท บริษัท นครเทพ จำกัด จำกัด,สุรนีย์ หอมพิกุล,พระนครศรีอยุธยา,+66 (0) 888 357 143
CUST02012,บริษัท ห้างหุ้นส่วนจำกัด เนื่องนนท์ จำกัด,สุกฤษตา ถุงเงิน,อุดรธานี,0 808 975 752
CUST02013,บริษัท ห้างหุ้นส่วนจำกัด พานเกล้า จำกัด,กองสิน ธรรมทินนา,แหลมฉบัง,072-692821
CUST02014,บริษัท บริษัท บุณยะภาชน์เทรดดิ้ง จำกัด จำกัด,ธีร์ธวันาย ยางสวย,ขอนแก่น,055730458
CUST02015,บริษัท สหภาพแรงงานติณรัตน์ จำกัด,ศศินา ตรีเภรินทร์,กรุงเทพมหานคร,+66 (0) 4164 3224
CUST02016,บริษัท บริษัท สงประเสริฐเอ็นจิเนียริ่ง จำกัด จำกัด,จำรัส ตั้งรบ,นนทบุรี,+66 5626 4270
CUST02017,บริษัท บริษัท ตรีครุธพันธุ์ขนส่ง จำกัด จำกัด,อนิวัฒน์ กุมารบุญ,ลำปาง,03 405 1698
CUST02018,บริษัท ทัศนสุทธิ-อุ่นอก จำกัด,ณิชนันท์ ถาวระวรณ์,เกาะสมุย,07 921 7251
CUST02019,บริษัท จ้อยนุแสงและนครเทพ จำกัด,โสภณ ตระกูลไม้เรียง,รังสิต,+664 175 4657
CUST02020,บริษัท บริษัท นามเสวตร จำกัด (มหาชน) จำกัด,กองสิน นิยมเซียม,นนทบุรี,0 2334 3046
CUST02021,บริษัท ห้างหุ้นส่วนจำกัด ธรรมฤดี จำกัด,วีระวัฒน์ ขำเอนก,ตรัง,+662 732 2042
CUST02022,บริษัท บจก.ยะผาสโตร์ จำกัด,สัญชาน แนวพญา,ขอนแก่น,060-142-4991
CUST02023,บริษัท ห้างหุ้นส่วนสามัญ ถาวรรัตน จำกัด,เบญญาทิพย์ ทรัพย์สาร,เกาะสมุย,049677633
CUST02024,บริษัท บริษัท นิระหานีสโตร์ จำกัด จำกัด,ปิ่นบุญญา แนวพญา,นนทบุรี,037585260
CUST02025,บริษัท ทองอยู่และดวงทับทิม จำกัด,สรรเพชญ์ ถนอมพลกรัง,เกาะสมุย,086-903-7100
CUST02026,บริษัท บริษัท ธุวะนุติ์ จำกัด จำกัด,อรพิณ เธียรายัน,พิษณุโลก,046-808394
CUST02027,บริษัท ตราชูเซอร์วิส จำกัด,สุไฮลัน แนวพญา,รังสิต,027798053
CUST02028,บริษัท แถมธน-ถิรสวัสดิ์ จำกัด,ณัฐญาดา บุณยะภาชน์,อ้อมน้อย,065-158-0927
CUST02029,บริษัท ห้างหุ้นส่วนจำกัด ธรรมสถิตไพศาลการช่าง จำกัด,ศรินยา ตวงทอง,นครราชสีมา,07 985 7333
CUST02030,บริษัท หจก.ซูสารอ จำกัด,ศิริญา ตั้งรบ,ภูเก็ต,+66 (0) 4333 3240
CUST02031,บริษัท ธนาคารศรีสัตย์เซอร์วิส จำกัด จำกัด,อเนชา ทศโยธิน,พิษณุโลก,073-982070
CUST02032,บริษัท หจก.ถนัดการยนต์ จำกัด,อับดุลเลาะห์ นวลฉวี,นครสวรรค์,062 305 3214
CUST02033,บริษัท สมาคมดุริยพันธุ์ จำกัด,แปลง ทองแท้,อุบลราชธานี,0 4120 7376
CUST02034,บริษัท ห้างหุ้นส่วนจำกัด ทองสีไพล จำกัด,อนุวัช ดำริห์ชอบ,สกลนคร,0 999 282 069
CUST02035,บริษัท สมาคมธูปะวิโรจน์ จำกัด,ศภัคชคง สุวรรณหงษ์,ขอนแก่น,0 4507 9934
CUST02036,บริษัท บริษัท ด้วงโสน จำกัด จำกัด,สมพิศ ถาวระวรณ์,ระยอง,070316780
CUST02037,บริษัท บริษัท ซูสารอ จำกัด จำกัด,วิชา บุญญาไลย์,สมุทรปราการ,0-5524-9642
CUST02038,บริษัท จันอ้นและพรมอ่อน จำกัด,ณัฐศักดิ์ พงศ์ฉบับนภา,สมุทรสาคร,0 940 443 473
CUST02039,บริษัท ธนาคารเมืองสุข จำกัด จำกัด,ธเนษฐ บุญศล,เชียงใหม่,04 416 0898
CUST02040,บริษัท ไทนิยมแลบ จำกัด,ฉัตรปรียา นวลเพ็ง,ระยอง,030 860493
CUST02041,บริษัท ทรัพย์สารแอนด์ซันส์ จำกัด,ศิรินันท์ หอมสิน,เกาะสมุย,054-341497
CUST02042,บริษัท บริษัท สุวรรณหงษ์ จำกัด จำกัด,พลภูมิ นิติสาขา,สมุทรปราการ,+66 (0) 668 425 469
CUST02043,บริษัท ห้างหุ้นส่วนจำกัด ตั้งเผ่าเซอร์วิส จำกัด,ดิลก นิระหานี,อุบลราชธานี,035340875
CUST02044,บริษัท บริษัท เจริญรัมย์ จำกัด (มหาชน) จำกัด,หรรษา นิยมธรรม,สุราษฎร์ธานี,0-4967-0957
CUST02045,บริษัท สันตะวงศ์-ถนัดภาษา จำกัด,ณภัทร ไทไชโย,อ้อมน้อย,058462567
CUST02046,บริษัท บริษัท ถนัดการยนต์ จำกัด จำกัด,เมทนี นพตระกูล,อ้อมน้อย,078530320
CUST02047,บริษัท สหภาพแรงงานทศโยธิน จำกัด,อาซือมะ ยาปะโลหิต,พิษณุโลก,02 953 5139
CUST02048,บริษัท ทองแท้และถนัดการเขียน จำกัด,ทิพย์วารี ธูปหอม,อุดรธานี,+664 619 3620
CUST02049,บริษัท บริษัท ถนอมพลกรัง จำกัด จำกัด,คำ เณรานุสนธิ์,พิษณุโลก,+66 (0) 2478 3987
CUST02050,บริษัท ทองลาภพืชผล จำกัด,ทานตะวัน บุญญาไลย์,แหลมฉบัง,0 886 288 629
CUST02051,บริษัท ห้างหุ้นส่วนจำกัด จันอ้นการบัญชี จำกัด,ภัคชนน ไทไชโย,เจ้าพระยาสุรศักดิ์,0661843505
CUST02052,บริษัท ห้างหุ้นส่วนสามัญ นิยมธรรมจิวเวลรี่ จำกัด,พิมพ์ประภา ทวนทอง,ยะลา,053-524358
CUST02053,บริษัท ห้างหุ้นส่วนจำกัด ธนรักษ์ จำกัด,สุกฤษตา ซาซุม,พระนครศรีอยุธยา,040-933156
CUST02054,บริษัท บริษัท ธุวะนุติ์การค้า จำกัด จำกัด,ศุภาศิล จันทา,นนทบุรี,054-279124
CUST02055,บริษัท ห้างหุ้นส่วนจำกัด ราชมณีและบุตร จำกัด,ยศวัฒน์ พรสีมา,นนทบุรี,0-4121-1939
CUST02056,บริษัท แหยมศิริขนส่ง จำกัด,ชิดชนก ถนัดกลึง,ปากเกร็ด,0 2328 3583
CUST02057,บริษัท บริษัท ปานสุวรรณภาพยนตร์ จำกัด จำกัด,โชคภาดล บุนยะศัพท์,เชียงใหม่,072-122216
CUST02058,บริษัท บริษัท บัวเผื่อน จำกัด จำกัด,ณัฐธิตา ไทไชโย,เชียงราย,03 906 0312
CUST02059,บริษัท บริษัท ศรีอุ่น จำกัด จำกัด,มูฮัมหมัดอิมรอน ปรีชากุลเศรษฐ์,นครราชสีมา,046 640815
CUST02060,บริษัท บจก.ถนัดภาษา จำกัด,ฤทธิ์ชกร นุ่มกัน,แม่สอด,+664 104 3204
CUST02061,บริษัท หจก.ถนัดกลึง จำกัด,ขวัญรุ้ง ตันยา,ยะลา,+66 (0) 7949 1486
CUST02062,บริษัท หจก.เจริญรัมย์ซัพพลาย จำกัด,กะดิรัตน์ ประจันตะเสน,พิษณุโลก,0 4279 2973
CUST02063,บริษัท ห้างหุ้นส่วนจำกัด ทองสินธุ์ซัพพลาย จำกัด,ศศิยา ถนัดภาษา,อุบลราชธานี,0 3532 5585
CUST02064,บริษัท ห้างหุ้นส่วนสามัญ ถนอมพลกรัง จำกัด,กฤตเมธ ดำริห์ชอบ,เชียงใหม่,077420627
CUST02065,บริษัท บมจ.ปรีชากุลเศรษฐ์เทรดดิ้ง จำกัด,กิติยาธรณ์ หนักแน่น,ภูเก็ต,+664 385 2424
CUST02066,บริษัท สมาคมถมปัด จำกัด,ธีรลักษณ์ ทันยุค,แหลมฉบัง,0 2529 1738
CUST02067,บริษัท หสน.นิลวิมลอุตสาหกรรม จำกัด,สุชิน ภูภักดี,ระยอง,023757118
CUST02068,บริษัท หจก.ทรงโกมลแพคกิ้ง จำกัด,เอกวิทย์ นะวะมันดร,หาดใหญ่,+66 (0) 830 188 079
CUST02069,บริษัท บริษัท นิยมสำหรวจมอเตอร์ จำกัด จำกัด,ปิยบุตร นุ่มกัน,อุดรธานี,+66 994 456 726
CUST02070,บริษัท หจก.ฉายแสงจิวเวลรี่ จำกัด,ทินพร นิลวรรณ,เจ้าพระยาสุรศักดิ์,0 980 868 809
CUST02071,บริษัท บจก.นะวะมันดร จำกัด,ธนนนท์ นวลเพ็ง,กรุงเทพมหานคร,0 2987 8972
CUST02072,บริษัท บริษัท ศรีธนะเวทย์กรุ๊ป จำกัด (มหาชน) จำกัด,ใกล้รุ่ง เธียรายัน,หาดใหญ่,+66 (0) 4932 5940
CUST02073,บริษัท ปรีชากุลเศรษฐ์-ทองอยู่ จำกัด,คมกริบ ทุมะบุตร์,กรุงเทพมหานคร,076 777810
CUST02074,บริษัท บริษัท นิยมเซียมเอเยนซี จำกัด จำกัด,โชคภาดล คณานุรักษ์,สมุทรสาคร,084-798-1954
CUST02075,บริษัท บจก.ศรีเผด็จเอ็นจิเนียริ่ง จำกัด,สุชิน ธัญเสถียร,พิษณุโลก,076-969136
CUST02076,บริษัท บมจ.อัตตนาถแพคกิ้ง จำกัด,ประสิทธิ์ บุณยะภาชน์,ปากเกร็ด,028-850476
CUST02077,บริษัท หจก.ธรรมฤดี จำกัด,สมเกียรติ เยาวธนโชค,รังสิต,088-613-8315
CUST02078,บริษัท มูลนิธิบุณยะภาชน์ จำกัด,ฐิติยาพร นิษประปัญจ์,นครสวรรค์,02 154 4943
CUST02079,บริษัท ห้างหุ้นส่วนจำกัด ทองลาภ จำกัด,นาทภูวพัฒน์ นพคเชนทร์,ภูเก็ต,02 900 7928
CUST02080,บริษัท ห้างหุ้นส่วนจำกัด หิรัญสาลีอินเตอร์เนชั่นแนล จำกัด,อรพิณ ดาวอร่าม,อ้อมน้อย,0830367452
CUST02081,บริษัท ห้างหุ้นส่วนจำกัด ถนอมกุลบุตร จำกัด,ซูไรดา ฉิมพาลี,นครศรีธรรมราช,022685402
CUST02082,บริษัท หจก.บุญบำรุง จำกัด,รอซีด๊ะ ตันตราจิณ,สกลนคร,0-7398-5766
CUST02083,บริษัท บริษัท ทรัพย์ธำรงค์กลการ จำกัด (มหาชน) จำกัด,นันทวรรณ ธรรมนิยม,ภูเก็ต,034137431
CUST02084,บริษัท สมาคมธาราธร จำกัด,อรรจน์ ตรีครุธพันธุ์,ขอนแก่น,+665 731 0400
CUST02085,บริษัท ห้างหุ้นส่วนจำกัด ไทยสุชาต จำกัด,ยุภา พีระเพ็ญกุล,ระยอง,+66 (0) 2357 5004
CUST02086,บริษัท ห้างหุ้นส่วนจำกัด ถุงเงินและเพื่อน จำกัด,ใกล้รุ่ง เตชะกำพุ,เชียงใหม่,0 7872 7536
CUST02087,บริษัท บริษัท ขอหมั่นกลางเฟอนิชชิ่ง จำกัด จำกัด,มะสูเกียน ถนอมพล,ระยอง,098-085-1785
CUST02088,บริษัท สมาคมปานสุวรรณ จำกัด,พาสุข สุวรรณหงษ์,ระยอง,045 901479
CUST02089,บริษัท บริษัท นวลฉวียานยนต์ จำกัด จำกัด,คมกฤชญ์ ถมปัด,สุราษฎร์ธานี,056638853
CUST02090,บริษัท บริษัท พงศ์ฉบับนภาคอนสตรัคชั่น จำกัด จำกัด,ประจิน ถนัดเดินข่าว,เจ้าพระยาสุรศักดิ์,03 687 2185
CUST02091,บริษัท แนวพนิชและหิรัญสาลี จำกัด,ศิรินันท์ ดาตู,ขอนแก่น,064-250-6283
CUST02092,บริษัท ห้างหุ้นส่วนสามัญ นุชแนวนุ่ม จำกัด,สิริ ทหารแท้,พัทยา,+66 4331 5930
CUST02093,บริษัท ฉัพพรรณธนกูรพานิช จำกัด,กิติวัฒน์ แจ้งสว่าง,พิษณุโลก,0657594149
CUST02094,บริษัท ห้างหุ้นส่วนจำกัด ร่มธิติรัตน์ จำกัด,สุพัตร แหยมศิริ,ขอนแก่น,022 754410
CUST02095,บริษัท หจก.ซาซุมอะไหล่ยนต์ จำกัด,นิติ เนตร์มณี,นครศรีธรรมราช,037-613554
CUST02096,บริษัท ห้างหุ้นส่วนจำกัด ทองประดิฐ จำกัด,ประวี ทองปากน้ำ,นนทบุรี,07 556 2372
CUST02097,บริษัท บริษัท ถนัดรักษาเซอร์วิส จำกัด (มหาชน) จำกัด,พรชนก นรวิทย์โชติกุล,พัทยา,0 5368 0727
CUST02098,บริษัท บริษัท ดิศดใน จำกัด (มหาชน) จำกัด,ดวงพร ตวงทอง,สกลนคร,039-451902
CUST02099,บริษัท ห้างหุ้นส่วนจำกัด ปานสุวรรณจิวเวลรี่ จำกัด,วรินทธิ์ธร ทศโยธิน,นครปฐม,0919321685
CUST02100,บริษัท ห้างหุ้นส่วนจำกัด นาคสุทินแอนด์ซันส์ จำกัด,สรรเพชญ์ นิลสลัว,เชียงราย,0652356953
CUST02101,บริษัท ห้างหุ้นส่วนจำกัด บุนยะศัพท์ จำกัด,ตอฮา นิลวิมล,สมุทรสาคร,+66 4355 9183
CUST02102,บริษัท ห้างหุ้นส่วนจำกัด ตะละภัฏยานยนต์ จำกัด,บุญญกัลป์ ทองแท้,นครราชสีมา,0802796729
CUST02103,บริษัท ห้างหุ้นส่วนสามัญ ตั้งกุลงาม จำกัด,ประยุทธ์ เยาวธนโชค,นนทบุรี,+664 721 5719
CUST02104,บริษัท บจก.ตันตราจิณอิมปอร์ตเอ็กซปอร์ต จำกัด,จักรพันธ์ นามขำ,ลำปาง,0-4940-9714
CUST02105,บริษัท บจก.นิลวรรณและเพื่อน จำกัด,ฐิติณัฐฐา บินดี,สกลนคร,075222755
CUST02106,บริษัท หจก.ปรีชากุลเศรษฐ์เคมิคอล จำกัด,ภัคชนน ศรีเผด็จ,รังสิต,+665 416 5259
CUST02107,บริษัท บริษัท แจ้งสว่างซัพพลาย จำกัด จำกัด,สุไฮลัน ผลบุญ,พัทยา,07 897 9782
CUST02108,บริษัท บจก.ถนอมกุลบุตรเฟอนิชชิ่ง จำกัด,ผดุงชาติ หอมสิน,อ้อมน้อย,0 5973 6182
CUST02109,บริษัท หจก.นาคสุทินคอนสตรัคชั่น จำกัด,ศศิยา ดาบเงิน,พระนครศรีอยุธยา,+66 902 711 166
CUST02110,บริษัท บริษัท ดาบเพ็ชร์จิวเวลรี่ จำกัด จำกัด,จักรกฤนาย ตวันเยี่ยม,แหลมฉบัง,0-3956-9445
CUST02111,บริษัท หจก.บุตดา จำกัด,ธัชญา ขันธุลา,ตรัง,04 307 0396
CUST02112,บริษัท ห้างหุ้นส่วนสามัญ นิลวิมล จำกัด,สายสุรีย์ ดวงทับทิม,สกลนคร,048896535
CUST02113,บริษัท ฉัพพรรณธนกูร-พรมอ่อน จำกัด,ศรลักษณ์ ผลบุญ,กรุงเทพมหานคร,+66 (0) 5391 0679
CUST02114,บริษัท ห้างหุ้นส่วนจำกัด ถุงเงิน จำกัด,ปิยะชาติ ทรัพย์ธำรงค์,อุดรธานี,0900952114
CUST02115,บริษัท ห้างหุ้นส่วนจำกัด นฤภัย จำกัด,อัครพนธ์ พรรษาสกุล,สมุทรสาคร,+667 030 4627
CUST02116,บริษัท ห้างหุ้นส่วนจำกัด ดาบเพ็ชร์การบัญชี จำกัด,วณัฐดา หนุนสุข,ขอนแก่น,055724516
CUST02117,บริษัท ห้างหุ้นส่วนจำกัด ศรีวงค์ จำกัด,ณัฐศักดิ์ ผลบุญ,กรุงเทพมหานคร,+66 828 848 931
CUST02118,บริษัท ทำประดู่และทองลาภ จำกัด,ชิดชนก มิ่งขวัญ,อ้อมน้อย,+66 869 510 675
CUST02119,บริษัท บมจ.นพตระกูล จำกัด,ชนิศา ธรรมฤดี,สมุทรปราการ,+66 (0) 2988 2031
CUST02120,บริษัท บริษัท ซูสารอภาพยนตร์ จำกัด จำกัด,สิราพร พรมอ่อน,สงขลา,077-440752
CUST02121,บริษัท ห้างหุ้นส่วนจำกัด นาถะพินธุ จำกัด,มณียา บัวเผื่อน,ยะลา,059-134843
CUST02122,บริษัท บริษัท ไทนิยมเทรดดิ้ง จำกัด จำกัด,ภควัฒน์ ตะละภัฏ,ลำปาง,0923186339
CUST02123,บริษัท ตรีเภรินทร์สโตร์ จำกัด,ปฐม ตรีครุธพันธุ์,เกาะสมุย,+66 (0) 3691 3222
CUST02124,บริษัท มูลนิธิถนัดเดินข่าว จำกัด,สโรชา ซูสารอ,นครราชสีมา,03 205 2275
CUST02125,บริษัท บริษัท นิลสุวรรณ์โอสถ จำกัด จำกัด,ยศพงศ์ ตวันเยี่ยม,เกาะสมุย,+66 (0) 7580 4655
CUST02126,บริษัท มูลนิธิบุญบำรุง จำกัด,เขียว ศรทอง,พัทยา,0 7283 5487
CUST02127,บริษัท บริษัท ธรรมฤดีพืชผล จำกัด จำกัด,ภควัฒน์ นพคเชนทร์,ระยอง,023 583858
CUST02128,บริษัท ชมรมนุชแนวนุ่ม จำกัด,สุรนัย ธาราธร,นนทบุรี,082-665-8197
CUST02129,บริษัท บจก.แนวพนิช จำกัด,พลานุช ถนัดรบ,พระนครศรีอยุธยา,+66 7858 7738
CUST02130,บริษัท บริษัท พานเกล้าการค้า จำกัด (มหาชน) จำกัด,เกียรติศักดิ์ ถนอมกุลบุตร,นครปฐม,+664 279 6560
CUST02131,บริษัท บมจ.หนุนสุข จำกัด,ปิยะนันท์ เช้าวันดี,พิษณุโลก,039-615202
CUST02132,บริษัท บริษัท นิระหานี จำกัด จำกัด,ฮาฟิต ชุมวระ,เจ้าพระยาสุรศักดิ์,05 586 7809
CUST02133,บริษัท ถนอมมนุษย์การช่าง จำกัด,นาย ตระกูลไม้เรียง,พระนครศรีอยุธยา,058-573000
CUST02134,บริษัท ห้างหุ้นส่วนจำกัด ตัณสถิตย์ จำกัด,ธีรลักษณ์ ทองเนื้อดี,หาดใหญ่,+66 7870 9046
CUST02135,บริษัท บริษัท เลขะพันธุ์ จำกัด จำกัด,วิทูลย์ เดชคุ้ม,สุราษฎร์ธานี,02 331 0355
CUST02136,บริษัท ถนัดการเขียน-ตวันเยี่ยม จำกัด,ยอดแมน ถมังรักษสัตว์,นครศรีธรรมราช,045 008587
CUST02137,บริษัท บริษัท ถนิมมาศ จำกัด จำกัด,จิณภัทตา ดวงทับทิม,แม่สอด,+66 (0) 7361 7677
CUST02138,บริษัท ทรงโกมลและนาควงษ์ จำกัด,ประสิทธิ์ นุชแนวนุ่ม,นครราชสีมา,021 366791
CUST02139,บริษัท สมาคมธนูปกรณ์ จำกัด,วิสาร ฉายแสง,ภูเก็ต,022631890
CUST02140,บริษัท หจก.เนื่องนนท์ จำกัด,พิชาภพ นิระหานี,แหลมฉบัง,+66 622 113 895
CUST02141,บริษัท ห้างหุ้นส่วนจำกัด ปรีชากุลเศรษฐ์ จำกัด,สมปอง ทองสินธุ์,เจ้าพระยาสุรศักดิ์,0-3651-4751
CUST02142,บริษัท บริษัท ธรรมเมธาคอนสตรัคชั่น จำกัด จำกัด,คณภรณ์ นักรบ,ยะลา,0-5940-3073
CUST02143,บริษัท ถนัดพิมพการอิมปอร์ตเอ็กซปอร์ต จำกัด,ศุภชัย เตชะกำพุ,ขอนแก่น,020610012
CUST02144,บริษัท บริษัท ตวันเยี่ยม จำกัด จำกัด,นิรันดร์ ดาตู,กรุงเทพมหานคร,+66 (0) 7055 0606
CUST02145,บริษัท ถนอมพลกรัง-ศรีธนะเวทย์ จำกัด,ธวัศชา มนทอง,ระยอง,07 348 4879
CUST02146,บริษัท บจก.ตวันเยี่ยม จำกัด,ฮาฟิต ดุษฎีวนิช,นครศรีธรรมราช,+662 359 8073
CUST02147,บริษัท บริษัท ทัศนสุทธิก่อสร้าง จำกัด จำกัด,ทิพรดา นิษประปัญจ์,พระนครศรีอยุธยา,04 678 8341
CUST02148,บริษัท ห้างหุ้นส่วนจำกัด พานเกล้า จำกัด,สินสมุทร ชุมวระ,รังสิต,0857282039
CUST02149,บริษัท บริษัท ถิรสวัสดิ์การค้า จำกัด จำกัด,จุฑารัตน์ บุนยาภิสนท์,ยะลา,034-481822
CUST02150,บริษัท บจก.ตั้งเผ่ากรุ๊ป จำกัด,อำพร ถนอมมนุษย์,นครสวรรค์,0-4464-7347
CUST02151,บริษัท ห้างหุ้นส่วนจำกัด ถนัดอักษรแลบ จำกัด,มูฮำมัด ธนประทีป,รังสิต,088-771-0134
CUST02152,บริษัท แก้วอยู่-เนื้อนุ่ม จำกัด,ชลิดา กุมารบุญ,สุราษฎร์ธานี,029 623568
CUST02153,บริษัท บริษัท ตราชู จำกัด จำกัด,อัญชัญ ฉายแสง,ระยอง,0 840 755 997
CUST02154,บริษัท ห้างหุ้นส่วนสามัญ ซาซุม จำกัด,จิฬาภรณ์ คำลือ,หาดใหญ่,0934702414
CUST02155,บริษัท ดาวกระจายและเพื่อน จำกัด,ธราวิทญ์ ทองสินธุ์,นครปฐม,+66 7896 5556
CUST02156,บริษัท บมจ.วาทา จำกัด,รวิวาน ตั้งรบ,อุดรธานี,0 3204 6898
CUST02157,บริษัท บริษัท ทองลาภ จำกัด จำกัด,จันทนา บุญญาไลย์,นนทบุรี,036 409656
CUST02158,บริษัท ห้างหุ้นส่วนจำกัด ทวนไชย์เอเยนซี จำกัด,นรีกานต์ ศรีตะวัน,อุดรธานี,0 5973 7109
CUST02159,บริษัท บริษัท ทองลาภ จำกัด จำกัด,สรายุทธ ตะละภัฏ,สมุทรปราการ,+66 2931 9051
CUST02160,บริษัท บริษัท ธูปหอมยานยนต์ จำกัด จำกัด,ชิดชนก แนวพญา,กรุงเทพมหานคร,+66 4385 8331
CUST02161,บริษัท หจก.น้ำทิพย์พืชผล จำกัด,ประสิทธิ์ บุนยะตีรณะ,พระนครศรีอยุธยา,070 642375
CUST02162,บริษัท สมาคมโพธิสัตย์ จำกัด,หลักทรัพย์ แท่นทอง,อุดรธานี,02 828 6912
CUST02163,บริษัท บริษัท ราชมณีเอ็นจิเนียริ่ง จำกัด จำกัด,กะดิรัตน์ หอมสิน,เชียงใหม่,0 4619 8793
CUST02164,บริษัท ห้างหุ้นส่วนสามัญ มนทองอะไหล่ยนต์ จำกัด,กุลปรียา ทศโยธิน,อุบลราชธานี,0 3451 7243
CUST02165,บริษัท บริษัท นฤภัยภาพยนตร์ จำกัด (มหาชน) จำกัด,ธีรวัช แน่นดุจป้อม,สุราษฎร์ธานี,065-161-7196
CUST02166,บริษัท บริษัท ตะละภัฏ จำกัด จำกัด,จิรวิทย์ ธูปหอม,นนทบุรี,0 622 378 563
CUST02167,บริษัท ห้างหุ้นส่วนจำกัด ศาสตร์ศิลป์ จำกัด,เพ็ญพรรษา เนื่องนนท์,พัทยา,0 7990 2107
CUST02168,บริษัท ห้างหุ้นส่วนจำกัด ดาบเงิน จำกัด,ปิยะชาติ เดชคุ้ม,ภูเก็ต,0 2272 3584
CUST02169,บริษัท มูลนิธิสาระพันธ์ จำกัด,จักรกฤนาย ทีฆะ,แหลมฉบัง,+66 992 098 904
CUST02170,บริษัท บริษัท อัตตนาถ จำกัด จำกัด,โกมล เวียงจันทึก,พัทยา,02 312 4775
CUST02171,บริษัท ห้างหุ้นส่วนจำกัด ทองเนื้อดี จำกัด,กวีฉัฏฐ นักรบ,หาดใหญ่,076708123
CUST02172,บริษัท สมาคมแนวพนิช จำกัด,นพวรรณ สงประเสริฐ,ยะลา,0-7102-1578
CUST02173,บริษัท ห้างหุ้นส่วนจำกัด ทันยุคเคมิคอล จำกัด,ณิชเชฏฐ์ หนักแน่น,นครราชสีมา,+66 998 624 528
CUST02174,บริษัท หจก.เยาวธนโชค จำกัด,ศภัคชคง หอมพิกุล,สมุทรปราการ,0-7833-9792
CUST02175,บริษัท ธนาคารดาบเงิน จำกัด จำกัด,อับดุลเลาะห์ ทวนทอง,ระยอง,+667 040 3312
CUST02176,บริษัท ห้างหุ้นส่วนจำกัด ทองสินธุ์ซัพพลาย จำกัด,ณัฐติญา ถนัดการยนต์,เชียงใหม่,+667 544 9944
CUST02177,บริษัท ห้างหุ้นส่วนจำกัด ขำเอนก จำกัด,สุรการณ์ บุญศล,กรุงเทพมหานคร,044-424169
CUST02178,บริษัท บริษัท นุชแนวนุ่มแพคกิ้ง จำกัด จำกัด,วรรณกร ปรีชากุลเศรษฐ์,อ้อมน้อย,+66 (0) 2444 3165
CUST02179,บริษัท ห้างหุ้นส่วนจำกัด ถนัดกลึงคอนสตรัคชั่น จำกัด,นิติ นาถะพินธุ,รังสิต,+66 888 903 564
CUST02180,บริษัท บริษัท ทองเนื้อดีวิศวกรรม จำกัด จำกัด,หฤทัย ถนิมมาศ,เจ้าพระยาสุรศักดิ์,+66 (0) 2442 6882
CUST02181,บริษัท ถนัดภาษาซัพพลาย จำกัด,ศศิยา ทัศนสุทธิ,สกลนคร,+66 (0) 929 709 656
CUST02182,บริษัท บริษัท ดาบเงินการช่าง จำกัด (มหาชน) จำกัด,ศรีสวัสดิ์ มิ่งขวัญ,ภูเก็ต,04 573 2512
CUST02183,บริษัท ห้างหุ้นส่วนจำกัด เนื้อนุ่ม จำกัด,พีรพัฒน์ ซูสารอ,เจ้าพระยาสุรศักดิ์,0652515096
CUST02184,บริษัท บริษัท เยาวธนโชคแอนด์ซันส์ จำกัด (มหาชน) จำกัด,รมิตา เจริญรัมย์,สมุทรปราการ,069-615-1705
CUST02185,บริษัท บริษัท อุ่นอกเอ็นจิเนียริ่ง จำกัด (มหาชน) จำกัด,ศิริญา แก้วชลคราม,กรุงเทพมหานคร,+664 181 5680
CUST02186,บริษัท มูลนิธิดุริยพันธุ์ จำกัด,ภควัฒน์ วุฑฒยากร,นครศรีธรรมราช,+66 4428 7663
CUST02187,บริษัท บจก.นามเสวตรเอ็นจิเนียริ่ง จำกัด,พัสวี ไตรบรรพ,เจ้าพระยาสุรศักดิ์,0 2537 2357
CUST02188,บริษัท หสน.ไตรบรรพบริการ จำกัด,ผกาทิพย์ ปรีชากุลเศรษฐ์,ปากเกร็ด,+66 852 224 913
CUST02189,บริษัท บมจ.เขียวอ่อนก่อสร้าง จำกัด,ใกล้รุ่ง ถมังรักษสัตว์,แหลมฉบัง,0 673 482 361
CUST02190,บริษัท หจก.เนตร์มณี จำกัด,อรจิรา ธรรมฤดี,เจ้าพระยาสุรศักดิ์,090-053-1481
CUST02191,บริษัท ห้างหุ้นส่วนจำกัด ทวนทองอินเตอร์เนชั่นแนล จำกัด,พิไลพร นามเสวตร,สุราษฎร์ธานี,07 578 5619
CUST02192,บริษัท ห้างหุ้นส่วนจำกัด พรมอ่อน จำกัด,ยศพนต์ ขำเอนก,เชียงใหม่,+66 (0) 960 232 505
CUST02193,บริษัท บริษัท ติณรัตน์ จำกัด จำกัด,อเนชา ไทนิยม,แหลมฉบัง,028411532
CUST02194,บริษัท ห้างหุ้นส่วนจำกัด ถมังรักษสัตว์ จำกัด,ยศพงศ์ อัตตนาถ,ภูเก็ต,+66 (0) 2252 9031
CUST02195,บริษัท มูลนิธินิลวิมล จำกัด,ลักษมี ตระกูลบุญ,หาดใหญ่,+66 (0) 900 769 056
CUST02196,บริษัท ห้างหุ้นส่วนจำกัด ธนรักษ์ จำกัด,ซูฮัยดา ไทยแท้,รังสิต,+66 3783 7488
CUST02197,บริษัท ถุงเงินและเนื้อนุ่ม จำกัด,ณิชเชฏฐ์ บุนยะตีรณะ,ขอนแก่น,0 830 599 134
CUST02198,บริษัท บริษัท ทันยุคเอ็นจิเนียริ่ง จำกัด จำกัด,นิติยา ธาราธร,พิษณุโลก,0968245194
CUST02199,บริษัท เลขะพันธุ์การบัญชี จำกัด,ปัตถพงษ์ ถาวรายุศม์,เชียงใหม่,079-892010
CUST02200,บริษัท หจก.ธรรมสถิตไพศาลวิศวกรรม จำกัด,ผดุงพล ดุริยพันธุ์,ตรัง,+66 612 870 002
CUST02201,บริษัท บริษัท หนุนสุขอะไหล่ยนต์ จำกัด จำกัด,มณียา แจ้งสว่าง,อ้อมน้อย,0-7468-6488
CUST02202,บริษัท บริษัท นิลวรรณแอนด์ซันส์ จำกัด (มหาชน) จำกัด,เถลิงยศ ถนัดการยนต์,อุดรธานี,+66 (0) 3328 9043
CUST02203,บริษัท บริษัท ฉิมพาลี จำกัด จำกัด,อัษฏา ถมปัด,กรุงเทพมหานคร,+66 5488 3562
CUST02204,บริษัท ตันตราจิณและเจริญรัมย์ จำกัด,อิสรันดร์ ประจันตะเสน,เชียงใหม่,023805156
CUST02205,บริษัท ธุวะนุติ์คอนสตรัคชั่น จำกัด,ฤทธิ์ชกร ดาบเงิน,ขอนแก่น,+66 671 851 991
CUST02206,บริษัท บริษัท ทศโยธินโอสถ จำกัด (มหาชน) จำกัด,พรเบญญา แต้กุล,เชียงใหม่,0 645 093 766
CUST02207,บริษัท บริษัท แจ้งสว่าง จำกัด จำกัด,วณัฐดา นพคเชนทร์,สงขลา,0 966 958 418
CUST02208,บริษัท บริษัท ดาวกระจายภาพยนตร์ จำกัด จำกัด,ประเดิม เขียวอ่อน,เกาะสมุย,0 7503 0102
CUST02209,บริษัท บริษัท ถนัดอาวุธเฟอร์นิเจอร์ จำกัด จำกัด,อนุวัช ธูปหอม,แหลมฉบัง,026038877
CUST02210,บริษัท สหภาพแรงงานถาวรายุศม์ จำกัด,บุญญามี ไม้แดง,พิษณุโลก,+66 (0) 5871 1009
CUST02211,บริษัท บมจ.ถนอมพลกรัง จำกัด,พาสุข เขียวอ่อน,ลำปาง,0-5780-4956
CUST02212,บริษัท ห้างหุ้นส่วนจำกัด ขันธุลา จำกัด,จณิตตา ซูสารอ,อ้อมน้อย,+663 961 3132
CUST02213,บริษัท ธีวรเทรดดิ้ง จำกัด,ภควัฒน์ กุมารบุญ,ลำปาง,04 021 1749
CUST02214,บริษัท ทีฆะและสันตะวงศ์ จำกัด,นิวิลดาน ไชยภา,นนทบุรี,+664 223 5189
CUST02215,บริษัท ห้างหุ้นส่วนสามัญ วาทา จำกัด,วันฉัตร นิยมเซียม,ระยอง,0 4738 0013
CUST02216,บริษัท หจก.ตันเผ่าเอเยนซี จำกัด,วิกิจ เณรานุสนธิ์,พัทยา,0991762382
CUST02217,บริษัท บมจ.อัตตนาถ จำกัด,ปฐวีกานต์ ถนัดอักษร,นนทบุรี,02 388 9162
CUST02218,บริษัท บจก.ถาวรรัตนการบัญชี จำกัด,กองสิน เตมิยะเดช,นนทบุรี,+66 (0) 825 923 199
CUST02219,บริษัท บริษัท แต้กุล จำกัด จำกัด,ภูวฤณ ศรีวงค์,นครราชสีมา,026 807274
CUST02220,บริษัท บมจ.ดัตพันธุ์พืชผล จำกัด,สิทธิชัย ถมปัด,สกลนคร,0 3500 6477
CUST02221,บริษัท ผลบุญบริการ จำกัด,รมิตา ติณรัตน์,สกลนคร,057-783923
CUST02222,บริษัท หจก.ถมปัดเอนเตอรไพรส์ จำกัด,จักรพันธ์ ยะผา,ระยอง,086 924 2714
CUST02223,บริษัท บจก.ดาตูอินเตอร์เนชั่นแนล จำกัด,สุมัชญา นกทอง,สกลนคร,0 668 807 549
CUST02224,บริษัท ชมรมทองอยู่ จำกัด,โยธิการ์ ดิสกะประกาย,นนทบุรี,0 911 578 855
CUST02225,บริษัท ห้างหุ้นส่วนจำกัด ดาตู จำกัด,วิถี ร่มธิติรัตน์,สุราษฎร์ธานี,+66 (0) 660 427 187
CUST02226,บริษัท สมาคมเขียวอ่อน จำกัด,โสภณิตา ศรีธนะเวทย์,ตรัง,0-2873-8252
CUST02227,บริษัท ห้างหุ้นส่วนจำกัด ชุมวระบริการ จำกัด,ฟารินี ทีฆะ,พระนครศรีอยุธยา,07 931 4457
CUST02228,บริษัท ประจันตะเสนคอมมิวนิเคชั่น จำกัด,นารดา เตมิยะเดช,นนทบุรี,0 4666 1910
CUST02229,บริษัท สมาคมนาถะพินธุ จำกัด,ศภัคชคง เดชวา,นครสวรรค์,0888534041
CUST02230,บริษัท ห้างหุ้นส่วนจำกัด ยาปะโลหิตยานยนต์ จำกัด,ปัณณธร ตรีครุธพันธุ์,เชียงราย,+663 537 0474
CUST02231,บริษัท บริษัท ตวันเยี่ยม จำกัด จำกัด,จีราภรณ์ เดชคุ้ม,สมุทรสาคร,044009188
CUST02232,บริษัท บมจ.บัวเผื่อน จำกัด,จริยฉัตร ถาวระวรณ์,ระยอง,+66 3288 2683
CUST02233,บริษัท บริษัท โพธิสัตย์กรุ๊ป จำกัด จำกัด,อำไพ ตวันเยี่ยม,ปากเกร็ด,060-765-7889
CUST02234,บริษัท หจก.นาคะนครโอสถ จำกัด,รูไกยะฮ์ หิรัญสาลี,เชียงใหม่,078-042943
CUST02235,บริษัท ห้างหุ้นส่วนจำกัด ทองปากน้ำแพคกิ้ง จำกัด,ปิยะนันท์ ธรรมสถิตไพศาล,สงขลา,026144373
CUST02236,บริษัท ห้างหุ้นส่วนสามัญ บุนยะตีรณะ จำกัด,ดิลก ศรีวงค์,ตรัง,064 421 3422
CUST02237,บริษัท ห้างหุ้นส่วนจำกัด นิยมธรรมแพคกิ้ง จำกัด,เพชรมณี ศรีเผด็จ,แม่สอด,087 712 9459
CUST02238,บริษัท บริษัท วาทา จำกัด จำกัด,ภัทรนาฎ ดัตพันธุ์,พัทยา,024316293
CUST02239,บริษัท ห้างหุ้นส่วนสามัญ งามพิเชษฐ์ จำกัด,วีระโชติ ธรรมนิยม,อุดรธานี,+66 3432 2867
CUST02240,บริษัท ห้างหุ้นส่วนจำกัด ถนัดภาษาแลบ จำกัด,พิศพรรณ ฉิมพาลี,ระยอง,+66 2200 8141
CUST02241,บริษัท แท่นทองการช่าง จำกัด,ปุณณรัตน์ งามพิเชษฐ์,ขอนแก่น,085-985-7133
CUST02242,บริษัท บริษัท ธาราธรแอนด์ซันส์ จำกัด จำกัด,มลิวรรณ ซูสารอ,พิษณุโลก,062-829-2710
CUST02243,บริษัท บจก.ถมปัด จำกัด,เจษฏาภรณ์ ถนัดการยนต์,เชียงราย,0 7253 4327
CUST02244,บริษัท บุตดาและศรีตะวัน จำกัด,เนตรฤดี นาถะเดชะ,สมุทรปราการ,+667 563 0127
CUST02245,บริษัท ห้างหุ้นส่วนจำกัด ถนัดรบแอนด์ซันส์ จำกัด,หล้า ทองสินธุ์,แม่สอด,071-883336
CUST02246,บริษัท นาคะนครและยะผา จำกัด,จักรีรัตน์ ธูปะวิโรจน์,อ้อมน้อย,0-3780-7114
CUST02247,บริษัท นาคพันธุ์กรุ๊ป จำกัด,ณภัทร นิระหานี,ระยอง,043 278656
CUST02248,บริษัท บมจ.ยางสวย จำกัด,วรปรัชญ์ จ้อยนุแสง,ลำปาง,026-324434
CUST02249,บริษัท มูลนิธิมนทอง จำกัด,เฉลิมรัฐ ตะละภัฏ,กรุงเทพมหานคร,02 721 6068
CUST02250,บริษัท มูลนิธิบัวเผื่อน จำกัด,จณิตตา แหยมศิริ,อ้อมน้อย,0843760161
CUST02251,บริษัท ชมรมน้ำทิพย์ จำกัด,สิริ นิติสาขา,ตรัง,+66 957 751 226
CUST02252,บริษัท ตราชูและชุมวระ จำกัด,อรจิรา เวียงจันทึก,ยะลา,0 960 829 328
CUST02253,บริษัท หจก.ธรรมสถิตไพศาล จำกัด,เอกอธิพงษ์ บัวเผื่อน,ภูเก็ต,+66 655 680 512
CUST02254,บริษัท บจก.ตะละภัฏภาพยนตร์ จำกัด,เพทาย นิลสลัว,ภูเก็ต,05 398 3787
CUST02255,บริษัท ห้างหุ้นส่วนจำกัด บุณยะภาชน์ จำกัด,สุภาลินี ธัญเสถียร,อุบลราชธานี,0 4402 0588
CUST02256,บริษัท มูลนิธิบุญญาภิรมย์ จำกัด,ทัตธน แต้กุล,เกาะสมุย,05 778 5873
CUST02257,บริษัท ห้างหุ้นส่วนจำกัด นาคพันธุ์ จำกัด,ณัฐติญา ทองลาภ,สมุทรสาคร,0802690325
CUST02258,บริษัท บริษัท ดิสกะประกาย จำกัด จำกัด,เทพนารี นิลวรรณ,นครราชสีมา,0 986 939 757
CUST02259,บริษัท ห้างหุ้นส่วนสามัญ ธนประทีปอะไหล่ยนต์ จำกัด,อิสรันดร์ อุ่นอก,ขอนแก่น,+66 (0) 2075 8413
CUST02260,บริษัท บมจ.พานเกล้า จำกัด,ฟิรยา พรสีมา,อุบลราชธานี,0 2317 4548
CUST02261,บริษัท สมาคมถมปัด จำกัด,ทองรัตน์ นฤภัย,แม่สอด,+66 (0) 899 504 017
CUST02262,บริษัท นับเนื่องนอมอเตอร์ จำกัด,สันติราษฎร์ ตระกูลไม้เรียง,แหลมฉบัง,054182870
CUST02263,บริษัท ห้างหุ้นส่วนจำกัด ราชมณี จำกัด,ภัคชนน แก้วชลคราม,อ้อมน้อย,03 797 9411
CUST02264,บริษัท บจก.ตั้งเผ่าแพคกิ้ง จำกัด,เอนกพงศ์ นานายน,อุบลราชธานี,+66 3102 6132
CUST02265,บริษัท บริษัท เตชะกำพุ จำกัด จำกัด,อำพร ถนัดหัตถกรรม,แหลมฉบัง,+66 (0) 7030 1170
CUST02266,บริษัท ห้างหุ้นส่วนสามัญ น้ำทิพย์วิศวกรรม จำกัด,ถนอมชัย เตมิยะเดช,นนทบุรี,+665 338 6103
CUST02267,บริษัท ห้างหุ้นส่วนจำกัด ตวันเยี่ยม จำกัด,ฐิตาพร เลขะพันธุ์,พัทยา,0-2016-6115
CUST02268,บริษัท บริษัท นฤทุกข์เทรดดิ้ง จำกัด จำกัด,อันธิกา ถมังรักษสัตว์,สมุทรปราการ,0-3328-8208
CUST02269,บริษัท บริษัท ศาสตร์ศิลป์เคมิคอล จำกัด จำกัด,พชรภรณ์ นานายน,เชียงราย,0 992 232 062
CUST02270,บริษัท ห้างหุ้นส่วนสามัญ ภูภักดีพานิช จำกัด,ศรินยา นิยมธรรม,เชียงราย,+66 4533 6865
CUST02271,บริษัท บริษัท ฉายแสงเซอร์วิส จำกัด จำกัด,พัชรพร ศรีวงค์,สุราษฎร์ธานี,0 814 286 341
CUST02272,บริษัท ห้างหุ้นส่วนจำกัด สังข์กรดอุตสาหกรรม จำกัด,เมษา ตันตราจิณ,ภูเก็ต,+66 910 393 742
CUST02273,บริษัท นาถะเดชะและบุตร จำกัด,กิ่งแก้ว นะวะมันดร,เชียงราย,0 865 416 182
CUST02274,บริษัท สมาคมแนวพญา จำกัด,สนั่น นิษประปัญจ์,นครราชสีมา,035-422254
CUST02275,บริษัท บริษัท แนวพญา จำกัด จำกัด,ณาร์รีมาน ทรัพย์ธำรงค์,รังสิต,+66 (0) 921 152 643
CUST02276,บริษัท หจก.เดชวา จำกัด,โสภณ ดุษฎีวนิช,สมุทรสาคร,030-967828
CUST02277,บริษัท ห้างหุ้นส่วนจำกัด ขำเอนกเอ็นจิเนียริ่ง จำกัด,ยศพงศ์ ผลบุญ,เชียงใหม่,+66 3391 1214
CUST02278,บริษัท ห้างหุ้นส่วนจำกัด ไทยสุชาต จำกัด,อนุบาล ไสยกิจ,นครราชสีมา,+66 4235 3715
CUST02279,บริษัท ถนอมพล-ตั้งเผ่า จำกัด,ฐิติกุล บินดี,นนทบุรี,02 425 3259
CUST02280,บริษัท หจก.ถนัดอักษร จำกัด,ทินพร นาคพันธุ์,สงขลา,062-952-9163
CUST02281,บริษัท ธรรมฤดีกลการ จำกัด,สุรวัช ถมังรักษสัตว์,นครราชสีมา,031-360749
CUST02282,บริษัท บริษัท ธนประทีป จำกัด จำกัด,ทิพรดา ทองปากน้ำ,นนทบุรี,+66 (0) 3597 9348
CUST02283,บริษัท ชมรมซาซุม จำกัด,นารดา ทองปากน้ำ,สมุทรสาคร,0 7061 9459
CUST02284,บริษัท บริษัท ธนูปกรณ์เฟอนิชชิ่ง จำกัด จำกัด,ศภัคชคง พีระเพ็ญกุล,เจ้าพระยาสุรศักดิ์,+665 539 8414
CUST02285,บริษัท ห้างหุ้นส่วนจำกัด ถนัดรบ จำกัด,ณัฐวรินทร ธนูปกรณ์,เชียงราย,0 853 762 300
CUST02286,บริษัท สมาคมตัณสถิตย์ จำกัด,ธเนษฐ ปานสุวรรณ,นครศรีธรรมราช,+66 4432 1157
CUST02287,บริษัท บริษัท ตราชู จำกัด จำกัด,สิริ ทองลาภ,พระนครศรีอยุธยา,02 250 2485
CUST02288,บริษัท บริษัท นพคเชนทร์ จำกัด จำกัด,ธัชญา เดชวา,นนทบุรี,05 041 2635
CUST02289,บริษัท ดาวอร่ามและทุมะบุตร์ จำกัด,กุลภาวลัย นักรบ,ปากเกร็ด,038-103191
CUST02290,บริษัท บริษัท นาคพันธุ์เอนเตอรไพรส์ จำกัด จำกัด,อนุบาล ราชมณี,นนทบุรี,0 7154 5295
CUST02291,บริษัท บริษัท นากกนก จำกัด จำกัด,นิวิลดาน นิลสลัว,สมุทรปราการ,0 988 654 627
CUST02292,บริษัท บริษัท ราชมณีมอเตอร์ จำกัด จำกัด,จิตรลดา นิยมเซียม,ยะลา,053905608
CUST02293,บริษัท ห้างหุ้นส่วนจำกัด นะวะมันดร จำกัด,พัชรพร ถนัดรักษา,เชียงราย,0 868 432 366
CUST02294,บริษัท มูลนิธิอุลหัสสา จำกัด,สายสุรีย์ ขอหมั่นกลาง,ปากเกร็ด,0-3641-7426
CUST02295,บริษัท ห้างหุ้นส่วนจำกัด เวียงจันทึกวิศวกรรม จำกัด,พิมพ์สุตา ถาวรรัตน,สงขลา,+662 157 5541
CUST02296,บริษัท บริษัท ศรีธนะเวทย์การบัญชี จำกัด (มหาชน) จำกัด,เมทนี ศรีวงค์,แหลมฉบัง,080 437 8042
CUST02297,บริษัท บริษัท สุวรรณหงษ์ จำกัด (มหาชน) จำกัด,เนตรฤดี ถุงเงิน,เชียงราย,095 954 5664
CUST02298,บริษัท ห้างหุ้นส่วนจำกัด นุ่มกัน จำกัด,ศศินา ถนัดการเขียน,นครปฐม,0886523107
CUST02299,บริษัท ทองเนื้อดีเอเยนซี จำกัด,อาฮามัด นักสำหรวจ,แม่สอด,090 168 2427
CUST02300,บริษัท บริษัท เตมิยะเดชพานิช จำกัด จำกัด,ซุกรี ตราชู,อุดรธานี,+66 (0) 647 361 524
CUST02301,บริษัท ห้างหุ้นส่วนจำกัด นาถะเดชะ จำกัด,ปาริตา มนทอง,ตรัง,069-368-8165
CUST02302,บริษัท บจก.พรรษาสกุลเคมิคอล จำกัด,ญาณพันธุ์ ถนัดการเขียน,นครสวรรค์,0 641 157 396
CUST02303,บริษัท บริษัท นวลฉวี จำกัด จำกัด,กิ่งแก้ว นพตระกูล,สมุทรปราการ,+66 2889 5752
CUST02304,บริษัท บริษัท นาคพันธุ์แอนด์ซันส์ จำกัด จำกัด,ธีรลักษณ์ ธาราธร,กรุงเทพมหานคร,+665 743 4099
CUST02305,บริษัท บริษัท ชำนาญวาด จำกัด จำกัด,อุดมลักษณ์ ดาบเพ็ชร์,นครสวรรค์,0-2014-1931
CUST02306,บริษัท มูลนิธินักสำหรวจ จำกัด,อาฮามัด นิลสลัว,แหลมฉบัง,+66 7497 2217
CUST02307,บริษัท ห้างหุ้นส่วนสามัญ ทำประดู่คอนสตรัคชั่น จำกัด,โกวิทย์ แก้วชลคราม,สกลนคร,+66 (0) 4709 4658
CUST02308,บริษัท นาคะนครและปานสุวรรณ จำกัด,ฌาฆีภัตฐ์ ดุริยพันธุ์,เกาะสมุย,092 889 7502
CUST02309,บริษัท บริษัท ธูปะวิโรจน์ จำกัด จำกัด,หรรษา ถมังรักษสัตว์,หาดใหญ่,026 589658
CUST02310,บริษัท นาคะนคร-ตระกูลบุญ จำกัด,มาซีเตาะ ร่มธิติรัตน์,นนทบุรี,0901884175
CUST02311,บริษัท บริษัท บัวเผื่อนก่อสร้าง จำกัด จำกัด,พิพิธธน ตัณสถิตย์,ยะลา,+664 475 7553
CUST02312,บริษัท บริษัท ตะละภัฏ จำกัด จำกัด,สุพนธ์ ธุวะนุติ์,สงขลา,049-599505
CUST02313,บริษัท บจก.หนักแน่นเซอร์วิส จำกัด,พศร สุวรรณหงษ์,ปากเกร็ด,025-434917
CUST02314,บริษัท ห้างหุ้นส่วนสามัญ ตั้งเผ่า จำกัด,นรีกานต์ ดาบเงิน,กรุงเทพมหานคร,07 019 0348
CUST02315,บริษัท บริษัท ดุริยพันธุ์วิศวการ จำกัด จำกัด,โอภาส ถมังรักษสัตว์,เชียงราย,05 441 9544
CUST02316,บริษัท บริษัท น้ำทิพย์ยานยนต์ จำกัด (มหาชน) จำกัด,ธีราทัต ทัศนสุทธิ,ระยอง,082 906 6957
CUST02317,บริษัท บริษัท เตมิยะเดช จำกัด จำกัด,ณัฐจศักดิ์ นิลสลัว,นครสวรรค์,032-508124
CUST02318,บริษัท ศรีอุ่นวิศวการ จำกัด,สุทธิณัฐ ตรีเภรินทร์,นนทบุรี,+66 5849 3067
CUST02319,บริษัท ทับทิมไทยกรุ๊ป จำกัด,ยอดแมน ฉิมพาลี,สกลนคร,0 2313 8456
CUST02320,บริษัท บริษัท ขอหมั่นกลาง จำกัด จำกัด,ศิริญา ถนัดกลึง,อุดรธานี,048801881
CUST02321,บริษัท สมาคมธาราธร จำกัด,ภานิณี นวลฉวี,สมุทรสาคร,026790867
CUST02322,บริษัท หจก.ทองลาภเฟอร์นิเจอร์ จำกัด,จีรยุทธ ธนรักษ์,นครปฐม,022 365488
CUST02323,บริษัท บริษัท ดัตพันธุ์พืชผล จำกัด จำกัด,สุรการณ์ วะคีมัน,ภูเก็ต,+66 656 990 319
CUST02324,บริษัท หจก.ปานสุวรรณ จำกัด,ฮาฟิต มนทอง,เชียงใหม่,035235707
CUST02325,บริษัท ชมรมเขียวขุ้ย จำกัด,พันธุ์เทพ เขียวขุ้ย,อ้อมน้อย,026 418904
CUST02326,บริษัท หจก.ธูปหอม จำกัด,ศุภาศิล ทรัพย์ธำรงค์,ขอนแก่น,080-761-8670
CUST02327,บริษัท บริษัท นาคสุทิน จำกัด จำกัด,ฐิตาพร พรรษาสกุล,ขอนแก่น,+66 4129 5284
CUST02328,บริษัท หนุนสุขแอนด์ซันส์ จำกัด,โชติวุฒิ ธรรมฤดี,พิษณุโลก,0-3292-0075
CUST02329,บริษัท บมจ.ธูปหอมบริการ จำกัด,สุธินันท์ นกทอง,ลำปาง,0 3657 9472
CUST02330,บริษัท บจก.นาคะนคร จำกัด,นาวีตา เพียยา,สมุทรสาคร,+66 662 184 212
CUST02331,บริษัท ห้างหุ้นส่วนสามัญ ถนัดการเขียน จำกัด,สุกฤษตา นกทอง,เกาะสมุย,066 235 1633
CUST02332,บริษัท บริษัท เพียยา จำกัด จำกัด,ธีร์ธวันาย โพธิสัตย์,พัทยา,03 234 0761
CUST02333,บริษัท บริษัท ราชมณี จำกัด,ณัฐธภรณ์ วะคีมัน,สมุทรปราการ,083-401-8849
CUST02334,บริษัท บจก.เช้าวันดี จำกัด,วรดาพร ถนัดเดินข่าว,ภูเก็ต,0 699 772 881
CUST02335,บริษัท สมาคมนิลเสนา จำกัด,ธีริสรา ถนอมกุลบุตร,ยะลา,047 074207
CUST02336,บริษัท หจก.โพธิสัตย์ จำกัด,นวรรษนันท์ ถนัดกลึง,หาดใหญ่,0 881 240 936
CUST02337,บริษัท บริษัท พานเกล้า จำกัด จำกัด,อรุณี ศรีสัตย์,พัทยา,0 4043 8539
CUST02338,บริษัท หจก.ดาวกระจายโอสถ จำกัด,สุรวัช ทุมะบุตร์,ตรัง,072-641159
CUST02339,บริษัท บริษัท ทัศนสุทธิ จำกัด จำกัด,ศรีสวัสดิ์ ศรีสัตย์,พัทยา,07 709 9382
CUST02340,บริษัท ห้างหุ้นส่วนจำกัด ทับทิมไทยเอนเตอรไพรส์ จำกัด,พลานุช สงประเสริฐ,หาดใหญ่,+66 914 027 380
CUST02341,บริษัท บริษัท ทองอยู่แพคกิ้ง จำกัด จำกัด,สุรนัย บุตดา,รังสิต,0 2834 1176
CUST02342,บริษัท หจก.แนวพนิชโอสถ จำกัด,วาร์มูฮำหมัด อัตตนาถ,สมุทรปราการ,+664 246 1685
CUST02343,บริษัท บจก.ดุริยพันธุ์แลบ จำกัด,ฮานาฟี ถนอมพลกรัง,นครราชสีมา,073 327334
CUST02344,บริษัท ห้างหุ้นส่วนจำกัด ศรีอุ่น จำกัด,วันฉัตร ซาซุม,สุราษฎร์ธานี,+662 435 8191
CUST02345,บริษัท บริษัท ถาวรายุศม์ จำกัด จำกัด,วาสุเทพ ขอหมั่นกลาง,นครสวรรค์,061-675-1462
CUST02346,บริษัท ห้างหุ้นส่วนจำกัด ตวันเยี่ยม จำกัด,มาโนชญ์ แถมธน,ขอนแก่น,+66 (0) 5863 1718
CUST02347,บริษัท บริษัท นักรบเฟอนิชชิ่ง จำกัด จำกัด,กิติชัย คณานุรักษ์,แหลมฉบัง,+66 (0) 2272 3264
CUST02348,บริษัท บริษัท บุนยะศัพท์สโตร์ จำกัด จำกัด,ดิลก ถมปัด,พัทยา,0955311548
CUST02349,บริษัท ชมรมดำริห์ชอบ จำกัด,อเนชา ถนิมมาศ,รังสิต,05 622 8879
CUST02350,บริษัท สมาคมเตชะกำพุ จำกัด,อัญพัชร์ ทรัพย์สาร,สงขลา,0 7434 8808
CUST02351,บริษัท เนื้อนุ่มการช่าง จำกัด,นัฐพล บุญญาไลย์,นครปฐม,+66 (0) 5217 6274
CUST02352,บริษัท แหยมศิริแลบ จำกัด,สหัสมณี ถนัดกลึง,ระยอง,030802501
CUST02353,บริษัท บริษัท ภูภักดีและเพื่อน จำกัด จำกัด,ณัฐศักดิ์ ตัณสถิตย์,ภูเก็ต,+66 (0) 923 511 248
CUST02354,บริษัท บริษัท บุญบำรุงพืชผล จำกัด จำกัด,อัญพัชร์ ทุมะบุตร์,เชียงใหม่,0 4855 0400
CUST02355,บริษัท ห้างหุ้นส่วนสามัญ ดิศดใน จำกัด,ยนงคราญ ตระกูลไม้เรียง,รังสิต,055-771042
CUST02356,บริษัท บริษัท ทองลาภอิมปอร์ตเอ็กซปอร์ต จำกัด จำกัด,อณาวิน เวียงจันทึก,นครปฐม,041 803002
CUST02357,บริษัท หจก.เธียรายัน จำกัด,เพทาย ถาวรรัตน,พิษณุโลก,042 951488
CUST02358,บริษัท ห้างหุ้นส่วนจำกัด บุนยาภิสนท์วิศวกรรม จำกัด,วิชา ถนัดกลึง,เชียงราย,053619650
CUST02359,บริษัท มูลนิธินวลฉวี จำกัด,จิตรลดา แหยมศิริ,นครราชสีมา,05 719 3993
CUST02360,บริษัท บริษัท นิลวิมล จำกัด จำกัด,อเนชา บุนยาภิสนท์,อุบลราชธานี,034023622
CUST02361,บริษัท ห้างหุ้นส่วนจำกัด ทีฆะ จำกัด,เพ็ญพรรษา แต้กุล,อ้อมน้อย,+66 (0) 3920 8931
CUST02362,บริษัท แต้กุลและเขียวขุ้ย จำกัด,บุญเกิด น้ำทิพย์,ยะลา,05 220 0875
CUST02363,บริษัท หจก.นาถะพินธุสโตร์ จำกัด,โสภา นวลฉวี,สกลนคร,+66 614 860 607
CUST02364,บริษัท หจก.เตชะกำพุ จำกัด,สมเกียรติ ตัณสถิตย์,กรุงเทพมหานคร,+66 3502 1082
CUST02365,บริษัท บริษัท พีระเพ็ญกุลเคมิคอล จำกัด จำกัด,ปรายกานต์ ตันตราจิณ,อุบลราชธานี,0 2341 2481
CUST02366,บริษัท บริษัท นากกนกเอนเตอรไพรส์ จำกัด จำกัด,วรรณกร ถนัดภาษา,นครราชสีมา,0977027306
CUST02367,บริษัท ห้างหุ้นส่วนจำกัด ถาวรายุศม์เซอร์วิส จำกัด,พัสวี อุ่นอก,สุราษฎร์ธานี,+66 (0) 4083 2277
CUST02368,บริษัท ธุวะนุติ์-ดุริยพันธุ์ จำกัด,พิมพ์พิชญา นครเทพ,ตรัง,02 967 9296
CUST02369,บริษัท ผลบุญวิศวการ จำกัด,ปัณณวัชร นะวะมันดร,พิษณุโลก,+66 3155 1978
CUST02370,บริษัท ชมรมศรทอง จำกัด,พิชาภพ นิลเสนา,พระนครศรีอยุธยา,+66 (0) 2565 8117
CUST02371,บริษัท บริษัท เมืองสุขวิศวกรรม จำกัด (มหาชน) จำกัด,ปิ่นบุญญา นิลสลัว,ยะลา,+66 5262 0544
CUST02372,บริษัท บริษัท นาคสุทินเทรดดิ้ง จำกัด จำกัด,ปภาวรินทร์ สาระพันธ์,อุดรธานี,0 2320 9215
CUST02373,บริษัท ห้างหุ้นส่วนจำกัด ดาบเงิน จำกัด,ประภัทร์สรณ์ แจ้งสว่าง,อ้อมน้อย,075 876552
CUST02374,บริษัท ห้างหุ้นส่วนจำกัด บุญญาภิรมย์แพคกิ้ง จำกัด,ธัชญา จันอ้น,เชียงราย,0 942 702 312
CUST02375,บริษัท สมาคมไทไชโย จำกัด,สมพิศ ทองสุกเลิศ,อุบลราชธานี,+665 042 3976
CUST02376,บริษัท ห้างหุ้นส่วนสามัญ นักสำหรวจพานิช จำกัด,อิสรันดร์ ถนัดเดินข่าว,เชียงใหม่,020016645
CUST02377,บริษัท ห้างหุ้นส่วนจำกัด เวียงจันทึก จำกัด,เอกวิทย์ ศาสตร์ศิลป์,พัทยา,+66 878 971 771
CUST02378,บริษัท หจก.ศรีสัตย์ จำกัด,อันธิกา ฉิมพาลี,สมุทรสาคร,081-120-2312
CUST02379,บริษัท หจก.นรวิทย์โชติกุลคอนสตรัคชั่น จำกัด,ศรินยา ตวงทอง,สมุทรปราการ,0 642 493 143
CUST02380,บริษัท ห้างหุ้นส่วนจำกัด อุ่นอก จำกัด,จิณภัทตา ทองประดิฐ,เชียงราย,+664 001 9129
CUST02381,บริษัท บริษัท เณรานุสนธิ์ จำกัด จำกัด,โชคภาดล บัวเผื่อน,นครปฐม,023 755158
CUST02382,บริษัท ห้างหุ้นส่วนจำกัด นกทองขนส่ง จำกัด,ปัตถพงษ์ บุณยะภาชน์,อุบลราชธานี,0 3234 8873
CUST02383,บริษัท ธนาคารเนื่องนนท์ จำกัด จำกัด,สุปรานี ถนัดรบ,นครราชสีมา,047 738959
CUST02384,บริษัท ชมรมนาคะนคร จำกัด,บุญนพ ถนัดอาวุธ,รังสิต,0 2460 8365
CUST02385,บริษัท บริษัท พงศ์ฉบับนภา จำกัด จำกัด,อัญชัญ บัวเผื่อน,เกาะสมุย,056 460516
CUST02386,บริษัท หจก.เยาวธนโชค จำกัด,พรเบญญา ทองอยู่,สุราษฎร์ธานี,0-5133-1124
CUST02387,บริษัท ห้างหุ้นส่วนสามัญ นาฏคายี จำกัด,ธีราทัต ฉัพพรรณธนกูร,ภูเก็ต,+66 (0) 3382 7169
CUST02388,บริษัท บริษัท บุนยะตีรณะพานิช จำกัด จำกัด,พรเบญญา ศาสตร์ศิลป์,แม่สอด,+66 (0) 969 829 870
CUST02389,บริษัท บริษัท แถมธนกลการ จำกัด จำกัด,แปลง ถนัดพิมพการ,เกาะสมุย,+66 (0) 5834 0883
CUST02390,บริษัท บริษัท ถนัดอักษร จำกัด จำกัด,ปัณณธร ธนูปกรณ์,เจ้าพระยาสุรศักดิ์,035350898
CUST02391,บริษัท บมจ.หิรัญสาลีคอนสตรัคชั่น จำกัด,อเนชา ด้วงโสน,พิษณุโลก,02 636 9676
CUST02392,บริษัท บจก.เณรานุสนธิ์ จำกัด,ธเนษฐ ถะเกิงชศ,สกลนคร,+66 (0) 687 534 595
CUST02393,บริษัท ธนูปกรณ์เทรดดิ้ง จำกัด,ยนงคราญ ดีตพันธุ์,ปากเกร็ด,0-7183-2989
CUST02394,บริษัท บริษัท ดาบเงินแอนด์ซันส์ จำกัด (มหาชน) จำกัด,คำมั่น ติระคมน์,สกลนคร,078-027029
CUST02395,บริษัท หจก.ศรีอุ่น จำกัด,กุลภาวลัย ปานสุวรรณ,ขอนแก่น,0-7889-4283
CUST02396,บริษัท บริษัท นับเนื่องนอพานิช จำกัด จำกัด,กฤตพร ฉายแสง,เชียงราย,+66 4571 9502
CUST02397,บริษัท ชมรมหอมสิน จำกัด,วาสุเทพ ถนัดการยนต์,แหลมฉบัง,065-196-9643
CUST02398,บริษัท ห้างหุ้นส่วนสามัญ ทศโยธิน จำกัด,อาภัศรา ถนัดรบ,สุราษฎร์ธานี,+66 (0) 653 039 893
CUST02399,บริษัท นิลเสนาพานิช จำกัด,วิทูลย์ ศิวะวรเวท,ภูเก็ต,+66 (0) 3526 2956
CUST02400,บริษัท ห้างหุ้นส่วนจำกัด ธรรมนิยมอุตสาหกรรม จำกัด,มาโนชญ์ ทรัพย์สาร,พระนครศรีอยุธยา,+663 386 7793
CUST02401,บริษัท สหภาพแรงงานคณานุรักษ์ จำกัด,วรรณชนะชัย เนตร์มณี,เจ้าพระยาสุรศักดิ์,+667 376 1236
CUST02402,บริษัท หจก.นาถะเดชะและเพื่อน จำกัด,จันทภา ไชยภา,ยะลา,0855753545
CUST02403,บริษัท บริษัท ทองเนื้อดีบริการ จำกัด จำกัด,โสภณิตา เขียวอ่อน,เกาะสมุย,026-081423
CUST02404,บริษัท บริษัท เลขะพันธุ์ จำกัด จำกัด,ซุกรี ดัตพันธุ์,นครศรีธรรมราช,056 355591
CUST02405,บริษัท บมจ.หนุนสุข จำกัด,อณาวิน พรมอ่อน,นครสวรรค์,+66 (0) 4565 0523
CUST02406,บริษัท แนวพนิช-ดวงทับทิม จำกัด,ธีรลักษณ์ ธีวร,นนทบุรี,057-809325
CUST02407,บริษัท หจก.ทรัพย์ธำรงค์จิวเวลรี่ จำกัด,ทวีวัฒน์ ทองแท้,นครปฐม,0 981 450 748
CUST02408,บริษัท หจก.บุตดา จำกัด,ธมลพรรณ ดุริยพันธุ์,สมุทรปราการ,+66 (0) 5804 5510
CUST02409,บริษัท หจก.ทองสุกเลิศกรุ๊ป จำกัด,วรศาสส์ ศรีสัตย์,อุบลราชธานี,+66 2925 1440
CUST02410,บริษัท เขียวขุ้ยและเตมิยะเดช จำกัด,ตรีนุช สาระพันธ์,พัทยา,034-399277
CUST02411,บริษัท บริษัท ราชมณี จำกัด จำกัด,นนทกาญจน์ ถนัดหัตถกรรม,นครสวรรค์,+66 990 923 285
CUST02412,บริษัท ซาซุมการบัญชี จำกัด,อิสรันดร์ เดชคุ้ม,พิษณุโลก,+66 4230 2407
CUST02413,บริษัท ตระกูลไม้เรียงและเดชวา จำกัด,มารุด นิลสุวรรณ์,ปากเกร็ด,03 969 1273
CUST02414,บริษัท บมจ.เวียงจันทึก จำกัด,สนั่น ศรทอง,สงขลา,039-921102
CUST02415,บริษัท ตันตราจิณเทรดดิ้ง จำกัด,คมคาย คำลือ,พัทยา,+66 4179 6471
CUST02416,บริษัท ธรรมฤดีและเมืองสุข จำกัด,สิรวัฒน์ ศรีอุ่น,นครปฐม,044 180912
CUST02417,บริษัท บริษัท หอมสินภาพยนตร์ จำกัด จำกัด,พรชีวิน แก้วอยู่,พัทยา,029522090
CUST02418,บริษัท ตันตราจิณ-นิละทัต จำกัด,รัฐพงษ์ ซูสารอ,นครสวรรค์,+66 (0) 5109 5476
CUST02419,บริษัท บริษัท สันตะวงศ์ จำกัด (มหาชน) จำกัด,ราชพฤกษ์ ไสยกิจ,เกาะสมุย,032-728201
CUST02420,บริษัท บริษัท เลิศกิ่งพานิช จำกัด จำกัด,จริยฉัตร จ้อยนุแสง,พิษณุโลก,0878368163
CUST02421,บริษัท หจก.นุ่มกัน จำกัด,เจตธนากร ตวันเยี่ยม,ลำปาง,0 2340 5379
CUST02422,บริษัท บริษัท ไทยสุชาตอะไหล่ยนต์ จำกัด (มหาชน) จำกัด,เฉลิมรัฐ ตระกูลบุญ,รังสิต,056 814564
CUST02423,บริษัท ห้างหุ้นส่วนจำกัด ธนรักษ์ จำกัด,หรรษธร ถาวรรัตน,นครราชสีมา,078-176310
CUST02424,บริษัท บริษัท ศิวะวรเวทอุตสาหกรรม จำกัด จำกัด,ศุภนุนาย น้ำทิพย์,อุบลราชธานี,032 544214
CUST02425,บริษัท ห้างหุ้นส่วนจำกัด ปานสุวรรณอิมปอร์ตเอ็กซปอร์ต จำกัด,ศิรินันท์ ธัญาโภชน์,ปากเกร็ด,02 446 9951
CUST02426,บริษัท เตมิยะเดช-นะวะมันดร จำกัด,ญาณพันธุ์ ไทไชโย,ลำปาง,+66 (0) 887 367 910
CUST02427,บริษัท หอมพิกุลสโตร์ จำกัด,จันทนา ไทไชโย,สงขลา,07 029 2130
CUST02428,บริษัท หจก.นุตตาร จำกัด,นิติยา ตันตราจิณ,หาดใหญ่,071799320
CUST02429,บริษัท นาคสุทินและดิสกะประกาย จำกัด,ศศิรินทร์ หอมพิกุล,ยะลา,0881587097
CUST02430,บริษัท บริษัท ถาวรรัตน จำกัด จำกัด,วรรณรัตน์ ธูปะวิโรจน์,เชียงใหม่,0 814 708 688
CUST02431,บริษัท บริษัท ขำเอนก จำกัด จำกัด,บุญพา ถนัดกลึง,นครราชสีมา,0-5938-9251
CUST02432,บริษัท ห้างหุ้นส่วนจำกัด แหยมศิริ จำกัด,นภัสรินทร์ ไตรบรรพ,พิษณุโลก,0 967 754 872
CUST02433,บริษัท ห้างหุ้นส่วนจำกัด ตันเผ่าเคมิคอล จำกัด,พาสุข ถาวรรัตน,สมุทรสาคร,02 334 7156
CUST02434,บริษัท บริษัท นาคะนครกรุ๊ป จำกัด จำกัด,พัสวี ร่มธิติรัตน์,พระนครศรีอยุธยา,+66 (0) 7832 0954
CUST02435,บริษัท บริษัท แท่นทอง จำกัด จำกัด,ฌาฆีภัตฐ์ ทัศนสุทธิ,ยะลา,04 451 9348
CUST02436,บริษัท ห้างหุ้นส่วนจำกัด หอมสินกรุ๊ป จำกัด,เจษฏาภรณ์ ดาวกระจาย,หาดใหญ่,0868210712
CUST02437,บริษัท ห้างหุ้นส่วนจำกัด นับเนื่องนอ จำกัด,ภูวฤณ นักรบ,อ้อมน้อย,080 881 9150
CUST02438,บริษัท บจก.ถุงเงินภาพยนตร์ จำกัด,พงษ์นเรศ เนื้อนุ่ม,พิษณุโลก,+663 073 4547
CUST02439,บริษัท ทองอยู่บรรจุภัณฑ์ จำกัด,ตอฮา ถนัดการเขียน,อุดรธานี,087 708 8573
CUST02440,บริษัท ห้างหุ้นส่วนจำกัด ถาวรรัตน จำกัด,วสิตา คำลือ,ลำปาง,05 122 0846
CUST02441,บริษัท บริษัท ขุนดำ จำกัด จำกัด,ฤทธิ์ชกร ถุงเงิน,ยะลา,+66 (0) 935 165 841
CUST02442,บริษัท บริษัท นกทอง จำกัด จำกัด,ภัคชนน ดาวอร่าม,กรุงเทพมหานคร,+66 2842 3973
CUST02443,บริษัท สมาคมราชมณี จำกัด,วีระโชติ ดาตู,สมุทรปราการ,+665 861 8016
CUST02444,บริษัท บริษัท ถมังรักษสัตว์ จำกัด จำกัด,อินทรีย์ ชุมวระ,เจ้าพระยาสุรศักดิ์,+66 5140 9293
CUST02445,บริษัท หจก.โพธิสัตย์ จำกัด,อาซือมะ บุตดา,อุดรธานี,068-685-1703
CUST02446,บริษัท หจก.นับเนื่องนอเฟอร์นิเจอร์ จำกัด,พันธุ์เทพ บุญส่ง,แหลมฉบัง,0630723525
CUST02447,บริษัท บจก.ถนอมมนุษย์ จำกัด,จีราภรณ์ ราชมณี,สกลนคร,030 578476
CUST02448,บริษัท อัตตนาถ-นานายน จำกัด,ธมลพรรณ ผลบุญ,นนทบุรี,07 399 5489
CUST02449,บริษัท บริษัท ผลบุญการค้า จำกัด จำกัด,อธิตยา ตันยา,นครสวรรค์,055-246090
CUST02450,บริษัท บริษัท ยะผาแลบ จำกัด จำกัด,กวาง ตันเผ่า,ลำปาง,+66 2153 2715
CUST02451,บริษัท บริษัท ถิรสวัสดิ์พืชผล จำกัด จำกัด,เพทาย ติระคมน์,ปากเกร็ด,050074811
CUST02452,บริษัท ห้างหุ้นส่วนจำกัด ทองสีไพล จำกัด,เกษรา ธนูปกรณ์,สงขลา,053-043725
CUST02453,บริษัท บริษัท ทองอยู่ จำกัด (มหาชน) จำกัด,สโรชา ธูปะวิโรจน์,พัทยา,+66 (0) 3451 7760
CUST02454,บริษัท บริษัท ปานสุวรรณ จำกัด จำกัด,เมทนี ทองปากน้ำ,สมุทรปราการ,0 670 143 442
CUST02455,บริษัท บริษัท เนื่องนนท์ จำกัด จำกัด,สายสุรีย์ บุญญาไลย์,ยะลา,0-5320-0105
CUST02456,บริษัท ธรรมทินนาเอนเตอรไพรส์ จำกัด,วีระโชติ ดาวอร่าม,นครราชสีมา,065-125-3876
CUST02457,บริษัท ทองสินธุ์วิศวการ จำกัด,รชตกร นิลสุวรรณ์,แหลมฉบัง,+66 4591 8634
CUST02458,บริษัท ตรีเภรินทร์เอเยนซี จำกัด,จิณภัทตา วิลาสินี,ขอนแก่น,03 632 9734
CUST02459,บริษัท บริษัท ตั้งเผ่า จำกัด จำกัด,ศิริญา ฉัพพรรณธนกูร,ปากเกร็ด,091 252 0593
CUST02460,บริษัท โพธิสัตย์-บุนยะตีรณะ จำกัด,พีรภัทร์ ทองลาภ,ตรัง,0 994 347 310
CUST02461,บริษัท บุญญาไลย์-นพตระกูล จำกัด,ชิดชนก ธัญาโภชน์,กรุงเทพมหานคร,+66 2805 5556
CUST02462,บริษัท บริษัท เช้าวันดี จำกัด จำกัด,ซูไรดา แก้วชลคราม,นครปฐม,0 7845 5824
CUST02463,บริษัท ถิรสวัสดิ์ซัพพลาย จำกัด,นวรรษนันท์ ธาราธร,สมุทรปราการ,026 516210
CUST02464,บริษัท บจก.ศรีเผด็จเซอร์วิส จำกัด,คมสัน ตวันเยี่ยม,พัทยา,083-568-1099
CUST02465,บริษัท ห้างหุ้นส่วนจำกัด ถนัดการยนต์ จำกัด,วณัฐดา ทรัพย์ธำรงค์,เจ้าพระยาสุรศักดิ์,0-5318-8564
CUST02466,บริษัท ตรีครุธพันธุ์-สงประเสริฐ จำกัด,มาสิตะ ตัณฑนุช,พิษณุโลก,0-3979-8437
CUST02467,บริษัท บจก.ถมปัด จำกัด,มูฮัมหมัดอิมรอน ดุษฎีวนิช,นครราชสีมา,088-642-9810
CUST02468,บริษัท นิระหานีการบัญชี จำกัด,วัลยา ฉัตรอภิเที่ยงค่ำ,พิษณุโลก,+665 317 8540
CUST02469,บริษัท บริษัท ทองแท้ จำกัด จำกัด,ยุลิน ขำเอนก,สมุทรปราการ,+66 (0) 5593 3832
CUST02470,บริษัท มูลนิธิดีตพันธุ์ จำกัด,พงษ์นเรศ ฉัตรอภิเที่ยงค่ำ,พิษณุโลก,0 5015 2898
CUST02471,บริษัท บริษัท บุญญาไลย์ จำกัด จำกัด,สิริรัตน์ ตราชู,สงขลา,0-7662-4389
CUST02472,บริษัท ห้างหุ้นส่วนจำกัด ซาซุม จำกัด,เทพนารี ทศโยธิน,ลำปาง,0-3084-0429
CUST02473,บริษัท มูลนิธิเขียวขุ้ย จำกัด,กิติวัฒน์ ถิรสวัสดิ์,สงขลา,04 805 5634
CUST02474,บริษัท บริษัท ถ้วนศรีบริการ จำกัด จำกัด,วิเชียร ศรทอง,แม่สอด,075 272589
CUST02475,บริษัท บริษัท ติณรัตน์ขนส่ง จำกัด จำกัด,จุฑารัตน์ นาคสุทิน,สุราษฎร์ธานี,078826288
CUST02476,บริษัท บมจ.ธุวะนุติ์อินเตอร์เนชั่นแนล จำกัด,วิรชัย นิลสลัว,นครปฐม,+66 (0) 947 538 955
CUST02477,บริษัท บริษัท นิติสาขา จำกัด,คำมั่น แจ้งสว่าง,กรุงเทพมหานคร,039-514787
CUST02478,บริษัท นครเทพเคมิคอล จำกัด,จักรพันธ์ นุตตาร,ยะลา,029-587812
CUST02479,บริษัท ห้างหุ้นส่วนจำกัด นิระหานี จำกัด,ธัญญามาศ แหยมศิริ,แหลมฉบัง,+66 (0) 828 542 227
CUST02480,บริษัท บริษัท ดาวอร่าม จำกัด จำกัด,บุญพา นิลเสนา,ลำปาง,070043581
CUST02481,บริษัท บริษัท นักรบ จำกัด จำกัด,พรปราณี ดุริยพันธุ์,สงขลา,+66 662 731 400
CUST02482,บริษัท สหภาพแรงงานอุ่นอก จำกัด,บุญญกัลป์ นิลเสนา,ภูเก็ต,+66 (0) 4549 7375
CUST02483,บริษัท แท่นทองและเขียวอ่อน จำกัด,สิราพร โพธิสัตย์,ยะลา,+667 954 8738
CUST02484,บริษัท มูลนิธิดาวอร่าม จำกัด,วิรศักดิ์ พรสีมา,ระยอง,+66 871 945 666
CUST02485,บริษัท บริษัท บัวเผื่อนโอสถ จำกัด (มหาชน) จำกัด,สุชิน ประจันตะเสน,พิษณุโลก,+665 915 1573
CUST02486,บริษัท หจก.ธนรักษ์แอนด์ซันส์ จำกัด,วิรชัย ถนัดรักษา,ตรัง,+66 (0) 832 585 448
CUST02487,บริษัท นิยมเซียมเอ็นจิเนียริ่ง จำกัด,ยศพงศ์ คำลือ,สงขลา,04 895 9977
CUST02488,บริษัท บริษัท ตั้งรบ จำกัด,สมปอง นามเสวตร,แม่สอด,051-792853
CUST02489,บริษัท ห้างหุ้นส่วนจำกัด เดชวาคอมพิวเตอร์ จำกัด,อธิวัตร บุนยะตีรณะ,นครสวรรค์,+66 (0) 5524 6149
CUST02490,บริษัท ศรีสัตย์-สังข์กรด จำกัด,ณัฐติญา พรสีมา,นครศรีธรรมราช,+66 7387 2852
CUST02491,บริษัท หจก.นะวะมันดร จำกัด,นภนต์ สังข์กรด,หาดใหญ่,04 302 6860
CUST02492,บริษัท บริษัท ไตรบรรพคอมพิวเตอร์ จำกัด จำกัด,สิรวัฒน์ หอมพิกุล,หาดใหญ่,043777013
CUST02493,บริษัท บริษัท ไทนิยมกรุ๊ป จำกัด จำกัด,เอกวิทย์ ฉิมพาลี,พัทยา,029413689
CUST02494,บริษัท ห้างหุ้นส่วนจำกัด ทองสุกเลิศการค้า จำกัด,สินสมุทร ดัตพันธุ์,สงขลา,099-602-0382
CUST02495,บริษัท บริษัท ตระกูลบุญกรุ๊ป จำกัด จำกัด,กิติกานต์ ทวีเดช,ลำปาง,0 5883 4593
CUST02496,บริษัท บริษัท นกทองอะไหล่ยนต์ จำกัด จำกัด,พิมพ์พิชญา ถนัดอักษร,นครปฐม,0-7184-4070
CUST02497,บริษัท ห้างหุ้นส่วนสามัญ ยาปะโลหิตและเพื่อน จำกัด,พลภูมิ ดาบเพ็ชร์,ตรัง,064 452 0836
CUST02498,บริษัท ขำเอนก-ถนัดพิมพการ จำกัด,จณิตตา งามพิเชษฐ์,พระนครศรีอยุธยา,+66 5572 4089
CUST02499,บริษัท บมจ.ขอหมั่นกลางแลบ จำกัด,เพ็ญยุภา ดาบเพ็ชร์,สงขลา,+664 769 4959
CUST02500,บริษัท หจก.ตั้งเผ่า จำกัด,คณภรณ์ อุ่นอก,สมุทรสาคร,+66 (0) 5850 0590
CUST02501,บริษัท ธูปะวิโรจน์อินเตอร์เนชั่นแนล จำกัด,ภานุวัตร ตวันเยี่ยม,พระนครศรีอยุธยา,045971971
CUST02502,บริษัท บมจ.นุ่มกันเอเยนซี จำกัด,ปิยะนันท์ ดุริยพันธุ์,นนทบุรี,+66 4806 5787
CUST02503,บริษัท ธนาคารนักสำหรวจ จำกัด (มหาชน) จำกัด,สมหมาย ดำริห์ชอบ,เกาะสมุย,0 3302 3363
CUST02504,บริษัท บจก.คำลือ จำกัด,ธีรลักษณ์ ถมังรักษสัตว์,นครสวรรค์,060-970-1957
CUST02505,บริษัท เจริญรัมย์และทองสินธุ์ จำกัด,เลิศเดช ตันตราจิณ,พิษณุโลก,04 294 1388
CUST02506,บริษัท บริษัท ถนอมมนุษย์แพคกิ้ง จำกัด จำกัด,เชิงชาย วะคีมัน,แหลมฉบัง,+66 (0) 3070 5748
CUST02507,บริษัท บริษัท ถนอมพลพานิช จำกัด จำกัด,วีระวัฒน์ ศรีสัตย์,สมุทรสาคร,+664 800 7391
CUST02508,บริษัท บริษัท อุ่นอก จำกัด (มหาชน) จำกัด,นวรรษนันท์ ดาวอร่าม,อ้อมน้อย,0 2445 1273
CUST02509,บริษัท สมาคมธรรมเมธา จำกัด,พัชรพร นวลเพ็ง,นครศรีธรรมราช,0 643 546 745
CUST02510,บริษัท บจก.นครเทพ จำกัด,อณัฐตา ถิรสวัสดิ์,นครราชสีมา,033-172867
CUST02511,บริษัท หจก.ธรรมสถิตไพศาล จำกัด,ปิ่นบุญญา ถนัดรักษา,อุดรธานี,+665 842 4788
CUST02512,บริษัท หจก.ตวันเยี่ยมจิวเวลรี่ จำกัด,สุรการณ์ สาระพันธ์,พัทยา,0-2774-6138
CUST02513,บริษัท หจก.แหยมศิริโอสถ จำกัด,กิติยาธรณ์ ซาซุม,สมุทรสาคร,075355152
CUST02514,บริษัท ห้างหุ้นส่วนสามัญ ซาซุม จำกัด,ทองสิริ ศาสตร์ศิลป์,อ้อมน้อย,+66 640 293 994
CUST02515,บริษัท บริษัท วิลาสินี จำกัด จำกัด,เชิงชาย นิลวิมล,แหลมฉบัง,032 502881
CUST02516,บริษัท บริษัท นาถะพินธุ จำกัด จำกัด,สุทธิณัฐ อุลหัสสา,ยะลา,096 808 5202
CUST02517,บริษัท หจก.วะคีมันการค้า จำกัด,มารุด ดิศดใน,นครปฐม,+66 (0) 7307 8591
CUST02518,บริษัท ถนัดอาวุธพานิช จำกัด,นภนต์ นาถะเดชะ,นครศรีธรรมราช,+66 (0) 816 997 279
CUST02519,บริษัท หจก.เจริญรัมย์แพคกิ้ง จำกัด,ฐิติยาพร ถนิมมาศ,พระนครศรีอยุธยา,051857105
CUST02520,บริษัท หจก.ถนอมมนุษย์ จำกัด,พรชีวิน ถนิมมาศ,สงขลา,+66 (0) 7603 3754
CUST02521,บริษัท ดิสกะประกาย-ถนัดอาวุธ จำกัด,นันทวรรณ มนทอง,รังสิต,+66 4220 8267
CUST02522,บริษัท บริษัท ตั้งกุลงาม จำกัด จำกัด,ผกาทิพย์ นิยมสำหรวจ,พระนครศรีอยุธยา,0 7377 7304
CUST02523,บริษัท บริษัท ทีฆะบริการ จำกัด (มหาชน) จำกัด,กุลเชษฐ ธรรมฤดี,นครราชสีมา,050-150367
CUST02524,บริษัท ธนาคารดิสกะประกาย จำกัด จำกัด,จักรชัย ทองสินธุ์,ขอนแก่น,067 388 5334
CUST02525,บริษัท บจก.อุลหัสสา จำกัด,เยาวรัตน์ วิลาสินี,กรุงเทพมหานคร,07 709 7577
CUST02526,บริษัท ห้างหุ้นส่วนจำกัด ตันเผ่า จำกัด,ฐิติณัฐฐา นักสำหรวจ,นครราชสีมา,+66 2012 9247
CUST02527,บริษัท ห้างหุ้นส่วนจำกัด นากกนกวิศวกรรม จำกัด,ศภัคชคง วุฑฒยากร,นครราชสีมา,0 2832 6901
CUST02528,บริษัท เจริญรัมย์-เวียงจันทึก จำกัด,อนิวัฒน์ ติณรัตน์,อ้อมน้อย,083-994-1892
CUST02529,บริษัท ปานสุวรรณและถนอมกุลบุตร จำกัด,ปิยนุช แหยมศิริ,เจ้าพระยาสุรศักดิ์,075-047420
CUST02530,บริษัท ถนัดเดินข่าวและธรรมนิยม จำกัด,จักรชัย ทองเนื้อดี,ปากเกร็ด,096-711-9965
CUST02531,บริษัท บริษัท ทุมะบุตร์ จำกัด จำกัด,สีหราช ทหารแท้,นครศรีธรรมราช,055-445071
CUST02532,บริษัท บริษัท เนื้อนุ่ม จำกัด จำกัด,นิรุตต์ นิติสาขา,แหลมฉบัง,02 131 0570
CUST02533,บริษัท สมาคมทับทิมไทย จำกัด,นิรุตต์ สันตะวงศ์,พระนครศรีอยุธยา,+664 291 3922
CUST02534,บริษัท บมจ.ดวงทับทิมแลบ จำกัด,ประจิน ภูภักดี,เจ้าพระยาสุรศักดิ์,0866690956
CUST02535,บริษัท หจก.แนวพนิช จำกัด,พิมพ์สุดา ศรีวงค์,ลำปาง,04 497 1205
CUST02536,บริษัท สมาคมสังข์กรด จำกัด,ณาร์รีมาน บุนยะตีรณะ,พระนครศรีอยุธยา,+66 (0) 2044 0724
CUST02537,บริษัท สมาคมบุญญาภิรมย์ จำกัด,สายสุรีย์ พรมอ่อน,แม่สอด,+665 081 5815
CUST02538,บริษัท บมจ.บุญศลภาพยนตร์ จำกัด,วรินทธิ์ธร ซาซุม,พระนครศรีอยุธยา,0-3418-4048
CUST02539,บริษัท หจก.พงศ์ฉบับนภา จำกัด,ณัฐธิตา ตราชู,สมุทรปราการ,079 949361
CUST02540,บริษัท หจก.ถนัดรักษาซัพพลาย จำกัด,สิริรัตน์ อัตตนาถ,พระนครศรีอยุธยา,0 5054 8888
CUST02541,บริษัท ธนาคารถะเกิงชศคอมพิวเตอร์ จำกัด จำกัด,ณิชเชฏฐ์ หอมสิน,ขอนแก่น,0 884 343 216
CUST02542,บริษัท บริษัท ธีวรพืชผล จำกัด จำกัด,สุพัตร ทองสินธุ์,นครราชสีมา,0 5601 6451
CUST02543,บริษัท บมจ.เขียวขุ้ย จำกัด,นราวรรณ ร่มธิติรัตน์,ลำปาง,078-495118
CUST02544,บริษัท ห้างหุ้นส่วนสามัญ ทองปากน้ำ จำกัด,เรืองเกียรติ ทองสุกเลิศ,สุราษฎร์ธานี,026096716
CUST02545,บริษัท บจก.ถาวรรัตนแลบ จำกัด,สมนึก ฉัตรอภิเที่ยงค่ำ,ภูเก็ต,074-495762
CUST02546,บริษัท หจก.ทำประดู่เอเยนซี จำกัด,ถนอมชัย นามขำ,พัทยา,0 3131 5982
CUST02547,บริษัท สมาคมแจ้งสว่าง จำกัด,พุทธ ประจันตะเสน,สมุทรปราการ,0-5567-0075
CUST02548,บริษัท บจก.ถมปัดคอมพิวเตอร์ จำกัด,ศิริญา ภูภักดี,หาดใหญ่,+663 920 5867
CUST02549,บริษัท บริษัท แนวพนิชวิศวกรรม จำกัด จำกัด,อำไพ ธรรมทินนา,เจ้าพระยาสุรศักดิ์,0 3505 0439
CUST02550,บริษัท บริษัท ร่มธิติรัตน์แลบ จำกัด จำกัด,ศุภาศิล ประจันตะเสน,ปากเกร็ด,0 4854 5939
CUST02551,บริษัท บริษัท นพตระกูล จำกัด (มหาชน) จำกัด,ทานตะวัน ศรีเผด็จ,สงขลา,033 867715
CUST02552,บริษัท บมจ.แจ้งสว่างสโตร์ จำกัด,ธราวิทญ์ เขียวขุ้ย,ตรัง,037 763232
CUST02553,บริษัท ห้างหุ้นส่วนจำกัด ขุนดำ จำกัด,ทัตธน พรมอ่อน,เจ้าพระยาสุรศักดิ์,0-2018-5689
CUST02554,บริษัท ห้างหุ้นส่วนจำกัด นิระหานี จำกัด,วิรศักดิ์ เณรานุสนธิ์,เชียงราย,0916892452
CUST02555,บริษัท ห้างหุ้นส่วนจำกัด พรรษาสกุลกลการ จำกัด,ภัคชนน ธาราธร,รังสิต,+66 (0) 647 728 189
CUST02556,บริษัท ตันยาเฟอร์นิเจอร์ จำกัด,วิกิจ เยาวธนโชค,พัทยา,+66 (0) 4169 3991
CUST02557,บริษัท บจก.นิลเสนา จำกัด,จณิตตา นุตตาร,ลำปาง,039-398669
CUST02558,บริษัท บริษัท ตระกูลไม้เรียง จำกัด จำกัด,สุทธิณัฐ นฤทุกข์,สมุทรปราการ,0 4893 2429
CUST02559,บริษัท เนื่องนนท์และนิระหานี จำกัด,ปรมินทร์ ทองสุกเลิศ,สงขลา,0 615 283 736
CUST02560,บริษัท บมจ.นรวิทย์โชติกุลคอมพิวเตอร์ จำกัด,พิมพกานต์ ศิวะวรเวท,เกาะสมุย,+66 4372 6978
CUST02561,บริษัท ห้างหุ้นส่วนสามัญ นาควงษ์ จำกัด,จีราภรณ์ พรมอ่อน,กรุงเทพมหานคร,046-255623
CUST02562,บริษัท ถนัดอาวุธอะไหล่ยนต์ จำกัด,จุฑารัตน์ ศรีตะวัน,ภูเก็ต,089-988-8034
CUST02563,บริษัท บริษัท ถิรสวัสดิ์ จำกัด จำกัด,สมปอง ขุนดำ,พิษณุโลก,053-772141
CUST02564,บริษัท บริษัท ดัตพันธุ์ จำกัด จำกัด,รักชนก บุตดา,ขอนแก่น,05 350 6373
CUST02565,บริษัท ห้างหุ้นส่วนสามัญ ตราชูโอสถ จำกัด,นรีรัตน์ ถาวระวรณ์,เกาะสมุย,061 221 7346
CUST02566,บริษัท ห้างหุ้นส่วนจำกัด ตรีเภรินทร์ จำกัด,ปิยวดี ทองสินธุ์,สมุทรปราการ,+66 5415 0960
CUST02567,บริษัท บริษัท กุมารบุญอินเตอร์เนชั่นแนล จำกัด จำกัด,จิม เตชะกำพุ,นครศรีธรรมราช,035807439
CUST02568,บริษัท ห้างหุ้นส่วนจำกัด ทศโยธิน จำกัด,พุทธ แน่นดุจป้อม,เชียงราย,042 550169
CUST02569,บริษัท หจก.ถนัดอักษร จำกัด,เลิศเดช นาคสุทิน,พัทยา,0862259793
CUST02570,บริษัท ทรัพย์สารและฉัตรอภิเที่ยงค่ำ จำกัด,สมมล นามขำ,สุราษฎร์ธานี,024 226588
CUST02571,บริษัท บริษัท เขียวอ่อน จำกัด (มหาชน) จำกัด,อนุวัช วาทา,ยะลา,0 4131 2126
CUST02572,บริษัท คณานุรักษ์อุตสาหกรรม จำกัด,บุญเกิด นกทอง,แหลมฉบัง,07 532 4265
CUST02573,บริษัท บริษัท ถนัดกลึง จำกัด จำกัด,กุลดิลก ธูปะวิโรจน์,ระยอง,03 209 4973
CUST02574,บริษัท สมาคมจันทา จำกัด,มนรัตน์ น้ำทิพย์,พัทยา,+66 871 483 708
CUST02575,บริษัท มูลนิธิคำลือ จำกัด,พุทธ ตันยา,สุราษฎร์ธานี,042-171895
CUST02576,บริษัท ห้างหุ้นส่วนจำกัด นามขำ จำกัด,ไชยภพ ถนอมพล,นครศรีธรรมราช,02 963 9768
CUST02577,บริษัท ถนัดรบ-เยาวธนโชค จำกัด,คมกฤชญ์ ธนูปกรณ์,นนทบุรี,0 929 645 073
CUST02578,บริษัท บริษัท ทหารแท้แลบ จำกัด จำกัด,หรรษธร ไชยภา,สกลนคร,04 040 4279
CUST02579,บริษัท บริษัท ภูภักดีและบุตร จำกัด จำกัด,สันติราษฎร์ บินดี,แม่สอด,+66 825 311 522
CUST02580,บริษัท สมาคมแก้วอยู่ จำกัด,ณิชเชฏฐ์ ธรรมเมธา,พิษณุโลก,0-5980-6595
CUST02581,บริษัท บริษัท ทรัพย์ธำรงค์คอนสตรัคชั่น จำกัด จำกัด,ปัญญาพร ยางสวย,นครปฐม,+66 (0) 7502 9367
CUST02582,บริษัท ห้างหุ้นส่วนจำกัด ธัญเสถียร จำกัด,ฤทธิ์ชกร บุนยาภิสนท์,เกาะสมุย,+66 (0) 684 508 473
CUST02583,บริษัท ทำประดู่ซัพพลาย จำกัด,เอกอธิพงษ์ ตั้งกุลงาม,แหลมฉบัง,+66 (0) 832 434 762
CUST02584,บริษัท ธนาคารเยาวธนโชค จำกัด จำกัด,สมหมาย เนื้อนุ่ม,เชียงราย,+66 (0) 931 112 898
CUST02585,บริษัท บมจ.นะวะมันดรอะไหล่ยนต์ จำกัด,อชิตะวีร์ ฉัพพรรณธนกูร,นครปฐม,04 307 9368
CUST02586,บริษัท บริษัท นิยมสำหรวจจิวเวลรี่ จำกัด จำกัด,สมเกียรติ นามเสวตร,นครศรีธรรมราช,+66 822 677 975
CUST02587,บริษัท บริษัท ศรีเผด็จ จำกัด (มหาชน) จำกัด,สุรธัช นกทอง,รังสิต,056-384843
CUST02588,บริษัท บริษัท ถนัดกลึง จำกัด จำกัด,พรเบญญา หิรัญสาลี,ปากเกร็ด,+66 3007 4695
CUST02589,บริษัท บจก.ถาวระวรณ์การบัญชี จำกัด,พาสุข ธัญาโภชน์,สมุทรปราการ,0-5690-2811
CUST02590,บริษัท ดวงทับทิมพืชผล จำกัด,เพชรมณี นิยมธรรม,ลำปาง,0-5414-6692
CUST02591,บริษัท ขอหมั่นกลาง-สันตะวงศ์ จำกัด,พิมพ์พิชญา ตันยา,อุดรธานี,+66 4410 4301
CUST02592,บริษัท หจก.ถนัดอักษรบริการ จำกัด,เฉลิมรัฐ ถนอมพล,นนทบุรี,0 7357 8234
CUST02593,บริษัท ถนอมพลกรังและนิยมสำหรวจ จำกัด,สมพิศ แนวพนิช,สมุทรสาคร,032-607856
CUST02594,บริษัท บริษัท จ้อยนุแสง จำกัด จำกัด,สมนึก ตราชู,ระยอง,036352339
CUST02595,บริษัท ห้างหุ้นส่วนจำกัด ดีตพันธุ์ จำกัด,ธนภณ ตระกูลบุญ,อุบลราชธานี,055110315
CUST02596,บริษัท ห้างหุ้นส่วนจำกัด ศรีวงค์ จำกัด,ยูซุฟ ตระกูลบุญ,สมุทรสาคร,073 325573
CUST02597,บริษัท หจก.ดาวอร่าม จำกัด,หรรษา สาระพันธ์,เจ้าพระยาสุรศักดิ์,033774049
CUST02598,บริษัท ห้างหุ้นส่วนจำกัด ทรัพย์สารการค้า จำกัด,นุจรี ธรรมนิยม,อุบลราชธานี,054 778176
CUST02599,บริษัท ทันยุคและตั้งรบ จำกัด,จินต์จุฑา เตมิยะเดช,แม่สอด,+66 (0) 904 141 894
CUST02600,บริษัท ห้างหุ้นส่วนจำกัด ถนัดการเขียนกลการ จำกัด,เพทาย ดีตพันธุ์,แม่สอด,+66 (0) 666 526 106
CUST02601,บริษัท บริษัท นาถะเดชะ จำกัด จำกัด,ทองรัตน์ ติระคมน์,สมุทรสาคร,+66 (0) 626 313 651
CUST02602,บริษัท หจก.หนุนสุข จำกัด,พันเทพ เช้าวันดี,แหลมฉบัง,087 533 4211
CUST02603,บริษัท ทับทิมไทยและตวันเยี่ยม จำกัด,ภูวรา ทองสินธุ์,เกาะสมุย,0-4926-0021
CUST02604,บริษัท สมาคมขำเอนก จำกัด,สมเกียรติ ตรีเภรินทร์,อ้อมน้อย,098 361 2138
CUST02605,บริษัท ห้างหุ้นส่วนจำกัด ธรรมเมธา จำกัด,อธิวัตร ดาบเงิน,สุราษฎร์ธานี,025-204107
CUST02606,บริษัท ถุงเงินและธรรมนิยม จำกัด,จักรชัย นพตระกูล,สงขลา,+66 611 175 568
CUST02607,บริษัท บริษัท ตัณสถิตย์ จำกัด จำกัด,คณภรณ์ บัวเผื่อน,นครศรีธรรมราช,+66 (0) 688 291 475
CUST02608,บริษัท บริษัท ถนัดรักษาวิศวการ จำกัด จำกัด,ปรายกานต์ ธนรักษ์,ระยอง,05 569 3577
CUST02609,บริษัท บริษัท ตัณสถิตย์อิมปอร์ตเอ็กซปอร์ต จำกัด (มหาชน) จำกัด,ศรลักษณ์ ถนัดหัตถกรรม,ระยอง,0 910 720 408
CUST02610,บริษัท บจก.วะคีมัน จำกัด,กุลภาวลัย ทศโยธิน,นครปฐม,080 475 3042
CUST02611,บริษัท อัตตนาถเอนเตอรไพรส์ จำกัด,จักรพันธ์ แนวพญา,อ้อมน้อย,+66 (0) 7079 5420
CUST02612,บริษัท นุตตารวิศวการ จำกัด,ภัคชัญญา หนุนสุข,เชียงใหม่,0 968 746 509
CUST02613,บริษัท บจก.แก้วชลคราม จำกัด,โสภา ทองปากน้ำ,พระนครศรีอยุธยา,063-407-3644
CUST02614,บริษัท ขำเอนกและพรสีมา จำกัด,เจตพินิษฐ์ ธรรมนิยม,สุราษฎร์ธานี,056-388329
CUST02615,บริษัท บริษัท ศรีตะวันก่อสร้าง จำกัด จำกัด,รภัสพงษ์ เลขะพันธุ์,พระนครศรีอยุธยา,024565717
CUST02616,บริษัท บริษัท เดชวา จำกัด จำกัด,เกษมชัย ไทไชโย,ภูเก็ต,0-4797-4320
CUST02617,บริษัท บริษัท ถนอมมนุษย์และบุตร จำกัด จำกัด,พศร ถนอมมนุษย์,ยะลา,0 834 572 674
CUST02618,บริษัท บริษัท แต้กุล จำกัด (มหาชน) จำกัด,มัตติกา นิยมธรรม,สกลนคร,+66 (0) 5479 4216
CUST02619,บริษัท หจก.ตั้งเผ่าสโตร์ จำกัด,ชัชเวศย์ เลขะพันธุ์,พิษณุโลก,07 368 4446
CUST02620,บริษัท บจก.นุตตาร จำกัด,พาดีล๊ะ ทองประดิฐ,ภูเก็ต,051371596
CUST02621,บริษัท ชมรมฉัตรอภิเที่ยงค่ำ จำกัด,ศรินยา ดำริห์ชอบ,ขอนแก่น,0985465044
CUST02622,บริษัท บมจ.ผลบุญ จำกัด,ศศิธร ธัญเสถียร,ขอนแก่น,0-3330-6634
CUST02623,บริษัท ห้างหุ้นส่วนจำกัด นิลสลัว จำกัด,ปริญญา ถนัดพิมพการ,ขอนแก่น,040083931
CUST02624,บริษัท บริษัท ทองปากน้ำก่อสร้าง จำกัด จำกัด,นรีกานต์ ตัณสถิตย์,แม่สอด,+66 2496 8558
CUST02625,บริษัท มูลนิธิศาสตร์ศิลป์ จำกัด,ณัฐพิชา หอมสิน,พระนครศรีอยุธยา,0 7474 6982
CUST02626,บริษัท ชมรมเนื้อนุ่ม จำกัด,ดิลก ตันเผ่า,สมุทรสาคร,+665 438 3856
CUST02627,บริษัท บมจ.เจริญรัมย์คอมพิวเตอร์ จำกัด,สุธาวี วิลาสินี,อ้อมน้อย,0 644 703 485
CUST02628,บริษัท บริษัท ธนประทีป จำกัด จำกัด,ปัณณธร นิลวิมล,เชียงใหม่,0 903 064 070
CUST02629,บริษัท บริษัท ศรีอุ่น จำกัด (มหาชน) จำกัด,คมสัน ถาวรรัตน,สมุทรสาคร,+662 336 3872
CUST02630,บริษัท ประจันตะเสนเอ็นจิเนียริ่ง จำกัด,ทรรศนชัย นฤภัย,เจ้าพระยาสุรศักดิ์,0968731158
CUST02631,บริษัท ห้างหุ้นส่วนสามัญ เขียวขุ้ย จำกัด,มนัญชยา มิ่งขวัญ,หาดใหญ่,0 3719 0041
CUST02632,บริษัท หจก.ธนูปกรณ์คอมมิวนิเคชั่น จำกัด,อัษฏา ธาราธร,หาดใหญ่,+66 2049 2276
CUST02633,บริษัท บริษัท ราชมณีการช่าง จำกัด จำกัด,สุธินันท์ บุญญาภิรมย์,พระนครศรีอยุธยา,+66 4661 0880
CUST02634,บริษัท บริษัท นิลสลัวอุตสาหกรรม จำกัด จำกัด,สุธินันท์ เนื่องนนท์,นครปฐม,078937136
CUST02635,บริษัท บริษัท ตันตราจิณคอนสตรัคชั่น จำกัด จำกัด,คมกฤชญ์ ธีวร,แม่สอด,036972699
CUST02636,บริษัท มูลนิธิตระกูลไม้เรียง จำกัด,วรรณรัตน์ ดุริยพันธุ์,หาดใหญ่,+66 (0) 4345 3180
CUST02637,บริษัท หอมสิน-ธูปะวิโรจน์ จำกัด,เอกชัย แต้กุล,หาดใหญ่,03 838 7763
CUST02638,บริษัท บมจ.นับเนื่องนอ จำกัด,ปริญญา พีระเพ็ญกุล,ภูเก็ต,+66 920 992 396
CUST02639,บริษัท ขันธุลาและนิษประปัญจ์ จำกัด,นพรัตน์ พรสีมา,รังสิต,0 4939 8903
CUST02640,บริษัท ห้างหุ้นส่วนจำกัด น้ำทิพย์ จำกัด,พีระพงศ์พันธ์ พรสีมา,เกาะสมุย,0 816 966 612
CUST02641,บริษัท บริษัท ทรัพย์สารวิศวการ จำกัด จำกัด,พาสุข ถนอมพลกรัง,นครศรีธรรมราช,+664 403 8107
CUST02642,บริษัท บริษัท ตรีครุธพันธุ์การค้า จำกัด จำกัด,สุชิน ขุนดำ,ขอนแก่น,+66 838 989 042
CUST02643,บริษัท บริษัท นิระหานี จำกัด จำกัด,อัษฏา งามพิเชษฐ์,รังสิต,0 977 072 765
CUST02644,บริษัท นิยมธรรมคอมพิวเตอร์ จำกัด,ไมล์ ฉัพพรรณธนกูร,สมุทรปราการ,07 811 7543
CUST02645,บริษัท ธนาคารสันตะวงศ์ จำกัด จำกัด,ยุภา นักรบ,นครราชสีมา,+66 (0) 3292 9271
CUST02646,บริษัท บริษัท แนวพนิช จำกัด จำกัด,พาดีล๊ะ แนวพนิช,สมุทรสาคร,0812072504
CUST02647,บริษัท ห้างหุ้นส่วนจำกัด ทองอยู่ภาพยนตร์ จำกัด,ธีร์ธวันาย ตันเผ่า,พัทยา,021-734381
CUST02648,บริษัท ห้างหุ้นส่วนจำกัด ปรีชากุลเศรษฐ์ จำกัด,พงษ์นเรศ แนวพญา,เชียงราย,+66 4527 5990
CUST02649,บริษัท บริษัท ตรีเภรินทร์ จำกัด จำกัด,วรปรัชญ์ บุญญาภิรมย์,สงขลา,023447902
CUST02650,บริษัท บริษัท เพียยา จำกัด จำกัด,ณัฐจศักดิ์ ทำประดู่,อ้อมน้อย,03 747 3226
CUST02651,บริษัท บริษัท นาควงษ์คอมมิวนิเคชั่น จำกัด จำกัด,ชัชเวศย์ แก้วอยู่,กรุงเทพมหานคร,0 966 481 463
CUST02652,บริษัท บริษัท ถนัดรักษา จำกัด จำกัด,กุลเชษฐ ไทนิยม,ขอนแก่น,+66 4789 3161
CUST02653,บริษัท หจก.ทันยุควิศวการ จำกัด,ปิยนุช ขอหมั่นกลาง,แหลมฉบัง,0904196367
CUST02654,บริษัท หจก.คณานุรักษ์การค้า จำกัด,คำมั่น เดชคุ้ม,ภูเก็ต,066-659-5693
CUST02655,บริษัท ดาวกระจาย-ธูปะวิโรจน์ จำกัด,พัสวี ทองลาภ,แหลมฉบัง,031668950
CUST02656,บริษัท หจก.ทองประดิฐ จำกัด,ชรินทร์ทิพย์ น้ำทิพย์,กรุงเทพมหานคร,078890104
CUST02657,บริษัท หจก.ถนัดการยนต์ จำกัด,จิฬาภรณ์ ดวงทับทิม,พระนครศรีอยุธยา,069 343 5593
CUST02658,บริษัท บริษัท ดาวกระจาย จำกัด จำกัด,อเนชา นักสำหรวจ,สกลนคร,+66 (0) 2497 5934
CUST02659,บริษัท บจก.ธรรมทินนา จำกัด,สมใจ ธรรมสถิตไพศาล,นครศรีธรรมราช,0-4304-7263
CUST02660,บริษัท ห้างหุ้นส่วนสามัญ อุลหัสสาอะไหล่ยนต์ จำกัด,หฤทัย หอมพิกุล,เชียงใหม่,045 161285
CUST02661,บริษัท ราชมณีและนิยมธรรม จำกัด,รังสินี ธนรักษ์,สกลนคร,030-907977
CUST02662,บริษัท บริษัท แนวพนิชเทรดดิ้ง จำกัด จำกัด,บุญเทียน ติณรัตน์,ลำปาง,03 066 0646
CUST02663,บริษัท ห้างหุ้นส่วนสามัญ ถนัดกลึงมอเตอร์ จำกัด,อัญพัชร์ บุญส่ง,ขอนแก่น,066-321-8086
CUST02664,บริษัท หจก.ผลบุญ จำกัด,ยนงคราญ นำธวัช,เชียงใหม่,+66 949 367 706
CUST02665,บริษัท สมาคมถนิมมาศ จำกัด,สุพนธ์ ถนัดการเขียน,พัทยา,034-063402
CUST02666,บริษัท หจก.ถาวรรัตนเฟอร์นิเจอร์ จำกัด,เอกอธิพงษ์ บุนยะศัพท์,สมุทรสาคร,056847964
CUST02667,บริษัท บริษัท ถนัดเดินข่าวการบัญชี จำกัด จำกัด,เฉลิมรัตน์ นาคพันธุ์,สกลนคร,07 647 9768
CUST02668,บริษัท ทองสินธุ์-ทัศนสุทธิ จำกัด,ถนอมชัย เดชวา,กรุงเทพมหานคร,0-2277-8294
CUST02669,บริษัท บริษัท เขียวขุ้ยสโตร์ จำกัด จำกัด,ภัคศุภางค์ ธรรมเมธา,นครปฐม,+66 3691 1689
CUST02670,บริษัท บริษัท นุตตารภาพยนตร์ จำกัด จำกัด,ภูวรา ทรัพย์ธำรงค์,พัทยา,+662 683 5419
CUST02671,บริษัท สมาคมเลขะพันธุ์ จำกัด,อชิตะวีร์ ขุนดำ,เกาะสมุย,094-261-4179
CUST02672,บริษัท หจก.ซาซุมและบุตร จำกัด,วาสุเทพ ศรีวงค์,เกาะสมุย,04 474 7070
CUST02673,บริษัท หจก.ถนัดหัตถกรรม จำกัด,ศรายุธ ไทไชโย,พัทยา,026 862464
CUST02674,บริษัท ห้างหุ้นส่วนจำกัด พรสีมาบริการ จำกัด,โสภณ เขียวอ่อน,ลำปาง,0 958 576 157
CUST02675,บริษัท ห้างหุ้นส่วนจำกัด บุนยะศัพท์ จำกัด,พัชรีนิษฐ์ ทองลาภ,กรุงเทพมหานคร,0 3791 0549
CUST02676,บริษัท บริษัท เลขะพันธุ์ จำกัด จำกัด,อุษณีย์ แก้วชลคราม,เชียงราย,023 644819
CUST02677,บริษัท ชมรมถนัดพิมพการ จำกัด,จำรัส เขียวขุ้ย,นครสวรรค์,0-2648-8313
CUST02678,บริษัท บมจ.พานเกล้าเอนเตอรไพรส์ จำกัด,วรปรัชญ์ ดีตพันธุ์,กรุงเทพมหานคร,+66 842 504 014
CUST02679,บริษัท ห้างหุ้นส่วนสามัญ นพตระกูลเทรดดิ้ง จำกัด,สหัสมณี เดชวา,เชียงราย,054-017037
CUST02680,บริษัท มูลนิธิเวียงจันทึก จำกัด,อัญธิกา ถนัดหัตถกรรม,สกลนคร,0 3544 8674
CUST02681,บริษัท ห้างหุ้นส่วนสามัญ นิระหานีก่อสร้าง จำกัด,รักชนก ธรรมทินนา,อุบลราชธานี,+662 716 4499
CUST02682,บริษัท บริษัท บุญศล จำกัด จำกัด,ดวงจันทร์ ทุมะบุตร์,เกาะสมุย,0957868196
CUST02683,บริษัท ห้างหุ้นส่วนสามัญ ประจันตะเสนโอสถ จำกัด,ธนภณ ขุนดำ,นนทบุรี,0885020428
CUST02684,บริษัท สหภาพแรงงานทัศนสุทธิ จำกัด,อณาวิน ถาวรายุศม์,พระนครศรีอยุธยา,+66 4988 9496
CUST02685,บริษัท ศรีสัตย์พานิช จำกัด,สิริรัตน์ เลขะพันธุ์,สงขลา,02 124 4293
CUST02686,บริษัท บริษัท ธาราธร จำกัด จำกัด,เฉลิมรัฐ ถนอมพลกรัง,หาดใหญ่,061 841 9644
CUST02687,บริษัท บริษัท บัวเผื่อน จำกัด จำกัด,ธมลพรรณ ตั้งเผ่า,อุบลราชธานี,02 329 2010
CUST02688,บริษัท ห้างหุ้นส่วนสามัญ ธัญาโภชน์แลบ จำกัด,ดวงพร ตั้งเผ่า,พระนครศรีอยุธยา,0-5094-5866
CUST02689,บริษัท ห้างหุ้นส่วนจำกัด ทองเนื้อดีก่อสร้าง จำกัด,ปาริตา ทรัพย์ธำรงค์,สงขลา,0 2451 4802
CUST02690,บริษัท วิลาสินี-ไชยภา จำกัด,พีรพัฒน์ พานเกล้า,แม่สอด,021 072760
CUST02691,บริษัท หจก.ศรีสัตย์พืชผล จำกัด,ขอดิเยาะ ตราชู,ปากเกร็ด,0 974 000 115
CUST02692,บริษัท บริษัท เลิศกิ่ง จำกัด จำกัด,นัฐพล เนื่องนนท์,สุราษฎร์ธานี,0845904140
CUST02693,บริษัท มูลนิธิพงศ์ฉบับนภา จำกัด,นิติ หอมสิน,อุดรธานี,07 284 0054
CUST02694,บริษัท นามเสวตร-ทวนไชย์ จำกัด,เอกวิทย์ แนวพนิช,นครศรีธรรมราช,027 892713
CUST02695,บริษัท เลิศกิ่งและนามขำ จำกัด,อรจิรา นิลวรรณ,พระนครศรีอยุธยา,+665 566 9313
CUST02696,บริษัท บริษัท อุ่นอกก่อสร้าง จำกัด (มหาชน) จำกัด,เรืองเกียรติ นิยมธรรม,ขอนแก่น,0-7619-9621
CUST02697,บริษัท บริษัท ปานสุวรรณ จำกัด จำกัด,สรายุทธ ตันยา,ปากเกร็ด,+66 5403 5015
CUST02698,บริษัท บริษัท หนุนสุขบรรจุภัณฑ์ จำกัด จำกัด,ฟิรยา บุญส่ง,แหลมฉบัง,0-4509-5727
CUST02699,บริษัท มูลนิธิดาบเพ็ชร์ จำกัด,อลิษา ธรรมทินนา,รังสิต,+66 (0) 5167 1723
CUST02700,บริษัท สมาคมซาซุม จำกัด,อารีย์ ถ้วนศรี,เกาะสมุย,025 738756
CUST02701,บริษัท ถิรสวัสดิ์และเลิศกิ่ง จำกัด,ณภัทร ถนัดภาษา,อ้อมน้อย,+66 901 832 223
CUST02702,บริษัท บริษัท งามพิเชษฐ์ จำกัด จำกัด,คำ ดาวกระจาย,ปากเกร็ด,072-297139
CUST02703,บริษัท บริษัท วุฑฒยากรการช่าง จำกัด จำกัด,สีหราช งามพิเชษฐ์,อุดรธานี,093-589-2856
CUST02704,บริษัท ห้างหุ้นส่วนจำกัด ชำนาญวาด จำกัด,ลักษมี ดำริห์ชอบ,อ้อมน้อย,0 7388 9053
CUST02705,บริษัท บริษัท ธูปหอม จำกัด จำกัด,เบญญาทิพย์ ทองเนื้อดี,อุบลราชธานี,084-575-8669
CUST02706,บริษัท หจก.เณรานุสนธิ์ จำกัด,วุฒิ หอมสิน,พระนครศรีอยุธยา,079 605508
CUST02707,บริษัท ชมรมเนตร์มณี จำกัด,สิริกานต์ แนวพญา,อุดรธานี,+66 969 652 873
CUST02708,บริษัท เขียวอ่อนก่อสร้าง จำกัด,กันตวรรณ สังข์กรด,อ้อมน้อย,0 7207 3181
CUST02709,บริษัท ห้างหุ้นส่วนสามัญ ดุษฎีวนิชคอนสตรัคชั่น จำกัด,ชลิดา นาควงษ์,อุดรธานี,0919712920
CUST02710,บริษัท ห้างหุ้นส่วนจำกัด ทวนทองเทรดดิ้ง จำกัด,อุลัยพร เช้าวันดี,สงขลา,055936349
CUST02711,บริษัท หจก.แต้กุล จำกัด,อำพร ธูปะวิโรจน์,ยะลา,089-056-1060
CUST02712,บริษัท บริษัท เณรานุสนธิ์ จำกัด จำกัด,สุชิน บุญส่ง,อ้อมน้อย,+664 946 0542
CUST02713,บริษัท อัตตนาถเฟอนิชชิ่ง จำกัด,รูไกยะฮ์ สุวรรณหงษ์,ยะลา,+66 (0) 5142 8123
CUST02714,บริษัท บริษัท ทวนทองวิศวการ จำกัด จำกัด,นิวิลดาน นาฏคายี,สกลนคร,0 3096 2672
CUST02715,บริษัท หจก.ทองปากน้ำ จำกัด,ภูวฤณ ไม้แดง,พระนครศรีอยุธยา,046159886
CUST02716,บริษัท บจก.แต้กุล จำกัด,เนตรฤดี ตันตราจิณ,สงขลา,+66 (0) 874 913 990
CUST02717,บริษัท โพธิสัตย์-กุมารบุญ จำกัด,ภัทรนาฎ ถมปัด,เชียงใหม่,02 843 9312
CUST02718,บริษัท บริษัท ทำประดู่ จำกัด จำกัด,อชิตะวีร์ วะคีมัน,ภูเก็ต,020-095483
CUST02719,บริษัท ห้างหุ้นส่วนจำกัด เช้าวันดี จำกัด,มาโนชญ์ ธัญเสถียร,พัทยา,0 679 091 841
CUST02720,บริษัท ห้างหุ้นส่วนจำกัด วุฑฒยากรอินเตอร์เนชั่นแนล จำกัด,ณภัทร ตันเผ่า,อุบลราชธานี,+66 939 807 122
CUST02721,บริษัท บจก.ทองอยู่อะไหล่ยนต์ จำกัด,คำปลิว พรสีมา,สุราษฎร์ธานี,+663 121 3525
CUST02722,บริษัท ห้างหุ้นส่วนจำกัด ขอหมั่นกลาง จำกัด,วิเชียร อุ่นอก,เจ้าพระยาสุรศักดิ์,044872659
CUST02723,บริษัท บริษัท พีระเพ็ญกุล จำกัด จำกัด,สุพัตรา สุวรรณหงษ์,ตรัง,064 535 2996
CUST02724,บริษัท กองทุนรวมดุริยพันธุ์ จำกัด จำกัด,อลิษา ธรรมสถิตไพศาล,แหลมฉบัง,0 689 596 640
CUST02725,บริษัท บริษัท ผลบุญคอมพิวเตอร์ จำกัด จำกัด,ยศวัฒน์ ดาบเพ็ชร์,หาดใหญ่,0833439944
CUST02726,บริษัท บริษัท ธุวะนุติ์การค้า จำกัด จำกัด,พันธุ์เทพ บัวเผื่อน,นนทบุรี,055-518526
CUST02727,บริษัท ธนาคารเพียยาคอมพิวเตอร์ จำกัด (มหาชน) จำกัด,จิฬาภรณ์ ฉัพพรรณธนกูร,เกาะสมุย,0-2439-1924
CUST02728,บริษัท บริษัท ตระกูลไม้เรียง จำกัด จำกัด,วรรณกร ธูปหอม,เจ้าพระยาสุรศักดิ์,0 968 977 268
CUST02729,บริษัท บมจ.นครเทพวิศวการ จำกัด,อันธิกา เช้าวันดี,สุราษฎร์ธานี,+662 965 3950
CUST02730,บริษัท บมจ.ตันตราจิณคอมมิวนิเคชั่น จำกัด,ฤทธิ์ชกร ถนัดรักษา,พิษณุโลก,083-444-1860
CUST02731,บริษัท หจก.ถนัดรบ จำกัด,นภัสรินทร์ ถนัดภาษา,แหลมฉบัง,042-242190
CUST02732,บริษัท สาระพันธ์คอมมิวนิเคชั่น จำกัด,วิพุธ ศรีอุ่น,เกาะสมุย,0 2841 0506
CUST02733,บริษัท บมจ.นิษประปัญจ์ จำกัด,อนิวัฒน์ บุนยะศัพท์,เชียงราย,0609377147
CUST02734,บริษัท ดาวกระจาย-ผลบุญ จำกัด,วุฒิ ผลบุญ,นนทบุรี,060 295 7074
CUST02735,บริษัท บริษัท แหยมศิริ จำกัด จำกัด,ปาริตา ศิวะวรเวท,กรุงเทพมหานคร,+66 (0) 2614 2540
CUST02736,บริษัท มูลนิธิทรงโกมล จำกัด,อิสรันดร์ ร่มธิติรัตน์,นครศรีธรรมราช,0 5778 7824
CUST02737,บริษัท ประจันตะเสน-สาระพันธ์ จำกัด,พรชนก นิยมเซียม,รังสิต,098-416-6228
CUST02738,บริษัท ดุริยพันธุ์แพคกิ้ง จำกัด,กวีฉัฏฐ ขันธุลา,อ้อมน้อย,0 4666 6654
CUST02739,บริษัท บริษัท ธนูปกรณ์ จำกัด จำกัด,ศรีสวัสดิ์ สาระพันธ์,นนทบุรี,0 2889 3501
CUST02740,บริษัท บริษัท เธียรายันเฟอร์นิเจอร์ จำกัด จำกัด,ธีรลักษณ์ ธรรมสถิตไพศาล,นครราชสีมา,073520303
CUST02741,บริษัท บริษัท ถนอมมนุษย์คอนสตรัคชั่น จำกัด (มหาชน) จำกัด,จุฑารัตน์ ทำประดู่,ระยอง,033419431
CUST02742,บริษัท บริษัท ยางสวย จำกัด,เฉลิมรัตน์ ดาวอร่าม,พิษณุโลก,029 289266
CUST02743,บริษัท นิลวิมล-ไม้แดง จำกัด,ชนิศา คำลือ,เชียงราย,037706506
CUST02744,บริษัท ชมรมนะวะมันดร จำกัด,สุชิน นาคะนคร,พิษณุโลก,068-689-1503
CUST02745,บริษัท ห้างหุ้นส่วนจำกัด ศรทองและเพื่อน จำกัด,ปัณณธร ตัณฑนุช,พระนครศรีอยุธยา,+66 (0) 852 167 825
CUST02746,บริษัท บริษัท น้ำทิพย์สโตร์ จำกัด จำกัด,จันทนา ไทไชโย,เจ้าพระยาสุรศักดิ์,+66 (0) 2488 9030
CUST02747,บริษัท ถนัดอักษรโอสถ จำกัด,ธเนษฐ วาทา,ยะลา,081-884-4690
CUST02748,บริษัท หจก.พรสีมาโอสถ จำกัด,เมทนี นุชแนวนุ่ม,หาดใหญ่,0 884 474 631
CUST02749,บริษัท บริษัท ธรรมนิยม จำกัด จำกัด,ปิ่นบุญญา บุญศล,ขอนแก่น,+66 (0) 963 314 548
CUST02750,บริษัท ห้างหุ้นส่วนสามัญ ราชมณี จำกัด,พันเทพ บุณยะภาชน์,เชียงราย,05 582 5231
CUST02751,บริษัท บริษัท ทศโยธินเซอร์วิส จำกัด จำกัด,บุญเทียน ทีฆะ,ลำปาง,099-430-7532
CUST02752,บริษัท บริษัท ทองสุกเลิศยานยนต์ จำกัด (มหาชน) จำกัด,เอกวิทย์ ถนิมมาศ,เกาะสมุย,0 3389 7986
CUST02753,บริษัท บมจ.ธรรมฤดีและเพื่อน จำกัด,ธีรวุฒิ นิลสลัว,อุดรธานี,+66 (0) 7277 0725
CUST02754,บริษัท บริษัท เขียวขุ้ย จำกัด จำกัด,บุญเกิด แน่นดุจป้อม,เชียงใหม่,+66 893 021 065
CUST02755,บริษัท ห้างหุ้นส่วนสามัญ ดัตพันธุ์กรุ๊ป จำกัด,ณัฐธภรณ์ แต้กุล,นครราชสีมา,0-3431-6156
CUST02756,บริษัท ห้างหุ้นส่วนจำกัด นรวิทย์โชติกุลและเพื่อน จำกัด,ทานตะวัน ทองปากน้ำ,สุราษฎร์ธานี,054 346083
CUST02757,บริษัท คณานุรักษ์คอนสตรัคชั่น จำกัด,สโรชา นพคเชนทร์,สมุทรสาคร,027 008498
CUST02758,บริษัท มูลนิธินิลสุวรรณ์ จำกัด,จินต์จุฑา ยางสวย,พิษณุโลก,0 2664 1568
CUST02759,บริษัท บริษัท เดชวา จำกัด จำกัด,มลิวรรณ ขอหมั่นกลาง,ขอนแก่น,+667 599 9551
CUST02760,บริษัท ห้างหุ้นส่วนจำกัด ทรัพย์สารมอเตอร์ จำกัด,วิทูลย์ วะคีมัน,เจ้าพระยาสุรศักดิ์,+66 (0) 5158 4016
CUST02761,บริษัท บริษัท ศรีสัตย์การช่าง จำกัด จำกัด,พุทธิพงษ์ ทองสินธุ์,เจ้าพระยาสุรศักดิ์,05 850 4790
CUST02762,บริษัท ดิสกะประกายภาพยนตร์ จำกัด,ธารา เนื้อนุ่ม,พัทยา,080-608-0364
CUST02763,บริษัท สมาคมนิยมธรรม จำกัด,ชัญญานุนาย ภูภักดี,เจ้าพระยาสุรศักดิ์,076-041129
CUST02764,บริษัท บริษัทหลักทรัพย์ บุนยะตีรณะยานยนต์ จำกัด จำกัด,สิราพร ตระกูลไม้เรียง,ระยอง,0 5744 6064
CUST02765,บริษัท บริษัท ธรรมฤดีสโตร์ จำกัด จำกัด,สิริกานต์ ตันเผ่า,นครสวรรค์,+665 135 5584
CUST02766,บริษัท บุนยาภิสนท์เอ็นจิเนียริ่ง จำกัด,ปฐม โพธิสัตย์,อ้อมน้อย,0 5859 7591
CUST02767,บริษัท บริษัท ไทยสุชาต จำกัด (มหาชน) จำกัด,ซูรัยดา เนื้อนุ่ม,สกลนคร,089 228 8429
CUST02768,บริษัท บริษัท นิยมธรรม จำกัด จำกัด,เฉลิมรัฐ ประจันตะเสน,นครปฐม,088-454-3665
CUST02769,บริษัท ห้างหุ้นส่วนสามัญ ทองปากน้ำเฟอร์นิเจอร์ จำกัด,อธิวัตร แถมธน,อุดรธานี,+665 018 1993
CUST02770,บริษัท บมจ.โพธิสัตย์บริการ จำกัด,พันเทพ กุมารบุญ,เชียงใหม่,+66 5786 3066
CUST02771,บริษัท บริษัท ศรีธนะเวทย์ จำกัด จำกัด,จักรชัย เนตร์มณี,เกาะสมุย,0 874 853 859
CUST02772,บริษัท ห้างหุ้นส่วนสามัญ นำธวัชกรุ๊ป จำกัด,กุลปรียา ธรรมทินนา,สุราษฎร์ธานี,+66 865 216 972
CUST02773,บริษัท หจก.แถมธนวิศวการ จำกัด,นันทวรรณ ดำริห์ชอบ,ยะลา,+66 (0) 681 615 561
CUST02774,บริษัท บริษัท ทรงโกมล จำกัด จำกัด,ทัตธน นรวิทย์โชติกุล,เจ้าพระยาสุรศักดิ์,+66 890 303 852
CUST02775,บริษัท ชมรมนิลวิมล จำกัด,ทองสิริ เจริญรัมย์,รังสิต,0 5781 4581
CUST02776,บริษัท ทรัพย์สารและโพธิสัตย์ จำกัด,ณัฐญาดา นับเนื่องนอ,อ้อมน้อย,0 602 428 991
CUST02777,บริษัท บริษัท ฉิมพาลีเอ็นจิเนียริ่ง จำกัด จำกัด,ปิ่นบุญญา ซาซุม,แม่สอด,067-441-4852
CUST02778,บริษัท บริษัท งามพิเชษฐ์คอนสตรัคชั่น จำกัด จำกัด,รภัสพงษ์ แจ้งสว่าง,นครราชสีมา,04 457 0174
CUST02779,บริษัท บจก.ตวงทอง จำกัด,ธราวิทญ์ เดชคุ้ม,ระยอง,0-4334-1022
CUST02780,บริษัท บริษัท ศรีวงค์ จำกัด จำกัด,ผดุงพล นิลสลัว,พัทยา,+667 458 4623
CUST02781,บริษัท บริษัท ทรัพย์ธำรงค์ จำกัด จำกัด,ซุกรี ถนอมพลกรัง,เจ้าพระยาสุรศักดิ์,+66 864 729 635
CUST02782,บริษัท บจก.เดชวา จำกัด,ปริญญา จันทา,พัทยา,+66 5615 3309
CUST02783,บริษัท ห้างหุ้นส่วนจำกัด บุญศล จำกัด,สินสมุทร หนักแน่น,พิษณุโลก,+66 (0) 7477 8704
CUST02784,บริษัท สหภาพแรงงานนิลสุวรรณ์ จำกัด,วัลยา คณานุรักษ์,ยะลา,097-805-0820
CUST02785,บริษัท ซาซุม-ธรรมสถิตไพศาล จำกัด,เนติลักษณ์ นรวิทย์โชติกุล,สกลนคร,02 648 8818
CUST02786,บริษัท ธนาคารธรรมนิยมพืชผล จำกัด (มหาชน) จำกัด,วณัฐดา ตวันเยี่ยม,สมุทรสาคร,042-433817
CUST02787,บริษัท สมาคมจันอ้น จำกัด,อรพิณ พงศ์ฉบับนภา,แหลมฉบัง,+66 2597 0971
CUST02788,บริษัท ห้างหุ้นส่วนจำกัด ชุมวระคอนสตรัคชั่น จำกัด,ฐิติวุฒิ ดาวกระจาย,สมุทรปราการ,+662 079 6946
CUST02789,บริษัท บริษัท บุญส่ง จำกัด จำกัด,ฟิรยา ถนัดหัตถกรรม,ระยอง,080-293-0480
CUST02790,บริษัท บริษัท คำลือพืชผล จำกัด จำกัด,อาภัศรา ถนอมพลกรัง,พระนครศรีอยุธยา,065-074-1803
CUST02791,บริษัท ทันยุคและตัณฑนุช จำกัด,พิไลพร นฤภัย,สุราษฎร์ธานี,+66 (0) 980 462 797
CUST02792,บริษัท ถะเกิงชศแพคกิ้ง จำกัด,เกียรติก้อง ตั้งเผ่า,แหลมฉบัง,0964297636
CUST02793,บริษัท ดิศดในภาพยนตร์ จำกัด,สมนึก บุญศล,ขอนแก่น,058 849504
CUST02794,บริษัท ห้างหุ้นส่วนจำกัด นุ่มกันเฟอร์นิเจอร์ จำกัด,ศจีกาญจน์ บุณยะภาชน์,เชียงราย,+66 2926 3859
CUST02795,บริษัท บริษัท ถาวรรัตน จำกัด จำกัด,ศิริญา ฉัตรอภิเที่ยงค่ำ,พัทยา,+66 (0) 7277 1317
CUST02796,บริษัท หจก.นรวิทย์โชติกุล จำกัด,นารดา ติณรัตน์,สงขลา,0 882 728 735
CUST02797,บริษัท บริษัท ทรัพย์สาร จำกัด จำกัด,ประวี พงศ์ฉบับนภา,สงขลา,+664 266 8917
CUST02798,บริษัท ติระคมน์และขันธุลา จำกัด,เทียมศักดิ์ บินดี,พระนครศรีอยุธยา,0-7153-5297
CUST02799,บริษัท ห้างหุ้นส่วนจำกัด ทุมะบุตร์แพคกิ้ง จำกัด,เพ็ญพรรษา ธรรมทินนา,นครปฐม,05 871 0280
CUST02800,บริษัท บริษัท ธัญาโภชน์การช่าง จำกัด จำกัด,หฤทัย ทศโยธิน,ปากเกร็ด,+665 505 1893
CUST02801,บริษัท บริษัท ทองสินธุ์ จำกัด จำกัด,สีหราช ธาราธร,อุดรธานี,+66 (0) 2998 6021
CUST02802,บริษัท บมจ.ตั้งกุลงามกรุ๊ป จำกัด,รมิตา ธนรักษ์,นครศรีธรรมราช,+66 914 526 794
CUST02803,บริษัท บริษัท พงศ์ฉบับนภา จำกัด จำกัด,นพวรรณ ดุริยพันธุ์,หาดใหญ่,049 156146
CUST02804,บริษัท บริษัท วิลาสินีเอนเตอรไพรส์ จำกัด (มหาชน) จำกัด,ซูรัยดา บุญบำรุง,ระยอง,052-502353
CUST02805,บริษัท หจก.ถนอมกุลบุตร จำกัด,ทองสิริ ขำเอนก,เชียงราย,+66 (0) 3402 1270
CUST02806,บริษัท แก้วชลคราม-อัตตนาถ จำกัด,พรพิไล ดาวอร่าม,พระนครศรีอยุธยา,+66 827 903 329
CUST02807,บริษัท บริษัท นพตระกูล จำกัด (มหาชน) จำกัด,สุทธิพจน์ ไทยแท้,พัทยา,043308786
CUST02808,บริษัท ห้างหุ้นส่วนสามัญ วุฑฒยากร จำกัด,ณิชเชฏฐ์ จ้อยนุแสง,กรุงเทพมหานคร,04 109 7559
CUST02809,บริษัท แก้วชลครามโอสถ จำกัด,อินทรีย์ หนุนสุข,ภูเก็ต,+66 (0) 2620 9374
CUST02810,บริษัท บมจ.แนวพญาเฟอนิชชิ่ง จำกัด,วิถี นากกนก,นครศรีธรรมราช,+66 917 702 629
CUST02811,บริษัท บจก.ธูปะวิโรจน์ก่อสร้าง จำกัด,ปัณณธร โพธิสัตย์,เจ้าพระยาสุรศักดิ์,058769995
CUST02812,บริษัท สมาคมเลิศกิ่ง จำกัด,คำ ดาตู,ระยอง,+66 (0) 4290 3419
CUST02813,บริษัท บริษัท หนุนสุขอินเตอร์เนชั่นแนล จำกัด จำกัด,เฉลิมรัฐ ถาวรรัตน,เชียงราย,+66 7333 3606
CUST02814,บริษัท บริษัท ตะละภัฏมอเตอร์ จำกัด (มหาชน) จำกัด,ฟารินี ด้วงโสน,สมุทรสาคร,+662 689 4008
CUST02815,บริษัท บริษัท ถุงเงินการค้า จำกัด จำกัด,พุทธ ถนัดรักษา,เจ้าพระยาสุรศักดิ์,+66 5615 1621
CUST02816,บริษัท ห้างหุ้นส่วนจำกัด ฉัพพรรณธนกูรการบัญชี จำกัด,นิวิลดาน ตวงทอง,สมุทรปราการ,055-687321
CUST02817,บริษัท หจก.เลิศกิ่งการค้า จำกัด,ไวพจน์ เนื้อนุ่ม,สุราษฎร์ธานี,+66 (0) 4769 9084
CUST02818,บริษัท ธนาคารนิลสลัวพานิช จำกัด จำกัด,ภานิณี แก้วอยู่,เชียงใหม่,+66 (0) 7995 3490
CUST02819,บริษัท ถนัดรักษาเอ็นจิเนียริ่ง จำกัด,ธีริสรา นิยมสำหรวจ,รังสิต,+66 (0) 916 246 800
CUST02820,บริษัท บริษัท ถนอมมนุษย์คอมมิวนิเคชั่น จำกัด จำกัด,ชนิศา ตั้งกุลงาม,สมุทรสาคร,094-105-5754
CUST02821,บริษัท บริษัท ถนิมมาศคอมพิวเตอร์ จำกัด จำกัด,พัสวี ถมังรักษสัตว์,ลำปาง,+66 (0) 831 042 032
CUST02822,บริษัท บริษัท ยาปะโลหิต จำกัด (มหาชน) จำกัด,บุญพา ชุมวระ,รังสิต,030448994
CUST02823,บริษัท บริษัท พานเกล้า จำกัด (มหาชน) จำกัด,วรรณรัตน์ ทองปากน้ำ,กรุงเทพมหานคร,+66 (0) 4375 3526
CUST02824,บริษัท นาคสุทินและทีฆะ จำกัด,พีระพงศ์พันธ์ ซาซุม,ลำปาง,0 916 189 433
CUST02825,บริษัท บริษัท ดัตพันธุ์การบัญชี จำกัด จำกัด,ณิชาภัทร ตั้งกุลงาม,สุราษฎร์ธานี,+66 (0) 3820 2560
CUST02826,บริษัท ทองอยู่-ขันธุลา จำกัด,เกศรา ยางสวย,ตรัง,053 255623
CUST02827,บริษัท พรสีมา-ปรีชากุลเศรษฐ์ จำกัด,กิติชัย ไทไชโย,สุราษฎร์ธานี,+66 5270 6010
CUST02828,บริษัท บริษัท ทองอยู่ จำกัด จำกัด,กิติวัฒน์ บุนยาภิสนท์,ลำปาง,+66 4826 9627
CUST02829,บริษัท หจก.ทศโยธินวิศวการ จำกัด,รอกีเย๊าะ ตั้งเผ่า,พระนครศรีอยุธยา,02 831 5429
CUST02830,บริษัท หจก.บุนยะศัพท์ จำกัด,เพ็ญพรรษา ฉายแสง,เชียงราย,083 971 5603
CUST02831,บริษัท บริษัท ไทยสุชาตแอนด์ซันส์ จำกัด จำกัด,จันทภา นิลวรรณ,ภูเก็ต,+664 037 1422
CUST02832,บริษัท ห้างหุ้นส่วนจำกัด แนวพญา จำกัด,ณิชเชฏฐ์ ไทยแท้,เชียงราย,05 986 8725
CUST02833,บริษัท หจก.ภูภักดี จำกัด,ธวัศชา เดชวา,อุบลราชธานี,055581955
CUST02834,บริษัท บริษัท ร่มธิติรัตน์ จำกัด จำกัด,จิราภรณ์ ธัญาโภชน์,นนทบุรี,030 030864
CUST02835,บริษัท ห้างหุ้นส่วนจำกัด ตันตราจิณบริการ จำกัด,ทับทิม ดาตู,แหลมฉบัง,020-146268
CUST02836,บริษัท หสน.ถนัดรบ จำกัด,จินต์จุฑา ธีวร,สุราษฎร์ธานี,02 512 4877
CUST02837,บริษัท ห้างหุ้นส่วนจำกัด ถิรสวัสดิ์ จำกัด,เกศรา บุญญาไลย์,ภูเก็ต,083 136 7944
CUST02838,บริษัท บริษัท วุฑฒยากร จำกัด จำกัด,อัญชิษฐา ธรรมฤดี,อุบลราชธานี,+66 7490 9002
CUST02839,บริษัท มูลนิธิถิรสวัสดิ์ จำกัด,ประวี นวลเพ็ง,อ้อมน้อย,0-7519-6764
CUST02840,บริษัท หจก.แต้กุลเฟอนิชชิ่ง จำกัด,อริสรา ธรรมนิยม,รังสิต,0 5057 3947
CUST02841,บริษัท บมจ.ถนัดเดินข่าวพานิช จำกัด,ฉัตรปรียา นิระหานี,อุดรธานี,0 862 572 933
CUST02842,บริษัท ห้างหุ้นส่วนสามัญ บุตดาขนส่ง จำกัด,จิณภัทตา บุนยะตีรณะ,เชียงใหม่,03 526 5787
CUST02843,บริษัท เวียงจันทึกบรรจุภัณฑ์ จำกัด,สุรนัย ถนอมกุลบุตร,แม่สอด,0 2120 9267
CUST02844,บริษัท เมืองสุขซัพพลาย จำกัด,นพวรรณ นะวะมันดร,เชียงราย,057578657
CUST02845,บริษัท ห้างหุ้นส่วนจำกัด ถนัดเดินข่าว จำกัด,เกศรา หิรัญสาลี,แหลมฉบัง,042 604615
CUST02846,บริษัท ทองสีไพล-ทำประดู่ จำกัด,ทองสิริ นามขำ,ปากเกร็ด,0 912 432 215
CUST02847,บริษัท บริษัท น้ำทิพย์แอนด์ซันส์ จำกัด จำกัด,นาย ฉายแสง,สมุทรปราการ,0-7921-2508
CUST02848,บริษัท บริษัท ยาปะโลหิตวิศวการ จำกัด จำกัด,นราวรรณ ตันตราจิณ,สงขลา,033 415582
CUST02849,บริษัท บริษัท ธรรมนิยมการค้า จำกัด จำกัด,มะลีวัลย์ ตัณสถิตย์,นนทบุรี,028-778762
CUST02850,บริษัท ห้างหุ้นส่วนจำกัด บัวเผื่อนการค้า จำกัด,ประสิทธิ์ นักสำหรวจ,อุดรธานี,02 549 3769
CUST02851,บริษัท บริษัท ทองประดิฐเทรดดิ้ง จำกัด จำกัด,จิณภัทตา หอมพิกุล,นครราชสีมา,+66 4439 5340
CUST02852,บริษัท มูลนิธิถนัดหัตถกรรม จำกัด,นันทวรรณ คำลือ,นนทบุรี,057-351939
CUST02853,บริษัท บริษัท เขียวขุ้ย จำกัด จำกัด,ใกล้รุ่ง ด้วงโสน,นครศรีธรรมราช,039724181
CUST02854,บริษัท สมาคมนิลวรรณ จำกัด,จีราภรณ์ ตระกูลไม้เรียง,ลำปาง,079769594
CUST02855,บริษัท บริษัท นาคสุทินเอ็นจิเนียริ่ง จำกัด จำกัด,นิรันดร์ จันอ้น,ลำปาง,041 891929
CUST02856,บริษัท ธนาคารบุนยาภิสนท์ จำกัด จำกัด,นพ ติณรัตน์,หาดใหญ่,+66 (0) 2801 9503
CUST02857,บริษัท สมาคมบุญญาไลย์ จำกัด,สุรการณ์ บินดี,นครปฐม,093-201-9132
CUST02858,บริษัท ห้างหุ้นส่วนจำกัด ไตรบรรพและบุตร จำกัด,เสรี ตวงทอง,พิษณุโลก,0-3760-0307
CUST02859,บริษัท นานายน-ตันเผ่า จำกัด,พาดีล๊ะ ขอหมั่นกลาง,แหลมฉบัง,087-522-4859
CUST02860,บริษัท หจก.นุตตารเอเยนซี จำกัด,วรินทธิ์ธร ไชยภา,นครปฐม,+664 724 0407
CUST02861,บริษัท ห้างหุ้นส่วนจำกัด ตวันเยี่ยม จำกัด,สุรนีย์ ไตรบรรพ,หาดใหญ่,0-2256-4657
CUST02862,บริษัท ห้างหุ้นส่วนสามัญ ประจันตะเสนและบุตร จำกัด,น้ำเพชร นฤทุกข์,ขอนแก่น,+662 891 9029
CUST02863,บริษัท บริษัท นฤทุกข์เซอร์วิส จำกัด (มหาชน) จำกัด,พัชรพร ทรัพย์ธำรงค์,สมุทรสาคร,+66 956 213 991
CUST02864,บริษัท นาควงษ์-ฉิมพาลี จำกัด,เมทนี พานเกล้า,แหลมฉบัง,+663 833 6546
CUST02865,บริษัท บมจ.ภูภักดีเอเยนซี จำกัด,อภิลักษณ์ นาฏคายี,แม่สอด,+664 253 2894
CUST02866,บริษัท นาคะนครและทหารแท้ จำกัด,ประเดิม อัตตนาถ,สมุทรปราการ,0-5643-0755
CUST02867,บริษัท สมาคมนวลเพ็ง จำกัด,รักชนก ทองสุกเลิศ,กรุงเทพมหานคร,+66 904 547 238
CUST02868,บริษัท บริษัท น้ำทิพย์ จำกัด จำกัด,เฉลิมรัตน์ ธนรักษ์,ขอนแก่น,058265542
CUST02869,บริษัท บริษัท ทันยุคและเพื่อน จำกัด จำกัด,ณัฐศักดิ์ มิ่งขวัญ,นครศรีธรรมราช,+66 (0) 832 116 016
CUST02870,บริษัท บริษัท วาทา จำกัด จำกัด,เอกอธิพงษ์ ทับทิมไทย,นนทบุรี,+664 974 2840
CUST02871,บริษัท บริษัท นิลสุวรรณ์ จำกัด จำกัด,ภัคศุภางค์ แหยมศิริ,แหลมฉบัง,030 050495
CUST02872,บริษัท ธรรมฤดีและหิรัญสาลี จำกัด,ซูฮัยดา แหยมศิริ,เกาะสมุย,045-586708
CUST02873,บริษัท บริษัท ถนอมกุลบุตรการบัญชี จำกัด (มหาชน) จำกัด,พีระพงศ์พันธ์ ถนัดพิมพการ,พัทยา,+663 094 5724
CUST02874,บริษัท บริษัท ทวนไชย์ จำกัด จำกัด,คำปลิว ไทยสุชาต,พิษณุโลก,+66 2184 0207
CUST02875,บริษัท บริษัท ตัณฑนุชอะไหล่ยนต์ จำกัด จำกัด,จุฑาภรณ์ ทองอยู่,นครราชสีมา,0 2216 2003
CUST02876,บริษัท ห้างหุ้นส่วนจำกัด นาคสุทินบรรจุภัณฑ์ จำกัด,พรเบญญา แจ้งสว่าง,ระยอง,0 2454 3442
CUST02877,บริษัท ศรีสัตย์เอ็นจิเนียริ่ง จำกัด,ชิดชนก ทองประดิฐ,สมุทรปราการ,+66 7647 7872
CUST02878,บริษัท ถนัดรักษาเคมิคอล จำกัด,ปาริตา บุญบำรุง,นนทบุรี,+66 3086 2048
CUST02879,บริษัท ถนัดการยนต์เคมิคอล จำกัด,ศรายุธ อุลหัสสา,ภูเก็ต,+66 (0) 4027 2238
CUST02880,บริษัท บริษัท ทำประดู่ จำกัด จำกัด,สุไฮลัน ศรีสัตย์,สมุทรปราการ,060 744 9544
CUST02881,บริษัท หจก.ดีตพันธุ์การบัญชี จำกัด,ไพสิฐ หนักแน่น,เชียงใหม่,0 4020 6302
CUST02882,บริษัท แก้วอยู่การค้า จำกัด,วรปรัชญ์ ถนัดพิมพการ,อุดรธานี,+66 5327 7275
CUST02883,บริษัท มูลนิธิไทยแท้ จำกัด,สุกฤษตา นาควงษ์,ปากเกร็ด,+66 (0) 5367 5944
CUST02884,บริษัท บริษัท นกทองพืชผล จำกัด (มหาชน) จำกัด,เจษฏาภรณ์ ตั้งเผ่า,นครศรีธรรมราช,083 332 4190
CUST02885,บริษัท บริษัท ทองลาภ จำกัด จำกัด,ราชันทร์ นิลสุวรรณ์,เชียงใหม่,+66 (0) 7136 5984
CUST02886,บริษัท บริษัท บุญญาไลย์ จำกัด จำกัด,เจตธนากร ตัณฑนุช,เชียงใหม่,+667 792 8145
CUST02887,บริษัท บริษัท ถมังรักษสัตว์ จำกัด จำกัด,ยศพงศ์ ไทนิยม,ระยอง,+66 (0) 2173 9885
CUST02888,บริษัท บริษัท นาฏคายีเอนเตอรไพรส์ จำกัด (มหาชน) จำกัด,วิรชัย นุ่มกัน,ภูเก็ต,053476976
CUST02889,บริษัท ห้างหุ้นส่วนจำกัด นิละทัต จำกัด,อาภัศรา ขันธุลา,ขอนแก่น,0-7816-2456
CUST02890,บริษัท บริษัท ถนัดพิมพการ จำกัด จำกัด,อัญชัญ ศาสตร์ศิลป์,แม่สอด,022878142
CUST02891,บริษัท บมจ.ธูปะวิโรจน์ขนส่ง จำกัด,สราญจิตต์ ตันยา,นครปฐม,03 359 9106
CUST02892,บริษัท หจก.ประจันตะเสนและบุตร จำกัด,ไมล์ ทองอยู่,พิษณุโลก,02 627 0542
CUST02893,บริษัท มูลนิธิเจริญรัมย์ จำกัด,ภาสวุฒิ ดาวกระจาย,รังสิต,0-5798-4787
CUST02894,บริษัท หิรัญสาลีภาพยนตร์ จำกัด,ศศิธร นามขำ,อุบลราชธานี,063-747-9284
CUST02895,บริษัท ห้างหุ้นส่วนจำกัด นิยมสำหรวจเอนเตอรไพรส์ จำกัด,วิรศักดิ์ นฤภัย,พระนครศรีอยุธยา,0 912 681 124
CUST02896,บริษัท ห้างหุ้นส่วนสามัญ ศรีสัตย์ จำกัด,ทัตธน เจริญรัมย์,เกาะสมุย,099-913-2023
CUST02897,บริษัท ห้างหุ้นส่วนสามัญ นิระหานี จำกัด,วีระโชติ ขอหมั่นกลาง,นครราชสีมา,+66 857 815 911
CUST02898,บริษัท บริษัท ถนัดภาษา จำกัด จำกัด,กวีฉัฏฐ วุฑฒยากร,ลำปาง,0 898 850 345
CUST02899,บริษัท บริษัท ตรีเภรินทร์ จำกัด จำกัด,ธัญญามาศ ธนประทีป,นครปฐม,+66 7144 5950
CUST02900,บริษัท บริษัท ทองสินธุ์ จำกัด (มหาชน) จำกัด,น้ำเพชร ดุริยพันธุ์,เชียงใหม่,090-245-2746
CUST02901,บริษัท ธีวร-นครเทพ จำกัด,พรเบญญา ถนัดรักษา,นครปฐม,0 3283 7957
CUST02902,บริษัท เขียวขุ้ยและถาวรรัตน จำกัด,อิสรันดร์ มิ่งขวัญ,พระนครศรีอยุธยา,+66 (0) 691 380 268
CUST02903,บริษัท บริษัท ธูปหอม จำกัด,พุทธ พรสีมา,กรุงเทพมหานคร,+66 (0) 3133 4328
CUST02904,บริษัท บริษัท ดาวอร่าม จำกัด จำกัด,ปิยนุช พานเกล้า,รังสิต,0 4831 2818
CUST02905,บริษัท บริษัท ตวงทองคอมพิวเตอร์ จำกัด จำกัด,รอกีเย๊าะ ตะละภัฏ,แหลมฉบัง,+66 7500 1272
CUST02906,บริษัท ห้างหุ้นส่วนจำกัด แนวพญา จำกัด,ธีรวัช ขำเอนก,พิษณุโลก,+66 (0) 3039 1910
CUST02907,บริษัท ทุมะบุตร์และเวียงจันทึก จำกัด,ศิริญา ชุมวระ,นครราชสีมา,04 747 3825
CUST02908,บริษัท ชมรมทุมะบุตร์ จำกัด,พันเทพ พีระเพ็ญกุล,เจ้าพระยาสุรศักดิ์,0-4510-2514
CUST02909,บริษัท นาคสุทินและถนิมมาศ จำกัด,กิ่งแก้ว ไม้แดง,นครศรีธรรมราช,+66 5401 8972
CUST02910,บริษัท ห้างหุ้นส่วนสามัญ อุ่นอกอิมปอร์ตเอ็กซปอร์ต จำกัด,พรสวรรค์ นุตตาร,อุดรธานี,02 067 5078
CUST02911,บริษัท แก้วอยู่เอ็นจิเนียริ่ง จำกัด,อันธิกา เนื่องนนท์,สกลนคร,+663 563 8348
CUST02912,บริษัท สมาคมยางสวย จำกัด,กิ่งแก้ว นามขำ,แหลมฉบัง,044751597
CUST02913,บริษัท สมาคมราชมณี จำกัด,รอซีด๊ะ ดีตพันธุ์,เชียงราย,0807318463
CUST02914,บริษัท ห้างหุ้นส่วนจำกัด ดำริห์ชอบ จำกัด,นิรันดร์ ธรรมฤดี,ภูเก็ต,+66 (0) 817 304 528
CUST02915,บริษัท นิยมสำหรวจแอนด์ซันส์ จำกัด,ทวีวัฒน์ ธนรักษ์,ระยอง,029 128500
CUST02916,บริษัท สมาคมธรรมเมธา จำกัด,วีร์สุดา เช้าวันดี,กรุงเทพมหานคร,0 3972 8677
CUST02917,บริษัท บริษัทหลักทรัพย์ นิลเสนาเซอร์วิส จำกัด จำกัด,กฤตเมธ วะคีมัน,นนทบุรี,089 317 3545
CUST02918,บริษัท ห้างหุ้นส่วนจำกัด นาฏคายีซัพพลาย จำกัด,ขอดิเยาะ ซาซุม,รังสิต,+66 866 318 610
CUST02919,บริษัท บมจ.ดัตพันธุ์ จำกัด,ปวีณ ทับทิมไทย,นครราชสีมา,0 975 009 960
CUST02920,บริษัท ห้างหุ้นส่วนจำกัด ถิรสวัสดิ์คอมพิวเตอร์ จำกัด,กิติกานต์ ยางสวย,อุดรธานี,022-834960
CUST02921,บริษัท ห้างหุ้นส่วนจำกัด ดวงทับทิม จำกัด,ธนกิตต์ พรรษาสกุล,ปากเกร็ด,+665 072 5540
CUST02922,บริษัท หสน.บุณยะภาชน์การช่าง จำกัด,บุญนพ สงประเสริฐ,สมุทรปราการ,+66 (0) 874 827 446
CUST02923,บริษัท สมาคมภูภักดี จำกัด,จริยฉัตร ทองเนื้อดี,เกาะสมุย,+66 3497 0672
CUST02924,บริษัท ห้างหุ้นส่วนจำกัด หอมพิกุลแอนด์ซันส์ จำกัด,เสรี บุญบำรุง,สมุทรสาคร,0 4834 8641
CUST02925,บริษัท มูลนิธิทวนไชย์ จำกัด,ณัฐญาดา แจ้งสว่าง,ภูเก็ต,+667 088 2421
CUST02926,บริษัท มูลนิธิถนัดอักษร จำกัด,ประไพพักตร์ บินดี,ยะลา,0 5300 3920
CUST02927,บริษัท บริษัท วะคีมัน จำกัด (มหาชน) จำกัด,ณัฐวรินทร นครเทพ,เกาะสมุย,+66 3866 0404
CUST02928,บริษัท บริษัท ผลบุญอะไหล่ยนต์ จำกัด (มหาชน) จำกัด,มะลีวัลย์ ทองสุกเลิศ,ปากเกร็ด,+66 (0) 7733 7291
CUST02929,บริษัท บริษัท ธุวะนุติ์ จำกัด จำกัด,จุฑารัตน์ ทรัพย์ธำรงค์,สมุทรสาคร,+66 (0) 5841 3688
CUST02930,บริษัท ตรีครุธพันธุ์และจันทา จำกัด,เกษมชัย นิยมเซียม,ปากเกร็ด,+66 (0) 4129 3194
CUST02931,บริษัท บจก.เวียงจันทึกยานยนต์ จำกัด,คมสัน เนื่องนนท์,สมุทรสาคร,0 859 059 073
CUST02932,บริษัท บริษัท ทับทิมไทยเซอร์วิส จำกัด จำกัด,สมเกียรติ ทวนทอง,พระนครศรีอยุธยา,0-3029-2688
CUST02933,บริษัท สมาคมพรมอ่อน จำกัด,พิมพ์สุตา นำธวัช,เชียงใหม่,060-078-6279
CUST02934,บริษัท ห้างหุ้นส่วนจำกัด ดิสกะประกายและเพื่อน จำกัด,ณัฐพิชา ทหารแท้,แหลมฉบัง,+66 947 035 154
CUST02935,บริษัท บริษัท นรวิทย์โชติกุล จำกัด จำกัด,ดิลก นำธวัช,ปากเกร็ด,076263339
CUST02936,บริษัท นามขำก่อสร้าง จำกัด,ภานุวัตร ถาวระวรณ์,สกลนคร,041 024311
CUST02937,บริษัท บริษัท ไทนิยมแพคกิ้ง จำกัด จำกัด,ยศวัฒน์ ดาตู,ขอนแก่น,025858763
CUST02938,บริษัท บริษัท บุตราชเทรดดิ้ง จำกัด จำกัด,จิตตานันท์ บินดี,รังสิต,07 996 3109
CUST02939,บริษัท บมจ.ตั้งกุลงามกลการ จำกัด,รภัสพงษ์ วุฑฒยากร,ลำปาง,036 594489
CUST02940,บริษัท หจก.ทรงโกมลอุตสาหกรรม จำกัด,อริสรา ทับทิมไทย,ขอนแก่น,053-833000
CUST02941,บริษัท บุนยาภิสนท์และไทยแท้ จำกัด,ภัคชัญญา ถนอมกุลบุตร,อุบลราชธานี,+66 5753 4862
CUST02942,บริษัท บริษัท นิลวิมลบรรจุภัณฑ์ จำกัด จำกัด,วิกิจ ธรรมนิยม,กรุงเทพมหานคร,04 659 2381
CUST02943,บริษัท บริษัท นานายนก่อสร้าง จำกัด จำกัด,อัญชัญ เณรานุสนธิ์,เชียงราย,0 670 682 146
CUST02944,บริษัท นาคพันธุ์กรุ๊ป จำกัด,ธมลพรรณ หนุนสุข,อุดรธานี,+66 805 972 637
CUST02945,บริษัท บริษัท บุญบำรุง จำกัด,ทิมาภรณ์ ทวนทอง,พัทยา,+663 075 4266
CUST02946,บริษัท บริษัท ถมปัด จำกัด จำกัด,นันทวรรณ ทศโยธิน,หาดใหญ่,0 930 278 916
CUST02947,บริษัท หจก.ธรรมเมธาแอนด์ซันส์ จำกัด,ภัคชัญญา นพตระกูล,ระยอง,071310108
CUST02948,บริษัท นิลวิมล-ศรทอง จำกัด,ภาสวุฒิ สันตะวงศ์,รังสิต,037157654
CUST02949,บริษัท บริษัท นิระหานีพืชผล จำกัด จำกัด,ทานตะวัน เวียงจันทึก,พระนครศรีอยุธยา,03 495 7383
CUST02950,บริษัท ธูปะวิโรจน์-ทรัพย์สาร จำกัด,ธนกิตต์ ศาสตร์ศิลป์,สงขลา,+66 4341 0000
CUST02951,บริษัท บจก.ติระคมน์บริการ จำกัด,พัสวี เดชคุ้ม,ยะลา,+66 (0) 651 694 617
CUST02952,บริษัท ห้างหุ้นส่วนจำกัด เขียวอ่อน จำกัด,นัสรุน ขันธุลา,เชียงใหม่,+66 (0) 4767 3724
CUST02953,บริษัท บริษัท นิยมเซียมการค้า จำกัด จำกัด,เทียมศักดิ์ พานเกล้า,เกาะสมุย,+66 7279 2181
CUST02954,บริษัท ทวนทอง-ทองเนื้อดี จำกัด,สิทธิชัย แนวพนิช,นนทบุรี,03 724 9151
CUST02955,บริษัท ห้างหุ้นส่วนจำกัด ถมังรักษสัตว์การช่าง จำกัด,ประสิทธิ์ ดวงทับทิม,สุราษฎร์ธานี,+66 2690 9451
CUST02956,บริษัท บริษัท ธรรมนิยม จำกัด (มหาชน) จำกัด,วิรศักดิ์ สันตะวงศ์,สกลนคร,075 755975
CUST02957,บริษัท บริษัท สันตะวงศ์ จำกัด จำกัด,เอกชัย ธูปหอม,สงขลา,0-3635-8216
CUST02958,บริษัท ธนาคารนาคสุทิน จำกัด (มหาชน) จำกัด,โรสชา พงศ์ฉบับนภา,นครปฐม,0930920167
CUST02959,บริษัท บมจ.นาถะเดชะขนส่ง จำกัด,ศุภกรชนา นวลเพ็ง,สุราษฎร์ธานี,+66 (0) 692 892 657
CUST02960,บริษัท ห้างหุ้นส่วนจำกัด ถมังรักษสัตว์ จำกัด,วรนาฎ ไสยกิจ,ปากเกร็ด,02 833 5758
CUST02961,บริษัท บริษัท นาฏคายี จำกัด (มหาชน) จำกัด,ญาณพันธุ์ ศิวะวรเวท,สมุทรสาคร,0-4992-0326
CUST02962,บริษัท บมจ.สุวรรณหงษ์พานิช จำกัด,สหัสมณี แนวพนิช,สกลนคร,+66 4632 1420
CUST02963,บริษัท แนวพนิชอินเตอร์เนชั่นแนล จำกัด,วิกิจ เตชะกำพุ,ระยอง,+66 (0) 3435 5498
CUST02964,บริษัท บมจ.ไม้แดง จำกัด,หลี ตรีครุธพันธุ์,สงขลา,+66 (0) 2239 9717
CUST02965,บริษัท สมาคมนะวะมันดร จำกัด,ยศพนต์ ผลบุญ,นครสวรรค์,+667 510 9470
CUST02966,บริษัท บริษัท นับเนื่องนอ จำกัด จำกัด,มาซีเตาะ บุญญาภิรมย์,นครสวรรค์,+66 690 514 397
CUST02967,บริษัท บริษัท อัตตนาถเอเยนซี จำกัด จำกัด,เทพนารี ทวนทอง,ปากเกร็ด,07 875 0996
CUST02968,บริษัท บริษัท ทำประดู่การค้า จำกัด (มหาชน) จำกัด,สุทธิพจน์ งามพิเชษฐ์,พัทยา,0 862 334 988
CUST02969,บริษัท ห้างหุ้นส่วนสามัญ แน่นดุจป้อมบรรจุภัณฑ์ จำกัด,ภาสินี แหยมศิริ,ลำปาง,+667 385 9106
CUST02970,บริษัท หจก.ไทไชโยอุตสาหกรรม จำกัด,ศรายุธ ถนอมพล,สงขลา,+66 (0) 3285 3601
CUST02971,บริษัท ห้างหุ้นส่วนสามัญ ยาปะโลหิตคอมพิวเตอร์ จำกัด,มณียา ตระกูลบุญ,เชียงราย,0-7050-7687
CUST02972,บริษัท บจก.นิติสาขา จำกัด,ปัณณธร อุ่นอก,สกลนคร,0 4016 6383
CUST02973,บริษัท หจก.เดชวา จำกัด,อัญธิกา ดีตพันธุ์,ระยอง,088 186 4277
CUST02974,บริษัท บริษัท ศาสตร์ศิลป์ จำกัด จำกัด,ธนกิตต์ บุนยะศัพท์,หาดใหญ่,0-7210-6568
CUST02975,บริษัท สมาคมศรีสัตย์ จำกัด,ณัฐวรินทร ตราชู,เชียงใหม่,+66 5456 7517
CUST02976,บริษัท บมจ.ขำเอนก จำกัด,ชลิดา ถนัดรบ,กรุงเทพมหานคร,078475364
CUST02977,บริษัท บริษัท ดาบเงินอุตสาหกรรม จำกัด จำกัด,สมปอง เตชะกำพุ,อุดรธานี,0 980 453 457
CUST02978,บริษัท บริษัท ธรรมฤดี จำกัด จำกัด,นวรรษนันท์ ธรรมทินนา,อุดรธานี,+66 (0) 2456 2904
CUST02979,บริษัท บริษัท ผลบุญ จำกัด จำกัด,ภัคชัญญา แนวพนิช,แม่สอด,040-966984
CUST02980,บริษัท บจก.ฉัตรอภิเที่ยงค่ำคอมพิวเตอร์ จำกัด,ภัคชัญญา ถนัดการเขียน,เชียงราย,057 774322
CUST02981,บริษัท บริษัท ดวงทับทิม จำกัด จำกัด,จุฑารัตน์ นิษประปัญจ์,ขอนแก่น,+66 3917 5552
CUST02982,บริษัท ห้างหุ้นส่วนสามัญ นิละทัตเทรดดิ้ง จำกัด,รวิวาน นาถะเดชะ,ตรัง,025804233
CUST02983,บริษัท ห้างหุ้นส่วนจำกัด ทองสุกเลิศเทรดดิ้ง จำกัด,สิทธิชัย แต้กุล,แม่สอด,+66 (0) 987 483 588
CUST02984,บริษัท บจก.นำธวัช จำกัด,พิมพ์ประภา ธัญเสถียร,ภูเก็ต,0 910 630 350
CUST02985,บริษัท ห้างหุ้นส่วนจำกัด นาคสุทินขนส่ง จำกัด,พงษ์นเรศ แนวพญา,นครราชสีมา,+664 820 8699
CUST02986,บริษัท สมาคมศรทอง จำกัด,พรพิไล เตมิยะเดช,หาดใหญ่,0-5369-8989
CUST02987,บริษัท แนวพญา-ทองสีไพล จำกัด,อัครพนธ์ อัตตนาถ,สมุทรสาคร,+66 (0) 7723 3104
CUST02988,บริษัท หจก.นุตตาร จำกัด,เอกชัย แถมธน,นนทบุรี,044 206107
CUST02989,บริษัท ห้างหุ้นส่วนจำกัด ทองสุกเลิศเทรดดิ้ง จำกัด,จินต์จุฑา นามเสวตร,อุบลราชธานี,0-4366-7584
CUST02990,บริษัท ห้างหุ้นส่วนจำกัด ฉายแสง จำกัด,จินต์จุฑา แถมธน,รังสิต,047-286000
CUST02991,บริษัท บริษัท สุวรรณหงษ์วิศวกรรม จำกัด จำกัด,อินทรีย์ แน่นดุจป้อม,นครสวรรค์,0658089055
CUST02992,บริษัท บริษัท พรมอ่อนและบุตร จำกัด (มหาชน) จำกัด,เกษรา ทองแท้,นครสวรรค์,+66 (0) 2897 2623
CUST02993,บริษัท ชมรมร่มธิติรัตน์ จำกัด,นิติยา บุญญาภิรมย์,นครสวรรค์,+66 5436 5088
CUST02994,บริษัท ห้างหุ้นส่วนจำกัด เลขะพันธุ์ จำกัด,สุกฤษตา นากกนก,อุบลราชธานี,0 7816 4247
CUST02995,บริษัท บริษัท ดาวกระจายคอมพิวเตอร์ จำกัด จำกัด,เพ็ญยุภา บุนยะศัพท์,สงขลา,+66 2159 2096
CUST02996,บริษัท ห้างหุ้นส่วนสามัญ ทองประดิฐพืชผล จำกัด,ดวงพร พานเกล้า,สมุทรปราการ,030 595403
CUST02997,บริษัท ถ้วนศรีและนาควงษ์ จำกัด,อลิษา ดาวอร่าม,พระนครศรีอยุธยา,+66 959 006 616
CUST02998,บริษัท ธนาคารบินดีและเพื่อน จำกัด (มหาชน) จำกัด,จริยฉัตร ตั้งกุลงาม,ภูเก็ต,+66 3059 2587
CUST02999,บริษัท หจก.แท่นทองเคมิคอล จำกัด,วิพุธ ตระกูลบุญ,เชียงราย,0600647661
CUST03000,บริษัท บริษัท สาระพันธ์ จำกัด จำกัด,หรรษา ทำประดู่,ปากเกร็ด,081 547 8412
CUST03001,บริษัท บริษัท ดุษฎีวนิช จำกัด (มหาชน) จำกัด,สุชิน ถนัดกลึง,ขอนแก่น,+665 934 4164
CUST03002,บริษัท บริษัท ร่มธิติรัตน์ จำกัด จำกัด,ผกาทิพย์ ถนอมพลกรัง,เกาะสมุย,07 593 7435
CUST03003,บริษัท บริษัท ตันเผ่าการช่าง จำกัด (มหาชน) จำกัด,ธนวันต์ โพธิสัตย์,อุดรธานี,+66 4339 8003
CUST03004,บริษัท ตรีเภรินทร์-ปรีชากุลเศรษฐ์ จำกัด,ปฐม นฤทุกข์,พระนครศรีอยุธยา,0-5787-8851
CUST03005,บริษัท บจก.บุตดา จำกัด,เกษตร หอมพิกุล,นครราชสีมา,04 145 6053
CUST03006,บริษัท ห้างหุ้นส่วนจำกัด จันทา จำกัด,ภัคศุภางค์ ธูปะวิโรจน์,แม่สอด,+662 078 1824
CUST03007,บริษัท ถนัดอักษร-ธุวะนุติ์ จำกัด,ลักษมี บุตราช,รังสิต,+66 (0) 4582 7670
CUST03008,บริษัท บริษัท บุญบำรุง จำกัด จำกัด,กิติยาธรณ์ ตันตราจิณ,หาดใหญ่,+66 7702 6813
CUST03009,บริษัท ห้างหุ้นส่วนสามัญ ชุมวระ จำกัด,วิเชียร ยาปะโลหิต,แหลมฉบัง,+66 (0) 5933 7028
CUST03010,บริษัท บริษัท นิยมธรรมอินเตอร์เนชั่นแนล จำกัด จำกัด,ภานุวัตร ตั้งกุลงาม,หาดใหญ่,0-2729-2006
CUST03011,บริษัท บริษัท ทวนทอง จำกัด จำกัด,ประเดิม สังข์กรด,นครปฐม,05 660 3489
CUST03012,บริษัท ห้างหุ้นส่วนจำกัด ตั้งกุลงาม จำกัด,เกศรา ถาวระวรณ์,รังสิต,0 2098 8517
CUST03013,บริษัท บริษัท คำลือ จำกัด (มหาชน) จำกัด,จุฑารัตน์ คำลือ,ขอนแก่น,0 3950 1818
CUST03014,บริษัท ห้างหุ้นส่วนจำกัด ถิรสวัสดิ์เซอร์วิส จำกัด,หลักทรัพย์ นานายน,ปากเกร็ด,0 603 329 617
CUST03015,บริษัท สมาคมไทยสุชาต จำกัด,จุฑารัตน์ ธุวะนุติ์,เจ้าพระยาสุรศักดิ์,+66 (0) 7198 8383
CUST03016,บริษัท หจก.ถนัดอาวุธสโตร์ จำกัด,ภาสินี ตั้งกุลงาม,ยะลา,0994850160
CUST03017,บริษัท ห้างหุ้นส่วนจำกัด ด้วงโสน จำกัด,โยธิการ์ ธูปหอม,ลำปาง,055-890426
CUST03018,บริษัท มูลนิธิทองประดิฐ จำกัด,โรสชา สังข์กรด,อุบลราชธานี,+66 (0) 7755 8346
CUST03019,บริษัท นาฏคายีอินเตอร์เนชั่นแนล จำกัด,อดิสรณ์ พานเกล้า,พระนครศรีอยุธยา,+667 639 8611
CUST03020,บริษัท ห้างหุ้นส่วนจำกัด บุณยะภาชน์ จำกัด,โอภาส ธรรมทินนา,อ้อมน้อย,05 636 9993
CUST03021,บริษัท บมจ.พรรษาสกุล จำกัด,กรพนธ์ ธรรมนิยม,พัทยา,0 3770 8240
CUST03022,บริษัท บริษัท นำธวัช จำกัด จำกัด,สุพัตรา ถนัดภาษา,พระนครศรีอยุธยา,+66 (0) 5937 1465
CUST03023,บริษัท ห้างหุ้นส่วนจำกัด ศรทองแลบ จำกัด,หรรษธร อุ่นอก,สมุทรปราการ,+66 (0) 3590 9134
CUST03024,บริษัท ห้างหุ้นส่วนจำกัด อุ่นอกโอสถ จำกัด,อธิวัตร ธนประทีป,เกาะสมุย,+66 2755 8248
CUST03025,บริษัท สมาคมอัตตนาถ จำกัด,อนุบาล นาคสุทิน,พระนครศรีอยุธยา,+66 3351 7915
CUST03026,บริษัท สาระพันธ์โอสถ จำกัด,จิณภัทตา ถมปัด,สกลนคร,065-537-8606
CUST03027,บริษัท บริษัท เตมิยะเดชวิศวการ จำกัด จำกัด,ภารวี ศรีธนะเวทย์,สุราษฎร์ธานี,+66 672 469 940
CUST03028,บริษัท ดาบเงินและดาตู จำกัด,หล้า ปรีชากุลเศรษฐ์,กรุงเทพมหานคร,050-949252
CUST03029,บริษัท ซูสารอ-สงประเสริฐ จำกัด,จิฬาภรณ์ ตวันเยี่ยม,ระยอง,04 972 4774
CUST03030,บริษัท อุลหัสสาจิวเวลรี่ จำกัด,สิริ นิลสุวรรณ์,สงขลา,044 310386
CUST03031,บริษัท บมจ.ถนัดการเขียนวิศวกรรม จำกัด,ณาร์รีมาน ถนัดอาวุธ,ขอนแก่น,076-030987
CUST03032,บริษัท นวลเพ็งและบุตดา จำกัด,ประเสริฐ ตราชู,อ้อมน้อย,060-986-3222
CUST03033,บริษัท สมาคมหอมสิน จำกัด,ธเนษฐ ถนัดภาษา,ลำปาง,04 376 0291
CUST03034,บริษัท มูลนิธิเลขะพันธุ์ จำกัด,สมปอง ตราชู,นนทบุรี,0-4236-1244
CUST03035,บริษัท ห้างหุ้นส่วนจำกัด น้ำทิพย์ จำกัด,ประวี ทวนไชย์,แหลมฉบัง,+664 028 1969
CUST03036,บริษัท บริษัท ทหารแท้อิมปอร์ตเอ็กซปอร์ต จำกัด (มหาชน) จำกัด,นันทวุฒิ ดิสกะประกาย,ลำปาง,+66 7430 8968
CUST03037,บริษัท ธนาคารขอหมั่นกลางบริการ จำกัด จำกัด,ณัฐพิชา ขุนดำ,ภูเก็ต,089-909-9584
CUST03038,บริษัท บริษัท นิยมสำหรวจ จำกัด (มหาชน) จำกัด,ฮามีย๊ะ ภูภักดี,ภูเก็ต,+66 992 098 881
CUST03039,บริษัท ตวันเยี่ยม-งามพิเชษฐ์ จำกัด,สินสมุทร ธาราธร,ระยอง,05 888 1655
CUST03040,บริษัท บริษัท บุนยาภิสนท์ จำกัด จำกัด,ณปภัช บินดี,สุราษฎร์ธานี,0974661731
CUST03041,บริษัท บมจ.วะคีมันภาพยนตร์ จำกัด,อชิตะวีร์ เดชคุ้ม,ยะลา,+66 (0) 803 695 756
CUST03042,บริษัท ห้างหุ้นส่วนจำกัด แต้กุล จำกัด,พลภูมิ เณรานุสนธิ์,รังสิต,+66 (0) 874 061 328
CUST03043,บริษัท บจก.โพธิสัตย์ จำกัด,พิพิธธน ตวงทอง,หาดใหญ่,076 896598
CUST03044,บริษัท บจก.ดาวกระจาย จำกัด,พาสุข ดาวอร่าม,เชียงราย,0 5371 3630
CUST03045,บริษัท นิยมสำหรวจจิวเวลรี่ จำกัด,นราวรรณ มิ่งขวัญ,ขอนแก่น,027-050436
CUST03046,บริษัท หจก.เธียรายันเอเยนซี จำกัด,พีรพัฒน์ นับเนื่องนอ,สมุทรปราการ,071 772410
CUST03047,บริษัท ถาวระวรณ์และบุตร จำกัด,อรจิรา นิติสาขา,ลำปาง,070-666747
CUST03048,บริษัท ห้างหุ้นส่วนสามัญ นฤทุกข์ จำกัด,ศุภกรชนา ตัณสถิตย์,ระยอง,+66 (0) 655 254 226
CUST03049,บริษัท บมจ.แจ้งสว่างเซอร์วิส จำกัด,อดิสรณ์ ไตรบรรพ,แม่สอด,038 309978
CUST03050,บริษัท บมจ.ทรัพย์สารเทรดดิ้ง จำกัด,ดวงจันทร์ ดิศดใน,ปากเกร็ด,058-067107
CUST03051,บริษัท บริษัท นาฏคายีโอสถ จำกัด จำกัด,มนัญชยา นิยมเซียม,นครสวรรค์,+66 (0) 601 168 357
CUST03052,บริษัท บจก.ตวงทองอุตสาหกรรม จำกัด,ธาเอก นิยมสำหรวจ,สมุทรสาคร,+66 5058 8318
CUST03053,บริษัท หจก.เดชวา จำกัด,หลักทรัพย์ ตัณสถิตย์,ปากเกร็ด,+66 (0) 817 973 688
CUST03054,บริษัท ถนัดกลึง-ยะผา จำกัด,ภูวรา ภูภักดี,สุราษฎร์ธานี,056 896741
CUST03055,บริษัท บริษัท ถาวระวรณ์ จำกัด (มหาชน) จำกัด,วันชนก พานเกล้า,เกาะสมุย,027-939146
CUST03056,บริษัท บริษัท นพคเชนทร์พืชผล จำกัด จำกัด,เกียรติก้อง นากกนก,นครปฐม,04 232 5726
CUST03057,บริษัท บริษัท นิษประปัญจ์ จำกัด จำกัด,ธราวิทญ์ วาทา,แม่สอด,090 581 0294
CUST03058,บริษัท บริษัท ไทยสุชาต จำกัด (มหาชน) จำกัด,เกียรติศักดิ์ นุตตาร,เจ้าพระยาสุรศักดิ์,+66 2365 9627
CUST03059,บริษัท บริษัท ถาวรายุศม์ จำกัด จำกัด,ปรายกานต์ มิ่งขวัญ,สมุทรสาคร,+66 3997 7559
CUST03060,บริษัท สมาคมถนอมกุลบุตร จำกัด,ภานุวัตร กุมารบุญ,ปากเกร็ด,042-336339
CUST03061,บริษัท ทรัพย์สารและนามเสวตร จำกัด,เจษฏาภรณ์ นิยมสำหรวจ,สุราษฎร์ธานี,07 805 0624
CUST03062,บริษัท หจก.เธียรายัน จำกัด,ภูมิปัญญา ยะผา,พิษณุโลก,052 936060
CUST03063,บริษัท ศรีสัตย์วิศวกรรม จำกัด,สมพิศ ทองปากน้ำ,พัทยา,097 463 6814
CUST03064,บริษัท ห้างหุ้นส่วนสามัญ บุตดาและเพื่อน จำกัด,ณิชาภัทร ทองปากน้ำ,เชียงใหม่,081-741-8548
CUST03065,บริษัท บริษัท ทองประดิฐสโตร์ จำกัด จำกัด,ทับทิม อัตตนาถ,หาดใหญ่,04 612 1576
CUST03066,บริษัท หสน.ศรีสัตย์ จำกัด,ศรินยา ตราชู,ภูเก็ต,083 523 6918
CUST03067,บริษัท บริษัท จ้อยนุแสงเทรดดิ้ง จำกัด จำกัด,ทวีวัฒน์ บุญญาไลย์,รังสิต,066 005 4903
CUST03068,บริษัท ถมังรักษสัตว์-ดัตพันธุ์ จำกัด,วีระวัฒน์ ไทยสุชาต,ยะลา,077-006040
CUST03069,บริษัท บริษัท ถนัดรักษา จำกัด จำกัด,ทิมาภรณ์ ถนอมพลกรัง,ลำปาง,024381438
CUST03070,บริษัท บมจ.ฉัพพรรณธนกูรพืชผล จำกัด,อาซือมะ ทวนไชย์,ตรัง,098-563-8347
CUST03071,บริษัท สมาคมทวนทอง จำกัด,สิริ ฉายแสง,เชียงราย,+66 (0) 636 108 346
CUST03072,บริษัท บริษัท ธรรมทินนากลการ จำกัด จำกัด,เอกวิทย์ แน่นดุจป้อม,แหลมฉบัง,081-954-1221
CUST03073,บริษัท ธรรมนิยมการค้า จำกัด,พันเทพ ตัณฑนุช,สกลนคร,0 5683 4913
CUST03074,บริษัท สมาคมทวนไชย์ จำกัด,วิชา ทองประดิฐ,นครปฐม,0 7268 0907
CUST03075,บริษัท ห้างหุ้นส่วนจำกัด โพธิสัตย์พืชผล จำกัด,บุญญามี บุนยะศัพท์,สมุทรปราการ,+66 4985 4338
CUST03076,บริษัท บริษัท หนักแน่น จำกัด จำกัด,ฐิติกุล ทันยุค,สมุทรสาคร,+66 932 693 136
CUST03077,บริษัท บริษัท วิลาสินีคอมมิวนิเคชั่น จำกัด จำกัด,มาโนชญ์ ธรรมเมธา,แหลมฉบัง,086-909-7032
CUST03078,บริษัท ตัณฑนุช-หนุนสุข จำกัด,รอกีเย๊าะ ศรีเผด็จ,รังสิต,04 718 3139
CUST03079,บริษัท ห้างหุ้นส่วนสามัญ ธูปะวิโรจน์และบุตร จำกัด,พุทธิพงษ์ ซูสารอ,แหลมฉบัง,0-7499-8544
CUST03080,บริษัท หจก.ดุริยพันธุ์ จำกัด,เมษา นักสำหรวจ,พัทยา,095-976-2782
CUST03081,บริษัท นาคะนครและประจันตะเสน จำกัด,หลักทรัพย์ ทองปากน้ำ,เชียงราย,+66 (0) 921 869 848
CUST03082,บริษัท ตันยาเฟอร์นิเจอร์ จำกัด,นวรรษนันท์ จันอ้น,ลำปาง,0 4806 2898
CUST03083,บริษัท หจก.มิ่งขวัญมอเตอร์ จำกัด,วิชชากร นิระหานี,อุบลราชธานี,+664 783 0443
CUST03084,บริษัท แท่นทองอุตสาหกรรม จำกัด,ทิพย์วารี บุนยาภิสนท์,แม่สอด,081 146 9180
CUST03085,บริษัท บริษัท ศรีตะวัน จำกัด จำกัด,วรรณกร ไชยภา,พิษณุโลก,095-716-3754
CUST03086,บริษัท บริษัท ตันตราจิณวิศวกรรม จำกัด จำกัด,ณิชนันท์ ถนัดการยนต์,สงขลา,0 3182 1257
CUST03087,บริษัท ถนัดหัตถกรรมสโตร์ จำกัด,เชิงชาย ธรรมสถิตไพศาล,นครปฐม,07 985 8032
CUST03088,บริษัท บริษัท เนื้อนุ่มยานยนต์ จำกัด จำกัด,ศจีกาญจน์ ชุมวระ,เจ้าพระยาสุรศักดิ์,0 2345 9994
CUST03089,บริษัท บมจ.ทองประดิฐอินเตอร์เนชั่นแนล จำกัด,อำพร เนื่องนนท์,กรุงเทพมหานคร,+665 280 8799
CUST03090,บริษัท ห้างหุ้นส่วนจำกัด นิลสลัวซัพพลาย จำกัด,จิตตานันท์ ทีฆะ,อ้อมน้อย,+66 5169 5510
CUST03091,บริษัท บริษัท ไสยกิจ จำกัด,ปัตถพงษ์ นาควงษ์,สงขลา,+66 (0) 4272 9027
CUST03092,บริษัท ดุษฎีวนิชวิศวการ จำกัด,นิติยา ทองประดิฐ,ปากเกร็ด,03 214 0155
CUST03093,บริษัท ห้างหุ้นส่วนจำกัด ขอหมั่นกลาง จำกัด,ธีรลักษณ์ นิลวรรณ,พระนครศรีอยุธยา,0 697 603 013
CUST03094,บริษัท บริษัท วุฑฒยากร จำกัด (มหาชน) จำกัด,เขมจิรา นักสำหรวจ,สมุทรสาคร,097 085 8198
CUST03095,บริษัท ห้างหุ้นส่วนจำกัด นักสำหรวจ จำกัด,จิราภรณ์ ยาปะโลหิต,หาดใหญ่,+66 5884 3362
CUST03096,บริษัท ห้างหุ้นส่วนจำกัด นวลฉวี จำกัด,บุญญกัลป์ นามขำ,นครราชสีมา,068 882 7388
CUST03097,บริษัท หจก.บุตดา จำกัด,พรรณปพร ถนิมมาศ,นครปฐม,+66 (0) 2891 4422
CUST03098,บริษัท บริษัท นาถะเดชะคอมพิวเตอร์ จำกัด จำกัด,ทัตธน ถนัดรักษา,พัทยา,021 687214
CUST03099,บริษัท บริษัท เตมิยะเดชจิวเวลรี่ จำกัด จำกัด,ศรีสวัสดิ์ พรสีมา,พิษณุโลก,074-597838
CUST03100,บริษัท บริษัท ติระคมน์ จำกัด จำกัด,รูไกยะฮ์ เตมิยะเดช,ปากเกร็ด,+66 638 094 481
CUST03101,บริษัท หจก.นิระหานีคอนสตรัคชั่น จำกัด,ฐิติวุฒิ นิษประปัญจ์,เชียงใหม่,+66 (0) 4574 9221
CUST03102,บริษัท ธรรมเมธาและนักรบ จำกัด,อรรจน์ ตวันเยี่ยม,ระยอง,+66 (0) 4771 2728
CUST03103,บริษัท มูลนิธิฉิมพาลี จำกัด,ปัณณธร นิลเสนา,สุราษฎร์ธานี,058-152618
CUST03104,บริษัท ห้างหุ้นส่วนจำกัด ทหารแท้ จำกัด,นิวิลดาน ทองลาภ,ขอนแก่น,05 703 7245
CUST03105,บริษัท มนทองเคมิคอล จำกัด,นันทิกานต์ เนื่องนนท์,แหลมฉบัง,02 902 2927
CUST03106,บริษัท มูลนิธิด้วงโสน จำกัด,กุลปรียา บุณยะภาชน์,สมุทรสาคร,068-641-4111
CUST03107,บริษัท บริษัท ถนัดรบ จำกัด จำกัด,ธเนษฐ เดชวา,หาดใหญ่,0 7320 0663
CUST03108,บริษัท สมาคมนาถะพินธุ จำกัด,สุรธัช ตระกูลไม้เรียง,สกลนคร,057191101
CUST03109,บริษัท บริษัท หนุนสุขเอนเตอรไพรส์ จำกัด จำกัด,ฉลองชัย เจริญรัมย์,นครปฐม,0943351280
CUST03110,บริษัท ห้างหุ้นส่วนจำกัด หนุนสุข จำกัด,ยศพงศ์ ธรรมฤดี,พัทยา,047 319627
CUST03111,บริษัท บริษัท ทวีเดช จำกัด จำกัด,พิชญ์สินี อุ่นอก,ขอนแก่น,035-621250
CUST03112,บริษัท น้ำทิพย์การค้า จำกัด,รมิตา ทรัพย์สาร,เชียงใหม่,+66 5518 5763
CUST03113,บริษัท บจก.ฉัตรอภิเที่ยงค่ำอะไหล่ยนต์ จำกัด,วันฉัตร ตระกูลไม้เรียง,ขอนแก่น,021-652012
CUST03114,บริษัท ห้างหุ้นส่วนจำกัด ทุมะบุตร์ จำกัด,วัลยา ศรีตะวัน,เกาะสมุย,+66 7613 5917
CUST03115,บริษัท บริษัท ธนูปกรณ์ จำกัด จำกัด,ไมล์ แก้วอยู่,นครราชสีมา,023-763438
CUST03116,บริษัท บริษัท ทรัพย์ธำรงค์ จำกัด จำกัด,สิริกานต์ ธรรมฤดี,เชียงใหม่,022 713287
CUST03117,บริษัท แท่นทอง-ทวนทอง จำกัด,นาตยา นวลเพ็ง,ตรัง,050-103615
CUST03118,บริษัท สมาคมประจันตะเสน จำกัด,พรรณปพร ซูสารอ,เชียงราย,0 5323 2422
CUST03119,บริษัท บมจ.นิยมธรรม จำกัด,อรรจน์ ธาราธร,ภูเก็ต,0-5239-4122
CUST03120,บริษัท บมจ.เนื่องนนท์ จำกัด,ธนภณ ถุงเงิน,แหลมฉบัง,089 683 9547
CUST03121,บริษัท ห้างหุ้นส่วนจำกัด ดวงทับทิมยานยนต์ จำกัด,เขมจิรา เนื่องนนท์,สมุทรปราการ,067 891 1075
CUST03122,บริษัท ห้างหุ้นส่วนสามัญ ทวนไชย์กลการ จำกัด,ธาเอก เนตร์มณี,ระยอง,+66 3062 9776
CUST03123,บริษัท ประจันตะเสน-ทวีเดช จำกัด,โสภณ ศิวะวรเวท,อุบลราชธานี,+663 972 2683
CUST03124,บริษัท อุ่นอกและแจ้งสว่าง จำกัด,ภัคชนน เนื่องนนท์,นนทบุรี,0 834 403 372
CUST03125,บริษัท บริษัท ทับทิมไทย จำกัด จำกัด,พงษ์นเรศ เช้าวันดี,นนทบุรี,+66 7933 9819
CUST03126,บริษัท บริษัท เขียวขุ้ย จำกัด จำกัด,เรืองเกียรติ ราชมณี,สงขลา,051 358156
CUST03127,บริษัท บมจ.ยางสวย จำกัด,ธเนษฐ ขันธุลา,กรุงเทพมหานคร,+66 635 354 338
CUST03128,บริษัท บริษัท ถมังรักษสัตว์ซัพพลาย จำกัด จำกัด,ภูวฤณ นาคะนคร,อุบลราชธานี,+66 5752 1756
CUST03129,บริษัท ถนัดเดินข่าวและผลบุญ จำกัด,อนิวัฒน์ ถนอมพลกรัง,อุบลราชธานี,033843319
CUST03130,บริษัท ห้างหุ้นส่วนจำกัด ฉัตรอภิเที่ยงค่ำคอมพิวเตอร์ จำกัด,ภานุพล นาคะนคร,ยะลา,046312056
CUST03131,บริษัท ห้างหุ้นส่วนจำกัด ดาวอร่าม จำกัด,พิมพกานต์ วาทา,รังสิต,+66 5277 2572
CUST03132,บริษัท นิยมธรรมพืชผล จำกัด,อัญชัญ พรสีมา,พิษณุโลก,+667 623 7962
CUST03133,บริษัท สันตะวงศ์เฟอนิชชิ่ง จำกัด,วีระโชติ บุตดา,อ้อมน้อย,032752651
CUST03134,บริษัท บริษัท บุณยะภาชน์การค้า จำกัด จำกัด,ปรมินทร์ พรมอ่อน,ปากเกร็ด,029107812
CUST03135,บริษัท ห้างหุ้นส่วนจำกัด หนักแน่น จำกัด,อมัด ปรีชากุลเศรษฐ์,เชียงใหม่,053-637089
CUST03136,บริษัท ห้างหุ้นส่วนจำกัด นาถะพินธุขนส่ง จำกัด,เนติลักษณ์ เตชะกำพุ,ยะลา,+66 (0) 908 016 572
CUST03137,บริษัท ธนรักษ์บริการ จำกัด,ธารา ถนัดอักษร,เชียงราย,048-382202
CUST03138,บริษัท หจก.แต้กุล จำกัด,จด ฉายแสง,นครปฐม,+662 909 1878
CUST03139,บริษัท บริษัท นักรบ จำกัด จำกัด,ฟิรยา ถนัดเดินข่าว,นครราชสีมา,05 349 9542
CUST03140,บริษัท ชมรมวะคีมัน จำกัด,บุญญกัลป์ ยะผา,ระยอง,085-705-0211
CUST03141,บริษัท บริษัท ธัญาโภชน์ จำกัด จำกัด,ศิรินันท์ ซูสารอ,พัทยา,043934939
CUST03142,บริษัท ทรงโกมล-ตันตราจิณ จำกัด,อาฮามัด ตระกูลบุญ,แหลมฉบัง,078 496337
CUST03143,บริษัท ห้างหุ้นส่วนจำกัด ถนัดเดินข่าวภาพยนตร์ จำกัด,ราชพฤกษ์ จ้อยนุแสง,ระยอง,099 340 1454
CUST03144,บริษัท ห้างหุ้นส่วนจำกัด ทำประดู่แอนด์ซันส์ จำกัด,วสิตา อัตตนาถ,ลำปาง,0 673 624 543
CUST03145,บริษัท บริษัท แหยมศิริคอนสตรัคชั่น จำกัด จำกัด,มนัญชยา วาทา,เจ้าพระยาสุรศักดิ์,+66 853 069 772
CUST03146,บริษัท ห้างหุ้นส่วนจำกัด เจริญรัมย์เคมิคอล จำกัด,เฉลิมรัฐ ถนัดการเขียน,พัทยา,059 835852
CUST03147,บริษัท ห้างหุ้นส่วนสามัญ ตราชูเอนเตอรไพรส์ จำกัด,วาสุเทพ นะวะมันดร,เชียงราย,0 869 522 447
CUST03148,บริษัท บมจ.วะคีมัน จำกัด,อารีย์ ศาสตร์ศิลป์,นนทบุรี,063-473-1532
CUST03149,บริษัท บมจ.ศรีสัตย์ จำกัด,จุฑาภรณ์ นรวิทย์โชติกุล,นครสวรรค์,+66 (0) 2319 2154
CUST03150,บริษัท บริษัท ขำเอนกโอสถ จำกัด จำกัด,วรปรัชญ์ นิลวรรณ,เจ้าพระยาสุรศักดิ์,0-2719-8864
CUST03151,บริษัท บริษัท ถนัดการเขียน จำกัด จำกัด,พิชาภพ ธนูปกรณ์,พิษณุโลก,04 635 6375
CUST03152,บริษัท บจก.ดิสกะประกาย จำกัด,พลภูมิ พงศ์ฉบับนภา,นครราชสีมา,+66 3186 7493
CUST03153,บริษัท สมาคมไสยกิจ จำกัด,ดวงพร ติระคมน์,ปากเกร็ด,078 104120
CUST03154,บริษัท บจก.ถนัดการยนต์ จำกัด,ศรายุธ นครเทพ,สมุทรปราการ,03 275 0192
CUST03155,บริษัท นฤภัยพืชผล จำกัด,ศศินา นากกนก,สงขลา,021051363
CUST03156,บริษัท บริษัท ภูภักดีเฟอร์นิเจอร์ จำกัด จำกัด,พรสวรรค์ ทรงโกมล,อุบลราชธานี,0 897 436 472
CUST03157,บริษัท บริษัท นำธวัช จำกัด จำกัด,ประภัทร์สรณ์ นิษประปัญจ์,อุดรธานี,069-432-3142
CUST03158,บริษัท ยางสวยและจันอ้น จำกัด,นพวรรณ นิลสลัว,นครปฐม,+66 960 310 268
CUST03159,บริษัท บริษัท ซูสารอ จำกัด (มหาชน) จำกัด,วิรศักดิ์ เนื้อนุ่ม,หาดใหญ่,0 986 478 880
CUST03160,บริษัท ฉิมพาลีและถนัดพิมพการ จำกัด,จักรชัย ดาบเงิน,แม่สอด,066 564 4064
CUST03161,บริษัท ทองแท้-ธรรมนิยม จำกัด,วรรณาต หิรัญสาลี,ตรัง,0-7163-4193
CUST03162,บริษัท บริษัท แจ้งสว่าง จำกัด จำกัด,ฮาฟิต ดาบเงิน,สงขลา,+66 (0) 7981 5884
CUST03163,บริษัท ภูภักดีและยะผา จำกัด,จำรัส บัวเผื่อน,นครศรีธรรมราช,0812219053
CUST03164,บริษัท บริษัท ศรีวงค์บรรจุภัณฑ์ จำกัด (มหาชน) จำกัด,มะสูเกียน แนวพญา,เกาะสมุย,0 2884 9815
CUST03165,บริษัท บริษัท บุตราช จำกัด,ธเนษฐ ตั้งรบ,รังสิต,0 7781 7934
CUST03166,บริษัท เยาวธนโชคเคมิคอล จำกัด,อณาวิน นาฏคายี,อุบลราชธานี,+66 2133 0382
CUST03167,บริษัท บริษัท นวลฉวีเทรดดิ้ง จำกัด จำกัด,สุธินันท์ ตัณฑนุช,เชียงราย,+66 (0) 4303 3132
CUST03168,บริษัท ธนาคารศิวะวรเวท จำกัด (มหาชน) จำกัด,บุญญามี คำลือ,พระนครศรีอยุธยา,+66 (0) 4260 3216
CUST03169,บริษัท สหภาพแรงงานทีฆะ จำกัด,อภิลักษณ์ ถุงเงิน,ระยอง,03 338 9285
CUST03170,บริษัท บริษัท ถนัดการยนต์ จำกัด จำกัด,พงษ์นเรศ ฉิมพาลี,อ้อมน้อย,084-697-9755
CUST03171,บริษัท ห้างหุ้นส่วนจำกัด ทองประดิฐมอเตอร์ จำกัด,ขวัญรุ้ง นิยมเซียม,ยะลา,020934390
CUST03172,บริษัท ห้างหุ้นส่วนจำกัด ทรงโกมลภาพยนตร์ จำกัด,ภัคศุภางค์ ไสยกิจ,อ้อมน้อย,038-640528
CUST03173,บริษัท ห้างหุ้นส่วนจำกัด ทวีเดชเอเยนซี จำกัด,พิพิธธน แก้วชลคราม,นครสวรรค์,+66 4527 5337
CUST03174,บริษัท บริษัท หิรัญสาลีการช่าง จำกัด จำกัด,พัชรพร ธนูปกรณ์,รังสิต,057-999711
CUST03175,บริษัท หจก.นาคะนครเซอร์วิส จำกัด,จิราภรณ์ บุญศล,นครปฐม,067 462 3603
CUST03176,บริษัท บริษัท นครเทพ จำกัด จำกัด,ยศวัฒน์ ถุงเงิน,แม่สอด,055-385688
CUST03177,บริษัท บจก.ถาวรรัตนคอมพิวเตอร์ จำกัด,พีรภัทร์ ชำนาญวาด,หาดใหญ่,065-057-2765
CUST03178,บริษัท ห้างหุ้นส่วนสามัญ เขียวอ่อนเฟอนิชชิ่ง จำกัด,กฤตพร นิระหานี,สุราษฎร์ธานี,0 3546 7160
CUST03179,บริษัท บริษัท นามเสวตร จำกัด (มหาชน) จำกัด,ฮามีย๊ะ นาถะพินธุ,กรุงเทพมหานคร,02 176 9652
CUST03180,บริษัท คำลือและไสยกิจ จำกัด,ผดุงชาติ ศรีอุ่น,ภูเก็ต,088-445-1761
CUST03181,บริษัท บุญญาไลย์-ตวันเยี่ยม จำกัด,มาโนชญ์ ถนิมมาศ,หาดใหญ่,081-381-7496
CUST03182,บริษัท บริษัท ทองอยู่พืชผล จำกัด จำกัด,นพวรรณ ฉายแสง,แม่สอด,0-2494-3717
CUST03183,บริษัท บริษัท ธุวะนุติ์เอเยนซี จำกัด จำกัด,เถลิงยศ ทรัพย์สาร,สุราษฎร์ธานี,062 743 4723
CUST03184,บริษัท ห้างหุ้นส่วนจำกัด นานายนโอสถ จำกัด,ปฐม ทัศนสุทธิ,อุบลราชธานี,030967173
CUST03185,บริษัท บริษัท เวียงจันทึก จำกัด,ศิรินันท์ ขันธุลา,ตรัง,+66 (0) 870 453 395
CUST03186,บริษัท บริษัท ธนูปกรณ์ จำกัด (มหาชน) จำกัด,เอกชัย ฉิมพาลี,ปากเกร็ด,034-469322
CUST03187,บริษัท ห้างหุ้นส่วนจำกัด แนวพนิชยานยนต์ จำกัด,พิมพ์ประภา ธาราธร,ภูเก็ต,07 053 1553
CUST03188,บริษัท บริษัท ทวนทอง จำกัด จำกัด,วรรณรัตน์ ถนอมมนุษย์,นครราชสีมา,+66 4302 9403
CUST03189,บริษัท ดิศดในเอนเตอรไพรส์ จำกัด,ภานุพล นิละทัต,สงขลา,0949266450
CUST03190,บริษัท บริษัท สุวรรณหงษ์เอเยนซี จำกัด (มหาชน) จำกัด,ภูวฤณ ดาตู,สมุทรปราการ,+662 163 1777
CUST03191,บริษัท ห้างหุ้นส่วนจำกัด ตรีเภรินทร์ จำกัด,เพ็ญยุภา หนักแน่น,นครสวรรค์,0 7840 4111
CUST03192,บริษัท บจก.ธนูปกรณ์ จำกัด,วรศาสส์ บุญญาภิรมย์,อุดรธานี,0-3217-3375
CUST03193,บริษัท หจก.ถาวรายุศม์การช่าง จำกัด,เฉลิมพล ถนัดหัตถกรรม,ลำปาง,+66 (0) 4632 0519
CUST03194,บริษัท ห้างหุ้นส่วนสามัญ วิลาสินี จำกัด,กิติยาธรณ์ ทรงโกมล,พิษณุโลก,+66 7701 1492
CUST03195,บริษัท ห้างหุ้นส่วนจำกัด ถนัดหัตถกรรม จำกัด,ปิยวดี นามเสวตร,ปากเกร็ด,+66 926 694 296
CUST03196,บริษัท บริษัท บุณยะภาชน์เอเยนซี จำกัด จำกัด,เพ็ญยุภา ถนัดอาวุธ,อุดรธานี,+66 5736 7038
CUST03197,บริษัท บจก.ขอหมั่นกลางเอ็นจิเนียริ่ง จำกัด,ศุภาศิล ทรงโกมล,สกลนคร,0 7827 4514
CUST03198,บริษัท ตั้งเผ่าและเพื่อน จำกัด,ธนวันต์ บัวเผื่อน,พระนครศรีอยุธยา,+66 622 761 853
CUST03199,บริษัท ห้างหุ้นส่วนจำกัด ดิศดในแพคกิ้ง จำกัด,วุฒิ ถมปัด,รังสิต,0674426651
CUST03200,บริษัท ห้างหุ้นส่วนจำกัด ปานสุวรรณยานยนต์ จำกัด,ศุภนุนาย วุฑฒยากร,รังสิต,0 658 867 223
CUST03201,บริษัท ตวันเยี่ยมอินเตอร์เนชั่นแนล จำกัด,คณภรณ์ ด้วงโสน,สงขลา,+66 840 858 835
CUST03202,บริษัท บริษัท ถมปัดภาพยนตร์ จำกัด จำกัด,เพทาย วาทา,สุราษฎร์ธานี,065-910-9264
CUST03203,บริษัท หจก.นิละทัตแอนด์ซันส์ จำกัด,นิรันดร์ ร่มธิติรัตน์,ขอนแก่น,02 006 1399
CUST03204,บริษัท บริษัท แหยมศิริสโตร์ จำกัด จำกัด,จุฑารัตน์ บุนยะศัพท์,เชียงใหม่,+664 987 3802
CUST03205,บริษัท มูลนิธิธูปะวิโรจน์ จำกัด,สหัสมณี ดีตพันธุ์,นครปฐม,0 5143 9986
CUST03206,บริษัท ธนาคารเนตร์มณี จำกัด (มหาชน) จำกัด,ทินวัฒน์ แถมธน,ลำปาง,051-012360
CUST03207,บริษัท หจก.นิษประปัญจ์ภาพยนตร์ จำกัด,ผกาทิพย์ ทองอยู่,ภูเก็ต,041 030572
CUST03208,บริษัท สมาคมนำธวัช จำกัด,สมนึก ร่มธิติรัตน์,สุราษฎร์ธานี,+66 (0) 4129 7770
CUST03209,บริษัท บริษัท เนื่องนนท์ จำกัด จำกัด,นรีรัตน์ ทำประดู่,นครสวรรค์,037075779
CUST03210,บริษัท หจก.ถุงเงินจิวเวลรี่ จำกัด,รังสินี ไสยกิจ,พิษณุโลก,+66 (0) 5095 9797
CUST03211,บริษัท หจก.มิ่งขวัญเฟอนิชชิ่ง จำกัด,วิรชัย อุ่นอก,สงขลา,+664 237 1646
CUST03212,บริษัท นำธวัชเคมิคอล จำกัด,บุญเทียน ดีตพันธุ์,แหลมฉบัง,065 154 7819
CUST03213,บริษัท บมจ.นฤภัย จำกัด,อาซือมะ ดุริยพันธุ์,เชียงราย,035-599015
CUST03214,บริษัท สมาคมทองอยู่ จำกัด,ธาเอก ทหารแท้,ขอนแก่น,0-2610-9790
CUST03215,บริษัท ห้างหุ้นส่วนจำกัด นครเทพ จำกัด,ไชยภพ นุตตาร,สมุทรปราการ,049-812981
CUST03216,บริษัท หิรัญสาลีกลการ จำกัด,นพรัตน์ ถนัดอาวุธ,นครศรีธรรมราช,083 472 5299
CUST03217,บริษัท บริษัท ดำริห์ชอบพืชผล จำกัด จำกัด,ธัญญามาศ เช้าวันดี,นครสวรรค์,074925291
CUST03218,บริษัท บริษัท จันทาวิศวกรรม จำกัด จำกัด,โรสชา ทัศนสุทธิ,สมุทรปราการ,0-7540-7351
CUST03219,บริษัท ห้างหุ้นส่วนจำกัด ทองเนื้อดี จำกัด,ภูวฤณ ติณรัตน์,พัทยา,+667 224 4119
CUST03220,บริษัท ดาตูเอ็นจิเนียริ่ง จำกัด,สิทธัญ นิลวรรณ,พิษณุโลก,071 002544
CUST03221,บริษัท สมาคมนาฏคายี จำกัด,สุปรานี แก้วชลคราม,แม่สอด,0-4186-3777
CUST03222,บริษัท บริษัท นิยมสำหรวจ จำกัด (มหาชน) จำกัด,ธัชญา ทหารแท้,นครราชสีมา,0 848 271 727
CUST03223,บริษัท บริษัท พรมอ่อน จำกัด (มหาชน) จำกัด,คมสัน ผลบุญ,สงขลา,027-778517
CUST03224,บริษัท ห้างหุ้นส่วนสามัญ นิษประปัญจ์ จำกัด,พีระพงศ์พันธ์ ติระคมน์,ระยอง,087 149 8865
CUST03225,บริษัท บริษัท ศรีอุ่นยานยนต์ จำกัด จำกัด,วุฒิ ถาวระวรณ์,สงขลา,0667380793
CUST03226,บริษัท ถนอมมนุษย์วิศวกรรม จำกัด,อำไพ สงประเสริฐ,พัทยา,0 7477 6152
CUST03227,บริษัท บริษัท ตะละภัฏพานิช จำกัด (มหาชน) จำกัด,จันทภา ทองสุกเลิศ,กรุงเทพมหานคร,+667 442 5475
CUST03228,บริษัท ชมรมนิลสุวรรณ์ จำกัด,เกียรติก้อง นิลเสนา,อุดรธานี,03 444 1474
CUST03229,บริษัท บริษัท ตัณสถิตย์บรรจุภัณฑ์ จำกัด จำกัด,ณิชนันท์ ทัศนสุทธิ,พัทยา,0 3897 4304
CUST03230,บริษัท บริษัท ติณรัตน์พืชผล จำกัด จำกัด,จรรยพร สาระพันธ์,แหลมฉบัง,+66 7484 4365
CUST03231,บริษัท ห้างหุ้นส่วนจำกัด นิละทัต จำกัด,ฐิตาพร อุ่นอก,สงขลา,+66 3295 7131
CUST03232,บริษัท ห้างหุ้นส่วนจำกัด ผลบุญอิมปอร์ตเอ็กซปอร์ต จำกัด,ไวพจน์ ธรรมเมธา,เจ้าพระยาสุรศักดิ์,07 405 3628
CUST03233,บริษัท ห้างหุ้นส่วนสามัญ นวลเพ็งวิศวกรรม จำกัด,ชัชนันท์ ธีวร,ระยอง,055-833389
CUST03234,บริษัท ห้างหุ้นส่วนจำกัด นครเทพ จำกัด,ผกาทิพย์ ทองประดิฐ,กรุงเทพมหานคร,+66 (0) 972 838 699
CUST03235,บริษัท ห้างหุ้นส่วนจำกัด นิลวรรณ จำกัด,วรรณาต ตวันเยี่ยม,สมุทรปราการ,029-043130
CUST03236,บริษัท ถนัดรักษา-หอมสิน จำกัด,วีรชัย ตระกูลบุญ,นนทบุรี,+66 (0) 3279 3475
CUST03237,บริษัท บมจ.โพธิสัตย์ จำกัด,ปิยะชาติ ถนอมพลกรัง,ขอนแก่น,+665 564 5704
CUST03238,บริษัท บริษัท ถมังรักษสัตว์ จำกัด (มหาชน) จำกัด,นาวีตา ธัญาโภชน์,สมุทรปราการ,051476126
CUST03239,บริษัท บริษัท ธนรักษ์ จำกัด จำกัด,นรีรัตน์ นิษประปัญจ์,นครศรีธรรมราช,+66 3490 7579
CUST03240,บริษัท บริษัท ดาบเพ็ชร์คอมพิวเตอร์ จำกัด จำกัด,โยธิการ์ นิลสลัว,พิษณุโลก,0 2923 7733
CUST03241,บริษัท เนตร์มณีก่อสร้าง จำกัด,หลักทรัพย์ ธูปะวิโรจน์,ลำปาง,0 2965 8931
CUST03242,บริษัท สหภาพแรงงานเตชะกำพุ จำกัด,โชคภาดล ดิศดใน,กรุงเทพมหานคร,+66 4326 4561
CUST03243,บริษัท บัวเผื่อน-พานเกล้า จำกัด,มาสิตะ เจริญรัมย์,สุราษฎร์ธานี,020382804
CUST03244,บริษัท บริษัท วุฑฒยากรและบุตร จำกัด จำกัด,เจษฏาภรณ์ ทองลาภ,เชียงราย,081-503-0959
CUST03245,บริษัท บริษัท ตันตราจิณ จำกัด จำกัด,จิราภรณ์ ศรีเผด็จ,เชียงราย,0 4588 3861
CUST03246,บริษัท บริษัท ตันยา จำกัด จำกัด,ราชพฤกษ์ ถนอมพล,นครสวรรค์,054 929679
CUST03247,บริษัท บริษัท ชำนาญวาด จำกัด,ยุศรอน ตันยา,นครศรีธรรมราช,+662 267 4636
CUST03248,บริษัท บมจ.แนวพนิช จำกัด,โชคภาดล สันตะวงศ์,อุดรธานี,0 7275 2895
CUST03249,บริษัท ถนัดอักษรแอนด์ซันส์ จำกัด,พรชีวิน ชุมวระ,นนทบุรี,+66 (0) 4435 2965
CUST03250,บริษัท หจก.น้ำทิพย์ จำกัด,เมทนี นาควงษ์,สกลนคร,0 3148 0610
CUST03251,บริษัท หสน.นิละทัต จำกัด,บุญเกิด นักสำหรวจ,เจ้าพระยาสุรศักดิ์,0 813 452 824
CUST03252,บริษัท บริษัท ธรรมเมธาการบัญชี จำกัด จำกัด,กองสิน ธรรมทินนา,นครสวรรค์,+66 853 343 846
CUST03253,บริษัท ห้างหุ้นส่วนจำกัด ตวันเยี่ยมเฟอนิชชิ่ง จำกัด,พิมพ์สุดา ฉัตรอภิเที่ยงค่ำ,ขอนแก่น,+66 685 041 539
CUST03254,บริษัท ชมรมเตชะกำพุ จำกัด,ธัญญามาศ ธรรมสถิตไพศาล,อุดรธานี,060-767-2445
CUST03255,บริษัท ห้างหุ้นส่วนจำกัด นุชแนวนุ่ม จำกัด,เทอดศักดิ์ บุนยะตีรณะ,พิษณุโลก,03 997 0191
CUST03256,บริษัท จ้อยนุแสง-นิยมเซียม จำกัด,เพทาย ยะผา,อุบลราชธานี,0894121118
CUST03257,บริษัท สมาคมวะคีมัน จำกัด,แกมแพร ศรีเผด็จ,อุดรธานี,088 957 9435
CUST03258,บริษัท เมืองสุขเซอร์วิส จำกัด,ชิดชนก ดัตพันธุ์,กรุงเทพมหานคร,059-281058
CUST03259,บริษัท บริษัท มนทองวิศวการ จำกัด จำกัด,ศศิยา ดวงทับทิม,อ้อมน้อย,090 931 0439
CUST03260,บริษัท วุฑฒยากรพืชผล จำกัด,กฤตพร เช้าวันดี,พิษณุโลก,0 2305 0011
CUST03261,บริษัท บริษัท บุญญาภิรมย์ จำกัด จำกัด,อันธิกา จันอ้น,รังสิต,076-308448
CUST03262,บริษัท บริษัท นฤทุกข์และบุตร จำกัด (มหาชน) จำกัด,ทัตธน ถมังรักษสัตว์,ระยอง,04 575 4618
CUST03263,บริษัท ถาวระวรณ์และศรีเผด็จ จำกัด,เมษา ทัศนสุทธิ,แม่สอด,+66 4558 0297
CUST03264,บริษัท ห้างหุ้นส่วนจำกัด นพตระกูล จำกัด,โสภา งามพิเชษฐ์,เชียงราย,07 821 6221
CUST03265,บริษัท ห้างหุ้นส่วนจำกัด ตันเผ่าและบุตร จำกัด,เพ็ญพรรษา ถาวรรัตน,กรุงเทพมหานคร,07 799 4493
CUST03266,บริษัท ทัศนสุทธิโอสถ จำกัด,ธีรลักษณ์ ตวันเยี่ยม,ยะลา,0-5655-6144
CUST03267,บริษัท บริษัท คณานุรักษ์ก่อสร้าง จำกัด (มหาชน) จำกัด,นภัสรินทร์ ทวนไชย์,นครราชสีมา,+66 (0) 630 029 416
CUST03268,บริษัท ตะละภัฏ-วุฑฒยากร จำกัด,เอกอธิพงษ์ ทีฆะ,รังสิต,0867021820
CUST03269,บริษัท ห้างหุ้นส่วนจำกัด ทรัพย์ธำรงค์ จำกัด,อัญพัชร์ ตรีเภรินทร์,สมุทรปราการ,+66 (0) 4085 1313
CUST03270,บริษัท บริษัท ถนัดเดินข่าวคอมมิวนิเคชั่น จำกัด จำกัด,ยูซุฟ ถาวระวรณ์,ขอนแก่น,+66 (0) 7590 6096
CUST03271,บริษัท ห้างหุ้นส่วนจำกัด ถนัดหัตถกรรม จำกัด,มารีนี ถิรสวัสดิ์,สุราษฎร์ธานี,0-7047-2934
CUST03272,บริษัท มูลนิธิเมืองสุข จำกัด,มณียา นาคสุทิน,เชียงราย,0807242393
CUST03273,บริษัท บริษัท ศิวะวรเวทยานยนต์ จำกัด (มหาชน) จำกัด,พิศพรรณ คณานุรักษ์,นนทบุรี,0-4133-2869
CUST03274,บริษัท ห้างหุ้นส่วนจำกัด ทศโยธิน จำกัด,ธีร์ธวันาย ตั้งรบ,ยะลา,+66 918 049 015
CUST03275,บริษัท ห้างหุ้นส่วนจำกัด ถนอมพลอุตสาหกรรม จำกัด,พัชรีนิษฐ์ สาระพันธ์,ปากเกร็ด,0 2462 8334
CUST03276,บริษัท ห้างหุ้นส่วนจำกัด ตรีครุธพันธุ์อะไหล่ยนต์ จำกัด,น้ำเพชร ทัศนสุทธิ,อ้อมน้อย,082 957 5478
CUST03277,บริษัท ทรงโกมล-บุตราช จำกัด,ธารา ซาซุม,ยะลา,0-5647-7496
CUST03278,บริษัท บมจ.ดิศดในเคมิคอล จำกัด,พรเบญญา ตัณฑนุช,นครสวรรค์,+66 (0) 603 358 482
CUST03279,บริษัท ห้างหุ้นส่วนจำกัด สาระพันธ์ขนส่ง จำกัด,สุรนัย ชุมวระ,รังสิต,+66 5269 5902
CUST03280,บริษัท อุ่นอกกลการ จำกัด,ณภัทร นุ่มกัน,พัทยา,092 478 5051
CUST03281,บริษัท ห้างหุ้นส่วนจำกัด ธาราธร จำกัด,ปิยบุตร ตัณสถิตย์,ปากเกร็ด,0 2166 8949
CUST03282,บริษัท หจก.บุญญาภิรมย์ จำกัด,ดวงจันทร์ นิยมสำหรวจ,สงขลา,03 377 9225
CUST03283,บริษัท ศรีตะวันภาพยนตร์ จำกัด,พัชรีนิษฐ์ ถนัดอักษร,พัทยา,036-983185
CUST03284,บริษัท บจก.ไชยภาเอนเตอรไพรส์ จำกัด,อเนชา เมืองสุข,ขอนแก่น,+66 (0) 7516 3864
CUST03285,บริษัท ห้างหุ้นส่วนจำกัด ทวีเดชพืชผล จำกัด,ธเนษฐ ไตรบรรพ,นครสวรรค์,+66 658 165 885
CUST03286,บริษัท ธรรมฤดีและหิรัญสาลี จำกัด,เจตธนากร อัตตนาถ,สมุทรสาคร,025544903
CUST03287,บริษัท ถนัดเดินข่าวแอนด์ซันส์ จำกัด,อลิษา นพคเชนทร์,นนทบุรี,04 582 6400
CUST03288,บริษัท บริษัท ตรีเภรินทร์เฟอนิชชิ่ง จำกัด จำกัด,ทับทิม ถนัดอาวุธ,ตรัง,080 085 1156
CUST03289,บริษัท บริษัท ชำนาญวาด จำกัด จำกัด,ฐิติวุฒิ ซูสารอ,เชียงใหม่,+66 5101 3119
CUST03290,บริษัท บริษัท เขียวขุ้ยอะไหล่ยนต์ จำกัด จำกัด,ปรายกานต์ ซูสารอ,สมุทรปราการ,040 684823
CUST03291,บริษัท บริษัท ธีวรก่อสร้าง จำกัด (มหาชน) จำกัด,พาดีล๊ะ ถ้วนศรี,แหลมฉบัง,0944730428
CUST03292,บริษัท ห้างหุ้นส่วนจำกัด แจ้งสว่าง จำกัด,ใจกลาง ดาบเงิน,อุดรธานี,039963377
CUST03293,บริษัท หจก.ร่มธิติรัตน์ จำกัด,ญาณพันธุ์ บินดี,นครปฐม,0-2905-7465
CUST03294,บริษัท หจก.ดุริยพันธุ์ จำกัด,พิชญ์สินี เจริญรัมย์,สงขลา,037 222270
CUST03295,บริษัท ถนัดอักษรอุตสาหกรรม จำกัด,ปิยะชาติ ซูสารอ,หาดใหญ่,073102727
CUST03296,บริษัท บริษัท ติณรัตน์ จำกัด จำกัด,ศดิศ ทับทิมไทย,สมุทรปราการ,0-3352-0137
CUST03297,บริษัท ห้างหุ้นส่วนจำกัด อัตตนาถ จำกัด,คมกฤชญ์ ร่มธิติรัตน์,เชียงใหม่,0 4897 8213
CUST03298,บริษัท บจก.ภูภักดี จำกัด,นาตยา ถาวรายุศม์,กรุงเทพมหานคร,+665 289 0210
CUST03299,บริษัท ศรีธนะเวทย์เซอร์วิส จำกัด,อดิสรณ์ ศรีธนะเวทย์,อุดรธานี,0-2818-3500
CUST03300,บริษัท ทองแท้แพคกิ้ง จำกัด,คมกริบ เนตร์มณี,สมุทรสาคร,+665 382 0644
CUST03301,บริษัท ดาบเงินบริการ จำกัด,อรจิรา นาคะนคร,หาดใหญ่,+66 (0) 2717 1170
CUST03302,บริษัท บริษัท ตั้งกุลงามเฟอนิชชิ่ง จำกัด จำกัด,อธิวัตร มนทอง,เชียงราย,073-384833
CUST03303,บริษัท ห้างหุ้นส่วนจำกัด นาถะเดชะเฟอนิชชิ่ง จำกัด,ธีรวัช ศรีตะวัน,ยะลา,+663 957 4436
CUST03304,บริษัท บจก.บุนยะศัพท์กลการ จำกัด,คมสัน นิลสุวรรณ์,นครราชสีมา,0-7882-6940
CUST03305,บริษัท ห้างหุ้นส่วนสามัญ นิยมเซียมบริการ จำกัด,ฤทธิ์ชกร ตัณสถิตย์,สุราษฎร์ธานี,+66 (0) 961 081 889
CUST03306,บริษัท บริษัท นพคเชนทร์ จำกัด จำกัด,ทองสิริ นุ่มกัน,พระนครศรีอยุธยา,+66 (0) 7289 4879
CUST03307,บริษัท ชมรมไทยแท้ จำกัด,วิทูลย์ ทัศนสุทธิ,ขอนแก่น,+66 (0) 5235 1564
CUST03308,บริษัท บริษัท ดาวกระจาย จำกัด จำกัด,วันฉัตร ดาตู,ลำปาง,029076942
CUST03309,บริษัท บริษัท ถิรสวัสดิ์วิศวการ จำกัด จำกัด,พิมพ์สุดา ปานสุวรรณ,ระยอง,+66 (0) 7509 7580
CUST03310,บริษัท บริษัท น้ำทิพย์ จำกัด จำกัด,มาซีเตาะ บุญบำรุง,พระนครศรีอยุธยา,040037602
CUST03311,บริษัท ห้างหุ้นส่วนจำกัด ตะละภัฏบริการ จำกัด,ภารวี นาฏคายี,แหลมฉบัง,+66 5190 2518
CUST03312,บริษัท บริษัท แก้วอยู่ จำกัด จำกัด,กะดิรัตน์ นพคเชนทร์,เจ้าพระยาสุรศักดิ์,+66 (0) 2364 3442
CUST03313,บริษัท บริษัท นวลฉวี จำกัด จำกัด,กุลภาวลัย สงประเสริฐ,รังสิต,+66 4805 2121
CUST03314,บริษัท ห้างหุ้นส่วนสามัญ สงประเสริฐโอสถ จำกัด,พชรภรณ์ ตั้งกุลงาม,หาดใหญ่,+66 2183 1038
CUST03315,บริษัท ห้างหุ้นส่วนจำกัด กุมารบุญแอนด์ซันส์ จำกัด,วัลยา ธีวร,นครปฐม,037-646436
CUST03316,บริษัท ถมปัดแลบ จำกัด,สันติราษฎร์ ถนัดอาวุธ,เชียงราย,0 7442 5907
CUST03317,บริษัท หจก.ไม้แดง จำกัด,ปัณณธร นวลฉวี,แม่สอด,0 4618 4262
CUST03318,บริษัท บริษัท ดำริห์ชอบ จำกัด จำกัด,สรรเพชญ์ เจริญรัมย์,สงขลา,089-778-8294
CUST03319,บริษัท หจก.บุญส่ง จำกัด,ประจิน นุ่มกัน,หาดใหญ่,07 940 6559
CUST03320,บริษัท ศรีวงค์เทรดดิ้ง จำกัด,จำรัส เพียยา,แม่สอด,+662 828 8367
CUST03321,บริษัท ห้างหุ้นส่วนจำกัด ธัญเสถียร จำกัด,ธวัศชา ถนัดอาวุธ,สมุทรสาคร,032595428
CUST03322,บริษัท ห้างหุ้นส่วนจำกัด ตะละภัฏ จำกัด,สันติราษฎร์ ซูสารอ,สงขลา,0 3542 6127
CUST03323,บริษัท บริษัท ตั้งกุลงามอินเตอร์เนชั่นแนล จำกัด (มหาชน) จำกัด,เฉลิมพล บัวเผื่อน,เกาะสมุย,0-7498-3817
CUST03324,บริษัท บมจ.ถนัดรบการช่าง จำกัด,อัญพัชร์ แนวพนิช,สงขลา,+66 5304 9560
CUST03325,บริษัท บริษัท ศิวะวรเวท จำกัด จำกัด,ชัฎชา เขียวอ่อน,สกลนคร,+665 221 8912
CUST03326,บริษัท สหภาพแรงงานแน่นดุจป้อม จำกัด,คมคาย ขอหมั่นกลาง,นครราชสีมา,0 950 491 575
CUST03327,บริษัท บจก.อุ่นอกวิศวการ จำกัด,สุภาลินี ทหารแท้,แหลมฉบัง,067 034 9902
CUST03328,บริษัท ห้างหุ้นส่วนจำกัด ทรัพย์ธำรงค์ จำกัด,กิติกานต์ บุญส่ง,สมุทรสาคร,+663 555 5232
CUST03329,บริษัท หจก.บัวเผื่อนบรรจุภัณฑ์ จำกัด,อรรจน์ นิติสาขา,อุบลราชธานี,+664 671 0897
CUST03330,บริษัท ธนประทีปแพคกิ้ง จำกัด,ณัฐญาดา ฉัตรอภิเที่ยงค่ำ,สกลนคร,+66 7035 2815
CUST03331,บริษัท บริษัท เพียยากลการ จำกัด (มหาชน) จำกัด,เจษฏาภรณ์ ทวนทอง,อุดรธานี,03 459 2973
CUST03332,บริษัท สหภาพแรงงานแก้วอยู่ จำกัด,วรรณนิสา หนักแน่น,นนทบุรี,+66 (0) 7734 4706
CUST03333,บริษัท ชมรมผลบุญ จำกัด,อินทรีย์ นาฏคายี,พิษณุโลก,084-335-0046
CUST03334,บริษัท บริษัท ไตรบรรพ จำกัด จำกัด,วรรณรัตน์ ถ้วนศรี,สมุทรสาคร,0 849 348 038
CUST03335,บริษัท หสน.นวลฉวี จำกัด,สมหมาย นาควงษ์,ขอนแก่น,038-161364
CUST03336,บริษัท บริษัท ธนประทีปพืชผล จำกัด จำกัด,ฐิตาพร ขอหมั่นกลาง,เจ้าพระยาสุรศักดิ์,0 4671 0723
CUST03337,บริษัท บริษัท แท่นทองเอเยนซี จำกัด จำกัด,อับดุลเลาะห์ เลขะพันธุ์,หาดใหญ่,026 682105
CUST03338,บริษัท ห้างหุ้นส่วนสามัญ เณรานุสนธิ์ จำกัด,วิชชากร ทรัพย์ธำรงค์,ลำปาง,+66 (0) 2221 2050
CUST03339,บริษัท บริษัท บัวเผื่อน จำกัด จำกัด,กิติยาธรณ์ สุวรรณหงษ์,เชียงใหม่,064-122-2591
CUST03340,บริษัท ทองอยู่มอเตอร์ จำกัด,สิริ ถนอมมนุษย์,สมุทรสาคร,0 5464 5308
CUST03341,บริษัท บริษัท ถนัดการเขียน จำกัด (มหาชน) จำกัด,จิรวิทย์ คณานุรักษ์,สมุทรปราการ,+663 763 8775
CUST03342,บริษัท ห้างหุ้นส่วนจำกัด ดาวอร่าม จำกัด,ดิลก ธาราธร,สมุทรปราการ,061-450-7519
CUST03343,บริษัท หจก.วิลาสินี จำกัด,ณาร์รีมาน บินดี,เชียงใหม่,+66 (0) 7145 7286
CUST03344,บริษัท บริษัท ถนอมพลกรังและบุตร จำกัด จำกัด,นวรรษนันท์ ตะละภัฏ,แม่สอด,0-7053-2775
CUST03345,บริษัท บริษัท นิษประปัญจ์คอมพิวเตอร์ จำกัด (มหาชน) จำกัด,มาสิตะ ศาสตร์ศิลป์,หาดใหญ่,+66 (0) 2843 4245
CUST03346,บริษัท บริษัท นาถะพินธุ จำกัด จำกัด,บุญนพ บุญญาภิรมย์,ปากเกร็ด,07 663 9597
CUST03347,บริษัท ห้างหุ้นส่วนจำกัด ขุนดำ จำกัด,ศุภชัย นิลวิมล,นครราชสีมา,0 3332 8047
CUST03348,บริษัท นักรบ-คณานุรักษ์ จำกัด,นัสรุน ชุมวระ,นครสวรรค์,+66 953 788 382
CUST03349,บริษัท บริษัท ตัณสถิตย์สโตร์ จำกัด จำกัด,พงษ์นเรศ นิลสลัว,เชียงราย,07 019 7374
CUST03350,บริษัท บริษัท ศรีอุ่น จำกัด จำกัด,เจตธนากร ไทยแท้,ลำปาง,0 685 366 460
CUST03351,บริษัท หจก.ทศโยธินและบุตร จำกัด,เขียว ไทไชโย,นครสวรรค์,+66 7317 0874
CUST03352,บริษัท บริษัท น้ำทิพย์ จำกัด จำกัด,ปาริตา จันทา,นนทบุรี,+66 882 407 769
CUST03353,บริษัท ห้างหุ้นส่วนจำกัด นำธวัช จำกัด,นิรุตต์ นวลฉวี,ปากเกร็ด,+66 930 819 530
CUST03354,บริษัท หจก.ดวงทับทิม จำกัด,มูฮัมหมัดอิมรอน ธีวร,ขอนแก่น,0-2824-5605
CUST03355,บริษัท บริษัท บุนยาภิสนท์ จำกัด จำกัด,อนิวัฒน์ เมืองสุข,อุบลราชธานี,0 7959 8324
CUST03356,บริษัท ห้างหุ้นส่วนจำกัด นิระหานี จำกัด,ดิลก ธนรักษ์,เชียงใหม่,+66 (0) 609 212 893
CUST03357,บริษัท ห้างหุ้นส่วนจำกัด ทีฆะ จำกัด,ฉลองชัย วุฑฒยากร,อุบลราชธานี,069-465-9912
CUST03358,บริษัท ถาวระวรณ์ยานยนต์ จำกัด,จิราภรณ์ เลขะพันธุ์,แม่สอด,085-495-8405
CUST03359,บริษัท บริษัท ไตรบรรพเฟอร์นิเจอร์ จำกัด จำกัด,เกศรา เธียรายัน,สมุทรสาคร,033 545320
CUST03360,บริษัท ห้างหุ้นส่วนสามัญ ถุงเงินกรุ๊ป จำกัด,จด ศรทอง,ยะลา,053691209
CUST03361,บริษัท บริษัท เลขะพันธุ์ จำกัด จำกัด,สิทธัญ นาควงษ์,เชียงใหม่,052285798
CUST03362,บริษัท ห้างหุ้นส่วนสามัญ ถนัดรบ จำกัด,เพชรมณี เลิศกิ่ง,สมุทรสาคร,0 834 727 760
CUST03363,บริษัท ห้างหุ้นส่วนจำกัด ศรีเผด็จและบุตร จำกัด,อนุบาล นิลสลัว,ขอนแก่น,054-870362
CUST03364,บริษัท ห้างหุ้นส่วนจำกัด อัตตนาถเอ็นจิเนียริ่ง จำกัด,ธีรวัช บุนยาภิสนท์,พระนครศรีอยุธยา,080 376 8442
CUST03365,บริษัท บริษัท ธูปหอม จำกัด จำกัด,ทิมาภรณ์ บุญศล,ปากเกร็ด,+66 7978 6111
CUST03366,บริษัท ห้างหุ้นส่วนจำกัด ตวันเยี่ยมจิวเวลรี่ จำกัด,ศิรินันท์ นิลเสนา,สุราษฎร์ธานี,+66 654 787 817
CUST03367,บริษัท บจก.บุญส่งเทรดดิ้ง จำกัด,อิสรันดร์ นวลฉวี,แม่สอด,+66 (0) 3927 0158
CUST03368,บริษัท บริษัท ขันธุลา จำกัด จำกัด,อัครพนธ์ ฉัตรอภิเที่ยงค่ำ,สมุทรสาคร,022 324701
CUST03369,บริษัท ห้างหุ้นส่วนจำกัด ศรีอุ่นเฟอนิชชิ่ง จำกัด,สิราพร บุณยะภาชน์,อุดรธานี,095 665 4575
CUST03370,บริษัท บริษัท นพคเชนทร์คอมมิวนิเคชั่น จำกัด จำกัด,สุภาพร สุวรรณหงษ์,แม่สอด,0965993427
CUST03371,บริษัท ยาปะโลหิต-เจริญรัมย์ จำกัด,ศรินยา ถนัดภาษา,ขอนแก่น,0-4489-9683
CUST03372,บริษัท บริษัท วุฑฒยากร จำกัด,ลัดดา นาถะพินธุ,อุบลราชธานี,0844767555
CUST03373,บริษัท ห้างหุ้นส่วนสามัญ พีระเพ็ญกุลอิมปอร์ตเอ็กซปอร์ต จำกัด,ภัทรนาฎ ตันยา,นครสวรรค์,078 933314
CUST03374,บริษัท บมจ.ธรรมเมธา จำกัด,พศร ทศโยธิน,สุราษฎร์ธานี,+66 5891 8587
CUST03375,บริษัท บริษัท มิ่งขวัญ จำกัด จำกัด,ยศพนต์ อุ่นอก,ขอนแก่น,031-117840
CUST03376,บริษัท บริษัท ศรีตะวันบริการ จำกัด จำกัด,ทินวัฒน์ แจ้งสว่าง,นครราชสีมา,061 335 2191
CUST03377,บริษัท สันตะวงศ์และขำเอนก จำกัด,ตอฮา ตราชู,สุราษฎร์ธานี,0-3020-6787
CUST03378,บริษัท บริษัท ตัณฑนุช จำกัด จำกัด,ธีริสรา ทองประดิฐ,พิษณุโลก,0601183644
CUST03379,บริษัท ขุนดำแพคกิ้ง จำกัด,บุญเทียน นครเทพ,อ้อมน้อย,+66 (0) 2383 4218
CUST03380,บริษัท หจก.นักสำหรวจ จำกัด,วิทูลย์ ดาวกระจาย,ภูเก็ต,+66 (0) 941 205 044
CUST03381,บริษัท บมจ.นุชแนวนุ่ม จำกัด,สนั่น เมืองสุข,นนทบุรี,029-219687
CUST03382,บริษัท บริษัท ดุษฎีวนิชขนส่ง จำกัด (มหาชน) จำกัด,ณปภัช ยาปะโลหิต,นครปฐม,0-5228-5764
CUST03383,บริษัท ห้างหุ้นส่วนสามัญ ทองแท้ จำกัด,อิสรันดร์ นิติสาขา,นนทบุรี,0 5758 1975
CUST03384,บริษัท ห้างหุ้นส่วนจำกัด ด้วงโสนกรุ๊ป จำกัด,เทพณรงค์ เนื่องนนท์,พิษณุโลก,+66 925 461 819
CUST03385,บริษัท ประจันตะเสน-ศรีสัตย์ จำกัด,ภัทรนาฎ จ้อยนุแสง,นครราชสีมา,+66 2212 9313
CUST03386,บริษัท นฤทุกข์และฉัพพรรณธนกูร จำกัด,แกมแพร สงประเสริฐ,ระยอง,021 161151
CUST03387,บริษัท ห้างหุ้นส่วนจำกัด แน่นดุจป้อมและเพื่อน จำกัด,ใจกลาง ติระคมน์,สุราษฎร์ธานี,02 339 7834
CUST03388,บริษัท บจก.ปรีชากุลเศรษฐ์ จำกัด,เฉลิมรัตน์ นิยมเซียม,อุบลราชธานี,+66 (0) 952 630 616
CUST03389,บริษัท ดาตู-นิยมเซียม จำกัด,คมกฤชญ์ จันทา,สุราษฎร์ธานี,038-758381
CUST03390,บริษัท สมาคมดิศดใน จำกัด,พิมพ์สุดา นุตตาร,ภูเก็ต,0 637 441 065
CUST03391,บริษัท บริษัท ทศโยธินซัพพลาย จำกัด จำกัด,ภานุวัตร เยาวธนโชค,อุบลราชธานี,0-4509-2513
CUST03392,บริษัท หจก.ถนอมมนุษย์ จำกัด,ฐิติยาพร เจริญรัมย์,พระนครศรีอยุธยา,057 894170
CUST03393,บริษัท ถนัดรบ-ธรรมฤดี จำกัด,ภูวิช บุนยะศัพท์,ขอนแก่น,+667 685 2604
CUST03394,บริษัท บจก.ทวีเดช จำกัด,ยอดแมน ธนูปกรณ์,เกาะสมุย,+66 (0) 878 878 219
CUST03395,บริษัท บจก.แจ้งสว่างมอเตอร์ จำกัด,ธัญญกัญญา ทองอยู่,เจ้าพระยาสุรศักดิ์,0-7081-2057
CUST03396,บริษัท นกทอง-นากกนก จำกัด,กุลภาวลัย ทวีเดช,พระนครศรีอยุธยา,+66 896 191 271
CUST03397,บริษัท จันอ้นโอสถ จำกัด,กุลดิลก นาคะนคร,พระนครศรีอยุธยา,0 7168 0737
CUST03398,บริษัท สหภาพแรงงานเนตร์มณี จำกัด,สุพัตร บุญศล,เจ้าพระยาสุรศักดิ์,04 634 3316
CUST03399,บริษัท บริษัทหลักทรัพย์ หอมสิน จำกัด จำกัด,กิติวัฒน์ ศรีตะวัน,สกลนคร,+66 (0) 3687 2834
CUST03400,บริษัท ห้างหุ้นส่วนสามัญ วิลาสินี จำกัด,ชนิศา เตชะกำพุ,ตรัง,+66 831 364 360
CUST03401,บริษัท สมาคมดัตพันธุ์ จำกัด,ศิรินันท์ แต้กุล,นครราชสีมา,021 926144
CUST03402,บริษัท ห้างหุ้นส่วนจำกัด น้ำทิพย์ จำกัด,วรรณชนะชัย นะวะมันดร,พิษณุโลก,+66 (0) 926 288 970
CUST03403,บริษัท บริษัท คณานุรักษ์แพคกิ้ง จำกัด จำกัด,สมนึก แก้วอยู่,สกลนคร,066 986 5102
CUST03404,บริษัท หจก.นฤทุกข์เทรดดิ้ง จำกัด,วิชา งามพิเชษฐ์,สุราษฎร์ธานี,077015867
CUST03405,บริษัท หจก.ติระคมน์ จำกัด,ปรมินทร์ คำลือ,สกลนคร,0-4256-6628
CUST03406,บริษัท บริษัท เตมิยะเดช จำกัด จำกัด,กษิดิฐ ถนัดการยนต์,กรุงเทพมหานคร,087-706-7520
CUST03407,บริษัท ราชมณีบริการ จำกัด,ใกล้รุ่ง นาคสุทิน,อุดรธานี,056 268453
CUST03408,บริษัท บจก.นักรบ จำกัด,รภัสพงษ์ นานายน,เชียงใหม่,+663 967 6366
CUST03409,บริษัท บริษัท แนวพนิชพานิช จำกัด จำกัด,พีรพัฒน์ นะวะมันดร,ลำปาง,065-026-2421
CUST03410,บริษัท ตันยาสโตร์ จำกัด,ชัชนันท์ ตรีครุธพันธุ์,ลำปาง,+66 7431 7506
CUST03411,บริษัท คณานุรักษ์และดาตู จำกัด,ใจกลาง นิติสาขา,พิษณุโลก,0-5356-9530
CUST03412,บริษัท สมาคมนากกนก จำกัด,แกมแพร ถนอมมนุษย์,ปากเกร็ด,+66 993 798 391
CUST03413,บริษัท หจก.เตชะกำพุ จำกัด,เทพนารี เขียวขุ้ย,สกลนคร,+66 601 183 455
CUST03414,บริษัท บริษัท บุณยะภาชน์กรุ๊ป จำกัด จำกัด,สีหราช พรสีมา,ปากเกร็ด,+66 5714 8695
CUST03415,บริษัท บริษัท เณรานุสนธิ์และบุตร จำกัด จำกัด,ปรมินทร์ ตั้งรบ,พัทยา,0 7497 4326
CUST03416,บริษัท นุชแนวนุ่มเอ็นจิเนียริ่ง จำกัด,พิชาภพ บุญญาภิรมย์,สงขลา,082-690-8040
CUST03417,บริษัท บริษัท ดุริยพันธุ์การค้า จำกัด จำกัด,ศภัคชคง วุฑฒยากร,เชียงราย,05 803 1333
CUST03418,บริษัท ห้างหุ้นส่วนสามัญ ไตรบรรพก่อสร้าง จำกัด,กันตวรรณ ดัตพันธุ์,แหลมฉบัง,+66 (0) 4399 6493
CUST03419,บริษัท ร่มธิติรัตน์และบุตร จำกัด,นรีรัตน์ นำธวัช,สมุทรปราการ,075 591744
CUST03420,บริษัท ห้างหุ้นส่วนสามัญ ถ้วนศรี จำกัด,เกศรา ฉัพพรรณธนกูร,อุดรธานี,057-105142
CUST03421,บริษัท หจก.ศาสตร์ศิลป์ จำกัด,จิฬาภรณ์ เตมิยะเดช,สุราษฎร์ธานี,0913249968
CUST03422,บริษัท บริษัท เตมิยะเดชเอนเตอรไพรส์ จำกัด จำกัด,รอซีด๊ะ ดุษฎีวนิช,ลำปาง,069-362-4989
CUST03423,บริษัท ห้างหุ้นส่วนสามัญ ดำริห์ชอบและเพื่อน จำกัด,สุรนัย ถาวรรัตน,เจ้าพระยาสุรศักดิ์,069 353 7337
CUST03424,บริษัท บริษัท ศรีวงค์ จำกัด จำกัด,สุพัตรา แจ้งสว่าง,นครปฐม,+66 (0) 4290 1224
CUST03425,บริษัท บริษัท เพียยาอินเตอร์เนชั่นแนล จำกัด จำกัด,ภัทราวุธ ธรรมสถิตไพศาล,ระยอง,0 962 128 908
CUST03426,บริษัท บริษัท แนวพญา จำกัด (มหาชน) จำกัด,นิมุ อุ่นอก,รังสิต,+662 274 3081
CUST03427,บริษัท ขอหมั่นกลางอินเตอร์เนชั่นแนล จำกัด,จด อุลหัสสา,พระนครศรีอยุธยา,071-823261
CUST03428,บริษัท ขันธุลาการช่าง จำกัด,นวรรษนันท์ แต้กุล,เจ้าพระยาสุรศักดิ์,07 955 2797
CUST03429,บริษัท สมาคมพงศ์ฉบับนภา จำกัด,เฉลิมพล ดิศดใน,นครสวรรค์,+66 (0) 3740 2457
CUST03430,บริษัท บริษัท พรรษาสกุล จำกัด จำกัด,บุญเกิด มนทอง,นนทบุรี,0-4031-9537
CUST03431,บริษัท บริษัท ทองแท้เอ็นจิเนียริ่ง จำกัด จำกัด,เสรี อุ่นอก,ระยอง,+664 836 8009
CUST03432,บริษัท สมาคมซูสารอ จำกัด,สัญชาน บุญญาภิรมย์,เชียงใหม่,+66 4820 6963
CUST03433,บริษัท สมาคมแจ้งสว่าง จำกัด,จักรชัย ธุวะนุติ์,พระนครศรีอยุธยา,0-4492-9684
CUST03434,บริษัท เขียวขุ้ยและถนอมมนุษย์ จำกัด,ณัฐญาดา ถนัดกลึง,เชียงราย,0 848 156 935
CUST03435,บริษัท บมจ.ตัณฑนุช จำกัด,ทรรศนชัย ทวนไชย์,สมุทรปราการ,+66 (0) 2610 7848
CUST03436,บริษัท หจก.พานเกล้าเอ็นจิเนียริ่ง จำกัด,วีระวัฒน์ นวลฉวี,หาดใหญ่,+66 963 543 691
CUST03437,บริษัท บจก.ร่มธิติรัตน์กลการ จำกัด,กนกเนตร เนื่องนนท์,เจ้าพระยาสุรศักดิ์,+665 993 6331
CUST03438,บริษัท บริษัท เยาวธนโชค จำกัด (มหาชน) จำกัด,พรสวรรค์ ทองสีไพล,ขอนแก่น,02 030 8346
CUST03439,บริษัท บจก.ฉัตรอภิเที่ยงค่ำ จำกัด,เจษฏาภรณ์ มนทอง,สุราษฎร์ธานี,+66 848 281 463
CUST03440,บริษัท หจก.บุนยาภิสนท์ จำกัด,ศุภชัย ถนัดการเขียน,อ้อมน้อย,04 926 5320
CUST03441,บริษัท บมจ.สังข์กรดแพคกิ้ง จำกัด,คมสัน นาคสุทิน,นครปฐม,+66 (0) 688 265 253
CUST03442,บริษัท ถนัดอักษรและบุตร จำกัด,จินต์จุฑา กุมารบุญ,อุบลราชธานี,+66 3194 4919
CUST03443,บริษัท บริษัท เขียวอ่อน จำกัด (มหาชน) จำกัด,อำไพ หอมพิกุล,อ้อมน้อย,0827415300
CUST03444,บริษัท บริษัท ธรรมสถิตไพศาล จำกัด จำกัด,พุทธิพงษ์ บุนยะตีรณะ,อุบลราชธานี,+66 (0) 3653 5018
CUST03445,บริษัท บริษัท มนทองเอเยนซี จำกัด จำกัด,หรรษธร พรมอ่อน,สกลนคร,0 2304 1399
CUST03446,บริษัท บริษัท ถาวระวรณ์ จำกัด,อภิลักษณ์ นุตตาร,นนทบุรี,05 081 0775
CUST03447,บริษัท ถนอมมนุษย์กลการ จำกัด,วสิตา ศรีธนะเวทย์,ลำปาง,0873597602
CUST03448,บริษัท หจก.ศรีตะวัน จำกัด,ธัชญา ศรีอุ่น,พัทยา,0987270587
CUST03449,บริษัท ห้างหุ้นส่วนสามัญ ธุวะนุติ์ จำกัด,วีร์สุดา ธูปหอม,แหลมฉบัง,0 854 388 227
CUST03450,บริษัท บริษัท จันอ้น จำกัด,พรพิไล นิยมสำหรวจ,หาดใหญ่,054 860481
CUST03451,บริษัท ทับทิมไทยอินเตอร์เนชั่นแนล จำกัด,พุทธิพงษ์ นามขำ,เกาะสมุย,0-4222-4305
CUST03452,บริษัท บริษัท นามขำอินเตอร์เนชั่นแนล จำกัด จำกัด,ไวพจน์ ตั้งกุลงาม,อุดรธานี,+66 7007 4150
CUST03453,บริษัท บริษัท ถนัดกลึงการช่าง จำกัด จำกัด,ประเดิม ร่มธิติรัตน์,ขอนแก่น,0-2555-1525
CUST03454,บริษัท เดชวาเอนเตอรไพรส์ จำกัด,ฟิรยา พีระเพ็ญกุล,นครปฐม,0-7969-6756
CUST03455,บริษัท หจก.หนักแน่น จำกัด,กรพนธ์ ตะละภัฏ,ปากเกร็ด,+665 905 2653
CUST03456,บริษัท ห้างหุ้นส่วนสามัญ นวลฉวีบริการ จำกัด,สุทธิณัฐ จันอ้น,นครราชสีมา,0-5398-0338
CUST03457,บริษัท บริษัท ตัณฑนุชอุตสาหกรรม จำกัด จำกัด,สมปอง ศรีสัตย์,ขอนแก่น,+66 (0) 821 206 197
CUST03458,บริษัท ถนัดหัตถกรรมก่อสร้าง จำกัด,พรรณปพร แท่นทอง,รังสิต,035-968182
CUST03459,บริษัท บริษัท ชุมวระ จำกัด จำกัด,สุไฮลัน ดุริยพันธุ์,นนทบุรี,+66 (0) 7366 9187
CUST03460,บริษัท ห้างหุ้นส่วนจำกัด ทรงโกมลเอนเตอรไพรส์ จำกัด,สุกฤษตา ตันเผ่า,ลำปาง,0 630 187 170
CUST03461,บริษัท ตระกูลบุญ-นกทอง จำกัด,ปภาวรินทร์ นามเสวตร,พิษณุโลก,+66 3933 0843
CUST03462,บริษัท บริษัท จันทาขนส่ง จำกัด จำกัด,สุชิน ถนัดอาวุธ,อุบลราชธานี,0 2861 3211
CUST03463,บริษัท หจก.ถนัดการยนต์ จำกัด,ประวี ภูภักดี,สุราษฎร์ธานี,+667 383 3504
CUST03464,บริษัท บริษัท ธัญเสถียร จำกัด (มหาชน) จำกัด,วรรณกร บุนยะศัพท์,เชียงใหม่,+66 807 400 537
CUST03465,บริษัท บริษัท นิยมธรรมแอนด์ซันส์ จำกัด (มหาชน) จำกัด,บุญนพ เนตร์มณี,เชียงราย,070-077461
CUST03466,บริษัท ตันยาซัพพลาย จำกัด,มาซีเตาะ บุตราช,ขอนแก่น,0633417794
CUST03467,บริษัท สมาคมแถมธน จำกัด,ศรายุธ วาทา,พระนครศรีอยุธยา,0 668 777 202
CUST03468,บริษัท บริษัท ทองสินธุ์และบุตร จำกัด จำกัด,สุไฮลัน ถิรสวัสดิ์,กรุงเทพมหานคร,023 069106
CUST03469,บริษัท บริษัท นฤภัยกรุ๊ป จำกัด จำกัด,มาสิตะ แถมธน,เจ้าพระยาสุรศักดิ์,+66 4060 3431
CUST03470,บริษัท บริษัท ตั้งเผ่า จำกัด จำกัด,ซูไรดา ติระคมน์,ขอนแก่น,+665 224 7121
CUST03471,บริษัท ไทยสุชาตและไตรบรรพ จำกัด,ดวงพร วะคีมัน,ลำปาง,+66 680 678 686
CUST03472,บริษัท บริษัท ขันธุลา จำกัด (มหาชน) จำกัด,ภูวรา ตะละภัฏ,นครศรีธรรมราช,0 847 325 361
CUST03473,บริษัท บริษัท ดาบเงินการช่าง จำกัด จำกัด,ใจกลาง นากกนก,รังสิต,+66 (0) 826 515 612
CUST03474,บริษัท บมจ.นิยมธรรม จำกัด,บุญทิวา นิระหานี,ขอนแก่น,+663 729 3988
CUST03475,บริษัท บริษัท พานเกล้า จำกัด จำกัด,ศรายุธ เวียงจันทึก,ลำปาง,+66 (0) 927 100 563
CUST03476,บริษัท บริษัทหลักทรัพย์ แก้วชลคราม จำกัด จำกัด,โสภณิตา ธูปหอม,นครราชสีมา,0-4489-8754
CUST03477,บริษัท มูลนิธินาถะเดชะ จำกัด,ราณี หนักแน่น,แหลมฉบัง,095-930-4077
CUST03478,บริษัท หจก.ซูสารอ จำกัด,เยาวรัตน์ ทองสินธุ์,นครปฐม,047-315006
CUST03479,บริษัท บริษัท ถาวรรัตน จำกัด จำกัด,ภัคชัญญา ทันยุค,ขอนแก่น,0 633 002 599
CUST03480,บริษัท ตันยาพานิช จำกัด,เจษฎากร ฉัพพรรณธนกูร,ภูเก็ต,0-7008-7794
CUST03481,บริษัท มูลนิธินุ่มกัน จำกัด,ปรมินทร์ ศิวะวรเวท,นครสวรรค์,+66 4337 6826
CUST03482,บริษัท บมจ.ตันตราจิณ จำกัด,ธัญญามาศ นิระหานี,ระยอง,+66 837 806 445
CUST03483,บริษัท ห้างหุ้นส่วนจำกัด นับเนื่องนอขนส่ง จำกัด,อำไพ นานายน,เชียงราย,0661320117
CUST03484,บริษัท บจก.ถนัดกลึง จำกัด,หล้า ทัศนสุทธิ,อ้อมน้อย,033 540276
CUST03485,บริษัท ห้างหุ้นส่วนสามัญ ถนัดการยนต์อินเตอร์เนชั่นแนล จำกัด,เสรี เขียวอ่อน,พิษณุโลก,+662 521 0323
CUST03486,บริษัท บริษัท เจริญรัมย์ จำกัด (มหาชน) จำกัด,ทัตธน พรสีมา,ปากเกร็ด,049293339
CUST03487,บริษัท ถนัดรบและถาวระวรณ์ จำกัด,อัครพนธ์ ตระกูลบุญ,ยะลา,057165844
CUST03488,บริษัท บริษัท ถนอมพล จำกัด จำกัด,ฮานาฟี เวียงจันทึก,เจ้าพระยาสุรศักดิ์,089-691-2044
CUST03489,บริษัท หจก.นวลเพ็ง จำกัด,สุรวัช ซาซุม,ยะลา,0 887 838 021
CUST03490,บริษัท บริษัท ตะละภัฏ จำกัด จำกัด,คำมั่น ศรทอง,เชียงราย,029153753
CUST03491,บริษัท สมาคมเลขะพันธุ์ จำกัด,อธิวัตร ศรีสัตย์,สุราษฎร์ธานี,0-5314-5583
CUST03492,บริษัท ธนาคารแท่นทองการบัญชี จำกัด จำกัด,เอนกพงศ์ นวลเพ็ง,กรุงเทพมหานคร,0-5370-9584
CUST03493,บริษัท ห้างหุ้นส่วนสามัญ จันอ้น จำกัด,อัษฏา นฤทุกข์,รังสิต,+66 3977 6657
CUST03494,บริษัท บริษัท นุ่มกัน จำกัด จำกัด,กุลภาวลัย ธรรมฤดี,เจ้าพระยาสุรศักดิ์,076 784871
CUST03495,บริษัท ห้างหุ้นส่วนจำกัด ทันยุคจิวเวลรี่ จำกัด,นพรัตน์ บินดี,เจ้าพระยาสุรศักดิ์,07 358 7154
CUST03496,บริษัท ชมรมบุนยาภิสนท์ จำกัด,แกมแพร เนื้อนุ่ม,ตรัง,040383854
CUST03497,บริษัท บริษัท บุญศลเซอร์วิส จำกัด จำกัด,ปิ่นบุญญา พีระเพ็ญกุล,พัทยา,0 7323 9519
CUST03498,บริษัท บริษัท มิ่งขวัญอิมปอร์ตเอ็กซปอร์ต จำกัด จำกัด,มารุด บุญบำรุง,สงขลา,+66 (0) 5742 5352
CUST03499,บริษัท บริษัท ซาซุม จำกัด จำกัด,นรีรัตน์ เยาวธนโชค,เกาะสมุย,+66 2598 8782
CUST03500,บริษัท หจก.นพคเชนทร์ขนส่ง จำกัด,ภัคศุภางค์ หนักแน่น,หาดใหญ่,+66 (0) 998 458 237
CUST03501,บริษัท ห้างหุ้นส่วนจำกัด เลิศกิ่งก่อสร้าง จำกัด,นิรุตต์ เขียวขุ้ย,แหลมฉบัง,0685594023
CUST03502,บริษัท ห้างหุ้นส่วนจำกัด ทศโยธินอินเตอร์เนชั่นแนล จำกัด,อธิวัตร นะวะมันดร,พิษณุโลก,0 3384 3626
CUST03503,บริษัท บมจ.อัตตนาถ จำกัด,สมมล เธียรายัน,นครศรีธรรมราช,034-425833
CUST03504,บริษัท ห้างหุ้นส่วนสามัญ ถิรสวัสดิ์คอมพิวเตอร์ จำกัด,ปวีณ เนตร์มณี,สุราษฎร์ธานี,086 966 3013
CUST03505,บริษัท สมาคมหิรัญสาลี จำกัด,ณัฐธภรณ์ แน่นดุจป้อม,ขอนแก่น,+66 (0) 3612 5324
CUST03506,บริษัท หจก.บัวเผื่อนเฟอร์นิเจอร์ จำกัด,รภัสพงษ์ นุตตาร,นนทบุรี,0-7672-3730
CUST03507,บริษัท ห้างหุ้นส่วนสามัญ นฤทุกข์ จำกัด,ศุภาศิล แจ้งสว่าง,เชียงใหม่,+66 955 555 055
CUST03508,บริษัท ห้างหุ้นส่วนสามัญ ดิสกะประกาย จำกัด,รมิตา พงศ์ฉบับนภา,นครศรีธรรมราช,+66 2139 9043
CUST03509,บริษัท บริษัท แก้วชลครามแลบ จำกัด จำกัด,เกียรติศักดิ์ แน่นดุจป้อม,อ้อมน้อย,+66 (0) 3688 8981
CUST03510,บริษัท มูลนิธินกทอง จำกัด,อาภัศรา ธีวร,รังสิต,+66 (0) 3365 7617
CUST03511,บริษัท ห้างหุ้นส่วนจำกัด ธรรมฤดีและบุตร จำกัด,ภูวัน ธูปะวิโรจน์,เชียงใหม่,0632831435
CUST03512,บริษัท หจก.บินดี จำกัด,ปุณณรัตน์ ถ้วนศรี,นครปฐม,0 608 239 123
CUST03513,บริษัท บริษัท นับเนื่องนอ จำกัด จำกัด,ปิยบุตร ฉัตรอภิเที่ยงค่ำ,พระนครศรีอยุธยา,039 101884
CUST03514,บริษัท มูลนิธิธุวะนุติ์ จำกัด,วรรณรัตน์ แนวพญา,อ้อมน้อย,0-5252-9890
CUST03515,บริษัท ห้างหุ้นส่วนจำกัด นุตตาร จำกัด,อารีย์ โพธิสัตย์,สุราษฎร์ธานี,0 7506 0768
CUST03516,บริษัท ห้างหุ้นส่วนจำกัด อุ่นอก จำกัด,ธนกิตต์ โพธิสัตย์,ลำปาง,0-2873-8248
CUST03517,บริษัท ห้างหุ้นส่วนจำกัด ธรรมทินนาพานิช จำกัด,ประไพพักตร์ ถาวรายุศม์,เจ้าพระยาสุรศักดิ์,02 450 3404
CUST03518,บริษัท เลิศกิ่ง-นิลสุวรรณ์ จำกัด,ธราวิทญ์ พรมอ่อน,รังสิต,+664 272 3817
CUST03519,บริษัท บริษัท ติระคมน์เซอร์วิส จำกัด จำกัด,ไวพจน์ ทองลาภ,ปากเกร็ด,0 870 458 151
CUST03520,บริษัท ห้างหุ้นส่วนจำกัด เลขะพันธุ์ จำกัด,ศิรินันท์ หนุนสุข,ปากเกร็ด,0935629882
CUST03521,บริษัท หจก.พรรษาสกุลคอมพิวเตอร์ จำกัด,ภัทราวุธ นานายน,กรุงเทพมหานคร,058 934887
CUST03522,บริษัท บริษัท ทำประดู่พานิช จำกัด จำกัด,ราชพฤกษ์ หิรัญสาลี,สกลนคร,+66 (0) 3755 8689
CUST03523,บริษัท บริษัท ธาราธร จำกัด จำกัด,อัญชัญ เพียยา,ขอนแก่น,+66 (0) 2425 5288
CUST03524,บริษัท ห้างหุ้นส่วนจำกัด ไชยภา จำกัด,อุลัยพร นิยมสำหรวจ,สกลนคร,+663 504 7686
CUST03525,บริษัท บจก.ทองสีไพล จำกัด,กิติชัย นิลเสนา,สมุทรสาคร,07 439 2931
CUST03526,บริษัท ดุริยพันธุ์-ทรัพย์สาร จำกัด,ณัฐติญา ตะละภัฏ,ตรัง,07 891 1756
CUST03527,บริษัท บริษัท นิติสาขา จำกัด จำกัด,ศรลักษณ์ พีระเพ็ญกุล,นครปฐม,+665 415 3231
CUST03528,บริษัท บริษัท ตระกูลบุญ จำกัด จำกัด,ศศินา ดวงทับทิม,สมุทรสาคร,0-7649-2109
CUST03529,บริษัท ถะเกิงชศเทรดดิ้ง จำกัด,ยนงคราญ ถนิมมาศ,นครศรีธรรมราช,+667 413 1762
CUST03530,บริษัท หจก.นาฏคายีกรุ๊ป จำกัด,ลัดดา หิรัญสาลี,อุดรธานี,054 208155
CUST03531,บริษัท บมจ.นาถะเดชะ จำกัด,พศร จ้อยนุแสง,พระนครศรีอยุธยา,+66 4871 7852
CUST03532,บริษัท บมจ.ศรีธนะเวทย์ จำกัด,สุพนธ์ ศรีตะวัน,กรุงเทพมหานคร,+66 5111 8896
CUST03533,บริษัท ดาวกระจายและบุญญาไลย์ จำกัด,ศศิธร นกทอง,นครราชสีมา,0 4680 4292
CUST03534,บริษัท บริษัท หอมพิกุลเฟอนิชชิ่ง จำกัด จำกัด,วรรณชนะชัย ทรัพย์ธำรงค์,เชียงราย,+66 4145 1425
CUST03535,บริษัท หจก.ยะผา จำกัด,อัญชิษฐา จ้อยนุแสง,พิษณุโลก,+66 (0) 7728 9433
CUST03536,บริษัท นิลเสนาแอนด์ซันส์ จำกัด,สราญจิตต์ ติระคมน์,ตรัง,+66 5870 1317
CUST03537,บริษัท ห้างหุ้นส่วนจำกัด ยะผา จำกัด,ชัชเวศย์ เลิศกิ่ง,นครศรีธรรมราช,073 805950
CUST03538,บริษัท หจก.บุญญาภิรมย์ จำกัด,ศจีกาญจน์ วุฑฒยากร,ตรัง,033-810491
CUST03539,บริษัท บริษัท ทองสินธุ์มอเตอร์ จำกัด จำกัด,เจษฎากร วุฑฒยากร,เจ้าพระยาสุรศักดิ์,074-445739
CUST03540,บริษัท ห้างหุ้นส่วนจำกัด ตันยาขนส่ง จำกัด,ศศินา ศรีตะวัน,สงขลา,0 7767 7200
CUST03541,บริษัท ห้างหุ้นส่วนจำกัด เช้าวันดีคอนสตรัคชั่น จำกัด,ปรมินทร์ ชำนาญวาด,อ้อมน้อย,+66 (0) 651 810 066
CUST03542,บริษัท บจก.ฉัพพรรณธนกูร จำกัด,นิติ ถุงเงิน,ตรัง,066 234 9235
CUST03543,บริษัท หจก.นิลวิมล จำกัด,พรสวรรค์ ประจันตะเสน,ลำปาง,02 498 8852
CUST03544,บริษัท บริษัท ถ้วนศรี จำกัด จำกัด,วิกิจ ธาราธร,พัทยา,076 373905
CUST03545,บริษัท บริษัท ไทนิยมยานยนต์ จำกัด จำกัด,ประภัทร์สรณ์ ทองอยู่,ภูเก็ต,0-3986-8681
CUST03546,บริษัท บริษัท จันทาเอเยนซี จำกัด จำกัด,กิติชัย ทุมะบุตร์,หาดใหญ่,0 5066 5002
CUST03547,บริษัท บริษัท ทัศนสุทธิ จำกัด จำกัด,ทองรัตน์ ติระคมน์,สมุทรปราการ,+66 (0) 877 629 919
CUST03548,บริษัท หจก.ประจันตะเสน จำกัด,ปฐม ตราชู,สงขลา,0-3864-9242
CUST03549,บริษัท บริษัท คำลือแลบ จำกัด จำกัด,กระสุน ถมังรักษสัตว์,อุดรธานี,0815681258
CUST03550,บริษัท บริษัท ถนัดอักษร จำกัด จำกัด,สุชิน ติณรัตน์,พัทยา,052 368402
CUST03551,บริษัท บริษัท นาคสุทินจิวเวลรี่ จำกัด จำกัด,กิ่งแก้ว แจ้งสว่าง,ลำปาง,038845737
CUST03552,บริษัท ทันยุคและดาตู จำกัด,อนิวัฒน์ ธนรักษ์,ภูเก็ต,0 5214 5979
CUST03553,บริษัท ห้างหุ้นส่วนจำกัด ไทนิยม จำกัด,ภาสินี ติณรัตน์,ระยอง,042 854154
CUST03554,บริษัท ห้างหุ้นส่วนจำกัด อัตตนาถ จำกัด,ณัฐธภรณ์ เวียงจันทึก,ระยอง,0 4553 9946
CUST03555,บริษัท บริษัท นวลเพ็ง จำกัด จำกัด,สุรการณ์ หนุนสุข,สมุทรสาคร,064-963-5474
CUST03556,บริษัท บมจ.บุญส่ง จำกัด,ปฐม เจริญรัมย์,ขอนแก่น,058-837101
CUST03557,บริษัท ห้างหุ้นส่วนจำกัด ตัณฑนุช จำกัด,สินสมุทร ติณรัตน์,นครศรีธรรมราช,+66 (0) 997 446 868
CUST03558,บริษัท นิลสุวรรณ์ภาพยนตร์ จำกัด,ณัฐวรินทร นำธวัช,สุราษฎร์ธานี,0-4565-6957
CUST03559,บริษัท บริษัท ถนัดอาวุธอินเตอร์เนชั่นแนล จำกัด จำกัด,ซูไรดา มิ่งขวัญ,เชียงใหม่,+66 894 608 303
CUST03560,บริษัท ห้างหุ้นส่วนสามัญ ถนัดรบอะไหล่ยนต์ จำกัด,ทิพย์วารี เจริญรัมย์,แหลมฉบัง,04 065 5616
CUST03561,บริษัท บริษัท นามเสวตรอะไหล่ยนต์ จำกัด จำกัด,นพ ดาตู,พระนครศรีอยุธยา,+66 (0) 5113 6431
CUST03562,บริษัท ห้างหุ้นส่วนสามัญ ตราชู จำกัด,เจษฏาภรณ์ แต้กุล,ยะลา,+66 (0) 840 752 414
CUST03563,บริษัท ห้างหุ้นส่วนจำกัด ไตรบรรพ จำกัด,บุญทิวา นิยมเซียม,นครปฐม,+66 861 188 652
CUST03564,บริษัท สหภาพแรงงานเณรานุสนธิ์ จำกัด,วุฒิ มิ่งขวัญ,ยะลา,0-5305-2454
CUST03565,บริษัท บริษัท แถมธน จำกัด (มหาชน) จำกัด,นพรัตน์ คำลือ,เจ้าพระยาสุรศักดิ์,04 084 1249
CUST03566,บริษัท หจก.ทีฆะ จำกัด,ภานุพล นากกนก,ขอนแก่น,098-679-5599
CUST03567,บริษัท เธียรายันบรรจุภัณฑ์ จำกัด,สุพนธ์ แนวพญา,ภูเก็ต,04 327 8232
CUST03568,บริษัท ทำประดู่แพคกิ้ง จำกัด,ณาร์รีมาน ถนัดอักษร,นครสวรรค์,059426166
CUST03569,บริษัท ห้างหุ้นส่วนจำกัด ทวีเดช จำกัด,รชตกร ปานสุวรรณ,เกาะสมุย,094 197 9450
CUST03570,บริษัท หจก.ตะละภัฏ จำกัด,ดวงจันทร์ หนุนสุข,อ้อมน้อย,040-426967
CUST03571,บริษัท หจก.เนื่องนนท์ จำกัด,ณัฐธิตา บุนยะศัพท์,พัทยา,021385287
CUST03572,บริษัท บริษัท ประจันตะเสน จำกัด จำกัด,ณัฐติญา เลิศกิ่ง,อ้อมน้อย,+66 (0) 4014 2672
CUST03573,บริษัท บริษัท ตรีเภรินทร์เซอร์วิส จำกัด จำกัด,อรุณี เช้าวันดี,ระยอง,+662 932 7936
CUST03574,บริษัท ห้างหุ้นส่วนจำกัด ถมังรักษสัตว์พืชผล จำกัด,เฉลิมพล ดิศดใน,นครราชสีมา,+662 981 8141
CUST03575,บริษัท ธนประทีปการช่าง จำกัด,ศุภกรชนา ถาวรายุศม์,ลำปาง,0865674549
CUST03576,บริษัท ตั้งเผ่าเทรดดิ้ง จำกัด,แปลง พีระเพ็ญกุล,อุดรธานี,+66 (0) 2256 6590
CUST03577,บริษัท บริษัท ธรรมฤดี จำกัด จำกัด,นาวีตา ตวันเยี่ยม,แม่สอด,071613316
CUST03578,บริษัท บริษัท แถมธนเอ็นจิเนียริ่ง จำกัด (มหาชน) จำกัด,ณัฐญาดา ถนอมกุลบุตร,พิษณุโลก,029-393046
CUST03579,บริษัท บริษัท ดาตู จำกัด จำกัด,กนกเนตร ถนัดพิมพการ,หาดใหญ่,044824450
CUST03580,บริษัท บริษัท บุตดาวิศวการ จำกัด จำกัด,ณัฐศักดิ์ ยาปะโลหิต,สมุทรสาคร,025 808499
CUST03581,บริษัท บริษัท ดวงทับทิมวิศวกรรม จำกัด จำกัด,อรจิรา ถาวรายุศม์,เกาะสมุย,0884016455
CUST03582,บริษัท มูลนิธิบุนยะศัพท์ จำกัด,ภูวิช นาคพันธุ์,สกลนคร,03 827 3940
CUST03583,บริษัท ถนัดการยนต์-นักสำหรวจ จำกัด,วัลยา งามพิเชษฐ์,ยะลา,0 882 454 217
CUST03584,บริษัท ห้างหุ้นส่วนจำกัด นาคสุทินและเพื่อน จำกัด,สุรวัช ถนัดภาษา,อุดรธานี,+66 (0) 5877 2163
CUST03585,บริษัท บริษัท เธียรายัน จำกัด,นัฐพล ธูปะวิโรจน์,หาดใหญ่,0-4376-3874
CUST03586,บริษัท หจก.ขุนดำ จำกัด,อัษฏา ทรัพย์ธำรงค์,ยะลา,+66 686 502 409
CUST03587,บริษัท บริษัท เธียรายัน จำกัด จำกัด,มาซีเตาะ นิลสลัว,เชียงราย,039 508736
CUST03588,บริษัท บริษัท ดีตพันธุ์และเพื่อน จำกัด (มหาชน) จำกัด,ธนภณ บัวเผื่อน,เชียงใหม่,+66 (0) 999 142 369
CUST03589,บริษัท บมจ.แจ้งสว่างคอนสตรัคชั่น จำกัด,สุไฮลัน เณรานุสนธิ์,พิษณุโลก,+663 727 4753
CUST03590,บริษัท บริษัท ธุวะนุติ์มอเตอร์ จำกัด (มหาชน) จำกัด,วรรณชนะชัย ทีฆะ,เชียงราย,049781825
CUST03591,บริษัท ห้างหุ้นส่วนสามัญ นรวิทย์โชติกุลการช่าง จำกัด,กุลภาวลัย วาทา,แม่สอด,02 556 0506
CUST03592,บริษัท เมืองสุขการบัญชี จำกัด,เจษฎากร นวลเพ็ง,เชียงราย,+66 (0) 5915 2457
CUST03593,บริษัท ชมรมธัญเสถียร จำกัด,ธีรลักษณ์ เธียรายัน,สกลนคร,+66 (0) 659 477 609
CUST03594,บริษัท สงประเสริฐ-ถาวรรัตน จำกัด,อาภัศรา ถาวรายุศม์,สกลนคร,022-356150
CUST03595,บริษัท ห้างหุ้นส่วนสามัญ อุลหัสสาเฟอร์นิเจอร์ จำกัด,สุรการณ์ ถนัดอักษร,นครราชสีมา,+66 647 205 956
CUST03596,บริษัท บริษัท นพคเชนทร์ จำกัด จำกัด,ธราวิทญ์ แนวพญา,แม่สอด,0-7395-2743
CUST03597,บริษัท บริษัท ศรีอุ่นวิศวกรรม จำกัด จำกัด,อภิลักษณ์ ธัญเสถียร,ระยอง,05 482 0114
CUST03598,บริษัท บริษัท เนื้อนุ่ม จำกัด จำกัด,อัญธิกา ศรีธนะเวทย์,เชียงราย,+66 5454 4514
CUST03599,บริษัท มูลนิธิทวนไชย์ จำกัด,พีรภัทร์ นครเทพ,รังสิต,+66 (0) 2890 5221
CUST03600,บริษัท ห้างหุ้นส่วนสามัญ เนตร์มณี จำกัด,อัญชัญ ตัณสถิตย์,นครศรีธรรมราช,+667 359 6520
CUST03601,บริษัท หนุนสุขและบุตร จำกัด,วรศาสส์ บุญส่ง,พัทยา,049 409396
CUST03602,บริษัท มูลนิธิแถมธน จำกัด,สุรนีย์ ขำเอนก,แหลมฉบัง,029-885689
CUST03603,บริษัท ชมรมภูภักดี จำกัด,บุญญามี บุนยะตีรณะ,นครปฐม,061 433 5062
CUST03604,บริษัท ทรงโกมล-ธรรมสถิตไพศาล จำกัด,สิริกานต์ เดชคุ้ม,นครปฐม,063 095 3925
CUST03605,บริษัท ธรรมฤดีและร่มธิติรัตน์ จำกัด,เถลิงยศ คณานุรักษ์,ปากเกร็ด,+663 320 2518
CUST03606,บริษัท หจก.ถ้วนศรีเทรดดิ้ง จำกัด,โกมล ด้วงโสน,รังสิต,+662 304 3608
CUST03607,บริษัท บริษัท ทุมะบุตร์ จำกัด จำกัด,สุรการณ์ สงประเสริฐ,อ้อมน้อย,037-189852
CUST03608,บริษัท บจก.ธนประทีปและเพื่อน จำกัด,สิริกานต์ อุลหัสสา,เชียงใหม่,04 878 7383
CUST03609,บริษัท นิยมเซียมและนิลสุวรรณ์ จำกัด,โชติวุฒิ ถนัดอักษร,พิษณุโลก,+66 690 827 817
CUST03610,บริษัท ห้างหุ้นส่วนจำกัด ศรีตะวัน จำกัด,อัญพัชร์ วุฑฒยากร,หาดใหญ่,0 958 112 098
CUST03611,บริษัท บริษัท ดีตพันธุ์และบุตร จำกัด จำกัด,ปิยบุตร ตรีเภรินทร์,ลำปาง,024657507
CUST03612,บริษัท ห้างหุ้นส่วนจำกัด เมืองสุข จำกัด,กิติกานต์ พรรษาสกุล,ปากเกร็ด,0-5671-1741
CUST03613,บริษัท บริษัท นาคะนครซัพพลาย จำกัด จำกัด,เพ็ญพรรษา ตัณสถิตย์,เชียงราย,0 3737 7358
CUST03614,บริษัท นรวิทย์โชติกุลกรุ๊ป จำกัด,สิริกานต์ ธนรักษ์,อ้อมน้อย,+66 (0) 830 005 133
CUST03615,บริษัท บริษัท ถนอมกุลบุตรวิศวการ จำกัด จำกัด,ปิยะนันท์ ทองสุกเลิศ,พระนครศรีอยุธยา,+66 (0) 2265 5169
CUST03616,บริษัท บริษัท น้ำทิพย์ จำกัด จำกัด,ธัชญา ร่มธิติรัตน์,อ้อมน้อย,+66 3872 3186
CUST03617,บริษัท บมจ.พรมอ่อนอะไหล่ยนต์ จำกัด,เทียมศักดิ์ หิรัญสาลี,แหลมฉบัง,0 685 297 944
CUST03618,บริษัท ชมรมบินดี จำกัด,ดวงสมร ทับทิมไทย,ลำปาง,+66 (0) 7105 9287
CUST03619,บริษัท บริษัท ไทไชโยเทรดดิ้ง จำกัด จำกัด,สิริ ไทไชโย,สงขลา,087 841 5742
CUST03620,บริษัท บริษัท ดาบเงิน จำกัด (มหาชน) จำกัด,เอกวิทย์ โพธิสัตย์,นครศรีธรรมราช,067 288 8729
CUST03621,บริษัท สหภาพแรงงานถนัดพิมพการ จำกัด,วิชา ดวงทับทิม,รังสิต,+66 648 070 180
CUST03622,บริษัท บริษัท ศิวะวรเวท จำกัด จำกัด,วรรณกร ติระคมน์,นครราชสีมา,035 108965
CUST03623,บริษัท บริษัท นาคะนคร จำกัด จำกัด,ธีราทัต ดิศดใน,อ้อมน้อย,+66 (0) 4641 6889
CUST03624,บริษัท บจก.ฉัพพรรณธนกูรยานยนต์ จำกัด,พิมพ์พิชญา งามพิเชษฐ์,ภูเก็ต,+66 (0) 941 106 742
CUST03625,บริษัท บมจ.นวลเพ็งคอมมิวนิเคชั่น จำกัด,สุรการณ์ นิษประปัญจ์,เชียงใหม่,+66 976 051 272
CUST03626,บริษัท หจก.ตัณฑนุชอะไหล่ยนต์ จำกัด,ประเสริฐ ทศโยธิน,นครสวรรค์,070-432672
CUST03627,บริษัท สมาคมถนิมมาศ จำกัด,ทิพรดา วาทา,สุราษฎร์ธานี,0-2329-0564
CUST03628,บริษัท จ้อยนุแสง-แถมธน จำกัด,ตอฮา นักรบ,สมุทรปราการ,+66 (0) 5405 0199
CUST03629,บริษัท ห้างหุ้นส่วนสามัญ ฉายแสง จำกัด,สุพัตร สังข์กรด,เชียงใหม่,+66 2208 3529
CUST03630,บริษัท ห้างหุ้นส่วนจำกัด ธัญาโภชน์แลบ จำกัด,ธีรวุฒิ สุวรรณหงษ์,ปากเกร็ด,0-7343-9221
CUST03631,บริษัท ห้างหุ้นส่วนจำกัด ทศโยธินวิศวการ จำกัด,พุทธิพงษ์ เลขะพันธุ์,เจ้าพระยาสุรศักดิ์,+662 085 5011
CUST03632,บริษัท ห้างหุ้นส่วนสามัญ เจริญรัมย์อินเตอร์เนชั่นแนล จำกัด,ชิดชนก พรมอ่อน,นครราชสีมา,051506036
CUST03633,บริษัท บริษัท นุตตาร จำกัด จำกัด,ดวงจันทร์ ตระกูลไม้เรียง,เชียงใหม่,+66 (0) 3346 7326
CUST03634,บริษัท ถนอมพลและไตรบรรพ จำกัด,มลิวรรณ ทวนทอง,ขอนแก่น,+663 417 2256
CUST03635,บริษัท ชมรมน้ำทิพย์ จำกัด,ธารา วะคีมัน,ยะลา,039 592850
CUST03636,บริษัท หจก.ขุนดำ จำกัด,มาซีเตาะ ตรีครุธพันธุ์,นครศรีธรรมราช,+66 910 661 911
CUST03637,บริษัท บริษัท ซูสารอ จำกัด (มหาชน) จำกัด,นัสรุน เขียวอ่อน,อุบลราชธานี,0845198844
CUST03638,บริษัท ห้างหุ้นส่วนจำกัด ตั้งกุลงาม จำกัด,สราญจิตต์ ศรีวงค์,อุดรธานี,0-4727-8351
CUST03639,บริษัท บจก.ติณรัตน์แลบ จำกัด,นันทวุฒิ เนื้อนุ่ม,สกลนคร,085-520-5664
CUST03640,บริษัท บมจ.ฉิมพาลี จำกัด,ลักษมี ยาปะโลหิต,ระยอง,0-3146-2393
CUST03641,บริษัท ทวนทองแพคกิ้ง จำกัด,คำปลิว นิยมสำหรวจ,สงขลา,041280660
CUST03642,บริษัท ถ้วนศรีเอนเตอรไพรส์ จำกัด,หลี ถิรสวัสดิ์,สมุทรปราการ,075906077
CUST03643,บริษัท น้ำทิพย์ยานยนต์ จำกัด,ธนวันต์ ธาราธร,สกลนคร,+66 (0) 4523 2149
CUST03644,บริษัท ห้างหุ้นส่วนจำกัด ธูปหอม จำกัด,ธราวิทญ์ ซูสารอ,ขอนแก่น,+66 (0) 5807 2320
CUST03645,บริษัท สังข์กรดกรุ๊ป จำกัด,รวิวาน ธรรมทินนา,ระยอง,033-709430
CUST03646,บริษัท บริษัท นะวะมันดร จำกัด จำกัด,เกียรติศักดิ์ ธรรมเมธา,ภูเก็ต,+662 357 6717
CUST03647,บริษัท บริษัท ดาบเพ็ชร์บรรจุภัณฑ์ จำกัด จำกัด,หลักทรัพย์ ถาวระวรณ์,พัทยา,+66 972 999 139
CUST03648,บริษัท บริษัท นฤภัย จำกัด จำกัด,มัตติกา ถมปัด,แม่สอด,+66 (0) 891 844 818
CUST03649,บริษัท ห้างหุ้นส่วนสามัญ ทศโยธินแพคกิ้ง จำกัด,พรปราณี ขันธุลา,ระยอง,+66 (0) 3708 2522
CUST03650,บริษัท บริษัท นิยมเซียม จำกัด จำกัด,ณภัทร บุญศล,สมุทรสาคร,+665 208 0666
CUST03651,บริษัท บริษัท สาระพันธ์ขนส่ง จำกัด (มหาชน) จำกัด,อรุณี ถนัดอักษร,อุบลราชธานี,+66 (0) 803 766 737
CUST03652,บริษัท บริษัท ทวนทอง จำกัด จำกัด,ยนงคราญ ทหารแท้,รังสิต,+662 075 9422
CUST03653,บริษัท บริษัท ดิสกะประกาย จำกัด จำกัด,ญาณพันธุ์ ฉายแสง,รังสิต,+66 (0) 5881 6279
CUST03654,บริษัท บริษัท ดีตพันธุ์สโตร์ จำกัด จำกัด,ประไพพักตร์ เตชะกำพุ,เชียงใหม่,053-746058
CUST03655,บริษัท คำลือ-ชำนาญวาด จำกัด,พชรภรณ์ นวลฉวี,แหลมฉบัง,0 4807 2782
CUST03656,บริษัท ห้างหุ้นส่วนจำกัด ถะเกิงชศกรุ๊ป จำกัด,มลิวรรณ ศรีสัตย์,สมุทรปราการ,+66 804 874 532
CUST03657,บริษัท บริษัท นครเทพพืชผล จำกัด จำกัด,วัลยา ทุมะบุตร์,อุดรธานี,+66 2505 3229
CUST03658,บริษัท ทศโยธิน-ไทยสุชาต จำกัด,หฤทัย ตันตราจิณ,สุราษฎร์ธานี,+66 961 651 621
CUST03659,บริษัท บริษัท บัวเผื่อนเทรดดิ้ง จำกัด จำกัด,ศุภนุนาย ทันยุค,พระนครศรีอยุธยา,+66 (0) 3825 4846
CUST03660,บริษัท บริษัท นิยมธรรม จำกัด จำกัด,มะลีวัลย์ พรมอ่อน,เชียงใหม่,0 2836 4021
CUST03661,บริษัท ดาบเพ็ชร์-นุชแนวนุ่ม จำกัด,วรินทธิ์ธร ตั้งกุลงาม,ขอนแก่น,075 797998
CUST03662,บริษัท หจก.สังข์กรดยานยนต์ จำกัด,คำ อัตตนาถ,กรุงเทพมหานคร,+66 (0) 663 908 711
CUST03663,บริษัท ตะละภัฏ-ถนัดอักษร จำกัด,นันทวุฒิ ไชยภา,นครสวรรค์,0 612 382 088
CUST03664,บริษัท บริษัท ดีตพันธุ์ จำกัด จำกัด,ทิพรดา บุญศล,รังสิต,+66 5126 7005
CUST03665,บริษัท หจก.ธนูปกรณ์พานิช จำกัด,คมสัน ทองสุกเลิศ,เชียงราย,+66 618 134 317
CUST03666,บริษัท บริษัท ถาวรายุศม์ จำกัด (มหาชน) จำกัด,หลี นากกนก,เกาะสมุย,04 833 0103
CUST03667,บริษัท ตันเผ่าพืชผล จำกัด,สุธินันท์ เนื่องนนท์,ยะลา,046228964
CUST03668,บริษัท บริษัท บุนยาภิสนท์และเพื่อน จำกัด จำกัด,ธนกิตต์ ถนอมมนุษย์,พัทยา,0 674 705 964
CUST03669,บริษัท ห้างหุ้นส่วนจำกัด ถนัดรบ จำกัด,สหัสมณี จ้อยนุแสง,สมุทรสาคร,0-4882-5014
CUST03670,บริษัท หจก.ทองประดิฐ จำกัด,ภูวรา ถนอมมนุษย์,อุดรธานี,0 4685 6772
CUST03671,บริษัท ห้างหุ้นส่วนสามัญ ทศโยธินบริการ จำกัด,วาสุเทพ ยะผา,แหลมฉบัง,0 814 424 384
CUST03672,บริษัท บริษัท นาควงษ์ จำกัด จำกัด,สุภาลินี ตันยา,อุบลราชธานี,051 740603
CUST03673,บริษัท อุลหัสสาและนาฏคายี จำกัด,ยศวัฒน์ นิลเสนา,แหลมฉบัง,+66 (0) 7781 2105
CUST03674,บริษัท บริษัท ทองแท้ จำกัด จำกัด,วรปรัชญ์ อุ่นอก,ตรัง,+66 2027 7749
CUST03675,บริษัท บจก.ทับทิมไทย จำกัด,ฮามีย๊ะ พรรษาสกุล,พัทยา,07 920 4923
CUST03676,บริษัท บริษัท ดาวกระจายกรุ๊ป จำกัด จำกัด,ธนกิตต์ ดิสกะประกาย,ปากเกร็ด,041135138
CUST03677,บริษัท มูลนิธิเช้าวันดี จำกัด,ฐิติกุล ทวีเดช,อุดรธานี,+66 959 874 192
CUST03678,บริษัท ทองปากน้ำและนิลเสนา จำกัด,กิติชัย นวลฉวี,กรุงเทพมหานคร,04 232 0831
CUST03679,บริษัท เขียวขุ้ยเฟอร์นิเจอร์ จำกัด,สุปรานี เลิศกิ่ง,นครศรีธรรมราช,035691473
CUST03680,บริษัท บริษัท นุ่มกันเอ็นจิเนียริ่ง จำกัด จำกัด,นันทวรรณ ธูปะวิโรจน์,นนทบุรี,04 332 9858
CUST03681,บริษัท นิลวรรณ-วะคีมัน จำกัด,อริสรา บุณยะภาชน์,เกาะสมุย,0 663 910 167
CUST03682,บริษัท ธนาคารถมปัด จำกัด,อเนชา บุนยะศัพท์,ยะลา,0-4401-1752
CUST03683,บริษัท บริษัท ฉายแสงซัพพลาย จำกัด จำกัด,คำมั่น นิติสาขา,ขอนแก่น,049-603968
CUST03684,บริษัท บริษัท ด้วงโสน จำกัด จำกัด,ทานตะวัน ธุวะนุติ์,ภูเก็ต,0 613 987 636
CUST03685,บริษัท บริษัท ถนัดรบสโตร์ จำกัด จำกัด,นพวรรณ นิยมเซียม,แม่สอด,05 004 6620
CUST03686,บริษัท นาคพันธุ์ยานยนต์ จำกัด,กิติยาธรณ์ ถุงเงิน,สุราษฎร์ธานี,0 938 053 285
CUST03687,บริษัท บริษัท เตชะกำพุ จำกัด จำกัด,บุญเอก กุมารบุญ,ยะลา,+662 531 5713
CUST03688,บริษัท บมจ.ยางสวยการบัญชี จำกัด,อณาวิน ทำประดู่,ปากเกร็ด,05 668 8784
CUST03689,บริษัท บริษัท ปรีชากุลเศรษฐ์ จำกัด จำกัด,ปวีณ ทำประดู่,ลำปาง,05 267 5419
CUST03690,บริษัท นาคะนครพืชผล จำกัด,ณัฐญาดา เช้าวันดี,สกลนคร,0-3476-1552
CUST03691,บริษัท นิยมเซียมจิวเวลรี่ จำกัด,เบญญาทิพย์ ซาซุม,ยะลา,079-304696
CUST03692,บริษัท บริษัท ปานสุวรรณสโตร์ จำกัด จำกัด,ผกาทิพย์ ดิศดใน,นครสวรรค์,090 559 1993
CUST03693,บริษัท จ้อยนุแสงกรุ๊ป จำกัด,นรีกานต์ ทศโยธิน,สุราษฎร์ธานี,091 254 4080
CUST03694,บริษัท บริษัท แก้วอยู่เซอร์วิส จำกัด จำกัด,ราณี ถนัดภาษา,หาดใหญ่,0 4171 8561
CUST03695,บริษัท ห้างหุ้นส่วนจำกัด ทองสุกเลิศภาพยนตร์ จำกัด,วรศาสส์ ติณรัตน์,ภูเก็ต,+66 (0) 975 550 010
CUST03696,บริษัท ห้างหุ้นส่วนจำกัด ด้วงโสน จำกัด,นัฐพล ถนัดอาวุธ,ตรัง,+665 955 7644
CUST03697,บริษัท สหภาพแรงงานเวียงจันทึก จำกัด,ลักษมี ด้วงโสน,นนทบุรี,074049705
CUST03698,บริษัท ห้างหุ้นส่วนสามัญ ศรีตะวัน จำกัด,นนทกาญจน์ ขุนดำ,ตรัง,038-570229
CUST03699,บริษัท ศรีตะวันอุตสาหกรรม จำกัด,ชัญญานุนาย บุตราช,นนทบุรี,076-904879
CUST03700,บริษัท บริษัท พรรษาสกุล จำกัด จำกัด,เกียรติศักดิ์ ดีตพันธุ์,สมุทรปราการ,040912082
CUST03701,บริษัท บจก.ตันยา จำกัด,มูฮัมหมัดอิมรอน นวลเพ็ง,นครศรีธรรมราช,059-370696
CUST03702,บริษัท สมาคมนครเทพ จำกัด,สุทธิพจน์ ถมปัด,สุราษฎร์ธานี,088-333-3150
CUST03703,บริษัท ทองเนื้อดีบรรจุภัณฑ์ จำกัด,ธมน บุนยะตีรณะ,เจ้าพระยาสุรศักดิ์,+66 (0) 3918 3961
CUST03704,บริษัท บริษัท บุนยะตีรณะวิศวกรรม จำกัด จำกัด,ณัฐธภรณ์ นิลวรรณ,นนทบุรี,0 618 425 626
CUST03705,บริษัท บมจ.ถนิมมาศ จำกัด,กิติกานต์ นิลวิมล,ขอนแก่น,+66 7934 0996
CUST03706,บริษัท ห้างหุ้นส่วนจำกัด บัวเผื่อน จำกัด,วรนาฎ พงศ์ฉบับนภา,แม่สอด,041-230175
CUST03707,บริษัท หจก.สงประเสริฐวิศวการ จำกัด,นันทวรรณ ทองสีไพล,ขอนแก่น,024491929
CUST03708,บริษัท บริษัทหลักทรัพย์ ทองสุกเลิศ จำกัด จำกัด,ปวีณ อุ่นอก,เชียงราย,085-842-6742
CUST03709,บริษัท หจก.ตั้งกุลงาม จำกัด,สุรนีย์ ดุริยพันธุ์,สงขลา,+66 897 549 610
CUST03710,บริษัท ไทนิยมกรุ๊ป จำกัด,เอนกพงศ์ เธียรายัน,นครสวรรค์,+66 (0) 7694 8375
CUST03711,บริษัท สมาคมเณรานุสนธิ์ จำกัด,ฮาฟิต ยาปะโลหิต,อุดรธานี,030372764
CUST03712,บริษัท บริษัท ตันเผ่า จำกัด จำกัด,พันธุ์เทพ ทองประดิฐ,ยะลา,098 992 0242
CUST03713,บริษัท ห้างหุ้นส่วนจำกัด ทวนทอง จำกัด,อณัฐตา นฤภัย,สมุทรปราการ,+66 (0) 2141 0453
CUST03714,บริษัท ชมรมทำประดู่ จำกัด,บุญญกัลป์ แนวพนิช,เชียงราย,+66 5259 8037
CUST03715,บริษัท บริษัท นุชแนวนุ่มการช่าง จำกัด จำกัด,บุญเกิด ดาตู,แหลมฉบัง,+66 (0) 3227 5502
CUST03716,บริษัท ห้างหุ้นส่วนจำกัด ถนัดรบเอ็นจิเนียริ่ง จำกัด,สิริกานต์ นาคพันธุ์,ลำปาง,+663 906 8400
CUST03717,บริษัท มูลนิธิถนัดกลึง จำกัด,สุรวัช ศรีสัตย์,สุราษฎร์ธานี,+662 363 5915
CUST03718,บริษัท ธรรมนิยม-ธรรมฤดี จำกัด,อริสรา แนวพญา,สุราษฎร์ธานี,058902636
CUST03719,บริษัท มนทองซัพพลาย จำกัด,ผกาทิพย์ เขียวขุ้ย,สุราษฎร์ธานี,072446805
CUST03720,บริษัท ห้างหุ้นส่วนจำกัด เลิศกิ่งอิมปอร์ตเอ็กซปอร์ต จำกัด,ศศิธร ดีตพันธุ์,อุดรธานี,053 494432
CUST03721,บริษัท บริษัท บุญญาภิรมย์ จำกัด จำกัด,ศศิธร ทหารแท้,แหลมฉบัง,+663 377 7207
CUST03722,บริษัท บริษัท ตันตราจิณ จำกัด จำกัด,มัตติกา ธนประทีป,สมุทรปราการ,0665756880
CUST03723,บริษัท บริษัท ทัศนสุทธิ จำกัด จำกัด,ชรินทร์ทิพย์ ขำเอนก,อุบลราชธานี,067-616-0328
CUST03724,บริษัท บริษัท ซาซุม จำกัด จำกัด,สุปรานี ศรีตะวัน,ลำปาง,0 617 523 142
CUST03725,บริษัท ห้างหุ้นส่วนสามัญ ทองสุกเลิศ จำกัด,จิณภัทตา ถาวระวรณ์,นครปฐม,035 905285
CUST03726,บริษัท บริษัท นาควงษ์คอมพิวเตอร์ จำกัด จำกัด,สมใจ ถาวรรัตน,ลำปาง,+66 (0) 961 766 655
CUST03727,บริษัท บริษัท เณรานุสนธิ์และบุตร จำกัด จำกัด,อธิตยา หนุนสุข,เชียงใหม่,+66 7295 5975
CUST03728,บริษัท มูลนิธิผลบุญ จำกัด,ปัณณวัชร หอมพิกุล,สงขลา,021-126344
CUST03729,บริษัท ห้างหุ้นส่วนสามัญ ทองอยู่และบุตร จำกัด,ทัตธน ถนอมพล,ระยอง,0 800 613 655
CUST03730,บริษัท สมาคมแนวพนิช จำกัด,บุญพา ถาวรายุศม์,นครปฐม,05 013 5123
CUST03731,บริษัท บริษัท นิลเสนาขนส่ง จำกัด จำกัด,พรรณปพร ถนิมมาศ,สกลนคร,07 710 3187
CUST03732,บริษัท บริษัท ตรีครุธพันธุ์ จำกัด จำกัด,พรเบญญา สาระพันธ์,แม่สอด,+66 (0) 4820 7681
CUST03733,บริษัท นิยมเซียมคอมพิวเตอร์ จำกัด,ปิยนุช หอมสิน,สุราษฎร์ธานี,060 512 9574
CUST03734,บริษัท หจก.นิษประปัญจ์เอนเตอรไพรส์ จำกัด,กะดิรัตน์ ศรทอง,นครปฐม,0874642190
CUST03735,บริษัท นักรบ-ดิสกะประกาย จำกัด,รวิวาน นิษประปัญจ์,สกลนคร,035547832
CUST03736,บริษัท ห้างหุ้นส่วนสามัญ ถนัดอักษร จำกัด,ทินวัฒน์ ศรีสัตย์,ขอนแก่น,036 796501
CUST03737,บริษัท พรสีมาอิมปอร์ตเอ็กซปอร์ต จำกัด,สรายุทธ นิษประปัญจ์,รังสิต,086-761-0770
CUST03738,บริษัท สมาคมธัญเสถียร จำกัด,นพรัตน์ ฉัตรอภิเที่ยงค่ำ,แหลมฉบัง,+66 (0) 3509 7271
CUST03739,บริษัท หจก.ทุมะบุตร์เฟอร์นิเจอร์ จำกัด,ธัญญกัญญา แก้วชลคราม,ยะลา,046 553603
CUST03740,บริษัท นะวะมันดร-อัตตนาถ จำกัด,เรืองเกียรติ ตั้งเผ่า,กรุงเทพมหานคร,+66 (0) 696 152 869
CUST03741,บริษัท บริษัท นุชแนวนุ่ม จำกัด จำกัด,นาวีตา ถนอมมนุษย์,นครราชสีมา,+665 695 9922
CUST03742,บริษัท นฤภัยและนิระหานี จำกัด,เอนกพงศ์ แหยมศิริ,พัทยา,021899852
CUST03743,บริษัท ห้างหุ้นส่วนสามัญ แต้กุล จำกัด,ดวงพร น้ำทิพย์,เชียงใหม่,07 105 8933
CUST03744,บริษัท บริษัท วิลาสินี จำกัด จำกัด,รักชนก ถนอมมนุษย์,ตรัง,+664 562 5520
CUST03745,บริษัท บริษัท ซูสารอเซอร์วิส จำกัด จำกัด,พีรพัฒน์ วะคีมัน,เกาะสมุย,0-5258-8483
CUST03746,บริษัท บริษัท เลิศกิ่ง จำกัด จำกัด,สุไฮลัน ทองประดิฐ,เชียงราย,036-814645
CUST03747,บริษัท ถนัดการยนต์และคณานุรักษ์ จำกัด,สุภาพร วุฑฒยากร,เชียงราย,+662 324 6244
CUST03748,บริษัท หจก.วิลาสินีบรรจุภัณฑ์ จำกัด,อาภัศรา พีระเพ็ญกุล,ระยอง,045258993
CUST03749,บริษัท ห้างหุ้นส่วนจำกัด สงประเสริฐอุตสาหกรรม จำกัด,สันชัย ไทยแท้,ปากเกร็ด,045-713935
CUST03750,บริษัท หจก.ปานสุวรรณอิมปอร์ตเอ็กซปอร์ต จำกัด,ตรีนุช ทองเนื้อดี,รังสิต,+66 3204 9684
CUST03751,บริษัท หจก.นาฏคายี จำกัด,ซูไรดา พงศ์ฉบับนภา,พระนครศรีอยุธยา,+66 (0) 5680 5292
CUST03752,บริษัท หจก.มนทองบรรจุภัณฑ์ จำกัด,พุทธ บุญญาภิรมย์,เชียงใหม่,+66 (0) 3507 0865
CUST03753,บริษัท บริษัท ธรรมทินนา จำกัด จำกัด,ณภัทร ชุมวระ,ตรัง,03 007 1573
CUST03754,บริษัท ห้างหุ้นส่วนสามัญ นำธวัช จำกัด,ผดุงพล ถาวระวรณ์,สมุทรสาคร,084-307-3977
CUST03755,บริษัท หจก.เขียวอ่อน จำกัด,จิรวิทย์ ไทยแท้,นครสวรรค์,0-7944-5774
CUST03756,บริษัท หจก.เณรานุสนธิ์บรรจุภัณฑ์ จำกัด,แกมแพร ดิศดใน,เชียงใหม่,058343799
CUST03757,บริษัท ธนาคารถาวรรัตนพานิช จำกัด จำกัด,กิติชัย ดาวอร่าม,สมุทรสาคร,+66 3650 8000
CUST03758,บริษัท บริษัท นวลฉวี จำกัด (มหาชน) จำกัด,สมพิศ เนตร์มณี,เชียงราย,+66 804 206 661
CUST03759,บริษัท แหยมศิริและบุตร จำกัด,ยอดแมน บินดี,ภูเก็ต,041-319946
CUST03760,บริษัท ตราชู-ถนัดการยนต์ จำกัด,รอซีด๊ะ ธีวร,สงขลา,+66 (0) 4805 4690
CUST03761,บริษัท เดชคุ้มวิศวกรรม จำกัด,บุญเอก ธรรมเมธา,นครศรีธรรมราช,0 900 479 193
CUST03762,บริษัท นาคสุทินอุตสาหกรรม จำกัด,อธิตยา แก้วชลคราม,อุดรธานี,0 3697 0291
CUST03763,บริษัท บริษัท ธรรมนิยมเฟอนิชชิ่ง จำกัด จำกัด,ศิรินันท์ ไม้แดง,อุดรธานี,0 698 846 864
CUST03764,บริษัท บริษัท ยะผา จำกัด จำกัด,ยุลิน ภูภักดี,สมุทรสาคร,043-267548
CUST03765,บริษัท ห้างหุ้นส่วนจำกัด น้ำทิพย์เทรดดิ้ง จำกัด,เขียว ตัณฑนุช,นนทบุรี,+66 (0) 5173 5959
CUST03766,บริษัท บริษัท ศรีอุ่น จำกัด (มหาชน) จำกัด,กิ่งแก้ว ไทยสุชาต,ปากเกร็ด,048-717422
CUST03767,บริษัท ห้างหุ้นส่วนจำกัด เวียงจันทึกก่อสร้าง จำกัด,สรรเพชญ์ ไทยแท้,แม่สอด,+66 7420 4152
CUST03768,บริษัท กุมารบุญและแก้วชลคราม จำกัด,ชลิดา ตรีเภรินทร์,ภูเก็ต,071 248179
CUST03769,บริษัท บริษัท ตันยาและบุตร จำกัด จำกัด,ฟิรยา เณรานุสนธิ์,กรุงเทพมหานคร,0-2333-2647
CUST03770,บริษัท บริษัท พรรษาสกุลแลบ จำกัด (มหาชน) จำกัด,ธีร์ธวันาย นุ่มกัน,นครศรีธรรมราช,0 834 036 752
CUST03771,บริษัท บริษัท ดัตพันธุ์อุตสาหกรรม จำกัด จำกัด,ทินวัฒน์ ทรัพย์ธำรงค์,ตรัง,+66 915 018 832
CUST03772,บริษัท ห้างหุ้นส่วนสามัญ ถุงเงิน จำกัด,วิรชัย ผลบุญ,เชียงใหม่,0-5260-0404
CUST03773,บริษัท บริษัท ดุษฎีวนิช จำกัด จำกัด,พัสวี เณรานุสนธิ์,พิษณุโลก,+66 699 565 881
CUST03774,บริษัท ห้างหุ้นส่วนจำกัด ยางสวยอิมปอร์ตเอ็กซปอร์ต จำกัด,ภูวรา ธรรมทินนา,ขอนแก่น,+66 (0) 2155 1274
CUST03775,บริษัท บริษัท เขียวขุ้ย จำกัด (มหาชน) จำกัด,พันเกล้า พรสีมา,อุบลราชธานี,+66 (0) 7029 9923
CUST03776,บริษัท หจก.โพธิสัตย์ จำกัด,อาซือมะ ติระคมน์,นครสวรรค์,0 7824 4085
CUST03777,บริษัท บริษัท กุมารบุญเซอร์วิส จำกัด จำกัด,โรสชา ตวงทอง,หาดใหญ่,026-620429
CUST03778,บริษัท บจก.คณานุรักษ์ จำกัด,ยูซุฟ ศรีเผด็จ,พัทยา,045 414218
CUST03779,บริษัท หจก.แน่นดุจป้อมเอเยนซี จำกัด,ทองสิริ นพคเชนทร์,พระนครศรีอยุธยา,070-284200
CUST03780,บริษัท บริษัท นาคะนครมอเตอร์ จำกัด จำกัด,เนติลักษณ์ ปานสุวรรณ,พิษณุโลก,+66 (0) 7818 4372
CUST03781,บริษัท บริษัท ตันยา จำกัด จำกัด,นพรัตน์ นิลเสนา,นครราชสีมา,067 591 5158
CUST03782,บริษัท สหภาพแรงงานงามพิเชษฐ์ จำกัด,อาแอเสาะ บุนยาภิสนท์,สุราษฎร์ธานี,+66 933 728 717
CUST03783,บริษัท พรสีมาแอนด์ซันส์ จำกัด,เทียมศักดิ์ ไม้แดง,นครปฐม,+66 (0) 816 637 339
CUST03784,บริษัท ห้างหุ้นส่วนจำกัด เจริญรัมย์ จำกัด,พิมพ์สุดา ศรีอุ่น,เชียงราย,+66 7938 8300
CUST03785,บริษัท ชมรมศาสตร์ศิลป์ จำกัด,อำพร นานายน,พิษณุโลก,053659597
CUST03786,บริษัท บริษัท ศรีวงค์ จำกัด จำกัด,ฐิติวุฒิ นิยมธรรม,ลำปาง,034307627
CUST03787,บริษัท หจก.แน่นดุจป้อม จำกัด,มะสูเกียน นุชแนวนุ่ม,ลำปาง,+662 784 1712
CUST03788,บริษัท ศรีสัตย์ยานยนต์ จำกัด,นัฐพล ไตรบรรพ,นครปฐม,+664 531 0415
CUST03789,บริษัท คณานุรักษ์มอเตอร์ จำกัด,ใกล้รุ่ง ดาบเพ็ชร์,ภูเก็ต,0 681 329 106
CUST03790,บริษัท บริษัท ดุริยพันธุ์สโตร์ จำกัด (มหาชน) จำกัด,วิสาร สังข์กรด,พระนครศรีอยุธยา,02 074 3070
CUST03791,บริษัท ธนาคารทวีเดช จำกัด จำกัด,เยาวรัตน์ นับเนื่องนอ,สมุทรปราการ,0 2940 2287
CUST03792,บริษัท ทันยุค-ทรัพย์ธำรงค์ จำกัด,อภิลักษณ์ นวลฉวี,ตรัง,0 658 871 813
CUST03793,บริษัท บริษัท ธรรมฤดี จำกัด (มหาชน) จำกัด,กิติยาธรณ์ ธรรมฤดี,ภูเก็ต,0 3072 1904
CUST03794,บริษัท ชมรมทีฆะ จำกัด,ปิยวัจน์ ตรีเภรินทร์,เกาะสมุย,055-093781
CUST03795,บริษัท บริษัท ธาราธรเอ็นจิเนียริ่ง จำกัด จำกัด,รังสินี พรรษาสกุล,อุดรธานี,060 290 6648
CUST03796,บริษัท บริษัท ศรีธนะเวทย์และเพื่อน จำกัด จำกัด,เจษฎากร ธนประทีป,สมุทรปราการ,0-2137-7739
CUST03797,บริษัท สมาคมนาคะนคร จำกัด,ปัญญาพร นฤทุกข์,พัทยา,02 674 4959
CUST03798,บริษัท ห้างหุ้นส่วนจำกัด ทวนทอง จำกัด,มะสูเกียน จันทา,กรุงเทพมหานคร,030-786170
CUST03799,บริษัท นิลวิมลและไสยกิจ จำกัด,มะลีวัลย์ ศาสตร์ศิลป์,นครศรีธรรมราช,+66 (0) 861 934 397
CUST03800,บริษัท ห้างหุ้นส่วนจำกัด นับเนื่องนอยานยนต์ จำกัด,ภานุวัตร แต้กุล,นครปฐม,046272181
CUST03801,บริษัท สมาคมเดชคุ้ม จำกัด,รังสินี เจริญรัมย์,ปากเกร็ด,+662 361 4477
CUST03802,บริษัท ห้างหุ้นส่วนจำกัด ถนัดรบ จำกัด,ธาเอก นามเสวตร,หาดใหญ่,+664 757 8103
CUST03803,บริษัท บริษัท ศรีวงค์ จำกัด จำกัด,จิณภัทตา นามขำ,ลำปาง,+66 (0) 7682 9487
CUST03804,บริษัท บริษัท ตรีครุธพันธุ์ จำกัด จำกัด,นวรรษนันท์ ดุษฎีวนิช,ตรัง,07 414 5271
CUST03805,บริษัท บริษัท แต้กุล จำกัด จำกัด,อเนชา นักรบ,สุราษฎร์ธานี,040226584
CUST03806,บริษัท บริษัท ธูปะวิโรจน์ จำกัด จำกัด,ปัณณวัชร ถนัดภาษา,เชียงใหม่,061 525 3663
CUST03807,บริษัท ห้างหุ้นส่วนจำกัด เลิศกิ่งแลบ จำกัด,ดวงพร ถนิมมาศ,ปากเกร็ด,022-154244
CUST03808,บริษัท ห้างหุ้นส่วนจำกัด กุมารบุญ จำกัด,กิ่งแก้ว ทัศนสุทธิ,รังสิต,+66 4102 4153
CUST03809,บริษัท ชมรมตัณฑนุช จำกัด,ฮามีย๊ะ น้ำทิพย์,ยะลา,0879895477
CUST03810,บริษัท บริษัท ถาวรายุศม์ จำกัด (มหาชน) จำกัด,นาย ตราชู,นครราชสีมา,068 425 5302
CUST03811,บริษัท ชมรมเตชะกำพุ จำกัด,ลักษมี บุญญาภิรมย์,สมุทรปราการ,+665 756 8734
CUST03812,บริษัท ห้างหุ้นส่วนจำกัด พีระเพ็ญกุล จำกัด,นันทวรรณ ทรัพย์สาร,สุราษฎร์ธานี,0 4960 4781
CUST03813,บริษัท ร่มธิติรัตน์สโตร์ จำกัด,ซุกรี นาคสุทิน,สมุทรสาคร,0 654 995 373
CUST03814,บริษัท บริษัท ชุมวระวิศวกรรม จำกัด จำกัด,อับดุลเลาะห์ ทองประดิฐ,แม่สอด,0 865 287 206
CUST03815,บริษัท มูลนิธิสุวรรณหงษ์ จำกัด,อาฮามัด ติณรัตน์,รังสิต,0 3343 4950
CUST03816,บริษัท บริษัท เดชวา จำกัด จำกัด,ภูวัน นวลฉวี,ปากเกร็ด,+66 (0) 5285 3747
CUST03817,บริษัท ห้างหุ้นส่วนจำกัด ธัญเสถียรแอนด์ซันส์ จำกัด,มณียา ถนัดอักษร,นครปฐม,+66 4787 7625
CUST03818,บริษัท ตันตราจิณยานยนต์ จำกัด,จิฬาภรณ์ สงประเสริฐ,ตรัง,+66 3948 0528
CUST03819,บริษัท หจก.หิรัญสาลีซัพพลาย จำกัด,สมใจ นุ่มกัน,พิษณุโลก,0-7537-6046
CUST03820,บริษัท บริษัท ตั้งกุลงามคอนสตรัคชั่น จำกัด จำกัด,เอกชัย ดาตู,นครศรีธรรมราช,0 3966 5296
CUST03821,บริษัท มูลนิธิเลขะพันธุ์ จำกัด,วีระโชติ แนวพญา,นนทบุรี,079 089871
CUST03822,บริษัท ห้างหุ้นส่วนจำกัด นฤทุกข์ จำกัด,นันทิกานต์ ถนอมมนุษย์,เชียงราย,+66 (0) 5577 2531
CUST03823,บริษัท ศรทองอุตสาหกรรม จำกัด,ศุภนุนาย บุญญาไลย์,พัทยา,+66 950 175 758
CUST03824,บริษัท ห้างหุ้นส่วนสามัญ ศรีเผด็จเซอร์วิส จำกัด,จำรัส ทวนไชย์,ขอนแก่น,0992514372
CUST03825,บริษัท ถนัดพิมพการ-แนวพญา จำกัด,สมปอง ซูสารอ,พิษณุโลก,+663 580 9543
CUST03826,บริษัท ห้างหุ้นส่วนจำกัด ราชมณีอินเตอร์เนชั่นแนล จำกัด,ธาเอก ธนูปกรณ์,ลำปาง,069-910-3978
CUST03827,บริษัท ห้างหุ้นส่วนสามัญ ตราชูเฟอนิชชิ่ง จำกัด,นาตยา ไชยภา,ยะลา,077 079672
CUST03828,บริษัท บริษัท ศรีวงค์การบัญชี จำกัด (มหาชน) จำกัด,ปฐม ด้วงโสน,หาดใหญ่,029-595473
CUST03829,บริษัท ธนาคารทำประดู่การช่าง จำกัด จำกัด,สุภาลินี จันทา,อุบลราชธานี,+66 5992 7744
CUST03830,บริษัท บริษัท เวียงจันทึกเทรดดิ้ง จำกัด จำกัด,โสภณิตา หอมพิกุล,เกาะสมุย,0 972 457 436
CUST03831,บริษัท ห้างหุ้นส่วนจำกัด แต้กุลอินเตอร์เนชั่นแนล จำกัด,วิรชัย เลิศกิ่ง,พิษณุโลก,0 7302 1327
CUST03832,บริษัท บริษัท มิ่งขวัญ จำกัด,อธิวัตร ตวันเยี่ยม,พระนครศรีอยุธยา,0-4004-6056
CUST03833,บริษัท ห้างหุ้นส่วนจำกัด ถิรสวัสดิ์แพคกิ้ง จำกัด,ปิยบุตร ดุษฎีวนิช,สุราษฎร์ธานี,0-2303-6653
CUST03834,บริษัท หนักแน่นและตั้งรบ จำกัด,อรรจน์ ตระกูลบุญ,นครราชสีมา,0945505048
CUST03835,บริษัท หจก.ไทยสุชาต จำกัด,ภูวิช ดาวอร่าม,ระยอง,020-400560
CUST03836,บริษัท บริษัท อุลหัสสากรุ๊ป จำกัด จำกัด,สมนึก ศรีอุ่น,สมุทรปราการ,087-991-5171
CUST03837,บริษัท ห้างหุ้นส่วนจำกัด ดิสกะประกายวิศวการ จำกัด,คำปลิว นครเทพ,ยะลา,0648709521
CUST03838,บริษัท บริษัท ตันยา จำกัด จำกัด,อนุบาล นิยมธรรม,นครศรีธรรมราช,+667 798 3683
CUST03839,บริษัท สหภาพแรงงานธีวร จำกัด,พัสวี เยาวธนโชค,สกลนคร,+662 948 5157
CUST03840,บริษัท สมาคมทันยุค จำกัด,ชรินทร์ทิพย์ หอมสิน,อ้อมน้อย,0-3597-6766
CUST03841,บริษัท บริษัท บุนยะศัพท์ จำกัด จำกัด,วิทูลย์ นฤภัย,เชียงใหม่,+66 (0) 4610 2921
CUST03842,บริษัท สหภาพแรงงานตัณสถิตย์ จำกัด,บุญญามี ธัญเสถียร,พระนครศรีอยุธยา,094 558 2945
CUST03843,บริษัท บริษัท นฤทุกข์คอนสตรัคชั่น จำกัด จำกัด,ศศิยา ธรรมฤดี,สกลนคร,+66 642 645 150
CUST03844,บริษัท บมจ.ไตรบรรพภาพยนตร์ จำกัด,คมคาย นกทอง,อ้อมน้อย,0 657 764 999
CUST03845,บริษัท ราชมณีและเมืองสุข จำกัด,จิฬาภรณ์ นิยมเซียม,แหลมฉบัง,023905295
CUST03846,บริษัท บริษัท นิษประปัญจ์ จำกัด จำกัด,กิติวัฒน์ ดัตพันธุ์,อุดรธานี,0 4877 7668
CUST03847,บริษัท บริษัท นำธวัชบริการ จำกัด จำกัด,เอนกพงศ์ เนตร์มณี,แม่สอด,0 7730 5086
CUST03848,บริษัท บริษัท พานเกล้า จำกัด จำกัด,วัลลภ ศาสตร์ศิลป์,ลำปาง,+66 3429 1545
CUST03849,บริษัท บริษัท วาทาแพคกิ้ง จำกัด จำกัด,สุปรานี น้ำทิพย์,พิษณุโลก,+662 911 1939
CUST03850,บริษัท บริษัท ทองสีไพล จำกัด จำกัด,ทิพย์วารี ตั้งเผ่า,หาดใหญ่,+66 2226 1826
CUST03851,บริษัท บริษัท จันทา จำกัด จำกัด,กุลดิลก ทองสุกเลิศ,แม่สอด,0-5533-6099
CUST03852,บริษัท บริษัท บัวเผื่อน จำกัด (มหาชน) จำกัด,ศรินยา นิยมธรรม,กรุงเทพมหานคร,080 153 1434
CUST03853,บริษัท ห้างหุ้นส่วนสามัญ นิษประปัญจ์ จำกัด,หลี ทัศนสุทธิ,สมุทรปราการ,+66 2887 4397
CUST03854,บริษัท ห้างหุ้นส่วนสามัญ เพียยาอะไหล่ยนต์ จำกัด,ภาสินี ฉัพพรรณธนกูร,นครศรีธรรมราช,041911592
CUST03855,บริษัท บริษัท แต้กุล จำกัด จำกัด,พิมพ์พิชญา ติณรัตน์,สงขลา,065 593 9831
CUST03856,บริษัท ถิรสวัสดิ์เอเยนซี จำกัด,โสภณ เลขะพันธุ์,สงขลา,0-5072-0921
CUST03857,บริษัท บริษัท สาระพันธ์ จำกัด จำกัด,ภัคศุภางค์ วะคีมัน,อุบลราชธานี,037 621766
CUST03858,บริษัท นากกนกและไทยสุชาต จำกัด,ภัทรนาฎ ติณรัตน์,ภูเก็ต,082 588 5689
CUST03859,บริษัท สมาคมราชมณี จำกัด,สิริ จันอ้น,ลำปาง,+66 907 266 107
CUST03860,บริษัท มูลนิธิถนัดภาษา จำกัด,ปัตถพงษ์ แท่นทอง,เชียงราย,+66 (0) 5182 5785
CUST03861,บริษัท ขุนดำ-ตรีครุธพันธุ์ จำกัด,พีระพงศ์พันธ์ แน่นดุจป้อม,เกาะสมุย,05 237 5992
CUST03862,บริษัท พีระเพ็ญกุลและธีวร จำกัด,เพชรมณี ติณรัตน์,เชียงราย,033875525
CUST03863,บริษัท บมจ.เจริญรัมย์ จำกัด,อนุบาล ดำริห์ชอบ,นครศรีธรรมราช,05 472 0774
CUST03864,บริษัท ห้างหุ้นส่วนสามัญ นวลฉวีและบุตร จำกัด,ศจีกาญจน์ นิยมเซียม,สุราษฎร์ธานี,+662 940 6133
CUST03865,บริษัท ห้างหุ้นส่วนจำกัด ทองแท้เอเยนซี จำกัด,พิพิธธน ตวันเยี่ยม,สกลนคร,+66 2775 4766
CUST03866,บริษัท บมจ.ถิรสวัสดิ์ จำกัด,สันชัย ทองแท้,พัทยา,072-610796
CUST03867,บริษัท นะวะมันดร-ถมังรักษสัตว์ จำกัด,ปฐม ทองเนื้อดี,สุราษฎร์ธานี,+66 5000 7891
CUST03868,บริษัท นพตระกูลก่อสร้าง จำกัด,กุลปรียา นกทอง,พิษณุโลก,066-995-9886
CUST03869,บริษัท เตชะกำพุก่อสร้าง จำกัด,สมมล โพธิสัตย์,ปากเกร็ด,0-5000-4543
CUST03870,บริษัท บริษัท ตั้งรบ จำกัด จำกัด,อดิสรณ์ แก้วชลคราม,เกาะสมุย,0 5272 3726
CUST03871,บริษัท ทัศนสุทธิโอสถ จำกัด,อนิวัฒน์ ศรีวงค์,หาดใหญ่,0630838926
CUST03872,บริษัท น้ำทิพย์จิวเวลรี่ จำกัด,เมทนี นะวะมันดร,สุราษฎร์ธานี,+66 841 457 342
CUST03873,บริษัท บริษัท โพธิสัตย์คอนสตรัคชั่น จำกัด จำกัด,ถนอมชัย นาคพันธุ์,นนทบุรี,04 444 4551
CUST03874,บริษัท บมจ.ตัณฑนุชเฟอนิชชิ่ง จำกัด,ซูรัยดา นาถะพินธุ,สมุทรปราการ,0813682007
CUST03875,บริษัท หจก.ถนัดการเขียนวิศวกรรม จำกัด,ปัตถพงษ์ นิละทัต,นครสวรรค์,0807491906
CUST03876,บริษัท บริษัท ถะเกิงชศ จำกัด จำกัด,วนาลี ธุวะนุติ์,พิษณุโลก,+665 151 4441
CUST03877,บริษัท ธนาคารนิลเสนาแพคกิ้ง จำกัด (มหาชน) จำกัด,นนทกาญจน์ มิ่งขวัญ,นครศรีธรรมราช,041742011
CUST03878,บริษัท หสน.นาถะพินธุยานยนต์ จำกัด,ศุภาศิล บุญส่ง,แม่สอด,0-4835-6324
CUST03879,บริษัท ห้างหุ้นส่วนจำกัด ติณรัตน์บริการ จำกัด,ยนงคราญ ทีฆะ,แหลมฉบัง,04 369 9606
CUST03880,บริษัท ชมรมสงประเสริฐ จำกัด,สโรชา แหยมศิริ,เกาะสมุย,+664 530 1236
CUST03881,บริษัท ห้างหุ้นส่วนจำกัด ทหารแท้เฟอร์นิเจอร์ จำกัด,โสภณิตา ธนรักษ์,เชียงราย,0 608 999 423
CUST03882,บริษัท หจก.นุชแนวนุ่ม จำกัด,นพ นาคะนคร,สุราษฎร์ธานี,0-7791-6674
CUST03883,บริษัท บมจ.ถนัดภาษา จำกัด,ดิลก ตวันเยี่ยม,แหลมฉบัง,+667 728 4503
CUST03884,บริษัท บริษัท แก้วอยู่จิวเวลรี่ จำกัด จำกัด,จริยฉัตร ชุมวระ,สงขลา,07 373 3028
CUST03885,บริษัท มูลนิธิธัญาโภชน์ จำกัด,ธีราทัต ขอหมั่นกลาง,เชียงราย,+66 (0) 671 285 678
CUST03886,บริษัท บริษัท ธนประทีปบรรจุภัณฑ์ จำกัด (มหาชน) จำกัด,พิมพ์พิชญา เตชะกำพุ,รังสิต,02 823 8622
CUST03887,บริษัท บริษัท ฉายแสง จำกัด จำกัด,ฟารินี บุญญาไลย์,แหลมฉบัง,+66 (0) 4610 9310
CUST03888,บริษัท บริษัท ดุษฎีวนิช จำกัด จำกัด,ฟิรยา คำลือ,ปากเกร็ด,0-7962-4185
CUST03889,บริษัท บริษัท บุญศลเอนเตอรไพรส์ จำกัด จำกัด,นนทกาญจน์ ถนัดอาวุธ,สมุทรสาคร,0-2117-6651
CUST03890,บริษัท บมจ.แหยมศิริแพคกิ้ง จำกัด,ซูรัยดา นานายน,สงขลา,0 848 074 050
CUST03891,บริษัท บริษัท คณานุรักษ์ จำกัด จำกัด,อุลัยพร ดำริห์ชอบ,ขอนแก่น,0 4922 5432
CUST03892,บริษัท บมจ.วิลาสินี จำกัด,ปาริตา ทรัพย์ธำรงค์,ปากเกร็ด,083 618 2628
CUST03893,บริษัท บริษัท เนื่องนนท์ขนส่ง จำกัด (มหาชน) จำกัด,หฤทัย เดชคุ้ม,ยะลา,+667 249 9937
CUST03894,บริษัท ตะละภัฏ-ฉัตรอภิเที่ยงค่ำ จำกัด,ปาริตา ซูสารอ,นนทบุรี,080-629-1885
CUST03895,บริษัท บริษัท ถนัดภาษา จำกัด จำกัด,จิฬาภรณ์ ชุมวระ,นครปฐม,064 796 3373
CUST03896,บริษัท บมจ.นำธวัชการค้า จำกัด,โสภณิตา นิลวิมล,สกลนคร,+66 (0) 3111 9711
CUST03897,บริษัท ห้างหุ้นส่วนสามัญ นวลเพ็งการบัญชี จำกัด,กุลภาวลัย เขียวอ่อน,อ้อมน้อย,+66 653 945 809
CUST03898,บริษัท ห้างหุ้นส่วนจำกัด นานายนการบัญชี จำกัด,หลี ถะเกิงชศ,นครราชสีมา,0-4104-7199
CUST03899,บริษัท บริษัท นับเนื่องนอ จำกัด จำกัด,มาสิตะ นิลวิมล,นครศรีธรรมราช,+66 (0) 5211 5006
CUST03900,บริษัท เวียงจันทึกเฟอร์นิเจอร์ จำกัด,ภัคศุภางค์ เดชคุ้ม,นนทบุรี,0-4382-4960
CUST03901,บริษัท สมาคมทุมะบุตร์ จำกัด,สุภาพร ธรรมฤดี,พระนครศรีอยุธยา,+66 (0) 2280 8261
CUST03902,บริษัท ถมังรักษสัตว์-ทองปากน้ำ จำกัด,ประยุทธ์ ราชมณี,อุบลราชธานี,+66 (0) 889 131 645
CUST03903,บริษัท บริษัท ซาซุม จำกัด จำกัด,เสรี กุมารบุญ,สุราษฎร์ธานี,083-177-4050
CUST03904,บริษัท หจก.ราชมณี จำกัด,อาซือมะ นวลเพ็ง,สมุทรสาคร,+66 3289 1647
CUST03905,บริษัท ถนอมพลกรัง-ทวนไชย์ จำกัด,ยนงคราญ นิยมเซียม,สุราษฎร์ธานี,+66 (0) 4318 8773
CUST03906,บริษัท หจก.นาคะนคร จำกัด,ปุณณรัตน์ ตระกูลไม้เรียง,ยะลา,+66 815 820 758
CUST03907,บริษัท ห้างหุ้นส่วนสามัญ นวลเพ็งคอนสตรัคชั่น จำกัด,ณิชเชฏฐ์ ติระคมน์,เจ้าพระยาสุรศักดิ์,039-402099
CUST03908,บริษัท บจก.นุตตาร จำกัด,เพทาย ศรีสัตย์,เชียงราย,049657418
CUST03909,บริษัท บริษัท ถนัดรบ จำกัด จำกัด,จุฑาภรณ์ บุนยะศัพท์,เจ้าพระยาสุรศักดิ์,+66 (0) 961 975 104
CUST03910,บริษัท บริษัท นักสำหรวจยานยนต์ จำกัด จำกัด,วีระโชติ ถุงเงิน,สกลนคร,+66 3410 4867
CUST03911,บริษัท บริษัท นาถะเดชะ จำกัด,ฐิติกุล นิระหานี,ระยอง,+664 406 8737
CUST03912,บริษัท บริษัท ทวนไชย์พืชผล จำกัด (มหาชน) จำกัด,เอกวิทย์ นฤทุกข์,นครปฐม,029 507948
CUST03913,บริษัท ห้างหุ้นส่วนสามัญ ทองสินธุ์ จำกัด,ชนิศา ทีฆะ,นนทบุรี,037 959237
CUST03914,บริษัท มูลนิธิหนุนสุข จำกัด,ปาริตา ตะละภัฏ,แม่สอด,0 3415 4818
CUST03915,บริษัท ทศโยธินการค้า จำกัด,สมใจ ถนอมมนุษย์,พัทยา,076-594155
CUST03916,บริษัท บริษัท บุตดา จำกัด จำกัด,อัญชิษฐา คณานุรักษ์,รังสิต,0-4493-5911
CUST03917,บริษัท บมจ.ถนัดภาษา จำกัด,จักรพันธ์ ดำริห์ชอบ,สงขลา,+66 (0) 694 841 329
CUST03918,บริษัท หจก.นาควงษ์ จำกัด,สมพิศ เตชะกำพุ,ปากเกร็ด,070-520711
CUST03919,บริษัท หจก.ตันเผ่า จำกัด,ปิยนาฎ ราชมณี,รังสิต,072405499
CUST03920,บริษัท หจก.นิลวรรณอะไหล่ยนต์ จำกัด,อันธิกา ถมังรักษสัตว์,เจ้าพระยาสุรศักดิ์,+66 2116 5477
CUST03921,บริษัท บริษัท สุวรรณหงษ์สโตร์ จำกัด จำกัด,พัสวี ถนัดกลึง,พัทยา,051-876898
CUST03922,บริษัท บริษัท นักสำหรวจ จำกัด จำกัด,เมทนี ทองสีไพล,พิษณุโลก,+66 (0) 693 412 642
CUST03923,บริษัท บริษัท บุตดาอุตสาหกรรม จำกัด จำกัด,สุรนัย ศรีอุ่น,ขอนแก่น,050468702
CUST03924,บริษัท บริษัท นาฏคายี จำกัด จำกัด,ภาสินี ดุษฎีวนิช,อุดรธานี,05 211 7510
CUST03925,บริษัท บริษัท นาคพันธุ์เอนเตอรไพรส์ จำกัด จำกัด,นิมุ มิ่งขวัญ,อุบลราชธานี,0-7063-0302
CUST03926,บริษัท บริษัท ยางสวยเอนเตอรไพรส์ จำกัด (มหาชน) จำกัด,ทิมาภรณ์ ถิรสวัสดิ์,อุดรธานี,+664 754 0243
CUST03927,บริษัท บจก.ตะละภัฏคอนสตรัคชั่น จำกัด,ภัทรนาฎ ดัตพันธุ์,สมุทรสาคร,03 143 8487
CUST03928,บริษัท บริษัท บุญญาภิรมย์ จำกัด จำกัด,ฮามีย๊ะ เตมิยะเดช,สุราษฎร์ธานี,0-2550-3923
CUST03929,บริษัท บริษัท ธรรมเมธาพืชผล จำกัด (มหาชน) จำกัด,ปัณณธร ทองสินธุ์,อุบลราชธานี,029548494
CUST03930,บริษัท สมาคมเช้าวันดี จำกัด,ดารุนี ตราชู,สกลนคร,0847195436
CUST03931,บริษัท บริษัท เตมิยะเดช จำกัด จำกัด,นิมุ ดาวกระจาย,สมุทรปราการ,+665 751 5234
CUST03932,บริษัท บริษัท บุนยาภิสนท์การค้า จำกัด จำกัด,ผดุงชาติ นพคเชนทร์,ระยอง,0-7137-8795
CUST03933,บริษัท บจก.บัวเผื่อนสโตร์ จำกัด,นาตยา ตราชู,สงขลา,+66 (0) 862 939 869
CUST03934,บริษัท บริษัท ธูปะวิโรจน์ จำกัด จำกัด,อธิวัตร ไทนิยม,พิษณุโลก,+66 5355 5760
CUST03935,บริษัท บริษัท ถ้วนศรีกลการ จำกัด จำกัด,เทียมศักดิ์ ประจันตะเสน,กรุงเทพมหานคร,+66 2383 3792
CUST03936,บริษัท สมาคมเนื่องนนท์ จำกัด,พรปราณี หิรัญสาลี,ภูเก็ต,+66 7503 8536
CUST03937,บริษัท บริษัท นานายน จำกัด จำกัด,พิชาภพ วาทา,อ้อมน้อย,+66 (0) 980 435 608
CUST03938,บริษัท ห้างหุ้นส่วนจำกัด บุญบำรุงจิวเวลรี่ จำกัด,รชตกร ฉัพพรรณธนกูร,แม่สอด,022856115
CUST03939,บริษัท บริษัท ทัศนสุทธิการบัญชี จำกัด จำกัด,ปิ่นบุญญา นิยมธรรม,ระยอง,061 612 8249
CUST03940,บริษัท นาฏคายีกรุ๊ป จำกัด,พงษ์นเรศ ถ้วนศรี,เกาะสมุย,0 698 440 574
CUST03941,บริษัท ผลบุญ-นามเสวตร จำกัด,กะดิรัตน์ โพธิสัตย์,สุราษฎร์ธานี,+66 (0) 2366 1352
CUST03942,บริษัท ห้างหุ้นส่วนสามัญ ไทนิยมเอ็นจิเนียริ่ง จำกัด,ภัคชนน นิยมเซียม,สมุทรปราการ,0-5821-8118
CUST03943,บริษัท เลิศกิ่ง-วุฑฒยากร จำกัด,บุญเกิด นิลสุวรรณ์,นครปฐม,+66 2082 8960
CUST03944,บริษัท บมจ.ทับทิมไทย จำกัด,ภูวัน จ้อยนุแสง,ตรัง,+66 2886 9264
CUST03945,บริษัท ตะละภัฏ-แนวพญา จำกัด,จิรวิทย์ ธรรมสถิตไพศาล,อ้อมน้อย,037019496
CUST03946,บริษัท เนื่องนนท์การบัญชี จำกัด,มารุด ธรรมสถิตไพศาล,นนทบุรี,075664388
CUST03947,บริษัท บมจ.นรวิทย์โชติกุลจิวเวลรี่ จำกัด,จีรยุทธ พรรษาสกุล,นครศรีธรรมราช,07 644 3236
CUST03948,บริษัท ศรีวงค์กลการ จำกัด,ชนิศา อัตตนาถ,สกลนคร,+66 652 591 521
CUST03949,บริษัท ธัญเสถียรอินเตอร์เนชั่นแนล จำกัด,วรรณาต ยะผา,นนทบุรี,0-3081-3395
CUST03950,บริษัท บริษัท สุวรรณหงษ์เฟอร์นิเจอร์ จำกัด (มหาชน) จำกัด,รัฐพงษ์ บุนยะศัพท์,สมุทรสาคร,+66 (0) 806 182 763
CUST03951,บริษัท ห้างหุ้นส่วนสามัญ พรมอ่อนกลการ จำกัด,ปริญญา ถนอมพลกรัง,นนทบุรี,+66 4241 1116
CUST03952,บริษัท ห้างหุ้นส่วนจำกัด กุมารบุญคอมมิวนิเคชั่น จำกัด,เจตธนากร ทองสุกเลิศ,แม่สอด,+66 (0) 7586 5899
CUST03953,บริษัท หอมพิกุลวิศวกรรม จำกัด,เขียว อุ่นอก,สงขลา,+664 737 5857
CUST03954,บริษัท ชมรมดาบเงิน จำกัด,กวีฉัฏฐ ธูปหอม,สมุทรสาคร,+667 504 4136
CUST03955,บริษัท แท่นทองซัพพลาย จำกัด,คมกริบ นาถะพินธุ,อ้อมน้อย,+66 5113 6855
CUST03956,บริษัท บุนยาภิสนท์และถนัดเดินข่าว จำกัด,เฉลิมรัฐ ถนัดรบ,นครสวรรค์,+66 956 679 870
CUST03957,บริษัท บมจ.นิลวรรณ จำกัด,สุทธิณัฐ ตัณสถิตย์,พัทยา,+662 404 3031
CUST03958,บริษัท เขียวอ่อนและเดชวา จำกัด,ณัฐธิตา เดชคุ้ม,สมุทรปราการ,0-7903-1123
CUST03959,บริษัท ถนัดกลึงและตันตราจิณ จำกัด,เบญญาทิพย์ ชุมวระ,ภูเก็ต,033 960294
CUST03960,บริษัท บริษัท ทวนทองวิศวการ จำกัด จำกัด,สุกฤษตา ติณรัตน์,สมุทรสาคร,075877116
CUST03961,บริษัท หจก.แต้กุล จำกัด,ธีรวุฒิ นิละทัต,นนทบุรี,0-7914-3087
CUST03962,บริษัท มูลนิธิฉัพพรรณธนกูร จำกัด,ศจีกาญจน์ บินดี,ระยอง,043 675808
CUST03963,บริษัท บริษัท ตั้งกุลงามอิมปอร์ตเอ็กซปอร์ต จำกัด จำกัด,ปุณณรัตน์ คณานุรักษ์,สุราษฎร์ธานี,+66 7289 7840
CUST03964,บริษัท ห้างหุ้นส่วนจำกัด บุญส่ง จำกัด,สมหมาย ถนัดพิมพการ,นครปฐม,057-612196
CUST03965,บริษัท บมจ.ตวันเยี่ยม จำกัด,ณภัทร ทองแท้,แม่สอด,+66 (0) 4194 7182
CUST03966,บริษัท บริษัท ถนัดหัตถกรรม จำกัด จำกัด,เพ็ญพรรษา หนุนสุข,สมุทรสาคร,+66 4929 7900
CUST03967,บริษัท มูลนิธินับเนื่องนอ จำกัด,ธีรวุฒิ บุณยะภาชน์,สงขลา,+66 2770 7983
CUST03968,บริษัท มูลนิธิไทยสุชาต จำกัด,ภูมิปัญญา เลขะพันธุ์,สมุทรปราการ,0 3164 0416
CUST03969,บริษัท ห้างหุ้นส่วนสามัญ ถนัดการเขียน จำกัด,ชนิศา หนุนสุข,เกาะสมุย,+66 (0) 979 147 429
CUST03970,บริษัท บริษัท ถนัดรบ จำกัด จำกัด,วิพุธ นิลสลัว,ลำปาง,+66 7404 5027
CUST03971,บริษัท ไตรบรรพพืชผล จำกัด,ปิยวดี นวลเพ็ง,ปากเกร็ด,0 5186 2012
CUST03972,บริษัท บริษัท ตวันเยี่ยมแลบ จำกัด (มหาชน) จำกัด,วิกิจ เจริญรัมย์,ภูเก็ต,+66 (0) 5908 1550
CUST03973,บริษัท บริษัท ถมปัด จำกัด จำกัด,วิทูลย์ นพคเชนทร์,ตรัง,+66 3966 2568
CUST03974,บริษัท บริษัท เณรานุสนธิ์พานิช จำกัด จำกัด,พลภูมิ ตั้งกุลงาม,เชียงราย,025982851
CUST03975,บริษัท ถนัดรบบรรจุภัณฑ์ จำกัด,วิพุธ ตะละภัฏ,พิษณุโลก,093-589-0272
CUST03976,บริษัท บริษัท ทรัพย์ธำรงค์เอเยนซี จำกัด จำกัด,ซูไรดา ฉายแสง,นนทบุรี,+667 018 6817
CUST03977,บริษัท บริษัท พรรษาสกุลเทรดดิ้ง จำกัด จำกัด,กิติกานต์ ถนัดพิมพการ,สุราษฎร์ธานี,+66 (0) 4626 9643
CUST03978,บริษัท บมจ.ดวงทับทิมพืชผล จำกัด,รังสินี ดาตู,สมุทรปราการ,+66 (0) 5111 6377
CUST03979,บริษัท ถมังรักษสัตว์และเพื่อน จำกัด,เทพนารี อุลหัสสา,สมุทรสาคร,04 621 2786
CUST03980,บริษัท ถมังรักษสัตว์และนาคพันธุ์ จำกัด,พิชญ์สินี วิลาสินี,พัทยา,052-723990
CUST03981,บริษัท ถนอมพล-ดำริห์ชอบ จำกัด,ศุภาศิล ถนัดรบ,หาดใหญ่,05 618 8617
CUST03982,บริษัท สมาคมธัญาโภชน์ จำกัด,เนตรฤดี ไทนิยม,นนทบุรี,+66 2045 2951
CUST03983,บริษัท บริษัท พรมอ่อนการบัญชี จำกัด จำกัด,พาดีล๊ะ แก้วอยู่,สกลนคร,0679173143
CUST03984,บริษัท บริษัท ตรีเภรินทร์ จำกัด จำกัด,กิติวัฒน์ ธรรมฤดี,นครราชสีมา,07 854 4563
CUST03985,บริษัท บจก.ธรรมสถิตไพศาล จำกัด,พิพิธธน หนักแน่น,อ้อมน้อย,+66 614 126 476
CUST03986,บริษัท ห้างหุ้นส่วนจำกัด ธรรมเมธาเอ็นจิเนียริ่ง จำกัด,สิราพร ตั้งเผ่า,สมุทรปราการ,04 359 7610
CUST03987,บริษัท บริษัท นวลฉวี จำกัด จำกัด,กะดิรัตน์ ไม้แดง,เชียงใหม่,042-846551
CUST03988,บริษัท เนตร์มณีและแท่นทอง จำกัด,จณิสตา แน่นดุจป้อม,รังสิต,0862675114
CUST03989,บริษัท หจก.นาคะนคร จำกัด,เฉลิมพล ถนัดรบ,สุราษฎร์ธานี,093-727-6568
CUST03990,บริษัท สหภาพแรงงานถิรสวัสดิ์ จำกัด,สุธินันท์ นานายน,สมุทรปราการ,029309959
CUST03991,บริษัท บริษัท สาระพันธ์ซัพพลาย จำกัด (มหาชน) จำกัด,ซูรัยดา บุณยะภาชน์,เจ้าพระยาสุรศักดิ์,0-7018-3469
CUST03992,บริษัท บมจ.วิลาสินี จำกัด,โอภาส ไทไชโย,ตรัง,0-7517-6014
CUST03993,บริษัท ชมรมนาถะเดชะ จำกัด,ปวีณ ถนัดเดินข่าว,ปากเกร็ด,095-231-0897
CUST03994,บริษัท บริษัท ดิศดใน จำกัด จำกัด,ศภัคชคง แหยมศิริ,นนทบุรี,0859890951
CUST03995,บริษัท ห้างหุ้นส่วนจำกัด แจ้งสว่างบรรจุภัณฑ์ จำกัด,อนิวัฒน์ ตันตราจิณ,เกาะสมุย,+665 122 1805
CUST03996,บริษัท บริษัท ขันธุลาจิวเวลรี่ จำกัด จำกัด,รมิตา เนื้อนุ่ม,ขอนแก่น,022-074403
CUST03997,บริษัท บริษัท สันตะวงศ์ จำกัด (มหาชน) จำกัด,พาดีล๊ะ ตัณสถิตย์,ยะลา,0 897 910 253
CUST03998,บริษัท บริษัท ปานสุวรรณ จำกัด จำกัด,เอนกพงศ์ นาคสุทิน,หาดใหญ่,0-2129-9642
CUST03999,บริษัท บริษัท นับเนื่องนอ จำกัด จำกัด,ศิรณัฐ นิยมธรรม,รังสิต,+662 444 1339
CUST04000,บริษัท บริษัท แหยมศิริ จำกัด จำกัด,ณปภัช นกทอง,ตรัง,055969883
CUST04001,บริษัท หจก.ถนอมมนุษย์ จำกัด,เถลิงยศ ธนประทีป,สมุทรปราการ,093-259-4321
CUST04002,บริษัท หจก.นฤทุกข์ จำกัด,มารุด เขียวขุ้ย,นครศรีธรรมราช,075110806
CUST04003,บริษัท บริษัท พีระเพ็ญกุลคอนสตรัคชั่น จำกัด จำกัด,ภานุพล นครเทพ,สมุทรสาคร,039 051992
CUST04004,บริษัท บริษัท นามเสวตรเคมิคอล จำกัด จำกัด,เทพณรงค์ พรสีมา,รังสิต,+667 377 1240
CUST04005,บริษัท บริษัท เมืองสุขอุตสาหกรรม จำกัด (มหาชน) จำกัด,บุญญามี หนักแน่น,อุดรธานี,0 985 221 084
CUST04006,บริษัท บริษัท พรรษาสกุลและเพื่อน จำกัด จำกัด,พชรภรณ์ ทีฆะ,สมุทรปราการ,031 899527
CUST04007,บริษัท บริษัท ไชยภาพานิช จำกัด จำกัด,นิติ ภูภักดี,อุบลราชธานี,+66 (0) 3095 7696
CUST04008,บริษัท บจก.ตวันเยี่ยมคอนสตรัคชั่น จำกัด,ยอดแมน ขอหมั่นกลาง,ปากเกร็ด,0-2447-2517
CUST04009,บริษัท ห้างหุ้นส่วนจำกัด เดชวา จำกัด,จีรยุทธ กุมารบุญ,อุดรธานี,0668198104
CUST04010,บริษัท สงประเสริฐก่อสร้าง จำกัด,เอนกพงศ์ ถนอมกุลบุตร,อ้อมน้อย,+66 (0) 970 321 890
CUST04011,บริษัท สาระพันธ์โอสถ จำกัด,ปิยนุช สังข์กรด,อ้อมน้อย,+665 461 5895
CUST04012,บริษัท บริษัท แท่นทองเซอร์วิส จำกัด จำกัด,อาแอเสาะ ตันตราจิณ,ยะลา,0 653 354 773
CUST04013,บริษัท บริษัท ธรรมฤดีการค้า จำกัด (มหาชน) จำกัด,ฟารินี ดุริยพันธุ์,สงขลา,+66 960 403 262
CUST04014,บริษัท ห้างหุ้นส่วนจำกัด เดชคุ้มอุตสาหกรรม จำกัด,ปิยนุช เมืองสุข,หาดใหญ่,035 218311
CUST04015,บริษัท สมาคมเนื้อนุ่ม จำกัด,ฐิติยาพร ถาวรรัตน,เกาะสมุย,046-363757
CUST04016,บริษัท บริษัท ถนัดอักษร จำกัด จำกัด,รวิวาน มิ่งขวัญ,กรุงเทพมหานคร,0671832469
CUST04017,บริษัท ห้างหุ้นส่วนจำกัด เจริญรัมย์ จำกัด,ศศิรินทร์ พรมอ่อน,สงขลา,04 612 8078
CUST04018,บริษัท หจก.แก้วอยู่สโตร์ จำกัด,ทัตธน ศรีเผด็จ,แม่สอด,+665 740 9406
CUST04019,บริษัท ชมรมนิลสลัว จำกัด,วรินทธิ์ธร จันอ้น,นครศรีธรรมราช,041559175
CUST04020,บริษัท สมาคมศรีธนะเวทย์ จำกัด,หรรษา ผลบุญ,ขอนแก่น,+66 874 632 321
CUST04021,บริษัท ห้างหุ้นส่วนจำกัด ถนอมพลกลการ จำกัด,ปิยะชาติ สาระพันธ์,ปากเกร็ด,+66 (0) 7496 3651
CUST04022,บริษัท บจก.ยะผา จำกัด,ประจิน ศรีอุ่น,หาดใหญ่,+66 823 360 060
CUST04023,บริษัท บริษัท เนื่องนนท์ จำกัด จำกัด,สมพิศ ทำประดู่,ยะลา,04 975 4528
CUST04024,บริษัท อุ่นอกเคมิคอล จำกัด,ภูวรา แก้วชลคราม,ภูเก็ต,+663 783 9553
CUST04025,บริษัท บมจ.เขียวขุ้ยการบัญชี จำกัด,ปิยนุช ดาบเพ็ชร์,พิษณุโลก,+66 (0) 3996 7362
CUST04026,บริษัท ห้างหุ้นส่วนจำกัด ถมังรักษสัตว์การช่าง จำกัด,สุภาพร เมืองสุข,เกาะสมุย,057 316303
CUST04027,บริษัท บริษัท นิละทัต จำกัด จำกัด,สุพัตร ธรรมทินนา,เชียงราย,+66 3825 8408
CUST04028,บริษัท หจก.เดชคุ้ม จำกัด,ปิ่นบุญญา แหยมศิริ,เกาะสมุย,0 834 654 290
CUST04029,บริษัท บริษัท ทองสินธุ์ยานยนต์ จำกัด จำกัด,อาแอเสาะ แนวพนิช,เจ้าพระยาสุรศักดิ์,+66 (0) 5705 4470
CUST04030,บริษัท มูลนิธิมนทอง จำกัด,ทิพย์วารี ถะเกิงชศ,สงขลา,+664 868 1668
CUST04031,บริษัท บริษัท พงศ์ฉบับนภา จำกัด จำกัด,นันทวุฒิ นพตระกูล,นครปฐม,+66 933 511 994
CUST04032,บริษัท ห้างหุ้นส่วนจำกัด ศรีธนะเวทย์การบัญชี จำกัด,ถนอมชัย ธาราธร,เจ้าพระยาสุรศักดิ์,057 125754
CUST04033,บริษัท ชมรมไทยแท้ จำกัด,ภูวิช ยาปะโลหิต,นครปฐม,0672666608
CUST04034,บริษัท ธนาคารถมังรักษสัตว์คอมมิวนิเคชั่น จำกัด จำกัด,ภาสวุฒิ ไทยแท้,นครปฐม,+66 (0) 7665 2915
CUST04035,บริษัท ห้างหุ้นส่วนจำกัด ติระคมน์แลบ จำกัด,ธีราทัต นิยมเซียม,ภูเก็ต,+66 5609 7535
CUST04036,บริษัท หจก.ดาบเงิน จำกัด,นภัสรินทร์ ทีฆะ,สกลนคร,0-3393-2640
CUST04037,บริษัท สมาคมวะคีมัน จำกัด,ปัญญาพร ไทไชโย,เกาะสมุย,+66 5334 5138
CUST04038,บริษัท บริษัท แท่นทอง จำกัด จำกัด,ธเนษฐ นาถะเดชะ,นครสวรรค์,088 726 4824
CUST04039,บริษัท สมาคมสงประเสริฐ จำกัด,ธัชญา ดีตพันธุ์,สมุทรปราการ,043270421
CUST04040,บริษัท บจก.บุตราชการบัญชี จำกัด,สิริ ธรรมสถิตไพศาล,รังสิต,0912689598
CUST04041,บริษัท บุตดาแอนด์ซันส์ จำกัด,ปรมินทร์ ชุมวระ,นครราชสีมา,0 2020 1407
CUST04042,บริษัท บริษัท ทัศนสุทธิและบุตร จำกัด (มหาชน) จำกัด,วรรณชนะชัย ธัญาโภชน์,พิษณุโลก,0627709133
CUST04043,บริษัท บริษัท ไตรบรรพ จำกัด จำกัด,บุญทิวา ถนัดการเขียน,สุราษฎร์ธานี,+66 (0) 2599 7365
CUST04044,บริษัท สมาคมนิลวรรณ จำกัด,เขมจิรา ถนัดรักษา,ตรัง,050384056
CUST04045,บริษัท ห้างหุ้นส่วนสามัญ แนวพนิชอะไหล่ยนต์ จำกัด,อัญชัญ อุ่นอก,ตรัง,+66 (0) 4555 1950
CUST04046,บริษัท บริษัท ขอหมั่นกลาง จำกัด จำกัด,สินสมุทร ดิสกะประกาย,นนทบุรี,0 7601 3672
CUST04047,บริษัท แต้กุล-ถนัดอักษร จำกัด,อนุบาล ตันยา,อุบลราชธานี,05 495 2751
CUST04048,บริษัท ห้างหุ้นส่วนจำกัด ติณรัตน์การบัญชี จำกัด,ภูวฤณ ดวงทับทิม,พระนครศรีอยุธยา,+66 (0) 633 833 800
CUST04049,บริษัท บริษัท นิลวิมล จำกัด จำกัด,ธัชญา ขอหมั่นกลาง,สุราษฎร์ธานี,+66 (0) 7677 8076
CUST04050,บริษัท ดาบเพ็ชร์แลบ จำกัด,วิสาร ตรีเภรินทร์,สกลนคร,0-5369-7350
CUST04051,บริษัท บริษัท บุนยะศัพท์ จำกัด จำกัด,โยธิการ์ ดิศดใน,ภูเก็ต,+66 7109 3384
CUST04052,บริษัท บจก.ศรีวงค์ จำกัด,หรรษธร จ้อยนุแสง,สุราษฎร์ธานี,+66 (0) 7309 7514
CUST04053,บริษัท บมจ.ดาตู จำกัด,วันชนก ขำเอนก,นนทบุรี,+66 (0) 5916 3288
CUST04054,บริษัท หจก.แท่นทองการช่าง จำกัด,นาย ถะเกิงชศ,พัทยา,+664 474 2396
CUST04055,บริษัท บจก.ธูปะวิโรจน์ จำกัด,ศรายุธ ทันยุค,อุบลราชธานี,+66 (0) 3483 7829
CUST04056,บริษัท บริษัท ทรงโกมลวิศวกรรม จำกัด จำกัด,ราชัน งามพิเชษฐ์,นนทบุรี,+66 3166 4422
CUST04057,บริษัท บริษัท ถุงเงินพืชผล จำกัด จำกัด,โสภณิตา ชำนาญวาด,นครปฐม,+66 (0) 4030 6550
CUST04058,บริษัท บริษัท ศรีเผด็จและเพื่อน จำกัด จำกัด,บุญพา คำลือ,อ้อมน้อย,03 197 0070
CUST04059,บริษัท ธนาคารทวีเดช จำกัด จำกัด,กิติกานต์ มนทอง,เชียงใหม่,081 114 4541
CUST04060,บริษัท ธรรมนิยมกลการ จำกัด,ศศิธร ไสยกิจ,แม่สอด,+66 868 818 718
CUST04061,บริษัท บริษัท ถนัดภาษา จำกัด (มหาชน) จำกัด,วรรณชนะชัย ตวันเยี่ยม,พิษณุโลก,+667 043 1673
CUST04062,บริษัท ห้างหุ้นส่วนจำกัด วิลาสินีและเพื่อน จำกัด,อณาวิน ถนัดรักษา,สมุทรสาคร,033-966200
CUST04063,บริษัท หจก.ยาปะโลหิต จำกัด,พรชนก ทองสีไพล,สมุทรปราการ,+66 989 168 736
CUST04064,บริษัท หจก.หอมสินเซอร์วิส จำกัด,วาร์มูฮำหมัด ขอหมั่นกลาง,กรุงเทพมหานคร,089-659-7917
CUST04065,บริษัท บจก.พรมอ่อน จำกัด,สิทธัญ นุชแนวนุ่ม,หาดใหญ่,0 857 820 720
CUST04066,บริษัท ห้างหุ้นส่วนจำกัด ไทนิยม จำกัด,ณปภัช กุมารบุญ,สงขลา,058 617716
CUST04067,บริษัท บริษัท นฤภัย จำกัด (มหาชน) จำกัด,ยุลิน นักรบ,เกาะสมุย,+66 (0) 900 108 204
CUST04068,บริษัท ห้างหุ้นส่วนสามัญ ฉัตรอภิเที่ยงค่ำ จำกัด,เกียรติก้อง ไชยภา,นครศรีธรรมราช,077-318801
CUST04069,บริษัท ถุงเงิน-ธรรมทินนา จำกัด,ณปภัช ถาวระวรณ์,ภูเก็ต,0 3966 1602
CUST04070,บริษัท บริษัท นานายนอินเตอร์เนชั่นแนล จำกัด จำกัด,ปิยวัจน์ ธูปหอม,นนทบุรี,02 035 3958
CUST04071,บริษัท ห้างหุ้นส่วนจำกัด นิยมเซียมวิศวกรรม จำกัด,ปฐวีกานต์ นกทอง,สมุทรสาคร,02 736 3210
CUST04072,บริษัท บริษัท ตัณฑนุชบริการ จำกัด จำกัด,อาซือมะ ดาวกระจาย,อุบลราชธานี,+665 140 6827
CUST04073,บริษัท บริษัท ทัศนสุทธิภาพยนตร์ จำกัด จำกัด,ปิยะนันท์ ชำนาญวาด,รังสิต,+663 464 3535
CUST04074,บริษัท บริษัท ถาวรรัตนขนส่ง จำกัด (มหาชน) จำกัด,กะดิรัตน์ เดชคุ้ม,นครปฐม,+66 (0) 908 616 865
CUST04075,บริษัท สมาคมทรงโกมล จำกัด,อณาวิน ตันเผ่า,เชียงใหม่,+66 2254 7548
CUST04076,บริษัท บริษัท ดุริยพันธุ์ จำกัด จำกัด,นราวรรณ พงศ์ฉบับนภา,ระยอง,0-2408-3161
CUST04077,บริษัท มูลนิธิศิวะวรเวท จำกัด,รภัสพงษ์ ตั้งเผ่า,อ้อมน้อย,073-686084
CUST04078,บริษัท สมาคมนวลเพ็ง จำกัด,สุพนธ์ บุณยะภาชน์,พัทยา,+667 131 6327
CUST04079,บริษัท บริษัท ธรรมฤดีอินเตอร์เนชั่นแนล จำกัด (มหาชน) จำกัด,กวาง ถนัดการยนต์,นครสวรรค์,+66 623 447 025
CUST04080,บริษัท บริษัท เดชวาคอมพิวเตอร์ จำกัด จำกัด,หล้า ติระคมน์,ลำปาง,0-3048-1873
CUST04081,บริษัท สมาคมดาวกระจาย จำกัด,ปิยะชาติ นฤภัย,อุดรธานี,0-7901-1398
CUST04082,บริษัท บริษัท ทศโยธินการค้า จำกัด จำกัด,วิพุธ ถนัดเดินข่าว,ระยอง,044-127054
CUST04083,บริษัท ธนาคารตัณฑนุช จำกัด จำกัด,นพ มิ่งขวัญ,ระยอง,+66 5725 0214
CUST04084,บริษัท ห้างหุ้นส่วนจำกัด สันตะวงศ์ จำกัด,วิชา ทองแท้,แหลมฉบัง,0 965 218 939
CUST04085,บริษัท บริษัท เนตร์มณีวิศวการ จำกัด จำกัด,อริสรา แต้กุล,นครสวรรค์,062-228-5344
CUST04086,บริษัท นุชแนวนุ่มและเธียรายัน จำกัด,ปวีณ ตัณฑนุช,อ้อมน้อย,04 257 6483
CUST04087,บริษัท บมจ.ดาวกระจาย จำกัด,ขอดิเยาะ ดิสกะประกาย,ระยอง,+662 297 4619
CUST04088,บริษัท บริษัท ตั้งกุลงาม จำกัด จำกัด,จริยฉัตร ถนอมพลกรัง,พัทยา,+662 334 4534
CUST04089,บริษัท บริษัท ฉัพพรรณธนกูร จำกัด จำกัด,พิมพกานต์ ทรัพย์สาร,สกลนคร,+66 935 919 392
CUST04090,บริษัท สมาคมธัญาโภชน์ จำกัด,สุมัชญา ถนัดการยนต์,สงขลา,040-212946
CUST04091,บริษัท บริษัท นิยมเซียมสโตร์ จำกัด จำกัด,ประเสริฐ พรรษาสกุล,หาดใหญ่,+66 (0) 5749 1181
CUST04092,บริษัท บริษัท นามเสวตร จำกัด จำกัด,ลักษมี เขียวอ่อน,นนทบุรี,+66 941 374 449
CUST04093,บริษัท กองทุนรวมถนัดเดินข่าวบรรจุภัณฑ์ จำกัด จำกัด,พัชรีนิษฐ์ ศิวะวรเวท,เกาะสมุย,0925901017
CUST04094,บริษัท หจก.พานเกล้าเทรดดิ้ง จำกัด,ทินวัฒน์ ดิสกะประกาย,ยะลา,022-772241
CUST04095,บริษัท บจก.ไตรบรรพโอสถ จำกัด,กิ่งแก้ว นิยมเซียม,นนทบุรี,0666173329
CUST04096,บริษัท นุ่มกันเฟอร์นิเจอร์ จำกัด,วิชา นาคะนคร,แม่สอด,091-906-9412
CUST04097,บริษัท ถนัดการยนต์-ศรีธนะเวทย์ จำกัด,อิสรันดร์ นิยมสำหรวจ,ตรัง,0628958298
CUST04098,บริษัท บริษัท นครเทพ จำกัด จำกัด,นาย ถาวระวรณ์,อ้อมน้อย,03 394 1914
CUST04099,บริษัท บริษัท นิลเสนามอเตอร์ จำกัด (มหาชน) จำกัด,ฐิติวุฒิ นาคพันธุ์,สงขลา,0 825 213 233
CUST04100,บริษัท บริษัท ทีฆะแอนด์ซันส์ จำกัด จำกัด,อุษณีย์ ไทไชโย,ลำปาง,059-473680
CUST04101,บริษัท บริษัท ทองสีไพลการค้า จำกัด จำกัด,ณิชนันท์ แจ้งสว่าง,นนทบุรี,03 136 0957
CUST04102,บริษัท ชมรมตันตราจิณ จำกัด,ศุภาศิล นากกนก,เชียงใหม่,046 364091
CUST04103,บริษัท หจก.ถนัดพิมพการพืชผล จำกัด,สมนึก วุฑฒยากร,เจ้าพระยาสุรศักดิ์,0-4906-7956
CUST04104,บริษัท บริษัท ศรีเผด็จ จำกัด จำกัด,อาแอเสาะ ยาปะโลหิต,อุบลราชธานี,075 069317
CUST04105,บริษัท ถนัดการยนต์จิวเวลรี่ จำกัด,ธาเอก บุนยะศัพท์,นนทบุรี,+66 (0) 5766 3223
CUST04106,บริษัท ดีตพันธุ์และธรรมสถิตไพศาล จำกัด,สีหราช ยาปะโลหิต,อ้อมน้อย,072 858774
CUST04107,บริษัท นากกนกขนส่ง จำกัด,ซูไรดา ถาวรรัตน,ภูเก็ต,+66 (0) 5507 0765
CUST04108,บริษัท สมาคมถมปัด จำกัด,ชิดชนก ถนัดรบ,กรุงเทพมหานคร,079-855215
CUST04109,บริษัท ธรรมทินนากลการ จำกัด,พงษ์นเรศ ถนอมพล,เชียงใหม่,055 345598
CUST04110,บริษัท บริษัท นวลฉวีเอเยนซี จำกัด (มหาชน) จำกัด,ปิยนุช ตระกูลบุญ,พระนครศรีอยุธยา,023-035519
CUST04111,บริษัท บริษัท ดาวอร่ามยานยนต์ จำกัด จำกัด,ยุภา ศรีอุ่น,เชียงใหม่,+66 (0) 5651 1914
CUST04112,บริษัท บจก.เตมิยะเดช จำกัด,ฮานาฟี ธูปะวิโรจน์,เจ้าพระยาสุรศักดิ์,0 5127 4969
CUST04113,บริษัท ถนอมมนุษย์และเพื่อน จำกัด,กฤตพร เช้าวันดี,พระนครศรีอยุธยา,+663 373 1078
CUST04114,บริษัท หจก.ภูภักดีแพคกิ้ง จำกัด,โชติวุฒิ เดชคุ้ม,หาดใหญ่,0-4059-6474
CUST04115,บริษัท หอมสิน-ถนัดการยนต์ จำกัด,ฐิติกุล แหยมศิริ,ตรัง,096-863-2250
CUST04116,บริษัท บริษัท เขียวขุ้ย จำกัด,ยุภา นวลเพ็ง,รังสิต,04 219 7049
CUST04117,บริษัท เนื่องนนท์คอมพิวเตอร์ จำกัด,ลักษมี เนตร์มณี,รังสิต,0-3900-8036
CUST04118,บริษัท บริษัท บุตราชแพคกิ้ง จำกัด จำกัด,สราญจิตต์ แนวพนิช,รังสิต,+663 398 7596
CUST04119,บริษัท นวลเพ็งแพคกิ้ง จำกัด,พิชญ์สินี ไทนิยม,อ้อมน้อย,+66 (0) 5116 9450
CUST04120,บริษัท ศิวะวรเวท-ขุนดำ จำกัด,พิศพรรณ แหยมศิริ,สมุทรสาคร,0-7617-0747
CUST04121,บริษัท หจก.ไทยสุชาตเฟอร์นิเจอร์ จำกัด,โสภณิตา ยะผา,ปากเกร็ด,0-7274-9689
CUST04122,บริษัท ห้างหุ้นส่วนจำกัด ชำนาญวาดสโตร์ จำกัด,พิชาภพ นามขำ,นครราชสีมา,094-566-9878
CUST04123,บริษัท หจก.ทองแท้ จำกัด,บุญเทียน ทศโยธิน,ภูเก็ต,+66 (0) 683 591 987
CUST04124,บริษัท บริษัท ร่มธิติรัตน์วิศวกรรม จำกัด จำกัด,วิเชียร ดุษฎีวนิช,สงขลา,+66 959 977 767
CUST04125,บริษัท แก้วอยู่อะไหล่ยนต์ จำกัด,ธีริสรา ศาสตร์ศิลป์,สุราษฎร์ธานี,044 765709
CUST04126,บริษัท ไทยแท้และบุตร จำกัด,อัญชัญ ถนัดรบ,นครสวรรค์,+66 4275 5385
CUST04127,บริษัท หจก.ทำประดู่เฟอนิชชิ่ง จำกัด,สโรชา ถาวรรัตน,พัทยา,064 012 9088
CUST04128,บริษัท สหภาพแรงงานทวีเดช จำกัด,ญาณพันธุ์ บุตดา,พัทยา,0-7538-0862
CUST04129,บริษัท มิ่งขวัญ-บุนยะศัพท์ จำกัด,สินสมุทร เณรานุสนธิ์,กรุงเทพมหานคร,+667 578 9198
CUST04130,บริษัท ดัตพันธุ์และทับทิมไทย จำกัด,วิชชากร หนักแน่น,แหลมฉบัง,043 973713
CUST04131,บริษัท บริษัท เช้าวันดี จำกัด จำกัด,ณิชนันท์ บุณยะภาชน์,อุบลราชธานี,02 126 8520
CUST04132,บริษัท บริษัท นาฏคายี จำกัด จำกัด,เพทาย พานเกล้า,ลำปาง,0-4855-9059
CUST04133,บริษัท ชมรมฉัพพรรณธนกูร จำกัด,สหัสมณี ขอหมั่นกลาง,นครปฐม,0-7344-6203
CUST04134,บริษัท บจก.ถนิมมาศ จำกัด,คำมั่น ถะเกิงชศ,ตรัง,057-038385
CUST04135,บริษัท บริษัท บินดีคอนสตรัคชั่น จำกัด (มหาชน) จำกัด,เอกชัย คณานุรักษ์,นครสวรรค์,02 130 2785
CUST04136,บริษัท บริษัท สาระพันธ์ จำกัด จำกัด,ฟิรยา ตวงทอง,อุดรธานี,+66 (0) 646 388 129
CUST04137,บริษัท บจก.ทับทิมไทยอินเตอร์เนชั่นแนล จำกัด,เกียรติศักดิ์ ขุนดำ,พิษณุโลก,+66 987 603 612
CUST04138,บริษัท หจก.เมืองสุขเอนเตอรไพรส์ จำกัด,สุรการณ์ นกทอง,สมุทรปราการ,072436634
CUST04139,บริษัท บริษัท จันทาการช่าง จำกัด จำกัด,ประจิน เนตร์มณี,อุดรธานี,0666823577
CUST04140,บริษัท บริษัท ทวนทองจิวเวลรี่ จำกัด จำกัด,ทัตธน ธาราธร,ยะลา,022814500
CUST04141,บริษัท ห้างหุ้นส่วนจำกัด ถิรสวัสดิ์คอมมิวนิเคชั่น จำกัด,หลักทรัพย์ นพคเชนทร์,สุราษฎร์ธานี,+66 (0) 4842 0385
CUST04142,บริษัท ห้างหุ้นส่วนจำกัด เขียวขุ้ยและบุตร จำกัด,ศุภนุนาย ธุวะนุติ์,ภูเก็ต,+66 2194 5679
CUST04143,บริษัท หจก.นิยมธรรมและบุตร จำกัด,วรดาพร อุ่นอก,นครราชสีมา,042027464
CUST04144,บริษัท บริษัท นาคพันธุ์ จำกัด จำกัด,วัลยา ปานสุวรรณ,สุราษฎร์ธานี,040372366
CUST04145,บริษัท บริษัท ดีตพันธุ์วิศวกรรม จำกัด จำกัด,ธวัศชา นวลเพ็ง,เชียงราย,+66 (0) 655 730 002
CUST04146,บริษัท มูลนิธิวาทา จำกัด,มนรัตน์ เธียรายัน,นครศรีธรรมราช,+66 (0) 3751 1642
CUST04147,บริษัท บริษัท บุณยะภาชน์ จำกัด จำกัด,บุญนพ ถนอมพลกรัง,ยะลา,0-4257-9083
CUST04148,บริษัท บริษัท ทองประดิฐ จำกัด จำกัด,อุดมลักษณ์ เลขะพันธุ์,สุราษฎร์ธานี,+66 7675 2476
CUST04149,บริษัท ห้างหุ้นส่วนจำกัด ถนัดอาวุธเทรดดิ้ง จำกัด,กิติชัย นพตระกูล,พระนครศรีอยุธยา,04 249 0014
CUST04150,บริษัท บริษัท ถุงเงินและบุตร จำกัด จำกัด,ปรายกานต์ นิลวรรณ,ตรัง,0952723941
CUST04151,บริษัท ห้างหุ้นส่วนสามัญ ทองประดิฐ จำกัด,ภูวัน ดาบเพ็ชร์,อุดรธานี,071 258344
CUST04152,บริษัท บริษัท ศรีสัตย์เทรดดิ้ง จำกัด จำกัด,สุมัชญา ตระกูลบุญ,หาดใหญ่,079-384427
CUST04153,บริษัท บริษัท อุ่นอกบริการ จำกัด จำกัด,จรรยพร นานายน,เกาะสมุย,074-305810
CUST04154,บริษัท ห้างหุ้นส่วนสามัญ ขุนดำและเพื่อน จำกัด,ศศิรินทร์ ขุนดำ,พัทยา,043 901546
CUST04155,บริษัท บริษัท ทรงโกมลยานยนต์ จำกัด จำกัด,เมษา นฤภัย,สุราษฎร์ธานี,0 3644 0278
CUST04156,บริษัท ไทไชโย-ตั้งเผ่า จำกัด,ยุภา ทองลาภ,พิษณุโลก,+66 891 346 722
CUST04157,บริษัท ห้างหุ้นส่วนจำกัด ถิรสวัสดิ์ จำกัด,พิมพ์ประภา นรวิทย์โชติกุล,สมุทรสาคร,089 026 9588
CUST04158,บริษัท นิติสาขาและขุนดำ จำกัด,ธนกิตต์ คณานุรักษ์,ระยอง,+66 (0) 988 617 732
CUST04159,บริษัท บริษัท ไทนิยมแลบ จำกัด (มหาชน) จำกัด,นัฐพล ถะเกิงชศ,อุบลราชธานี,076-435200
CUST04160,บริษัท นิติสาขาและนิษประปัญจ์ จำกัด,จิณภัทตา บินดี,เจ้าพระยาสุรศักดิ์,0 7949 9113
CUST04161,บริษัท บจก.เพียยา จำกัด,ศิริญา พรมอ่อน,กรุงเทพมหานคร,+66 (0) 886 161 867
CUST04162,บริษัท สหภาพแรงงานศาสตร์ศิลป์ จำกัด,ศศิรินทร์ วาทา,ภูเก็ต,061 945 7152
CUST04163,บริษัท ห้างหุ้นส่วนจำกัด เนื่องนนท์ จำกัด,วัลลภ ด้วงโสน,นครราชสีมา,029 673505
CUST04164,บริษัท บมจ.นักรบเทรดดิ้ง จำกัด,ผกาทิพย์ นาคสุทิน,นครสวรรค์,093-508-8694
CUST04165,บริษัท บมจ.เตมิยะเดช จำกัด,วิกิจ ทองสีไพล,นครสวรรค์,061-359-4738
CUST04166,บริษัท ฉัพพรรณธนกูรอิมปอร์ตเอ็กซปอร์ต จำกัด,ฌาฆีภัตฐ์ ดาวอร่าม,เจ้าพระยาสุรศักดิ์,042735988
CUST04167,บริษัท บริษัท ตรีครุธพันธุ์อินเตอร์เนชั่นแนล จำกัด จำกัด,ชิดชนก ถาวรรัตน,นครปฐม,+667 768 0779
CUST04168,บริษัท ห้างหุ้นส่วนจำกัด ถาวระวรณ์ จำกัด,นาตยา ภูภักดี,พระนครศรีอยุธยา,+66 (0) 3124 3350
CUST04169,บริษัท บริษัท ติระคมน์ก่อสร้าง จำกัด จำกัด,จิรวิทย์ ทวนทอง,สงขลา,0 852 300 248
CUST04170,บริษัท บริษัท ตราชูกลการ จำกัด (มหาชน) จำกัด,กันตวรรณ คำลือ,อุบลราชธานี,0 5436 6073
CUST04171,บริษัท บมจ.ทองลาภบรรจุภัณฑ์ จำกัด,รักชนก ทีฆะ,เจ้าพระยาสุรศักดิ์,+66 630 534 240
CUST04172,บริษัท ตราชูและทับทิมไทย จำกัด,ฐิติยาพร ชุมวระ,ลำปาง,0 5459 3887
CUST04173,บริษัท บริษัท ทำประดู่ จำกัด จำกัด,เกษรา นากกนก,ยะลา,03 715 3983
CUST04174,บริษัท ห้างหุ้นส่วนจำกัด ทุมะบุตร์ยานยนต์ จำกัด,สันติราษฎร์ นามเสวตร,แม่สอด,0 4760 7515
CUST04175,บริษัท บริษัท ธนูปกรณ์ จำกัด จำกัด,สิทธิชัย บุนยะตีรณะ,ตรัง,+664 878 3555
CUST04176,บริษัท ห้างหุ้นส่วนจำกัด ธนประทีป จำกัด,วิชชากร ตะละภัฏ,พิษณุโลก,+66 (0) 3180 9626
CUST04177,บริษัท บริษัท อุลหัสสาการค้า จำกัด จำกัด,นิมุ ถาวระวรณ์,ภูเก็ต,0 933 465 022
CUST04178,บริษัท บริษัท นิลวิมลมอเตอร์ จำกัด จำกัด,ภูวิช นฤภัย,นครสวรรค์,0-7177-8111
CUST04179,บริษัท บริษัท เดชคุ้มกรุ๊ป จำกัด จำกัด,รอซีด๊ะ เมืองสุข,ยะลา,0-5744-1309
CUST04180,บริษัท ดิศดในอินเตอร์เนชั่นแนล จำกัด,จันทภา ธรรมทินนา,ขอนแก่น,+66 (0) 5005 9889
CUST04181,บริษัท บริษัท จันทาเซอร์วิส จำกัด จำกัด,จิฬาภรณ์ ดำริห์ชอบ,สุราษฎร์ธานี,+667 984 5504
CUST04182,บริษัท ห้างหุ้นส่วนจำกัด ดุษฎีวนิช จำกัด,ยนงคราญ ธุวะนุติ์,เชียงราย,026203080
CUST04183,บริษัท หจก.ถนัดพิมพการ จำกัด,วันฉัตร ทับทิมไทย,สมุทรปราการ,+663 279 4789
CUST04184,บริษัท บัวเผื่อนแอนด์ซันส์ จำกัด,รัฐพงษ์ ไชยภา,นครปฐม,0 2066 0748
CUST04185,บริษัท บริษัท ถนัดอักษร จำกัด จำกัด,อินทรีย์ ทันยุค,อ้อมน้อย,+66 (0) 917 022 167
CUST04186,บริษัท บริษัท จันทา จำกัด จำกัด,พศร ทับทิมไทย,อุบลราชธานี,048 777734
CUST04187,บริษัท บริษัท ตัณสถิตย์ จำกัด จำกัด,สุภาลินี ทองปากน้ำ,พัทยา,0-4084-2829
CUST04188,บริษัท บริษัท อุลหัสสาวิศวกรรม จำกัด (มหาชน) จำกัด,มลิวรรณ นิลสลัว,นนทบุรี,+66 4461 3961
CUST04189,บริษัท ห้างหุ้นส่วนจำกัด วุฑฒยากร จำกัด,ปฐม นิลสลัว,นครสวรรค์,+66 (0) 4545 7049
CUST04190,บริษัท ดาตูและแต้กุล จำกัด,วณัฐดา อุ่นอก,ยะลา,04 687 4993
CUST04191,บริษัท ธนาคารบุตดาพืชผล จำกัด จำกัด,สิราพร ธรรมนิยม,นครศรีธรรมราช,097 648 0493
CUST04192,บริษัท บจก.นาควงษ์ยานยนต์ จำกัด,วิเชียร ถนอมพล,สมุทรปราการ,0-3408-7332
CUST04193,บริษัท บมจ.เนื่องนนท์อินเตอร์เนชั่นแนล จำกัด,มลิวรรณ นิยมธรรม,พระนครศรีอยุธยา,083-074-7107
CUST04194,บริษัท ห้างหุ้นส่วนจำกัด นาควงษ์เอนเตอรไพรส์ จำกัด,มูฮัมหมัดอิมรอน นิติสาขา,พระนครศรีอยุธยา,0 892 417 289
CUST04195,บริษัท บริษัท เลิศกิ่งอินเตอร์เนชั่นแนล จำกัด จำกัด,นารดา สุวรรณหงษ์,นครปฐม,+66 (0) 5298 5376
CUST04196,บริษัท บมจ.นุตตาร จำกัด,สุทธิพจน์ ทศโยธิน,หาดใหญ่,0-5035-9809
CUST04197,บริษัท บจก.หอมพิกุล จำกัด,พรรณปพร ดีตพันธุ์,พิษณุโลก,0-5544-3109
CUST04198,บริษัท ห้างหุ้นส่วนจำกัด แนวพนิชเซอร์วิส จำกัด,พิมพ์พิชญา คณานุรักษ์,พิษณุโลก,0 912 642 710
CUST04199,บริษัท บริษัท นฤทุกข์ จำกัด (มหาชน) จำกัด,กะดิรัตน์ ถมปัด,นนทบุรี,042 720250
CUST04200,บริษัท ห้างหุ้นส่วนจำกัด สันตะวงศ์ จำกัด,ธีรลักษณ์ ศรีอุ่น,เจ้าพระยาสุรศักดิ์,+667 924 2120
CUST04201,บริษัท ชมรมนักสำหรวจ จำกัด,วิกิจ มิ่งขวัญ,นนทบุรี,+66 975 106 511
CUST04202,บริษัท บริษัท นาควงษ์เอเยนซี จำกัด จำกัด,รชตกร นวลเพ็ง,ลำปาง,046-656996
CUST04203,บริษัท แท่นทองคอมพิวเตอร์ จำกัด,โสภา จ้อยนุแสง,แหลมฉบัง,023 138737
CUST04204,บริษัท บริษัท ทันยุคอุตสาหกรรม จำกัด จำกัด,นันทวรรณ แหยมศิริ,นครปฐม,07 564 5328
CUST04205,บริษัท บริษัท ผลบุญและเพื่อน จำกัด จำกัด,โชติวุฒิ อัตตนาถ,เชียงราย,05 833 7861
CUST04206,บริษัท บริษัท วิลาสินี จำกัด,สิรวัฒน์ หิรัญสาลี,ภูเก็ต,07 328 9461
CUST04207,บริษัท บริษัท สาระพันธ์และบุตร จำกัด จำกัด,อัครพนธ์ ปานสุวรรณ,นครสวรรค์,095-491-8668
CUST04208,บริษัท ซาซุมบรรจุภัณฑ์ จำกัด,พงษ์นเรศ ถาวรายุศม์,พระนครศรีอยุธยา,0 688 459 975
CUST04209,บริษัท ธนาคารถนอมมนุษย์ จำกัด จำกัด,เกียรติก้อง นาควงษ์,อุบลราชธานี,090 432 5270
CUST04210,บริษัท ชมรมธูปหอม จำกัด,ประสิทธิ์ ทศโยธิน,เกาะสมุย,021 686222
CUST04211,บริษัท บริษัท ถมปัด จำกัด จำกัด,หฤทัย ดำริห์ชอบ,ภูเก็ต,0 4025 8979
CUST04212,บริษัท บุญญาภิรมย์อุตสาหกรรม จำกัด,อณัฐตา ตราชู,ยะลา,+665 230 8193
CUST04213,บริษัท กุมารบุญ-ถุงเงิน จำกัด,เพชรมณี ตันตราจิณ,สงขลา,0 7210 3945
CUST04214,บริษัท บริษัท นิลวิมล จำกัด จำกัด,ฮามีย๊ะ กุมารบุญ,แม่สอด,+66 (0) 604 568 705
CUST04215,บริษัท บริษัท แนวพญา จำกัด จำกัด,อัษฏา ซาซุม,หาดใหญ่,+66 (0) 842 184 900
CUST04216,บริษัท บริษัท ขอหมั่นกลางเคมิคอล จำกัด จำกัด,ไพสิฐ ไสยกิจ,พิษณุโลก,051 139913
CUST04217,บริษัท มูลนิธิบุนยะศัพท์ จำกัด,วิถี ฉัตรอภิเที่ยงค่ำ,สงขลา,043 692730
CUST04218,บริษัท กองทุนรวมไม้แดง จำกัด จำกัด,อาแอเสาะ ตัณฑนุช,ระยอง,046-281466
CUST04219,บริษัท บริษัท จันอ้นมอเตอร์ จำกัด (มหาชน) จำกัด,อมัด ยาปะโลหิต,สมุทรสาคร,+66 642 849 818
CUST04220,บริษัท ห้างหุ้นส่วนจำกัด ตระกูลไม้เรียงจิวเวลรี่ จำกัด,พรชีวิน ทหารแท้,สกลนคร,+66 (0) 690 556 089
CUST04221,บริษัท บริษัท เลิศกิ่ง จำกัด จำกัด,ปัณณธร เพียยา,เชียงราย,+66 (0) 5723 3886
CUST04222,บริษัท แน่นดุจป้อมเอเยนซี จำกัด,ฐิติณัฐฐา ธูปหอม,นครราชสีมา,024316731
CUST04223,บริษัท ห้างหุ้นส่วนจำกัด สาระพันธ์พานิช จำกัด,กวาง ถนัดเดินข่าว,ยะลา,0 919 275 179
CUST04224,บริษัท บริษัท ฉายแสง จำกัด (มหาชน) จำกัด,สีหราช เขียวขุ้ย,รังสิต,0958692648
CUST04225,บริษัท บริษัท บัวเผื่อน จำกัด จำกัด,ธีรลักษณ์ ทวนทอง,นครราชสีมา,05 052 7993
CUST04226,บริษัท บริษัท ธัญเสถียร จำกัด จำกัด,สมมล ถนัดอาวุธ,อุบลราชธานี,0-7627-1269
CUST04227,บริษัท บริษัท เนื่องนนท์เอเยนซี จำกัด จำกัด,ชัชเวศย์ ถนัดภาษา,ระยอง,054630903
CUST04228,บริษัท ธนรักษ์-ศรีตะวัน จำกัด,ยศพงศ์ นับเนื่องนอ,นครปฐม,0602632310
CUST04229,บริษัท บริษัท ศรีเผด็จการช่าง จำกัด จำกัด,ณัฐญาดา นาถะเดชะ,พิษณุโลก,+66 (0) 3578 7137
CUST04230,บริษัท บจก.ขำเอนกเฟอร์นิเจอร์ จำกัด,ฐิติวุฒิ ศรีสัตย์,สมุทรสาคร,+66 992 365 558
CUST04231,บริษัท หจก.พรรษาสกุลซัพพลาย จำกัด,เกษตร ถนัดหัตถกรรม,พระนครศรีอยุธยา,+664 495 6993
CUST04232,บริษัท มูลนิธิบุญญาภิรมย์ จำกัด,ซูไรดา ตันเผ่า,แหลมฉบัง,+667 851 5674
CUST04233,บริษัท ชมรมพานเกล้า จำกัด,ณัฐญาดา ทองอยู่,พระนครศรีอยุธยา,+66 (0) 841 667 156
CUST04234,บริษัท หจก.นิลสุวรรณ์ จำกัด,นิมุ ถนัดหัตถกรรม,เชียงใหม่,+66 848 386 590
CUST04235,บริษัท สมาคมดัตพันธุ์ จำกัด,ณัฐจศักดิ์ ติณรัตน์,นครปฐม,+66 (0) 609 539 519
CUST04236,บริษัท ห้างหุ้นส่วนสามัญ ธัญาโภชน์ จำกัด,อเนชา ถะเกิงชศ,เกาะสมุย,0-2990-1925
CUST04237,บริษัท ห้างหุ้นส่วนจำกัด เดชคุ้ม จำกัด,รัฐพงษ์ หนุนสุข,สงขลา,07 313 3731
CUST04238,บริษัท หจก.ทองสุกเลิศ จำกัด,นันทวรรณ นาถะเดชะ,นนทบุรี,+66 7549 1797
CUST04239,บริษัท ห้างหุ้นส่วนจำกัด ธรรมทินนา จำกัด,จิตรลดา หอมพิกุล,เชียงราย,055-134416
CUST04240,บริษัท ห้างหุ้นส่วนสามัญ ดัตพันธุ์ จำกัด,ธีราทัต ทรงโกมล,สุราษฎร์ธานี,079 349049
CUST04241,บริษัท บริษัท แนวพนิชสโตร์ จำกัด (มหาชน) จำกัด,จิณภัทตา ทีฆะ,พระนครศรีอยุธยา,04 501 9605
CUST04242,บริษัท บมจ.ฉิมพาลีวิศวการ จำกัด,สิทธัญ วาทา,พัทยา,+66 (0) 7213 1816
CUST04243,บริษัท บมจ.ไทยสุชาต จำกัด,สหัสมณี ดาบเงิน,นครปฐม,051224662
CUST04244,บริษัท นากกนกการบัญชี จำกัด,สมพิศ นุตตาร,สมุทรปราการ,043 638089
CUST04245,บริษัท ทศโยธินโอสถ จำกัด,พิไลพร ดิศดใน,เชียงราย,093-536-0473
CUST04246,บริษัท ถมปัดเฟอร์นิเจอร์ จำกัด,อเนชา เช้าวันดี,สุราษฎร์ธานี,096-760-3948
CUST04247,บริษัท หจก.ร่มธิติรัตน์ซัพพลาย จำกัด,จริยฉัตร ธรรมสถิตไพศาล,หาดใหญ่,032 511137
CUST04248,บริษัท แก้วอยู่-ชำนาญวาด จำกัด,สมหมาย หอมพิกุล,สุราษฎร์ธานี,+66 (0) 696 167 011
CUST04249,บริษัท หจก.นกทอง จำกัด,นิติ ถนัดหัตถกรรม,เจ้าพระยาสุรศักดิ์,0 4907 2776
CUST04250,บริษัท หจก.ด้วงโสน จำกัด,ประเดิม ทองปากน้ำ,นครราชสีมา,+66 662 462 761
CUST04251,บริษัท บจก.นิลเสนาก่อสร้าง จำกัด,กิติวัฒน์ บุตราช,อุบลราชธานี,0-4473-9932
CUST04252,บริษัท บริษัท สุวรรณหงษ์มอเตอร์ จำกัด จำกัด,อชิตะวีร์ นิลสุวรรณ์,อุดรธานี,0941671625
CUST04253,บริษัท ยางสวยขนส่ง จำกัด,วรนาฎ ถนัดหัตถกรรม,แหลมฉบัง,052 674910
CUST04254,บริษัท ห้างหุ้นส่วนจำกัด ธูปหอม จำกัด,เกียรติก้อง บุตราช,สงขลา,+66 656 165 843
CUST04255,บริษัท แท่นทองและธัญเสถียร จำกัด,จักรพันธ์ คำลือ,นครปฐม,079 629664
CUST04256,บริษัท ดวงทับทิม-แต้กุล จำกัด,สุธินันท์ นิละทัต,เชียงราย,+66 (0) 5732 3510
CUST04257,บริษัท บริษัท ธรรมเมธาสโตร์ จำกัด จำกัด,อรพิณ บุญบำรุง,นครศรีธรรมราช,099 199 7335
CUST04258,บริษัท ห้างหุ้นส่วนจำกัด ธาราธรและบุตร จำกัด,ซุกรี แก้วชลคราม,นครปฐม,094 588 7175
CUST04259,บริษัท บริษัท ทวีเดชการบัญชี จำกัด จำกัด,ณิชนันท์ ถาวรายุศม์,ขอนแก่น,05 926 5372
CUST04260,บริษัท หจก.นิละทัต จำกัด,โสภา เตชะกำพุ,เจ้าพระยาสุรศักดิ์,+66 (0) 3210 9113
CUST04261,บริษัท ห้างหุ้นส่วนจำกัด นฤทุกข์ จำกัด,ธารา ตระกูลบุญ,เจ้าพระยาสุรศักดิ์,+66 (0) 7164 8088
CUST04262,บริษัท บมจ.สันตะวงศ์ จำกัด,นิรุตต์ ตวันเยี่ยม,พระนครศรีอยุธยา,+667 427 2444
CUST04263,บริษัท บริษัท เณรานุสนธิ์อุตสาหกรรม จำกัด จำกัด,ธัญญกัญญา พรรษาสกุล,ภูเก็ต,021-444648
CUST04264,บริษัท บริษัท ทุมะบุตร์สโตร์ จำกัด (มหาชน) จำกัด,เกียรติก้อง ดาวกระจาย,หาดใหญ่,0806026485
CUST04265,บริษัท งามพิเชษฐ์และธาราธร จำกัด,ยูซุฟ นิลวิมล,สมุทรสาคร,088 648 0686
CUST04266,บริษัท บริษัท หอมสิน จำกัด จำกัด,พัชรีนิษฐ์ ขอหมั่นกลาง,ระยอง,03 145 6880
CUST04267,บริษัท นิละทัต-ตันตราจิณ จำกัด,พีระพงศ์พันธ์ ธรรมทินนา,นนทบุรี,+66 3426 6485
CUST04268,บริษัท ทองลาภยานยนต์ จำกัด,สรรเพชญ์ ทองแท้,อุบลราชธานี,0-5613-2427
CUST04269,บริษัท ทรัพย์ธำรงค์แอนด์ซันส์ จำกัด,สุพัตร นุชแนวนุ่ม,สุราษฎร์ธานี,+66 652 352 175
CUST04270,บริษัท กองทุนรวมสังข์กรดเอ็นจิเนียริ่ง จำกัด (มหาชน) จำกัด,สุพัตร ตระกูลไม้เรียง,ระยอง,+66 958 606 788
CUST04271,บริษัท สมาคมศรีเผด็จ จำกัด,จีรยุทธ บุญญาไลย์,พิษณุโลก,0-3214-4588
CUST04272,บริษัท ดาบเพ็ชร์-ถนัดการยนต์ จำกัด,ศิริเกศ สงประเสริฐ,สมุทรสาคร,+66 (0) 858 812 067
CUST04273,บริษัท ตันยาและซาซุม จำกัด,นพรัตน์ ธัญาโภชน์,นครราชสีมา,02 878 4469
CUST04274,บริษัท ทศโยธิน-นวลเพ็ง จำกัด,หรรษา ธนรักษ์,พระนครศรีอยุธยา,+66 660 019 716
CUST04275,บริษัท บริษัท ถนอมกุลบุตร จำกัด (มหาชน) จำกัด,พันธุ์เทพ พงศ์ฉบับนภา,พระนครศรีอยุธยา,043973171
CUST04276,บริษัท สมาคมติระคมน์ จำกัด,คมกริบ ทองลาภ,ลำปาง,+66 816 292 814
CUST04277,บริษัท ห้างหุ้นส่วนจำกัด ศรีสัตย์ จำกัด,อุลัยพร ธนประทีป,ลำปาง,+665 116 4866
CUST04278,บริษัท บมจ.นักรบกลการ จำกัด,อับดุลเลาะห์ นวลเพ็ง,เกาะสมุย,0615737817
CUST04279,บริษัท บริษัท นักสำหรวจ จำกัด (มหาชน) จำกัด,วิพุธ เมืองสุข,สมุทรสาคร,+664 258 5465
CUST04280,บริษัท นิติสาขาและนาฏคายี จำกัด,ธัญญามาศ ทองปากน้ำ,ระยอง,0-3328-8145
CUST04281,บริษัท สันตะวงศ์การช่าง จำกัด,เมทนี ศรีเผด็จ,เชียงใหม่,+66 (0) 4920 1298
CUST04282,บริษัท หจก.ทหารแท้มอเตอร์ จำกัด,วิพุธ ถาวรรัตน,เจ้าพระยาสุรศักดิ์,+663 367 2154
CUST04283,บริษัท สมาคมยาปะโลหิต จำกัด,นราวรรณ ทองปากน้ำ,ปากเกร็ด,02 096 1127
CUST04284,บริษัท บริษัท ถุงเงิน จำกัด จำกัด,พิมพกานต์ บุณยะภาชน์,เชียงราย,023-198467
CUST04285,บริษัท ห้างหุ้นส่วนจำกัด เยาวธนโชค จำกัด,ตอฮา ประจันตะเสน,เกาะสมุย,+66 (0) 7225 0718
CUST04286,บริษัท บจก.ไม้แดงวิศวกรรม จำกัด,นวรรษนันท์ นพคเชนทร์,กรุงเทพมหานคร,+665 924 6233
CUST04287,บริษัท มูลนิธิตวันเยี่ยม จำกัด,ภานุพล ธรรมเมธา,สมุทรปราการ,0-5984-9660
CUST04288,บริษัท สมาคมทีฆะ จำกัด,พัชรีนิษฐ์ ดาวกระจาย,สมุทรสาคร,+667 639 8314
CUST04289,บริษัท พานเกล้าบริการ จำกัด,สีหราช นิลสุวรรณ์,รังสิต,+66 (0) 931 636 774
CUST04290,บริษัท บริษัท นพคเชนทร์เอนเตอรไพรส์ จำกัด (มหาชน) จำกัด,พิชญ์สินี ตระกูลบุญ,สุราษฎร์ธานี,+66 (0) 2073 5680
CUST04291,บริษัท มูลนิธิเวียงจันทึก จำกัด,สโรชา แต้กุล,ระยอง,084 993 4992
CUST04292,บริษัท บริษัท บินดีเทรดดิ้ง จำกัด จำกัด,ศศิรินทร์ นฤภัย,ตรัง,065 363 3271
CUST04293,บริษัท บริษัท ถนัดการเขียนการบัญชี จำกัด จำกัด,ปริญญา ดาบเพ็ชร์,เชียงราย,+66 (0) 904 792 168
CUST04294,บริษัท บริษัท ศรทอง จำกัด จำกัด,ถนอมชัย ไทไชโย,สกลนคร,093-395-9886
CUST04295,บริษัท แจ้งสว่างอะไหล่ยนต์ จำกัด,เฉลิมรัฐ จ้อยนุแสง,เชียงใหม่,+66 (0) 4684 4824
CUST04296,บริษัท หอมพิกุลและนวลเพ็ง จำกัด,บุญทิวา ถนัดการเขียน,นครสวรรค์,+66 3216 2559
CUST04297,บริษัท ห้างหุ้นส่วนจำกัด บุญญาไลย์วิศวการ จำกัด,ใกล้รุ่ง ตวงทอง,นครศรีธรรมราช,026 468822
CUST04298,บริษัท ชมรมหนักแน่น จำกัด,ปรายกานต์ ถนอมมนุษย์,รังสิต,064-310-2262
CUST04299,บริษัท บริษัท ศาสตร์ศิลป์และเพื่อน จำกัด จำกัด,สายสุรีย์ ศรีวงค์,อ้อมน้อย,0 3402 9836
CUST04300,บริษัท ห้างหุ้นส่วนสามัญ วุฑฒยากรเคมิคอล จำกัด,วิทูลย์ ตวันเยี่ยม,นครราชสีมา,04 319 5973
CUST04301,บริษัท บมจ.ทหารแท้ จำกัด,อำไพ แต้กุล,สงขลา,070654352
CUST04302,บริษัท บริษัท ราชมณี จำกัด จำกัด,ยุศรอน ฉิมพาลี,ตรัง,+66 932 305 570
CUST04303,บริษัท ห้างหุ้นส่วนสามัญ ถนัดภาษาพืชผล จำกัด,ฐิติกุล ถาวรายุศม์,พระนครศรีอยุธยา,0-3371-8731
CUST04304,บริษัท หนุนสุขและน้ำทิพย์ จำกัด,อนิวัฒน์ ถมปัด,แม่สอด,0 4548 9736
CUST04305,บริษัท บริษัท น้ำทิพย์โอสถ จำกัด จำกัด,เฉลิมรัตน์ ทีฆะ,ตรัง,075150460
CUST04306,บริษัท นามเสวตรโอสถ จำกัด,อุษณีย์ ติณรัตน์,ภูเก็ต,0 2736 2383
CUST04307,บริษัท บริษัท ทองอยู่ จำกัด,พันเทพ บุญศล,แหลมฉบัง,0-3385-1241
CUST04308,บริษัท บริษัท ฉัพพรรณธนกูร จำกัด จำกัด,บุญพา ด้วงโสน,นนทบุรี,+66 (0) 2125 2866
CUST04309,บริษัท บริษัท บุญญาภิรมย์ จำกัด (มหาชน) จำกัด,ใจกลาง สันตะวงศ์,แม่สอด,0 808 299 199
CUST04310,บริษัท หจก.นาถะพินธุ จำกัด,รมิตา ไทยแท้,หาดใหญ่,080 356 7453
CUST04311,บริษัท บริษัท ถนอมพล จำกัด จำกัด,ไมล์ ปรีชากุลเศรษฐ์,นครราชสีมา,035645912
CUST04312,บริษัท บจก.ถนัดหัตถกรรมและเพื่อน จำกัด,สมปอง นพคเชนทร์,อ้อมน้อย,0 3944 1425
CUST04313,บริษัท ห้างหุ้นส่วนจำกัด ไชยภาเฟอร์นิเจอร์ จำกัด,ปริญญา ประจันตะเสน,เชียงราย,041625453
CUST04314,บริษัท บมจ.ธนประทีปยานยนต์ จำกัด,จริยฉัตร ทัศนสุทธิ,แม่สอด,05 524 8517
CUST04315,บริษัท บริษัท ไสยกิจแลบ จำกัด จำกัด,รัฐพงษ์ ปรีชากุลเศรษฐ์,กรุงเทพมหานคร,0657189749
CUST04316,บริษัท หจก.เพียยาเทรดดิ้ง จำกัด,บุญเกิด ตระกูลไม้เรียง,สุราษฎร์ธานี,+66 897 432 583
CUST04317,บริษัท ห้างหุ้นส่วนสามัญ นุชแนวนุ่มเอเยนซี จำกัด,ภัคชนน นิยมธรรม,แหลมฉบัง,093 225 5754
CUST04318,บริษัท ห้างหุ้นส่วนสามัญ ถนัดการยนต์ จำกัด,ราชพฤกษ์ ทองอยู่,นครสวรรค์,07 489 7145
CUST04319,บริษัท สหภาพแรงงานตวงทอง จำกัด,ขอดิเยาะ นุ่มกัน,นนทบุรี,0 938 554 193
CUST04320,บริษัท สมาคมดุริยพันธุ์ จำกัด,พชรภรณ์ ตันยา,อุดรธานี,+667 326 0194
CUST04321,บริษัท ห้างหุ้นส่วนจำกัด ทวีเดช จำกัด,นาย สาระพันธ์,ปากเกร็ด,+665 806 7354
CUST04322,บริษัท บริษัท ตั้งรบ จำกัด (มหาชน) จำกัด,อเนชา นาคะนคร,เชียงใหม่,+66 (0) 2536 5837
CUST04323,บริษัท บริษัท จ้อยนุแสง จำกัด,ปิยะชาติ บุญบำรุง,พระนครศรีอยุธยา,0891026387
CUST04324,บริษัท บริษัท ถนัดการเขียนภาพยนตร์ จำกัด จำกัด,สหัสมณี ตรีครุธพันธุ์,แหลมฉบัง,0 948 064 534
CUST04325,บริษัท บจก.ทุมะบุตร์ จำกัด,สันชัย ถมปัด,เชียงใหม่,0-4857-3700
CUST04326,บริษัท บมจ.เณรานุสนธิ์ จำกัด,กิ่งแก้ว ธุวะนุติ์,อ้อมน้อย,081-456-0516
CUST04327,บริษัท บริษัท ศรีสัตย์ จำกัด จำกัด,ภานุวัตร แนวพญา,หาดใหญ่,+665 268 5787
CUST04328,บริษัท บจก.ธนรักษ์ จำกัด,มารุด นานายน,หาดใหญ่,090 092 8559
CUST04329,บริษัท ปานสุวรรณ-พรรษาสกุล จำกัด,อำไพ ทวนไชย์,สุราษฎร์ธานี,037093183
CUST04330,บริษัท เยาวธนโชคเคมิคอล จำกัด,เฉลิมพล แจ้งสว่าง,ระยอง,055063634
CUST04331,บริษัท บมจ.นิละทัตวิศวการ จำกัด,อริสรา หนุนสุข,ขอนแก่น,0 5976 6000
CUST04332,บริษัท ห้างหุ้นส่วนจำกัด ชุมวระก่อสร้าง จำกัด,ศิริญา ถนอมมนุษย์,ภูเก็ต,+66 4027 5687
CUST04333,บริษัท บริษัท เขียวขุ้ยกรุ๊ป จำกัด (มหาชน) จำกัด,นาทภูวพัฒน์ บุตดา,เกาะสมุย,0 995 542 681
CUST04334,บริษัท บริษัท ดิสกะประกายวิศวการ จำกัด จำกัด,ฮานาฟี วิลาสินี,ระยอง,0 4435 7333
CUST04335,บริษัท ห้างหุ้นส่วนสามัญ สุวรรณหงษ์เฟอนิชชิ่ง จำกัด,กิติชัย นามเสวตร,เกาะสมุย,084-258-4234
CUST04336,บริษัท นิลสลัวคอมมิวนิเคชั่น จำกัด,นราวรรณ ไทนิยม,อ้อมน้อย,+66 843 964 929
CUST04337,บริษัท ธนาคารหอมสินสโตร์ จำกัด (มหาชน) จำกัด,ยศพงศ์ บุตราช,ระยอง,+66 5219 9411
CUST04338,บริษัท ทวนทองอินเตอร์เนชั่นแนล จำกัด,นาตยา เนื้อนุ่ม,แหลมฉบัง,0 2531 5137
CUST04339,บริษัท หจก.นิลสลัวกรุ๊ป จำกัด,เฉลิมพล นรวิทย์โชติกุล,สมุทรสาคร,032-372177
CUST04340,บริษัท บริษัท น้ำทิพย์แลบ จำกัด จำกัด,อินทรีย์ ศาสตร์ศิลป์,นนทบุรี,+664 469 9000
CUST04341,บริษัท บริษัท เธียรายัน จำกัด จำกัด,พิมพ์พิชญา ธรรมเมธา,ปากเกร็ด,+66 (0) 3646 8302
CUST04342,บริษัท ทหารแท้-ดัตพันธุ์ จำกัด,ฌาฆีภัตฐ์ แท่นทอง,สกลนคร,+66 (0) 2950 6127
CUST04343,บริษัท หจก.วุฑฒยากรเฟอนิชชิ่ง จำกัด,ทิมาภรณ์ ศรีตะวัน,พิษณุโลก,0-3355-4624
CUST04344,บริษัท ห้างหุ้นส่วนจำกัด สังข์กรดการบัญชี จำกัด,จินต์จุฑา วาทา,นครสวรรค์,+66 4419 0243
CUST04345,บริษัท บริษัท ดาบเงินพืชผล จำกัด จำกัด,ยศพนต์ ไทนิยม,พระนครศรีอยุธยา,0 882 488 050
CUST04346,บริษัท บริษัท เธียรายันขนส่ง จำกัด จำกัด,ภารวี ดุริยพันธุ์,นครสวรรค์,0865721170
CUST04347,บริษัท บริษัท ดัตพันธุ์ จำกัด จำกัด,กิ่งแก้ว ผลบุญ,ระยอง,0 5917 6826
CUST04348,บริษัท หจก.ดวงทับทิมคอมมิวนิเคชั่น จำกัด,ทับทิม ฉัพพรรณธนกูร,แหลมฉบัง,+66 (0) 2837 2753
CUST04349,บริษัท ห้างหุ้นส่วนจำกัด ตัณฑนุช จำกัด,วิถี นิลสุวรรณ์,ระยอง,+66 (0) 5084 4568
CUST04350,บริษัท หจก.ทหารแท้ จำกัด,วณัฐดา โพธิสัตย์,ขอนแก่น,057 960408
CUST04351,บริษัท ทุมะบุตร์แอนด์ซันส์ จำกัด,ศศิยา ศาสตร์ศิลป์,เชียงใหม่,043502582
CUST04352,บริษัท สหภาพแรงงานดาบเงิน จำกัด,รวิวาน ถนัดการเขียน,หาดใหญ่,094-886-3892
CUST04353,บริษัท บริษัท ถนัดกลึงจิวเวลรี่ จำกัด จำกัด,พงษ์นเรศ เณรานุสนธิ์,นครสวรรค์,+66 (0) 689 092 973
CUST04354,บริษัท บริษัท คำลือมอเตอร์ จำกัด จำกัด,ณปภัช ดุริยพันธุ์,รังสิต,03 507 5217
CUST04355,บริษัท บริษัท นิลวรรณ จำกัด จำกัด,สมนึก วิลาสินี,สงขลา,093 780 6132
CUST04356,บริษัท บมจ.ถนัดอักษร จำกัด,ทัตธน นากกนก,เกาะสมุย,024 096508
CUST04357,บริษัท กุมารบุญและสาระพันธ์ จำกัด,ฌาฆีภัตฐ์ ถนัดการเขียน,แหลมฉบัง,05 272 6622
CUST04358,บริษัท บมจ.ธนรักษ์ จำกัด,จิราภรณ์ ไทนิยม,นครสวรรค์,+66 833 938 655
CUST04359,บริษัท บริษัท ธรรมสถิตไพศาลการบัญชี จำกัด จำกัด,เกียรติศักดิ์ นาควงษ์,เกาะสมุย,0 2101 1362
CUST04360,บริษัท สาระพันธ์และจ้อยนุแสง จำกัด,ดารุนี ถาวระวรณ์,รังสิต,062 178 3260
CUST04361,บริษัท บริษัท บุญญาภิรมย์ จำกัด จำกัด,โอภาส ดวงทับทิม,ลำปาง,+66 857 003 744
CUST04362,บริษัท ถนิมมาศพืชผล จำกัด,ปฐม เตมิยะเดช,ยะลา,086-937-9302
CUST04363,บริษัท บริษัท สังข์กรดเอ็นจิเนียริ่ง จำกัด จำกัด,พิพิธธน อุ่นอก,ระยอง,092 931 9054
CUST04364,บริษัท ชมรมนครเทพ จำกัด,พิศพรรณ นพคเชนทร์,พัทยา,07 494 6039
CUST04365,บริษัท ชมรมตะละภัฏ จำกัด,สุกฤษตา โพธิสัตย์,กรุงเทพมหานคร,03 557 1021
CUST04366,บริษัท บริษัท ตระกูลบุญจิวเวลรี่ จำกัด จำกัด,บุญทิวา ศรีวงค์,แม่สอด,030-412106
CUST04367,บริษัท ดาวกระจายและเลขะพันธุ์ จำกัด,วิเชียร ถนิมมาศ,นนทบุรี,+66 966 463 103
CUST04368,บริษัท บริษัท ติณรัตน์อินเตอร์เนชั่นแนล จำกัด จำกัด,อลิษา ถ้วนศรี,นครปฐม,+66 5624 4107
CUST04369,บริษัท ห้างหุ้นส่วนจำกัด ตราชู จำกัด,สุพนธ์ ดาวอร่าม,นนทบุรี,04 467 6200
CUST04370,บริษัท บจก.ศรีธนะเวทย์อะไหล่ยนต์ จำกัด,สิราพร นิลวรรณ,สมุทรสาคร,034410255
CUST04371,บริษัท หจก.ถนัดการเขียนพานิช จำกัด,กรพนธ์ นวลเพ็ง,พิษณุโลก,0847447052
CUST04372,บริษัท ห้างหุ้นส่วนสามัญ เจริญรัมย์ จำกัด,ปัณณวัชร เลิศกิ่ง,สมุทรปราการ,+66 (0) 2271 1967
CUST04373,บริษัท บริษัท ธรรมฤดีแลบ จำกัด จำกัด,ผกาทิพย์ คณานุรักษ์,แหลมฉบัง,089-326-0391
CUST04374,บริษัท บริษัท ศรีอุ่นคอนสตรัคชั่น จำกัด จำกัด,นิรุตต์ มิ่งขวัญ,กรุงเทพมหานคร,0 5944 3973
CUST04375,บริษัท บริษัท เนื่องนนท์ จำกัด จำกัด,นพ เขียวอ่อน,พิษณุโลก,0-7558-3352
CUST04376,บริษัท ดวงทับทิมคอมมิวนิเคชั่น จำกัด,คมกริบ นาคสุทิน,นนทบุรี,057-350022
CUST04377,บริษัท ห้างหุ้นส่วนจำกัด เยาวธนโชค จำกัด,สิริ ถุงเงิน,สุราษฎร์ธานี,026580843
CUST04378,บริษัท บริษัท ทีฆะ จำกัด จำกัด,สุรนัย เนื้อนุ่ม,พัทยา,092 057 9037
CUST04379,บริษัท ห้างหุ้นส่วนสามัญ เตมิยะเดช จำกัด,รอกีเย๊าะ ร่มธิติรัตน์,รังสิต,0-7576-5892
CUST04380,บริษัท บริษัท บุตราช จำกัด จำกัด,จุฑารัตน์ ถาวระวรณ์,ระยอง,+66 4887 5889
CUST04381,บริษัท บริษัท ศรีตะวันและบุตร จำกัด จำกัด,จิฬาภรณ์ ถนัดการเขียน,เกาะสมุย,+667 555 5745
CUST04382,บริษัท บริษัท สาระพันธ์ จำกัด จำกัด,แปลง เมืองสุข,พัทยา,060 910 3785
CUST04383,บริษัท ห้างหุ้นส่วนจำกัด บุนยะตีรณะเซอร์วิส จำกัด,วิกิจ สุวรรณหงษ์,เกาะสมุย,+664 151 7712
CUST04384,บริษัท บริษัท นิติสาขา จำกัด จำกัด,ยุลิน หนุนสุข,เชียงใหม่,0 5728 1364
CUST04385,บริษัท ชมรมปานสุวรรณ จำกัด,มนรัตน์ ตรีเภรินทร์,สมุทรปราการ,0 2542 3384
CUST04386,บริษัท บจก.คำลือการบัญชี จำกัด,น้ำเพชร ซาซุม,ปากเกร็ด,063 517 1543
CUST04387,บริษัท ทีฆะ-ทรงโกมล จำกัด,ยุศรอน แนวพนิช,หาดใหญ่,047 569896
CUST04388,บริษัท นาฏคายีวิศวกรรม จำกัด,พิศพรรณ ถนัดการยนต์,พระนครศรีอยุธยา,0 7861 3230
CUST04389,บริษัท ห้างหุ้นส่วนสามัญ ดัตพันธุ์โอสถ จำกัด,ณปภัช ธาราธร,นครราชสีมา,+66 5997 4862
CUST04390,บริษัท บริษัท สุวรรณหงษ์ จำกัด จำกัด,ทิพย์วารี ถ้วนศรี,แม่สอด,029 823514
CUST04391,บริษัท ชมรมตันเผ่า จำกัด,วิเชียร ถนัดรักษา,เกาะสมุย,089-644-9249
CUST04392,บริษัท ห้างหุ้นส่วนสามัญ มนทองเทรดดิ้ง จำกัด,พิมพ์พิชญา นุชแนวนุ่ม,กรุงเทพมหานคร,+66 (0) 5578 1728
CUST04393,บริษัท บริษัท ธัญเสถียรภาพยนตร์ จำกัด จำกัด,ธาเอก สันตะวงศ์,สงขลา,050 159178
CUST04394,บริษัท บมจ.นิระหานี จำกัด,ฮามีย๊ะ นามขำ,สงขลา,032631172
CUST04395,บริษัท ชมรมตราชู จำกัด,สุรการณ์ ทรัพย์สาร,พัทยา,0 7834 3146
CUST04396,บริษัท บริษัท นุชแนวนุ่ม จำกัด จำกัด,กษิดิฐ ทองสุกเลิศ,อ้อมน้อย,071 401415
CUST04397,บริษัท ห้างหุ้นส่วนจำกัด บุตราช จำกัด,สายสุรีย์ ไชยภา,หาดใหญ่,034 041220
CUST04398,บริษัท บริษัท ไม้แดง จำกัด จำกัด,กิติชัย นะวะมันดร,สงขลา,086-282-9669
CUST04399,บริษัท บริษัท หอมพิกุล จำกัด จำกัด,ดวงสมร ศรีธนะเวทย์,พัทยา,05 509 4302
CUST04400,บริษัท หจก.ตระกูลบุญ จำกัด,อัครพนธ์ ขุนดำ,พระนครศรีอยุธยา,074 309375
CUST04401,บริษัท บริษัท ศรีวงค์บรรจุภัณฑ์ จำกัด จำกัด,อนิวัฒน์ บุนยาภิสนท์,รังสิต,0 829 756 969
CUST04402,บริษัท บริษัท นพคเชนทร์ จำกัด จำกัด,วรศาสส์ แน่นดุจป้อม,ขอนแก่น,+66 (0) 984 463 515
CUST04403,บริษัท หจก.ทวนทอง จำกัด,ภัทรนาฎ วาทา,สมุทรสาคร,+665 548 1991
CUST04404,บริษัท นฤภัยและตรีครุธพันธุ์ จำกัด,ปัณณธร นะวะมันดร,กรุงเทพมหานคร,+662 044 3755
CUST04405,บริษัท บริษัท หอมสินการค้า จำกัด จำกัด,พาสุข ตระกูลไม้เรียง,หาดใหญ่,+66 (0) 7358 3202
CUST04406,บริษัท หจก.ชุมวระ จำกัด,ศุภชัย ถะเกิงชศ,ระยอง,+665 787 6471
CUST04407,บริษัท บริษัท ทองปากน้ำ จำกัด จำกัด,ภาสินี แน่นดุจป้อม,ภูเก็ต,032550903
CUST04408,บริษัท สมาคมวิลาสินี จำกัด,สมเกียรติ นฤทุกข์,สงขลา,+663 512 6106
CUST04409,บริษัท บริษัท เช้าวันดีจิวเวลรี่ จำกัด จำกัด,น้ำเพชร สังข์กรด,รังสิต,+664 142 8053
CUST04410,บริษัท ห้างหุ้นส่วนจำกัด ตัณสถิตย์มอเตอร์ จำกัด,กันตวรรณ ศรีสัตย์,เกาะสมุย,0 7107 8440
CUST04411,บริษัท หจก.สันตะวงศ์ จำกัด,รชตกร บุญญาภิรมย์,เชียงใหม่,0 7302 5333
CUST04412,บริษัท บริษัท ถนัดภาษาอุตสาหกรรม จำกัด (มหาชน) จำกัด,เฉลิมรัฐ ถนัดเดินข่าว,สมุทรสาคร,0 4857 7823
CUST04413,บริษัท ฉายแสงเคมิคอล จำกัด,หรรษธร ซาซุม,อ้อมน้อย,075 296260
CUST04414,บริษัท บริษัท นามเสวตร จำกัด จำกัด,ธมลพรรณ ธนูปกรณ์,ภูเก็ต,0-7376-6469
CUST04415,บริษัท ผลบุญและเจริญรัมย์ จำกัด,พรรณปพร ถนัดการเขียน,ตรัง,030-224155
CUST04416,บริษัท บริษัท ถนัดกลึงโอสถ จำกัด จำกัด,ชัชเวศย์ ตวันเยี่ยม,อุบลราชธานี,05 649 0768
CUST04417,บริษัท บมจ.ถิรสวัสดิ์กรุ๊ป จำกัด,ศิริเกศ อัตตนาถ,ขอนแก่น,+66 (0) 698 328 925
CUST04418,บริษัท ห้างหุ้นส่วนจำกัด ธรรมสถิตไพศาลก่อสร้าง จำกัด,ใกล้รุ่ง นิติสาขา,กรุงเทพมหานคร,024-430819
CUST04419,บริษัท บจก.ตั้งกุลงามโอสถ จำกัด,อรุณี หนุนสุข,นครราชสีมา,059 029085
CUST04420,บริษัท ห้างหุ้นส่วนจำกัด นุตตารการค้า จำกัด,ปริญญา ดาบเพ็ชร์,เชียงใหม่,065 134 2611
CUST04421,บริษัท บริษัท ดาบเพ็ชร์ จำกัด จำกัด,รอกีเย๊าะ เขียวขุ้ย,สมุทรปราการ,0-3130-5396
CUST04422,บริษัท บจก.ถนัดกลึง จำกัด,จักรพันธ์ ตั้งรบ,เชียงราย,059 775220
CUST04423,บริษัท บริษัท นักรบและบุตร จำกัด จำกัด,กฤตพร เลขะพันธุ์,นนทบุรี,0 7966 7026
CUST04424,บริษัท บริษัท ทองเนื้อดี จำกัด จำกัด,จิราภรณ์ บัวเผื่อน,แหลมฉบัง,053 849965
CUST04425,บริษัท หจก.ติระคมน์ จำกัด,ศศิยา ถนัดการยนต์,สมุทรสาคร,023-771096
CUST04426,บริษัท บริษัท นักรบเฟอร์นิเจอร์ จำกัด จำกัด,อชิตะวีร์ ซาซุม,นนทบุรี,+66 (0) 7979 5656
CUST04427,บริษัท ห้างหุ้นส่วนจำกัด บุญบำรุงบริการ จำกัด,ธีริสรา ทวนไชย์,ปากเกร็ด,+66 (0) 5881 2320
CUST04428,บริษัท มูลนิธิธรรมนิยม จำกัด,สุรธัช ตวงทอง,พัทยา,+66 969 800 259
CUST04429,บริษัท ห้างหุ้นส่วนจำกัด ไทนิยม จำกัด,ทวีวัฒน์ นิลสลัว,รังสิต,092 656 0270
CUST04430,บริษัท บริษัท ถนอมมนุษย์ จำกัด จำกัด,อธิวัตร ถนัดรักษา,สุราษฎร์ธานี,094-897-1134
CUST04431,บริษัท ห้างหุ้นส่วนจำกัด นะวะมันดรเทรดดิ้ง จำกัด,พิพิธธน แท่นทอง,หาดใหญ่,+66 7523 4955
CUST04432,บริษัท บริษัท เธียรายัน จำกัด,บุญนพ สาระพันธ์,เชียงราย,0875396051
CUST04433,บริษัท ทวนทองและถนอมมนุษย์ จำกัด,พลภูมิ นาถะพินธุ,ตรัง,053-196483
CUST04434,บริษัท บจก.ดาวอร่าม จำกัด,หลี มนทอง,อุดรธานี,0-5245-8523
CUST04435,บริษัท จ้อยนุแสงขนส่ง จำกัด,สุภาลินี ถนัดกลึง,รังสิต,062 976 4466
CUST04436,บริษัท บจก.นรวิทย์โชติกุล จำกัด,ใกล้รุ่ง สงประเสริฐ,ภูเก็ต,+66 (0) 924 003 310
CUST04437,บริษัท หจก.บุนยะตีรณะ จำกัด,กิติวัฒน์ ธรรมเมธา,อ้อมน้อย,0 2341 7399
CUST04438,บริษัท บริษัท แน่นดุจป้อม จำกัด จำกัด,วาร์มูฮำหมัด ถนัดภาษา,กรุงเทพมหานคร,0-5955-4568
CUST04439,บริษัท หจก.ชำนาญวาดกลการ จำกัด,ศภัคชคง ถนอมมนุษย์,เกาะสมุย,07 969 7095
CUST04440,บริษัท ฉายแสงยานยนต์ จำกัด,พงษ์นเรศ ถนอมพล,สกลนคร,0-5480-6388
CUST04441,บริษัท บริษัท บินดี จำกัด จำกัด,สุปรานี นฤทุกข์,เชียงใหม่,+66 850 012 923
CUST04442,บริษัท บริษัท ชำนาญวาดขนส่ง จำกัด จำกัด,ฮานาฟี ปานสุวรรณ,ยะลา,072716499
CUST04443,บริษัท บจก.นาคพันธุ์เฟอนิชชิ่ง จำกัด,วันฉัตร ดิสกะประกาย,อุบลราชธานี,0 613 563 816
CUST04444,บริษัท บจก.นพตระกูล จำกัด,ภูวิช นพคเชนทร์,พัทยา,07 228 9708
CUST04445,บริษัท บริษัท ธรรมสถิตไพศาลเอนเตอรไพรส์ จำกัด จำกัด,ธีรวุฒิ ถุงเงิน,ยะลา,+66 7925 0231
CUST04446,บริษัท บริษัท บินดีสโตร์ จำกัด จำกัด,พัสวี นิละทัต,เกาะสมุย,04 815 1706
CUST04447,บริษัท บมจ.ธัญเสถียรโอสถ จำกัด,อธิตยา ไตรบรรพ,นครสวรรค์,+66 852 762 091
CUST04448,บริษัท บริษัท เพียยากลการ จำกัด จำกัด,ภาสินี ตรีเภรินทร์,ขอนแก่น,+66 (0) 681 460 268
CUST04449,บริษัท สมาคมเขียวขุ้ย จำกัด,นาวีตา นะวะมันดร,นครปฐม,090-657-4120
CUST04450,บริษัท บริษัท นวลฉวี จำกัด จำกัด,บุญเกิด ทัศนสุทธิ,อุบลราชธานี,+665 433 1484
CUST04451,บริษัท บริษัท ทัศนสุทธิการช่าง จำกัด จำกัด,วรรณกร นิยมสำหรวจ,ปากเกร็ด,0-3708-9047
CUST04452,บริษัท บจก.ทับทิมไทย จำกัด,สุพนธ์ ธูปะวิโรจน์,สมุทรปราการ,057 578405
CUST04453,บริษัท หจก.นฤภัยอิมปอร์ตเอ็กซปอร์ต จำกัด,วรดาพร ไตรบรรพ,กรุงเทพมหานคร,+66 (0) 2725 9193
CUST04454,บริษัท บริษัท นาฏคายี จำกัด จำกัด,วรรณาต จันทา,เชียงใหม่,+664 921 7540
CUST04455,บริษัท นิยมเซียมอิมปอร์ตเอ็กซปอร์ต จำกัด,นิติ คำลือ,เชียงใหม่,0684177699
CUST04456,บริษัท บริษัท ไสยกิจ จำกัด,วิชา ติณรัตน์,กรุงเทพมหานคร,0-4201-4129
CUST04457,บริษัท สหภาพแรงงานตันยา จำกัด,พิมพ์สุตา เจริญรัมย์,เชียงราย,0 828 079 532
CUST04458,บริษัท ยะผาแพคกิ้ง จำกัด,ประภัทร์สรณ์ เณรานุสนธิ์,พิษณุโลก,0 7110 5231
CUST04459,บริษัท บริษัท แน่นดุจป้อม จำกัด จำกัด,อธิตยา เพียยา,ระยอง,+66 2474 3619
CUST04460,บริษัท บริษัท นามเสวตรการช่าง จำกัด จำกัด,นวรรษนันท์ ศรีธนะเวทย์,กรุงเทพมหานคร,077-440583
CUST04461,บริษัท บริษัท สุวรรณหงษ์ จำกัด (มหาชน) จำกัด,รอซีด๊ะ ถาวรรัตน,สุราษฎร์ธานี,0684452608
CUST04462,บริษัท ห้างหุ้นส่วนจำกัด บินดี จำกัด,วรดาพร ทีฆะ,สมุทรสาคร,+66 (0) 847 541 015
CUST04463,บริษัท ห้างหุ้นส่วนจำกัด แต้กุล จำกัด,ดารุนี ธนูปกรณ์,สกลนคร,07 524 2567
CUST04464,บริษัท ห้างหุ้นส่วนจำกัด พีระเพ็ญกุลอะไหล่ยนต์ จำกัด,ฮาฟิต ดวงทับทิม,เชียงราย,+66 4303 9507
CUST04465,บริษัท เลขะพันธุ์มอเตอร์ จำกัด,อภิลักษณ์ เลิศกิ่ง,เจ้าพระยาสุรศักดิ์,045126850
CUST04466,บริษัท บมจ.นิลวิมลและบุตร จำกัด,ปัญญาพร ประจันตะเสน,อุบลราชธานี,0-2387-1527
CUST04467,บริษัท บริษัท ศรีวงค์ จำกัด (มหาชน) จำกัด,พิมพกานต์ สงประเสริฐ,นครปฐม,+66 677 201 623
CUST04468,บริษัท ทวีเดชภาพยนตร์ จำกัด,เนติลักษณ์ ศรีธนะเวทย์,นครราชสีมา,081 612 1936
CUST04469,บริษัท ตั้งรบโอสถ จำกัด,จักรพันธ์ ธนูปกรณ์,กรุงเทพมหานคร,0 5082 5872
CUST04470,บริษัท ห้างหุ้นส่วนจำกัด ถมปัดมอเตอร์ จำกัด,บุญญกัลป์ ภูภักดี,อ้อมน้อย,+66 (0) 676 614 710
CUST04471,บริษัท บริษัท โพธิสัตย์การค้า จำกัด จำกัด,เพ็ญพรรษา ทหารแท้,พัทยา,097-522-6790
CUST04472,บริษัท เนื้อนุ่มและไชยภา จำกัด,ศิริเกศ ยะผา,พระนครศรีอยุธยา,0-5434-9494
CUST04473,บริษัท บริษัท ฉายแสงพานิช จำกัด จำกัด,เบญญาทิพย์ ตั้งรบ,อ้อมน้อย,+667 344 6654
CUST04474,บริษัท หจก.ทองลาภโอสถ จำกัด,พรเบญญา เตชะกำพุ,กรุงเทพมหานคร,0-2040-9946
CUST04475,บริษัท บริษัท จ้อยนุแสง จำกัด จำกัด,สมหมาย ประจันตะเสน,ปากเกร็ด,028 929771
CUST04476,บริษัท บริษัท ตระกูลบุญ จำกัด จำกัด,คณภรณ์ นักสำหรวจ,รังสิต,+66 850 719 681
CUST04477,บริษัท บริษัท ทับทิมไทย จำกัด (มหาชน) จำกัด,จิณภัทตา ธุวะนุติ์,พิษณุโลก,044 533507
CUST04478,บริษัท ห้างหุ้นส่วนจำกัด หนักแน่นบรรจุภัณฑ์ จำกัด,จีรยุทธ อุ่นอก,นครสวรรค์,069 364 0212
CUST04479,บริษัท ห้างหุ้นส่วนจำกัด เยาวธนโชค จำกัด,รมิตา ขันธุลา,หาดใหญ่,064 995 8983
CUST04480,บริษัท บัวเผื่อนและนกทอง จำกัด,สุธาวี ทองสินธุ์,อุดรธานี,+66 (0) 880 164 339
CUST04481,บริษัท บริษัท ทรงโกมล จำกัด จำกัด,กวาง ไสยกิจ,กรุงเทพมหานคร,04 944 3343
CUST04482,บริษัท ธนาคารนิยมเซียมอุตสาหกรรม จำกัด (มหาชน) จำกัด,ทับทิม จันอ้น,สมุทรปราการ,030591323
CUST04483,บริษัท ห้างหุ้นส่วนสามัญ นรวิทย์โชติกุล จำกัด,ทวีวัฒน์ แก้วชลคราม,อุดรธานี,0 3462 4661
CUST04484,บริษัท นับเนื่องนอขนส่ง จำกัด,วุฒิ พรสีมา,เกาะสมุย,+66 (0) 5385 4127
CUST04485,บริษัท บริษัท ทองประดิฐ จำกัด (มหาชน) จำกัด,ศุภาศิล ซูสารอ,แหลมฉบัง,028 210684
CUST04486,บริษัท บริษัท ทองปากน้ำบริการ จำกัด จำกัด,สันติราษฎร์ ฉายแสง,กรุงเทพมหานคร,064 508 0814
CUST04487,บริษัท บริษัท ดาวกระจาย จำกัด จำกัด,ภูวิช ถนัดกลึง,เจ้าพระยาสุรศักดิ์,03 365 5054
CUST04488,บริษัท บมจ.ทองสุกเลิศการค้า จำกัด,ชัชเวศย์ ปรีชากุลเศรษฐ์,นนทบุรี,042 538315
CUST04489,บริษัท บมจ.พรสีมาก่อสร้าง จำกัด,เรืองเกียรติ ไสยกิจ,นครศรีธรรมราช,033 165292
CUST04490,บริษัท บริษัท เจริญรัมย์วิศวกรรม จำกัด (มหาชน) จำกัด,ศิริเกศ น้ำทิพย์,นครราชสีมา,061 585 9262
CUST04491,บริษัท บริษัท คำลือ จำกัด จำกัด,รชตกร ตันเผ่า,ยะลา,+662 387 6032
CUST04492,บริษัท ห้างหุ้นส่วนจำกัด นิลเสนาอุตสาหกรรม จำกัด,วุฒิ บัวเผื่อน,แหลมฉบัง,07 031 2116
CUST04493,บริษัท ไทยแท้-ทองอยู่ จำกัด,ซูไรดา ถนัดพิมพการ,ภูเก็ต,064-818-7517
CUST04494,บริษัท หจก.ถนัดหัตถกรรม จำกัด,ทินวัฒน์ ตระกูลบุญ,กรุงเทพมหานคร,056-107666
CUST04495,บริษัท บุญบำรุงคอนสตรัคชั่น จำกัด,สราญจิตต์ นาคสุทิน,อ้อมน้อย,048362691
CUST04496,บริษัท บมจ.แนวพญาซัพพลาย จำกัด,อรพิณ นุ่มกัน,นครศรีธรรมราช,+66 (0) 5866 2686
CUST04497,บริษัท บริษัท บุญส่งกรุ๊ป จำกัด จำกัด,อดิสรณ์ ทรัพย์ธำรงค์,สุราษฎร์ธานี,0 3400 9065
CUST04498,บริษัท บจก.ถนัดกลึง จำกัด,ภานุวัตร นับเนื่องนอ,สมุทรปราการ,0-7652-2774
CUST04499,บริษัท บุณยะภาชน์และโพธิสัตย์ จำกัด,วิถี ถุงเงิน,นครปฐม,0 5106 1607
CUST04500,บริษัท บจก.นฤภัย จำกัด,ทวีวัฒน์ ถาวรายุศม์,ขอนแก่น,+66 4589 6159
CUST04501,บริษัท ตรีครุธพันธุ์โอสถ จำกัด,อุลัยพร ศรีตะวัน,รังสิต,0 3782 4561
CUST04502,บริษัท ห้างหุ้นส่วนจำกัด ดาบเพ็ชร์ จำกัด,วรินทธิ์ธร นกทอง,พระนครศรีอยุธยา,+66 3599 2278
CUST04503,บริษัท ดาวกระจายโอสถ จำกัด,จด ธรรมเมธา,พระนครศรีอยุธยา,+66 (0) 816 974 337
CUST04504,บริษัท บมจ.จ้อยนุแสง จำกัด,มลิวรรณ ศาสตร์ศิลป์,สุราษฎร์ธานี,0-4174-6134
CUST04505,บริษัท หจก.ทองแท้ จำกัด,ทรรศนชัย นฤทุกข์,อุบลราชธานี,+66 3051 9240
CUST04506,บริษัท หจก.นิษประปัญจ์โอสถ จำกัด,เชิงชาย เนื้อนุ่ม,ระยอง,+66 692 525 149
CUST04507,บริษัท บริษัท ธัญเสถียร จำกัด จำกัด,ณัฐวรินทร นากกนก,สงขลา,0-5012-6041
CUST04508,บริษัท ห้างหุ้นส่วนจำกัด ตัณฑนุชสโตร์ จำกัด,เพทาย ไชยภา,สมุทรปราการ,+66 (0) 5820 5978
CUST04509,บริษัท นาคพันธุ์ยานยนต์ จำกัด,ทองรัตน์ ขำเอนก,แม่สอด,034 447944
CUST04510,บริษัท นากกนกเทรดดิ้ง จำกัด,จีรยุทธ สังข์กรด,แหลมฉบัง,071 283252
CUST04511,บริษัท บริษัท จ้อยนุแสง จำกัด จำกัด,ยูซุฟ ไทยสุชาต,เชียงราย,+665 342 9582
CUST04512,บริษัท ห้างหุ้นส่วนจำกัด ขอหมั่นกลาง จำกัด,ประสิทธิ์ แต้กุล,นนทบุรี,0 5691 8030
CUST04513,บริษัท หจก.ถนัดหัตถกรรมพานิช จำกัด,กะดิรัตน์ ทำประดู่,นครราชสีมา,052-070181
CUST04514,บริษัท ห้างหุ้นส่วนจำกัด ทีฆะแลบ จำกัด,ภานุวัตร ผลบุญ,ปากเกร็ด,0 2875 5567
CUST04515,บริษัท ชมรมหอมสิน จำกัด,มะลีวัลย์ เดชวา,รังสิต,+66 7161 1103
CUST04516,บริษัท บริษัท นิยมเซียมแลบ จำกัด จำกัด,ประภัทร์สรณ์ เยาวธนโชค,เกาะสมุย,+665 344 7331
CUST04517,บริษัท แก้วชลครามและทองอยู่ จำกัด,ประสิทธิ์ นครเทพ,ลำปาง,+66 (0) 970 870 970
CUST04518,บริษัท ห้างหุ้นส่วนจำกัด วาทาเทรดดิ้ง จำกัด,ปุณณรัตน์ ถนอมกุลบุตร,สงขลา,+66 5872 7747
CUST04519,บริษัท หจก.บุตดา จำกัด,วีรชัย นิลวรรณ,สุราษฎร์ธานี,097-358-5513
CUST04520,บริษัท ห้างหุ้นส่วนสามัญ แจ้งสว่าง จำกัด,อัษฏา ถมปัด,ยะลา,086-245-7600
CUST04521,บริษัท มูลนิธินาคสุทิน จำกัด,นภนต์ มิ่งขวัญ,นครปฐม,02 604 8338
CUST04522,บริษัท ดิศดใน-เดชคุ้ม จำกัด,ไชยภพ เยาวธนโชค,เจ้าพระยาสุรศักดิ์,03 322 2596
CUST04523,บริษัท บริษัท นุ่มกัน จำกัด จำกัด,พศร ทวนทอง,พัทยา,0-5986-3736
CUST04524,บริษัท ห้างหุ้นส่วนจำกัด นครเทพกรุ๊ป จำกัด,ธมน นาคะนคร,ตรัง,02 465 1749
CUST04525,บริษัท บมจ.ทับทิมไทย จำกัด,ไชยภพ ถนัดกลึง,อุบลราชธานี,+665 330 3600
CUST04526,บริษัท นิยมธรรมและโพธิสัตย์ จำกัด,อาซือมะ ธนรักษ์,เกาะสมุย,076 858274
CUST04527,บริษัท บริษัท ธรรมฤดี จำกัด จำกัด,ณภัทร จันทา,หาดใหญ่,0 3475 9751
CUST04528,บริษัท ธนูปกรณ์การค้า จำกัด,นรีรัตน์ เลิศกิ่ง,แม่สอด,069-978-3838
CUST04529,บริษัท บริษัท ธัญาโภชน์ จำกัด จำกัด,ณัฐพิชา ธนประทีป,นครราชสีมา,063-492-2819
CUST04530,บริษัท บริษัท ทรงโกมล จำกัด จำกัด,สุรการณ์ อัตตนาถ,ปากเกร็ด,+66 (0) 893 374 618
CUST04531,บริษัท ห้างหุ้นส่วนสามัญ เวียงจันทึกเอเยนซี จำกัด,ภูวฤณ วิลาสินี,นครปฐม,085-242-6509
CUST04532,บริษัท บริษัท วุฑฒยากรเอเยนซี จำกัด (มหาชน) จำกัด,บุญทิวา นับเนื่องนอ,อุดรธานี,05 647 9278
CUST04533,บริษัท ห้างหุ้นส่วนจำกัด เขียวอ่อนก่อสร้าง จำกัด,อาภัศรา เขียวอ่อน,พระนครศรีอยุธยา,083-454-3530
CUST04534,บริษัท บริษัท นพคเชนทร์มอเตอร์ จำกัด จำกัด,สุทธิพจน์ ทองแท้,รังสิต,0-2731-1353
CUST04535,บริษัท มูลนิธิชุมวระ จำกัด,สิริ ยะผา,แหลมฉบัง,+66 (0) 608 001 034
CUST04536,บริษัท บริษัท นาคสุทินมอเตอร์ จำกัด จำกัด,ชัญญานุนาย ติณรัตน์,แม่สอด,092-681-8738
CUST04537,บริษัท บริษัท ศรีอุ่นสโตร์ จำกัด จำกัด,สุพัตรา บุนยาภิสนท์,อุดรธานี,+662 815 3996
CUST04538,บริษัท ห้างหุ้นส่วนจำกัด เนตร์มณีการช่าง จำกัด,สมนึก ทรัพย์สาร,นครปฐม,079 629275
CUST04539,บริษัท บริษัท ศรีตะวันการค้า จำกัด จำกัด,แกมแพร พรรษาสกุล,ลำปาง,072785085
CUST04540,บริษัท ห้างหุ้นส่วนจำกัด หนักแน่นขนส่ง จำกัด,คมกริบ ศรีธนะเวทย์,สงขลา,+66 (0) 917 579 799
CUST04541,บริษัท บริษัท แท่นทอง จำกัด จำกัด,สุรนัย ขันธุลา,ยะลา,024-509347
CUST04542,บริษัท ชมรมนาฏคายี จำกัด,วิรชัย วาทา,รังสิต,+663 350 1873
CUST04543,บริษัท ห้างหุ้นส่วนสามัญ ดวงทับทิม จำกัด,พลภูมิ ศรีอุ่น,พัทยา,+66 914 746 323
CUST04544,บริษัท บริษัท ดัตพันธุ์ จำกัด จำกัด,เบญญาทิพย์ นำธวัช,ขอนแก่น,+66 (0) 600 793 188
CUST04545,บริษัท บริษัท ยางสวยเอนเตอรไพรส์ จำกัด จำกัด,บุญเอก โพธิสัตย์,อุบลราชธานี,060 147 2200
CUST04546,บริษัท มูลนิธิถนอมกุลบุตร จำกัด,เฉลิมรัตน์ ทหารแท้,ตรัง,055694976
CUST04547,บริษัท บริษัท ธนูปกรณ์ จำกัด จำกัด,เทพณรงค์ บินดี,สุราษฎร์ธานี,0891269816
CUST04548,บริษัท บริษัท บุญส่งการบัญชี จำกัด จำกัด,ปวีณ แท่นทอง,อุดรธานี,0 3937 2468
CUST04549,บริษัท สมาคมตัณสถิตย์ จำกัด,พชรภรณ์ ยะผา,แม่สอด,+66 7350 8263
CUST04550,บริษัท หจก.ปานสุวรรณ จำกัด,ศิริญา นามขำ,สมุทรสาคร,+66 (0) 836 320 833
CUST04551,บริษัท หสน.บุญญาภิรมย์ จำกัด,พิมพกานต์ หิรัญสาลี,แหลมฉบัง,+66 3567 9329
CUST04552,บริษัท บริษัท ประจันตะเสนเทรดดิ้ง จำกัด (มหาชน) จำกัด,ปัณณธร เพียยา,กรุงเทพมหานคร,0 865 768 878
CUST04553,บริษัท บจก.ขอหมั่นกลางบรรจุภัณฑ์ จำกัด,เมษา ทีฆะ,นครปฐม,046-969241
CUST04554,บริษัท บริษัท ยะผาภาพยนตร์ จำกัด จำกัด,นนทกาญจน์ บุตดา,แม่สอด,+66 (0) 805 675 131
CUST04555,บริษัท บริษัท ถะเกิงชศ จำกัด จำกัด,สุไฮลัน นานายน,เชียงราย,094-649-1298
CUST04556,บริษัท บริษัท ไตรบรรพวิศวการ จำกัด จำกัด,กองสิน นาถะเดชะ,นครปฐม,050784433
CUST04557,บริษัท บริษัท ถ้วนศรียานยนต์ จำกัด จำกัด,ทิพย์วารี ถาวรายุศม์,ตรัง,+66 (0) 2282 5259
CUST04558,บริษัท หสน.ถนัดการยนต์ จำกัด,ณิชาภัทร เดชวา,พิษณุโลก,077 712713
CUST04559,บริษัท บมจ.พานเกล้า จำกัด,คำ ทวนทอง,นครสวรรค์,+66 (0) 4278 1820
CUST04560,บริษัท บริษัท เลิศกิ่ง จำกัด จำกัด,อณาวิน ผลบุญ,นครราชสีมา,0 826 532 427
CUST04561,บริษัท บมจ.ธัญเสถียร จำกัด,สัญชาน ทองสีไพล,ตรัง,098 758 2761
CUST04562,บริษัท ธนาคารนาฏคายีวิศวการ จำกัด จำกัด,นันทวุฒิ ไทไชโย,แม่สอด,0663507974
CUST04563,บริษัท บจก.ทับทิมไทย จำกัด,โสภณ แก้วอยู่,พระนครศรีอยุธยา,+66 (0) 5678 2545
CUST04564,บริษัท บริษัท นุ่มกัน จำกัด จำกัด,ธเนษฐ ดุษฎีวนิช,กรุงเทพมหานคร,020-734956
CUST04565,บริษัท ธนาคารทวนไชย์ จำกัด จำกัด,เฉลิมรัฐ นาถะเดชะ,พระนครศรีอยุธยา,027 144320
CUST04566,บริษัท บริษัท นะวะมันดร จำกัด จำกัด,อลิษา นานายน,นนทบุรี,047188596
CUST04567,บริษัท ห้างหุ้นส่วนจำกัด ตันเผ่ายานยนต์ จำกัด,ปิยะนันท์ แจ้งสว่าง,นครราชสีมา,042 070075
CUST04568,บริษัท บริษัท นุ่มกัน จำกัด จำกัด,วรรณนิสา นุตตาร,เชียงราย,070-519246
CUST04569,บริษัท บริษัท เตมิยะเดชพืชผล จำกัด จำกัด,ฐิติวุฒิ ติณรัตน์,นครปฐม,021 355063
CUST04570,บริษัท บริษัท เลขะพันธุ์ จำกัด จำกัด,พาสุข บัวเผื่อน,นครราชสีมา,021-421967
CUST04571,บริษัท บริษัท ถนัดกลึง จำกัด จำกัด,สรรเพชญ์ นิลวรรณ,ขอนแก่น,0-7741-5348
CUST04572,บริษัท ห้างหุ้นส่วนจำกัด เนื่องนนท์ จำกัด,มนัญชยา ตระกูลบุญ,สงขลา,+66 (0) 827 533 870
CUST04573,บริษัท บมจ.บุญบำรุง จำกัด,สมนึก นพตระกูล,เกาะสมุย,093 791 0434
CUST04574,บริษัท บริษัท บัวเผื่อน จำกัด (มหาชน) จำกัด,วิสาร เลขะพันธุ์,อ้อมน้อย,025 226764
CUST04575,บริษัท เพียยาเอเยนซี จำกัด,นาตยา นุชแนวนุ่ม,ภูเก็ต,+66 (0) 893 568 118
CUST04576,บริษัท นฤทุกข์แพคกิ้ง จำกัด,กิติวัฒน์ หอมพิกุล,กรุงเทพมหานคร,079072431
CUST04577,บริษัท บริษัท นิละทัต จำกัด จำกัด,บุญเกิด เขียวอ่อน,หาดใหญ่,081-784-2550
CUST04578,บริษัท บริษัท ชุมวระ จำกัด จำกัด,เชิงชาย ถนัดพิมพการ,เจ้าพระยาสุรศักดิ์,+66 851 850 501
CUST04579,บริษัท นิษประปัญจ์และปรีชากุลเศรษฐ์ จำกัด,ขอดิเยาะ ถนอมพล,ยะลา,074 600492
CUST04580,บริษัท บริษัท วุฑฒยากรอุตสาหกรรม จำกัด จำกัด,พลภูมิ จันทา,นนทบุรี,+66 805 693 106
CUST04581,บริษัท บริษัท บุนยะตีรณะ จำกัด จำกัด,วัลลภ แนวพญา,เจ้าพระยาสุรศักดิ์,071 038555
CUST04582,บริษัท หจก.แจ้งสว่าง จำกัด,ทวีวัฒน์ ขำเอนก,สกลนคร,027-779793
CUST04583,บริษัท มูลนิธิถนอมมนุษย์ จำกัด,อิสรันดร์ บุนยาภิสนท์,อุบลราชธานี,0-7364-8346
CUST04584,บริษัท บริษัท ดวงทับทิม จำกัด จำกัด,กิติชัย ธรรมทินนา,นครศรีธรรมราช,0937923933
CUST04585,บริษัท ถนัดการเขียนและยะผา จำกัด,ศุภชัย อุลหัสสา,ตรัง,071-210994
CUST04586,บริษัท ขำเอนก-เจริญรัมย์ จำกัด,อนุบาล ธัญาโภชน์,กรุงเทพมหานคร,090 519 0081
CUST04587,บริษัท บมจ.นกทอง จำกัด,ดวงจันทร์ ดิศดใน,สมุทรสาคร,+66 5104 1534
CUST04588,บริษัท บริษัท ทองสุกเลิศ จำกัด จำกัด,สมมล แนวพนิช,อุบลราชธานี,02 704 3243
CUST04589,บริษัท ตราชูภาพยนตร์ จำกัด,โชคภาดล ถนอมกุลบุตร,สงขลา,0 678 990 706
CUST04590,บริษัท บริษัท นพตระกูลกรุ๊ป จำกัด จำกัด,ภานุวัตร ไสยกิจ,แหลมฉบัง,037 834210
CUST04591,บริษัท บริษัท ถนัดภาษา จำกัด (มหาชน) จำกัด,ฌาฆีภัตฐ์ ไทนิยม,ลำปาง,03 131 9713
CUST04592,บริษัท ชมรมทำประดู่ จำกัด,ชัญญานุนาย นามเสวตร,สกลนคร,+66 4126 0811
CUST04593,บริษัท ห้างหุ้นส่วนจำกัด พีระเพ็ญกุลคอนสตรัคชั่น จำกัด,นพ ไทไชโย,อุบลราชธานี,079 402681
CUST04594,บริษัท ห้างหุ้นส่วนจำกัด ด้วงโสนก่อสร้าง จำกัด,สมมล ขุนดำ,พัทยา,07 269 7010
CUST04595,บริษัท บริษัท ทันยุค จำกัด (มหาชน) จำกัด,ธมน ศรีเผด็จ,นครปฐม,+66 (0) 998 821 294
CUST04596,บริษัท บริษัท บุตราชวิศวกรรม จำกัด จำกัด,ธีรลักษณ์ หิรัญสาลี,ตรัง,0-5148-9828
CUST04597,บริษัท ห้างหุ้นส่วนสามัญ ติณรัตน์ จำกัด,ใกล้รุ่ง ดิสกะประกาย,นครราชสีมา,+66 (0) 981 451 550
CUST04598,บริษัท บจก.ศรีวงค์บรรจุภัณฑ์ จำกัด,เจตพินิษฐ์ ศรีสัตย์,แหลมฉบัง,095-134-0403
CUST04599,บริษัท บริษัท ทองประดิฐ จำกัด จำกัด,ณิชาภัทร ตั้งกุลงาม,เชียงใหม่,0-3042-0511
CUST04600,บริษัท ห้างหุ้นส่วนจำกัด ศรทอง จำกัด,นนทกาญจน์ ด้วงโสน,อ้อมน้อย,0 2768 0547
CUST04601,บริษัท บริษัท เลิศกิ่ง จำกัด จำกัด,เขียว ธัญเสถียร,พิษณุโลก,062-467-9035
CUST04602,บริษัท บริษัท นครเทพ จำกัด จำกัด,วันฉัตร พรสีมา,พิษณุโลก,0-5091-9452
CUST04603,บริษัท บริษัท นครเทพ จำกัด จำกัด,ศดิศ ตรีครุธพันธุ์,อ้อมน้อย,04 857 6132
CUST04604,บริษัท บริษัท คำลือ จำกัด (มหาชน) จำกัด,วรดาพร สงประเสริฐ,พิษณุโลก,+66 980 700 452
CUST04605,บริษัท ศรีอุ่น-ทองปากน้ำ จำกัด,กรพนธ์ วิลาสินี,พัทยา,054486907
CUST04606,บริษัท แหยมศิริเคมิคอล จำกัด,นาทภูวพัฒน์ วิลาสินี,อ้อมน้อย,067 281 8025
CUST04607,บริษัท ห้างหุ้นส่วนจำกัด ทหารแท้เคมิคอล จำกัด,สุชิน ถนัดรบ,ลำปาง,029500040
CUST04608,บริษัท บจก.ฉายแสงเคมิคอล จำกัด,หรรษธร นิระหานี,ปากเกร็ด,0600412164
CUST04609,บริษัท ชมรมนวลฉวี จำกัด,ทินพร ดวงทับทิม,นครปฐม,03 149 1764
CUST04610,บริษัท ตัณฑนุช-นพคเชนทร์ จำกัด,ปรมินทร์ ราชมณี,ภูเก็ต,0 844 597 112
CUST04611,บริษัท บริษัท ชำนาญวาดคอมพิวเตอร์ จำกัด จำกัด,อัญธิกา ดำริห์ชอบ,พระนครศรีอยุธยา,+66 5700 3273
CUST04612,บริษัท บริษัท ดาตูภาพยนตร์ จำกัด จำกัด,ยุลิน ตั้งเผ่า,นครปฐม,+66 (0) 648 391 434
CUST04613,บริษัท หจก.บุณยะภาชน์ จำกัด,ซุกรี ร่มธิติรัตน์,นครศรีธรรมราช,040-071788
CUST04614,บริษัท บริษัท นกทอง จำกัด จำกัด,วีระวัฒน์ แจ้งสว่าง,อุดรธานี,054-759953
CUST04615,บริษัท บุนยะศัพท์อะไหล่ยนต์ จำกัด,นิวิลดาน ถนอมพลกรัง,สกลนคร,+66 951 089 013
CUST04616,บริษัท บริษัท แต้กุล จำกัด (มหาชน) จำกัด,บุญเทียน มนทอง,หาดใหญ่,+66 (0) 5408 3020
CUST04617,บริษัท บริษัท คำลือ จำกัด จำกัด,คำ ธนูปกรณ์,ลำปาง,043-100834
CUST04618,บริษัท ถนัดอักษรโอสถ จำกัด,ภัคชนน ถนัดกลึง,ลำปาง,+66 (0) 935 536 374
CUST04619,บริษัท ห้างหุ้นส่วนจำกัด พงศ์ฉบับนภาและเพื่อน จำกัด,จิม นิยมธรรม,อุดรธานี,07 848 3057
CUST04620,บริษัท สมาคมตรีครุธพันธุ์ จำกัด,จักรพันธ์ เมืองสุข,สมุทรสาคร,0 4240 9412
CUST04621,บริษัท ห้างหุ้นส่วนสามัญ บัวเผื่อนแพคกิ้ง จำกัด,สนั่น นาถะเดชะ,นครปฐม,0 7303 6869
CUST04622,บริษัท บริษัท ไทยแท้ จำกัด จำกัด,นิรุตต์ ชุมวระ,นครสวรรค์,0 3420 1528
CUST04623,บริษัท พรมอ่อนอะไหล่ยนต์ จำกัด,ภัคชนน หิรัญสาลี,อุบลราชธานี,+66 (0) 4044 2756
CUST04624,บริษัท สมาคมหนุนสุข จำกัด,สุกฤษตา คำลือ,พิษณุโลก,+66 3826 8751
CUST04625,บริษัท หจก.ทรัพย์ธำรงค์ จำกัด,จิฬาภรณ์ ศรีอุ่น,ระยอง,0626845516
CUST04626,บริษัท มูลนิธิยางสวย จำกัด,จีรยุทธ ตรีครุธพันธุ์,พระนครศรีอยุธยา,0 4298 7646
CUST04627,บริษัท บริษัท เขียวขุ้ย จำกัด จำกัด,เจตพินิษฐ์ นิลสุวรรณ์,เชียงใหม่,+66 668 288 162
CUST04628,บริษัท บริษัท ธาราธรและบุตร จำกัด จำกัด,ณัฐพิชา ถาวรรัตน,ภูเก็ต,0 665 497 544
CUST04629,บริษัท บริษัท ถาวรายุศม์ จำกัด จำกัด,ยศวัฒน์ ปานสุวรรณ,ระยอง,0 656 145 772
CUST04630,บริษัท บริษัท ตวงทองอินเตอร์เนชั่นแนล จำกัด จำกัด,พรรณปพร ดุริยพันธุ์,นครศรีธรรมราช,+66 (0) 2896 9558
CUST04631,บริษัท สมาคมทวีเดช จำกัด,พิมพ์พิชญา ไม้แดง,สกลนคร,+66 (0) 4565 0908
CUST04632,บริษัท บริษัท ผลบุญ จำกัด จำกัด,อัษฏา นิษประปัญจ์,กรุงเทพมหานคร,045433805
CUST04633,บริษัท มูลนิธิดาวอร่าม จำกัด,ยศพนต์ บุณยะภาชน์,กรุงเทพมหานคร,0 664 067 934
CUST04634,บริษัท บุนยาภิสนท์เซอร์วิส จำกัด,สุชิน ธีวร,หาดใหญ่,+662 861 1939
CUST04635,บริษัท บริษัท ฉัตรอภิเที่ยงค่ำเฟอนิชชิ่ง จำกัด (มหาชน) จำกัด,สมเกียรติ ตวันเยี่ยม,ปากเกร็ด,+66 974 618 712
CUST04636,บริษัท บริษัท บุนยะตีรณะบรรจุภัณฑ์ จำกัด จำกัด,ภานุพล ฉัพพรรณธนกูร,เชียงใหม่,0-7286-3254
CUST04637,บริษัท บริษัท ดาวกระจายบรรจุภัณฑ์ จำกัด จำกัด,อำไพ ทวีเดช,อุดรธานี,0-4437-8901
CUST04638,บริษัท ถุงเงินอินเตอร์เนชั่นแนล จำกัด,สมพิศ แน่นดุจป้อม,หาดใหญ่,065-227-0565
CUST04639,บริษัท บริษัท เพียยา จำกัด,สุไฮลัน ขำเอนก,ยะลา,040825635
CUST04640,บริษัท บริษัท พรสีมาพานิช จำกัด จำกัด,ศิริญา นิระหานี,นครสวรรค์,093 058 2118
CUST04641,บริษัท นิลวิมลและศรีธนะเวทย์ จำกัด,นิวิลดาน ฉัตรอภิเที่ยงค่ำ,เชียงราย,040-236811
CUST04642,บริษัท บริษัท ซาซุมซัพพลาย จำกัด จำกัด,ฐิตาพร นิระหานี,สมุทรสาคร,+66 919 329 619
CUST04643,บริษัท หจก.ธัญาโภชน์ขนส่ง จำกัด,กระสุน นะวะมันดร,เกาะสมุย,093 209 4737
CUST04644,บริษัท บริษัท ดีตพันธุ์เอ็นจิเนียริ่ง จำกัด จำกัด,เทียมศักดิ์ พีระเพ็ญกุล,ตรัง,094-939-7373
CUST04645,บริษัท บริษัท ทวนทอง จำกัด จำกัด,วิสาร ทองเนื้อดี,ยะลา,0-4231-9319
CUST04646,บริษัท บริษัท ศรีสัตย์และเพื่อน จำกัด (มหาชน) จำกัด,โอภาส เลขะพันธุ์,ภูเก็ต,02 969 8161
CUST04647,บริษัท ห้างหุ้นส่วนจำกัด นรวิทย์โชติกุล จำกัด,สุชิน ถนัดการเขียน,นครศรีธรรมราช,+665 451 2537
CUST04648,บริษัท ห้างหุ้นส่วนจำกัด ศรีตะวันการค้า จำกัด,ธมน เนื่องนนท์,สกลนคร,043-664174
CUST04649,บริษัท บจก.นาควงษ์เคมิคอล จำกัด,เกริกพล นิลสลัว,สงขลา,+662 735 1785
CUST04650,บริษัท ห้างหุ้นส่วนจำกัด ถนัดกลึง จำกัด,สุรนีย์ นิลเสนา,เชียงใหม่,+66 (0) 810 704 230
CUST04651,บริษัท บริษัท ทำประดู่ จำกัด จำกัด,นารดา ชุมวระ,อุดรธานี,0 5090 4281
CUST04652,บริษัท ธนาคารทองแท้แลบ จำกัด จำกัด,ทินพร ผลบุญ,รังสิต,0 861 192 109
CUST04653,บริษัท ห้างหุ้นส่วนสามัญ ถิรสวัสดิ์แพคกิ้ง จำกัด,ณัฐพิชา สงประเสริฐ,กรุงเทพมหานคร,054035341
CUST04654,บริษัท มูลนิธิศรีอุ่น จำกัด,ภัคชนน บินดี,นนทบุรี,+66 (0) 7119 1592
CUST04655,บริษัท บริษัท ติระคมน์อินเตอร์เนชั่นแนล จำกัด จำกัด,โอภาส นิยมสำหรวจ,อุดรธานี,056034745
CUST04656,บริษัท หจก.เดชคุ้มมอเตอร์ จำกัด,นันทวรรณ ทันยุค,รังสิต,0-3656-1162
CUST04657,บริษัท บริษัท ทองแท้พานิช จำกัด จำกัด,พัสวี นาคสุทิน,ขอนแก่น,+66 (0) 959 440 421
CUST04658,บริษัท แหยมศิริบริการ จำกัด,ฌาฆีภัตฐ์ นกทอง,อ้อมน้อย,+66 3597 7141
CUST04659,บริษัท บริษัท แนวพญา จำกัด (มหาชน) จำกัด,เทอดศักดิ์ จันอ้น,เชียงราย,+664 180 4018
CUST04660,บริษัท บริษัท แหยมศิริ จำกัด จำกัด,คำปลิว ศรีอุ่น,หาดใหญ่,049-309572
CUST04661,บริษัท บริษัท ถมังรักษสัตว์คอมมิวนิเคชั่น จำกัด จำกัด,โสภณ ตันตราจิณ,สมุทรปราการ,+66 (0) 4159 6881
CUST04662,บริษัท นวลฉวีเอเยนซี จำกัด,ปรมินทร์ พีระเพ็ญกุล,หาดใหญ่,05 071 5671
CUST04663,บริษัท ห้างหุ้นส่วนจำกัด ตัณสถิตย์สโตร์ จำกัด,กิ่งแก้ว ตันยา,อ้อมน้อย,02 156 8783
CUST04664,บริษัท แก้วอยู่-นะวะมันดร จำกัด,ชิดชนก ถนอมมนุษย์,เกาะสมุย,0 681 133 587
CUST04665,บริษัท บริษัท ดาวกระจายการค้า จำกัด จำกัด,มูฮำมัด ถนัดรบ,นครศรีธรรมราช,0 908 833 964
CUST04666,บริษัท บจก.ศรีตะวัน จำกัด,ภัคชัญญา ตั้งเผ่า,สงขลา,+66 606 587 912
CUST04667,บริษัท บริษัท แท่นทองมอเตอร์ จำกัด จำกัด,ปิยนุช นามเสวตร,เจ้าพระยาสุรศักดิ์,+66 (0) 7994 5124
CUST04668,บริษัท ห้างหุ้นส่วนจำกัด ทีฆะ จำกัด,หลี จันอ้น,ตรัง,+66 5048 6005
CUST04669,บริษัท ห้างหุ้นส่วนจำกัด ทวนไชย์ยานยนต์ จำกัด,ธีรวุฒิ จันอ้น,นครสวรรค์,+663 697 0459
CUST04670,บริษัท บจก.เยาวธนโชคเทรดดิ้ง จำกัด,ณัฐจศักดิ์ อุ่นอก,พระนครศรีอยุธยา,0 905 779 718
CUST04671,บริษัท บริษัท หอมพิกุล จำกัด จำกัด,กิติยาธรณ์ ร่มธิติรัตน์,เชียงใหม่,0 4987 9340
CUST04672,บริษัท ห้างหุ้นส่วนจำกัด ธรรมสถิตไพศาล จำกัด,อำไพ ตรีเภรินทร์,พิษณุโลก,089-968-9251
CUST04673,บริษัท บจก.ถนัดอาวุธ จำกัด,พิศพรรณ ทองสุกเลิศ,เจ้าพระยาสุรศักดิ์,071-367140
CUST04674,บริษัท ชุมวระวิศวกรรม จำกัด,อรรจน์ ทรัพย์สาร,ระยอง,0 4628 7550
CUST04675,บริษัท บริษัท นุตตารกรุ๊ป จำกัด จำกัด,จิราภรณ์ วะคีมัน,ระยอง,+66 (0) 5998 0489
CUST04676,บริษัท บริษัท ธูปะวิโรจน์ขนส่ง จำกัด จำกัด,กรพนธ์ วาทา,สมุทรสาคร,+66 5984 0973
CUST04677,บริษัท บริษัท ดุษฎีวนิช จำกัด จำกัด,นภัสรินทร์ ทัศนสุทธิ,สมุทรปราการ,+66 (0) 7336 7706
CUST04678,บริษัท ตรีเภรินทร์-ถนัดการเขียน จำกัด,กนกเนตร มนทอง,เชียงใหม่,0-2170-0232
CUST04679,บริษัท ห้างหุ้นส่วนสามัญ เธียรายัน จำกัด,ศุภกรชนา เนื้อนุ่ม,ปากเกร็ด,076 886364
CUST04680,บริษัท บริษัท ทรัพย์ธำรงค์ยานยนต์ จำกัด จำกัด,รชตกร ศิวะวรเวท,แม่สอด,051-913251
CUST04681,บริษัท หจก.ถิรสวัสดิ์ จำกัด,มาโนชญ์ นวลฉวี,ยะลา,0-5686-5234
CUST04682,บริษัท ประจันตะเสนและทศโยธิน จำกัด,วรรณกร ฉัตรอภิเที่ยงค่ำ,ปากเกร็ด,096 244 0179
CUST04683,บริษัท หจก.ถนัดรบ จำกัด,ชัชเวศย์ ถนัดการเขียน,พระนครศรีอยุธยา,0 7489 6691
CUST04684,บริษัท ดาตูเทรดดิ้ง จำกัด,คมคาย นักสำหรวจ,รังสิต,0 994 841 418
CUST04685,บริษัท บริษัท นุตตาร จำกัด จำกัด,เอกวิทย์ นครเทพ,แม่สอด,0 2440 8495
CUST04686,บริษัท บริษัท เมืองสุขอิมปอร์ตเอ็กซปอร์ต จำกัด (มหาชน) จำกัด,อลิษา ถนัดอักษร,อ้อมน้อย,+66 (0) 971 218 601
CUST04687,บริษัท นวลเพ็งและบุตร จำกัด,เกริกพล นวลเพ็ง,สงขลา,+66 (0) 7429 0371
CUST04688,บริษัท บริษัท ถนัดการยนต์ จำกัด จำกัด,วาร์มูฮำหมัด ธุวะนุติ์,หาดใหญ่,050-107788
CUST04689,บริษัท สมาคมถ้วนศรี จำกัด,อัครพนธ์ ตั้งรบ,เกาะสมุย,031305406
CUST04690,บริษัท เนื่องนนท์เอ็นจิเนียริ่ง จำกัด,วรรณชนะชัย บุนยะตีรณะ,แม่สอด,0-7116-5278
CUST04691,บริษัท ห้างหุ้นส่วนสามัญ ไสยกิจ จำกัด,สมหมาย แจ้งสว่าง,เชียงราย,0-7615-4544
CUST04692,บริษัท ฉัตรอภิเที่ยงค่ำมอเตอร์ จำกัด,พิมพ์พิชญา ตราชู,พิษณุโลก,0-5881-5232
CUST04693,บริษัท ถนอมกุลบุตรการค้า จำกัด,วณัฐดา ศรีอุ่น,ลำปาง,097-638-0225
CUST04694,บริษัท ห้างหุ้นส่วนจำกัด ดิสกะประกาย จำกัด,ภานิณี พงศ์ฉบับนภา,นครราชสีมา,0-5229-2311
CUST04695,บริษัท บริษัท ติระคมน์ จำกัด จำกัด,ปัตถพงษ์ ไสยกิจ,เกาะสมุย,029-186702
CUST04696,บริษัท บจก.ตันตราจิณ จำกัด,กวาง แนวพญา,ยะลา,024 206482
CUST04697,บริษัท ถนอมกุลบุตรอุตสาหกรรม จำกัด,พัชรีนิษฐ์ ศรีตะวัน,นครสวรรค์,0 2719 1872
CUST04698,บริษัท ห้างหุ้นส่วนจำกัด แจ้งสว่างเซอร์วิส จำกัด,จิตรลดา ทวนไชย์,นครราชสีมา,+66 5495 0765
CUST04699,บริษัท บริษัท เขียวอ่อนจิวเวลรี่ จำกัด จำกัด,คมสัน บุญญาภิรมย์,เกาะสมุย,+66 (0) 4415 3770
CUST04700,บริษัท บริษัท ทับทิมไทย จำกัด จำกัด,เนตรฤดี ทุมะบุตร์,รังสิต,0 2131 4010
CUST04701,บริษัท บริษัท เดชคุ้มคอมมิวนิเคชั่น จำกัด จำกัด,มะลีวัลย์ ศรีตะวัน,สกลนคร,04 969 2509
CUST04702,บริษัท ห้างหุ้นส่วนสามัญ ผลบุญ จำกัด,หฤทัย บุตราช,เชียงใหม่,+66 877 352 632
CUST04703,บริษัท บริษัท ถิรสวัสดิ์เฟอร์นิเจอร์ จำกัด จำกัด,ธีรวัช นิละทัต,นครสวรรค์,0 953 221 791
CUST04704,บริษัท บริษัทหลักทรัพย์ คำลือแอนด์ซันส์ จำกัด จำกัด,ภูวรา นุ่มกัน,นครปฐม,05 557 1317
CUST04705,บริษัท ห้างหุ้นส่วนจำกัด เวียงจันทึก จำกัด,ณัฐวรินทร นฤภัย,สมุทรปราการ,046-834903
CUST04706,บริษัท บริษัท แจ้งสว่าง จำกัด จำกัด,ปิยนาฎ ศรีอุ่น,หาดใหญ่,+66 (0) 4243 2698
CUST04707,บริษัท ห้างหุ้นส่วนจำกัด นานายน จำกัด,ศิริเกศ น้ำทิพย์,สุราษฎร์ธานี,082 416 0726
CUST04708,บริษัท บริษัท ศรีสัตย์วิศวการ จำกัด จำกัด,คมกริบ นามขำ,กรุงเทพมหานคร,+663 376 4255
CUST04709,บริษัท นิละทัตแอนด์ซันส์ จำกัด,ภัทราวุธ นิลสุวรรณ์,อ้อมน้อย,048615184
CUST04710,บริษัท บริษัท ภูภักดีภาพยนตร์ จำกัด จำกัด,ธัญญกัญญา ดาบเพ็ชร์,นนทบุรี,03 565 6923
CUST04711,บริษัท บริษัท เดชคุ้ม จำกัด จำกัด,คำปลิว ถนัดการเขียน,ขอนแก่น,0 3677 2906
CUST04712,บริษัท บริษัท ทวนทอง จำกัด จำกัด,โสภณิตา ถนัดการเขียน,หาดใหญ่,02 814 1955
CUST04713,บริษัท บริษัท ทวนไชย์ จำกัด (มหาชน) จำกัด,นาวีตา ไทยสุชาต,พระนครศรีอยุธยา,+66 (0) 4662 1112
CUST04714,บริษัท ตั้งกุลงามและทัศนสุทธิ จำกัด,สมปอง ธรรมเมธา,ยะลา,0 3385 3373
CUST04715,บริษัท ตันยาวิศวการ จำกัด,สุภัทริดา ปานสุวรรณ,นครปฐม,049 554450
CUST04716,บริษัท บริษัท ธูปะวิโรจน์ขนส่ง จำกัด จำกัด,ปิยนาฎ ถนอมกุลบุตร,แม่สอด,0628636012
CUST04717,บริษัท บริษัทหลักทรัพย์ สงประเสริฐ จำกัด จำกัด,ณิชนันท์ ทับทิมไทย,สงขลา,037-169874
CUST04718,บริษัท บริษัท ถนัดการเขียน จำกัด จำกัด,นิรุตต์ ถนัดอาวุธ,นครสวรรค์,0-4667-7146
CUST04719,บริษัท เพียยาเฟอร์นิเจอร์ จำกัด,เอนกพงศ์ ทองลาภ,ยะลา,089 397 9183
CUST04720,บริษัท ห้างหุ้นส่วนจำกัด นานายน จำกัด,ราณี นิติสาขา,สงขลา,034 197290
CUST04721,บริษัท หจก.ธูปะวิโรจน์ จำกัด,มนัญชยา ศิวะวรเวท,สมุทรสาคร,+66 (0) 880 881 274
CUST04722,บริษัท หจก.ธีวรเฟอนิชชิ่ง จำกัด,ฉัตรปรียา สงประเสริฐ,เกาะสมุย,+66 (0) 874 296 220
CUST04723,บริษัท มูลนิธิทรัพย์ธำรงค์ จำกัด,กรพนธ์ สันตะวงศ์,เกาะสมุย,070-633320
CUST04724,บริษัท ยางสวย-ถนอมพลกรัง จำกัด,ศุภาศิล ฉัตรอภิเที่ยงค่ำ,สุราษฎร์ธานี,0-2969-7645
CUST04725,บริษัท หจก.ด้วงโสน จำกัด,จักรกฤนาย ธนูปกรณ์,ตรัง,07 011 9540
CUST04726,บริษัท ห้างหุ้นส่วนจำกัด เพียยา จำกัด,พิมพกานต์ ถุงเงิน,นครสวรรค์,032 382237
CUST04727,บริษัท สมาคมเนื่องนนท์ จำกัด,หรรษา ธรรมทินนา,เกาะสมุย,+66 5041 0555
CUST04728,บริษัท บริษัท ถนอมกุลบุตร จำกัด จำกัด,หฤทัย วิลาสินี,สงขลา,0669055613
CUST04729,บริษัท ทรัพย์สาร-ทุมะบุตร์ จำกัด,ฐิตาพร ธรรมฤดี,พิษณุโลก,0 3219 8418
CUST04730,บริษัท บริษัท ศรีอุ่น จำกัด,ศรลักษณ์ นุ่มกัน,เกาะสมุย,0616596630
CUST04731,บริษัท หจก.เดชคุ้ม จำกัด,นนทกาญจน์ ดาวอร่าม,นครปฐม,05 726 4140
CUST04732,บริษัท ห้างหุ้นส่วนสามัญ ภูภักดีแพคกิ้ง จำกัด,สุรนีย์ ดาวกระจาย,ภูเก็ต,0-5035-6371
CUST04733,บริษัท หจก.ธุวะนุติ์คอมพิวเตอร์ จำกัด,สุกฤษตา ศิวะวรเวท,เชียงราย,027 551059
CUST04734,บริษัท สันตะวงศ์คอนสตรัคชั่น จำกัด,เมษา ฉิมพาลี,แหลมฉบัง,050 808489
CUST04735,บริษัท บมจ.ทหารแท้กลการ จำกัด,เอกชัย เวียงจันทึก,ตรัง,+66 5441 1182
CUST04736,บริษัท บริษัท นิลเสนา จำกัด,พุทธิพงษ์ อุลหัสสา,นครศรีธรรมราช,033-156174
CUST04737,บริษัท บริษัท ดวงทับทิม จำกัด จำกัด,รชตกร เวียงจันทึก,เชียงราย,0 838 461 175
CUST04738,บริษัท หจก.ทวนไชย์กลการ จำกัด,จริยฉัตร ขันธุลา,นครสวรรค์,0-5927-5864
CUST04739,บริษัท บริษัทหลักทรัพย์ บุญศล จำกัด จำกัด,สมหมาย ธูปหอม,ระยอง,034-611182
CUST04740,บริษัท บุญบำรุง-ทองสีไพล จำกัด,ศุภชัย บุนยะศัพท์,ยะลา,+66 (0) 7427 7150
CUST04741,บริษัท ห้างหุ้นส่วนสามัญ ทับทิมไทย จำกัด,กฤตพร มิ่งขวัญ,ภูเก็ต,0874934434
CUST04742,บริษัท บริษัท นาคะนคร จำกัด จำกัด,สิรวัฒน์ ศรีเผด็จ,พัทยา,03 568 9784
CUST04743,บริษัท ถมังรักษสัตว์-ธัญเสถียร จำกัด,สินสมุทร ทรงโกมล,อุดรธานี,024-328160
CUST04744,บริษัท หจก.นฤภัยอะไหล่ยนต์ จำกัด,ฟิรยา ตันยา,พิษณุโลก,029487956
CUST04745,บริษัท ธนประทีปและแท่นทอง จำกัด,เขมจิรา ธรรมสถิตไพศาล,พัทยา,059-824455
CUST04746,บริษัท ฉัตรอภิเที่ยงค่ำเอนเตอรไพรส์ จำกัด,เทพณรงค์ พรสีมา,ภูเก็ต,0861097424
CUST04747,บริษัท ธรรมฤดี-นาคะนคร จำกัด,เทียมศักดิ์ ทัศนสุทธิ,สุราษฎร์ธานี,07 906 9037
CUST04748,บริษัท ชมรมธนรักษ์ จำกัด,ณัฐพิชา ตรีครุธพันธุ์,หาดใหญ่,0 956 173 335
CUST04749,บริษัท บริษัท บุญศล จำกัด จำกัด,นิรันดร์ แก้วชลคราม,นครสวรรค์,+66 (0) 680 595 795
CUST04750,บริษัท บริษัท ถาวรายุศม์ จำกัด จำกัด,ทินพร ไทยสุชาต,ภูเก็ต,074-631090
CUST04751,บริษัท ตระกูลไม้เรียงวิศวกรรม จำกัด,ธนภณ นาถะเดชะ,นครราชสีมา,0-3646-4989
CUST04752,บริษัท บริษัท ศรีสัตย์ก่อสร้าง จำกัด จำกัด,คมคาย อุลหัสสา,นนทบุรี,075-865016
CUST04753,บริษัท บริษัท ขันธุลา จำกัด (มหาชน) จำกัด,ทัตธน ศรีอุ่น,แหลมฉบัง,023-621172
CUST04754,บริษัท สมาคมชุมวระ จำกัด,ประยุทธ์ ทับทิมไทย,นนทบุรี,0-2633-5465
CUST04755,บริษัท ถนอมกุลบุตรเฟอร์นิเจอร์ จำกัด,พรเบญญา นาถะเดชะ,นครสวรรค์,+66 2442 4588
CUST04756,บริษัท คณานุรักษ์จิวเวลรี่ จำกัด,จักรีรัตน์ ศาสตร์ศิลป์,สุราษฎร์ธานี,+66 4047 3830
CUST04757,บริษัท ห้างหุ้นส่วนจำกัด เตมิยะเดชยานยนต์ จำกัด,จรรยพร ดาบเพ็ชร์,สมุทรปราการ,+66 7407 9635
CUST04758,บริษัท ห้างหุ้นส่วนสามัญ ทองลาภวิศวกรรม จำกัด,กองสิน ธัญเสถียร,พระนครศรีอยุธยา,+66 5587 9085
CUST04759,บริษัท บริษัท นักรบ จำกัด จำกัด,โสภณ นิติสาขา,สมุทรปราการ,+66 (0) 804 516 941
CUST04760,บริษัท ห้างหุ้นส่วนจำกัด วะคีมันซัพพลาย จำกัด,สโรชา ทศโยธิน,เกาะสมุย,083 008 4114
CUST04761,บริษัท บริษัท ธรรมเมธาเซอร์วิส จำกัด จำกัด,ธนวันต์ ธูปหอม,พัทยา,0-3804-0611
CUST04762,บริษัท บริษัท ตวงทอง จำกัด จำกัด,โรสชา บุญญาภิรมย์,ยะลา,+66 2474 4519
CUST04763,บริษัท ทองปากน้ำคอมมิวนิเคชั่น จำกัด,นิรันดร์ ปานสุวรรณ,ตรัง,0 985 262 262
CUST04764,บริษัท บริษัท ขำเอนกภาพยนตร์ จำกัด จำกัด,ผดุงพล ฉัพพรรณธนกูร,ระยอง,051659749
CUST04765,บริษัท ขอหมั่นกลางบริการ จำกัด,พัชรพร น้ำทิพย์,แหลมฉบัง,0 819 834 369
CUST04766,บริษัท ห้างหุ้นส่วนจำกัด ตันเผ่าบรรจุภัณฑ์ จำกัด,ทองรัตน์ ศรีอุ่น,นครศรีธรรมราช,046 573595
CUST04767,บริษัท ห้างหุ้นส่วนจำกัด หอมพิกุลคอนสตรัคชั่น จำกัด,จันทภา บุตดา,ขอนแก่น,0-4429-2356
CUST04768,บริษัท ทุมะบุตร์ขนส่ง จำกัด,อลิษา ติณรัตน์,ขอนแก่น,065-784-4407
CUST04769,บริษัท ทองลาภการช่าง จำกัด,วสิตา พานเกล้า,รังสิต,+66 (0) 3070 0512
CUST04770,บริษัท บริษัท โพธิสัตย์ จำกัด (มหาชน) จำกัด,ชัฎชา แก้วอยู่,พระนครศรีอยุธยา,0686442439
CUST04771,บริษัท มูลนิธิชำนาญวาด จำกัด,หรรษธร ธรรมเมธา,สุราษฎร์ธานี,+66 687 404 016
CUST04772,บริษัท ห้างหุ้นส่วนสามัญ ยางสวยขนส่ง จำกัด,ภัคชัญญา ธูปหอม,พระนครศรีอยุธยา,093 404 7329
CUST04773,บริษัท บริษัท นวลเพ็ง จำกัด จำกัด,อณัฐตา ทองอยู่,ภูเก็ต,028-228104
CUST04774,บริษัท แนวพญาและไทยแท้ จำกัด,มูฮำมัด ตั้งเผ่า,แหลมฉบัง,024-946404
CUST04775,บริษัท บริษัท บุญญาภิรมย์คอนสตรัคชั่น จำกัด จำกัด,ราชพฤกษ์ แน่นดุจป้อม,แม่สอด,041783107
CUST04776,บริษัท หจก.ตวันเยี่ยม จำกัด,หล้า เขียวอ่อน,นครสวรรค์,023 682115
CUST04777,บริษัท โพธิสัตย์อิมปอร์ตเอ็กซปอร์ต จำกัด,รูไกยะฮ์ ตั้งรบ,หาดใหญ่,+66 (0) 2390 2068
CUST04778,บริษัท บริษัท ทวีเดชแพคกิ้ง จำกัด จำกัด,เชิงชาย กุมารบุญ,แหลมฉบัง,083 935 5529
CUST04779,บริษัท บริษัท คำลือเฟอร์นิเจอร์ จำกัด จำกัด,สมหมาย ถนอมมนุษย์,รังสิต,0 915 529 666
CUST04780,บริษัท บริษัท น้ำทิพย์พานิช จำกัด จำกัด,ศุภชัย เลขะพันธุ์,ตรัง,+66 2626 1956
CUST04781,บริษัท หจก.ราชมณี จำกัด,พัชรีนิษฐ์ นำธวัช,กรุงเทพมหานคร,+66 5311 8449
CUST04782,บริษัท บริษัท แหยมศิริ จำกัด จำกัด,เทียมศักดิ์ ปานสุวรรณ,นครราชสีมา,0-5712-4650
CUST04783,บริษัท บริษัท นาถะเดชะ จำกัด จำกัด,ฤทธิ์ชกร แท่นทอง,ยะลา,071192382
CUST04784,บริษัท ห้างหุ้นส่วนจำกัด โพธิสัตย์ จำกัด,ซูฮัยดา ทองปากน้ำ,ภูเก็ต,030 230574
CUST04785,บริษัท หจก.บุญบำรุง จำกัด,กุลดิลก บินดี,นครปฐม,028 063298
CUST04786,บริษัท บริษัท ตะละภัฏอิมปอร์ตเอ็กซปอร์ต จำกัด จำกัด,ธีราทัต กุมารบุญ,สมุทรปราการ,035 783485
CUST04787,บริษัท หจก.ถนัดการเขียน จำกัด,นิมุ พรรษาสกุล,สมุทรปราการ,+662 030 3897
CUST04788,บริษัท นุชแนวนุ่มและตั้งเผ่า จำกัด,ณิชนันท์ ดิศดใน,นนทบุรี,038 738455
CUST04789,บริษัท บริษัท ทองสุกเลิศเฟอนิชชิ่ง จำกัด จำกัด,ศรินยา ฉัตรอภิเที่ยงค่ำ,สุราษฎร์ธานี,0-4918-3537
CUST04790,บริษัท ห้างหุ้นส่วนสามัญ เนื่องนนท์คอนสตรัคชั่น จำกัด,นุจรี เวียงจันทึก,ภูเก็ต,+66 (0) 939 958 584
CUST04791,บริษัท บริษัท มนทองบริการ จำกัด จำกัด,ราชัน ด้วงโสน,นครราชสีมา,059-046555
CUST04792,บริษัท ถนัดเดินข่าวอุตสาหกรรม จำกัด,โสภณิตา ทองสินธุ์,แม่สอด,0-2474-5315
CUST04793,บริษัท หจก.บุญศลกลการ จำกัด,ณิชาภัทร ธูปะวิโรจน์,กรุงเทพมหานคร,0 3488 3962
CUST04794,บริษัท บริษัท นานายน จำกัด จำกัด,ภูวรา จันทา,อุดรธานี,090 082 8047
CUST04795,บริษัท ห้างหุ้นส่วนจำกัด โพธิสัตย์บริการ จำกัด,พาสุข นาถะเดชะ,เชียงใหม่,0 626 305 964
CUST04796,บริษัท บริษัท ไม้แดงแพคกิ้ง จำกัด จำกัด,สิทธัญ ศิวะวรเวท,กรุงเทพมหานคร,045 854167
CUST04797,บริษัท บริษัท ดิศดใน จำกัด จำกัด,ฉลองชัย ทองสินธุ์,แหลมฉบัง,+66 4698 1278
CUST04798,บริษัท วิลาสินี-อัตตนาถ จำกัด,อนุบาล พรรษาสกุล,ขอนแก่น,+66 (0) 915 103 757
CUST04799,บริษัท ห้างหุ้นส่วนสามัญ ถิรสวัสดิ์เอ็นจิเนียริ่ง จำกัด,มนรัตน์ ทรงโกมล,ปากเกร็ด,0-2885-6791
CUST04800,บริษัท ห้างหุ้นส่วนจำกัด คำลือเซอร์วิส จำกัด,พศร ทวนทอง,ลำปาง,0-5843-9047
CUST04801,บริษัท บริษัท ธูปหอม จำกัด (มหาชน) จำกัด,มูฮำมัด ถนอมพลกรัง,นครราชสีมา,+667 877 2703
CUST04802,บริษัท สมาคมนุตตาร จำกัด,ชิดชนก นำธวัช,พัทยา,+66 5332 7829
CUST04803,บริษัท ห้างหุ้นส่วนจำกัด ปานสุวรรณเฟอร์นิเจอร์ จำกัด,จิราภรณ์ ซาซุม,กรุงเทพมหานคร,+66 (0) 3292 8092
CUST04804,บริษัท ห้างหุ้นส่วนจำกัด นับเนื่องนอ จำกัด,พิมพ์สุดา ธรรมนิยม,สมุทรสาคร,054249185
CUST04805,บริษัท บริษัทหลักทรัพย์ ทวนไชย์แลบ จำกัด จำกัด,นภนต์ ถนัดอาวุธ,สุราษฎร์ธานี,0 5020 1157
CUST04806,บริษัท บริษัท นำธวัช จำกัด (มหาชน) จำกัด,เมษา พงศ์ฉบับนภา,แหลมฉบัง,0-3459-9880
CUST04807,บริษัท หจก.เดชคุ้ม จำกัด,นุจรี กุมารบุญ,แม่สอด,0676183909
CUST04808,บริษัท คณานุรักษ์อินเตอร์เนชั่นแนล จำกัด,ธวัศชา แถมธน,พิษณุโลก,0 2547 3467
CUST04809,บริษัท ห้างหุ้นส่วนสามัญ ทับทิมไทย จำกัด,รังสินี ยางสวย,ยะลา,078-094253
CUST04810,บริษัท สมาคมนิลเสนา จำกัด,อนุบาล แจ้งสว่าง,รังสิต,+664 525 9628
CUST04811,บริษัท ห้างหุ้นส่วนสามัญ ถนัดกลึง จำกัด,วิทูลย์ พานเกล้า,นครสวรรค์,047 057641
CUST04812,บริษัท หจก.นิลวิมล จำกัด,เนตรฤดี ตรีครุธพันธุ์,ขอนแก่น,0-5726-2707
CUST04813,บริษัท นิยมสำหรวจและพีระเพ็ญกุล จำกัด,มัตติกา นำธวัช,นครราชสีมา,051801501
CUST04814,บริษัท บริษัท ศรีวงค์พืชผล จำกัด (มหาชน) จำกัด,นภนต์ นักสำหรวจ,หาดใหญ่,067 460 4537
CUST04815,บริษัท บริษัท บุญญาไลย์อินเตอร์เนชั่นแนล จำกัด จำกัด,วิรศักดิ์ ทองอยู่,อ้อมน้อย,+66 2592 0356
CUST04816,บริษัท ห้างหุ้นส่วนจำกัด ชุมวระ จำกัด,ทัตธน ธัญาโภชน์,อุบลราชธานี,+664 135 3377
CUST04817,บริษัท หจก.ดำริห์ชอบ จำกัด,สมพิศ หอมสิน,ยะลา,052-638255
CUST04818,บริษัท บจก.เยาวธนโชคคอนสตรัคชั่น จำกัด,พุทธ ขันธุลา,นครศรีธรรมราช,052943766
CUST04819,บริษัท ดาบเพ็ชร์คอนสตรัคชั่น จำกัด,บุญทิวา ศรีธนะเวทย์,สมุทรปราการ,0 2422 0791
CUST04820,บริษัท ห้างหุ้นส่วนสามัญ บุนยะตีรณะ จำกัด,ญาณพันธุ์ ตวันเยี่ยม,รังสิต,+665 811 6968
CUST04821,บริษัท ห้างหุ้นส่วนจำกัด แต้กุล จำกัด,ศรีสวัสดิ์ ธนประทีป,ระยอง,097-920-1879
CUST04822,บริษัท บมจ.นิลสลัวกลการ จำกัด,พรรณปพร คำลือ,สุราษฎร์ธานี,090 975 3642
CUST04823,บริษัท ห้างหุ้นส่วนจำกัด ปานสุวรรณ จำกัด,เยาวรัตน์ ทรัพย์สาร,เชียงใหม่,052219922
CUST04824,บริษัท ห้างหุ้นส่วนสามัญ ดาบเพ็ชร์ จำกัด,วันฉัตร ทศโยธิน,อุดรธานี,024460535
CUST04825,บริษัท ตะละภัฏ-พรสีมา จำกัด,อริสรา ศรีเผด็จ,พระนครศรีอยุธยา,05 008 5243
CUST04826,บริษัท บริษัท นามขำอะไหล่ยนต์ จำกัด จำกัด,เถลิงยศ นานายน,สุราษฎร์ธานี,028778779
CUST04827,บริษัท บริษัท ธนรักษ์การบัญชี จำกัด จำกัด,จักรชัย เมืองสุข,ระยอง,0 4884 2309
CUST04828,บริษัท นับเนื่องนอ-ทรัพย์สาร จำกัด,อัญชัญ ถนัดการยนต์,เชียงราย,053271567
CUST04829,บริษัท ห้างหุ้นส่วนจำกัด ซูสารอคอนสตรัคชั่น จำกัด,สมใจ นวลฉวี,ตรัง,065-739-9914
CUST04830,บริษัท ห้างหุ้นส่วนสามัญ ตวันเยี่ยม จำกัด,ชิดชนก ถุงเงิน,สมุทรปราการ,0886358239
CUST04831,บริษัท สมาคมนิยมสำหรวจ จำกัด,อรรจน์ ซูสารอ,ตรัง,+66 920 262 708
CUST04832,บริษัท บริษัท นิยมสำหรวจ จำกัด จำกัด,หลี ไทยแท้,กรุงเทพมหานคร,069-216-6682
CUST04833,บริษัท หจก.นำธวัชการบัญชี จำกัด,กรพนธ์ ถุงเงิน,ขอนแก่น,+66 934 723 969
CUST04834,บริษัท ห้างหุ้นส่วนสามัญ ศรทองอุตสาหกรรม จำกัด,สมเกียรติ ธีวร,กรุงเทพมหานคร,+66 (0) 7720 8321
CUST04835,บริษัท บริษัท ตัณสถิตย์ จำกัด,วรดาพร นิษประปัญจ์,หาดใหญ่,+667 733 9252
CUST04836,บริษัท สมาคมจันทา จำกัด,ศุภกรชนา ทองสุกเลิศ,นครราชสีมา,055-628097
CUST04837,บริษัท บริษัท นวลเพ็ง จำกัด (มหาชน) จำกัด,ขอดิเยาะ ชุมวระ,หาดใหญ่,032304931
CUST04838,บริษัท ซูสารอ-ฉัตรอภิเที่ยงค่ำ จำกัด,อาฮามัด ธรรมสถิตไพศาล,พิษณุโลก,+664 003 5819
CUST04839,บริษัท บริษัท นะวะมันดร จำกัด (มหาชน) จำกัด,พรชีวิน ถมังรักษสัตว์,เกาะสมุย,+66 (0) 3602 2551
CUST04840,บริษัท บริษัท น้ำทิพย์ จำกัด จำกัด,ชนิศา ประจันตะเสน,เชียงราย,065-698-8896
CUST04841,บริษัท ห้างหุ้นส่วนสามัญ ถาวรายุศม์ จำกัด,มัตติกา หนุนสุข,นครราชสีมา,0 5749 1310
CUST04842,บริษัท มูลนิธิพานเกล้า จำกัด,เรืองเกียรติ ฉัตรอภิเที่ยงค่ำ,รังสิต,0 5229 6051
CUST04843,บริษัท บริษัท ศรทองอุตสาหกรรม จำกัด จำกัด,หฤทัย ธรรมฤดี,สมุทรปราการ,064-377-0240
CUST04844,บริษัท บจก.ไม้แดงเซอร์วิส จำกัด,ภัคศุภางค์ เลขะพันธุ์,ยะลา,063 942 0129
CUST04845,บริษัท ไทนิยมและทองอยู่ จำกัด,กะดิรัตน์ ถนัดการยนต์,สมุทรปราการ,084-540-2197
CUST04846,บริษัท บริษัท เลขะพันธุ์ จำกัด (มหาชน) จำกัด,วีระวัฒน์ เธียรายัน,กรุงเทพมหานคร,+665 786 5323
CUST04847,บริษัท หจก.ด้วงโสน จำกัด,เทอดศักดิ์ ถนัดพิมพการ,นครสวรรค์,+667 793 2653
CUST04848,บริษัท ห้างหุ้นส่วนจำกัด นาคะนครก่อสร้าง จำกัด,สุรนัย ถนัดการเขียน,นครศรีธรรมราช,045-827846
CUST04849,บริษัท หจก.ดาตู จำกัด,วิชชากร นิละทัต,นครศรีธรรมราช,0 622 900 778
CUST04850,บริษัท หจก.ซูสารอ จำกัด,ศรลักษณ์ ด้วงโสน,ลำปาง,0619347270
CUST04851,บริษัท บริษัท นพคเชนทร์กรุ๊ป จำกัด จำกัด,รภัสพงษ์ ทับทิมไทย,ลำปาง,+664 349 5148
CUST04852,บริษัท บริษัท ถนิมมาศ จำกัด จำกัด,เจษฎากร เขียวขุ้ย,สกลนคร,+66 (0) 4084 9413
CUST04853,บริษัท บริษัท ฉายแสงกลการ จำกัด จำกัด,สโรชา หนักแน่น,ตรัง,+66 634 651 952
CUST04854,บริษัท บริษัท นิละทัต จำกัด จำกัด,เฉลิมรัตน์ นาคพันธุ์,แม่สอด,052 649874
CUST04855,บริษัท บจก.นครเทพซัพพลาย จำกัด,สายสุรีย์ นำธวัช,พิษณุโลก,+66 7382 2718
CUST04856,บริษัท บริษัท แต้กุล จำกัด จำกัด,เยาวรัตน์ ด้วงโสน,นครราชสีมา,023-416424
CUST04857,บริษัท ธัญาโภชน์เซอร์วิส จำกัด,เกษรา มนทอง,นครปฐม,0-2914-2030
CUST04858,บริษัท ชมรมแต้กุล จำกัด,มาสิตะ ตัณฑนุช,แหลมฉบัง,048-039816
CUST04859,บริษัท บริษัท ยางสวย จำกัด (มหาชน) จำกัด,ณัฐญาดา ศรีวงค์,อุบลราชธานี,+66 (0) 997 417 069
CUST04860,บริษัท สมาคมติระคมน์ จำกัด,ภัคชัญญา นิระหานี,เชียงใหม่,039237358
CUST04861,บริษัท บมจ.เนื้อนุ่มเซอร์วิส จำกัด,บุญนพ สาระพันธ์,เชียงใหม่,+66 668 447 136
CUST04862,บริษัท หจก.ดุริยพันธุ์เคมิคอล จำกัด,ราณี นาควงษ์,ยะลา,0 676 131 498
CUST04863,บริษัท บริษัท ธัญเสถียรเฟอนิชชิ่ง จำกัด จำกัด,นภนต์ หนุนสุข,ระยอง,+66 (0) 7503 3097
CUST04864,บริษัท บริษัท แท่นทอง จำกัด จำกัด,สีหราช ตวงทอง,สงขลา,+66 (0) 4072 6101
CUST04865,บริษัท เยาวธนโชคและร่มธิติรัตน์ จำกัด,ธีร์ธวันาย บุญญาไลย์,ลำปาง,050277823
CUST04866,บริษัท บริษัท นาถะพินธุสโตร์ จำกัด จำกัด,หล้า บุนยะศัพท์,สมุทรปราการ,+66 (0) 2338 3094
CUST04867,บริษัท ห้างหุ้นส่วนจำกัด ถนัดการยนต์วิศวกรรม จำกัด,อชิตะวีร์ หอมพิกุล,นนทบุรี,053006335
CUST04868,บริษัท ห้างหุ้นส่วนจำกัด ธีวรเฟอนิชชิ่ง จำกัด,เอกวิทย์ นิษประปัญจ์,หาดใหญ่,0-4267-7752
CUST04869,บริษัท ห้างหุ้นส่วนจำกัด ธรรมนิยมการค้า จำกัด,วรรณชนะชัย นิยมธรรม,พัทยา,0 4004 9867
CUST04870,บริษัท ห้างหุ้นส่วนจำกัด ดาบเงิน จำกัด,ศิรินันท์ นิระหานี,แม่สอด,+66 675 456 685
CUST04871,บริษัท บริษัท ถนัดการยนต์ซัพพลาย จำกัด (มหาชน) จำกัด,สุพนธ์ เวียงจันทึก,นนทบุรี,031 565856
CUST04872,บริษัท มูลนิธิซาซุม จำกัด,เลิศเดช แต้กุล,ภูเก็ต,+665 438 9019
CUST04873,บริษัท ตั้งกุลงามอิมปอร์ตเอ็กซปอร์ต จำกัด,จิฬาภรณ์ ทองอยู่,ขอนแก่น,0 874 973 181
CUST04874,บริษัท หจก.นากกนก จำกัด,ไวพจน์ ทองสินธุ์,หาดใหญ่,+66 (0) 2471 5657
CUST04875,บริษัท มูลนิธิมนทอง จำกัด,พิพิธธน สาระพันธ์,ตรัง,+66 5759 4922
CUST04876,บริษัท ถมปัดและถนัดรักษา จำกัด,สุมัชญา สังข์กรด,นครปฐม,051491647
CUST04877,บริษัท บริษัท ถนัดอาวุธการช่าง จำกัด (มหาชน) จำกัด,เทียมศักดิ์ นวลเพ็ง,หาดใหญ่,0971262850
CUST04878,บริษัท บจก.นรวิทย์โชติกุล จำกัด,ภารวี ถาวระวรณ์,ปากเกร็ด,030-802269
CUST04879,บริษัท บจก.นกทอง จำกัด,ภูวฤณ ทองปากน้ำ,นครปฐม,0-5840-4516
CUST04880,บริษัท บริษัท ถนัดกลึงเอนเตอรไพรส์ จำกัด จำกัด,สันชัย บัวเผื่อน,สมุทรปราการ,084-592-0526
CUST04881,บริษัท ห้างหุ้นส่วนจำกัด ตันเผ่าแลบ จำกัด,อัญธิกา นาคะนคร,กรุงเทพมหานคร,+66 3014 4844
CUST04882,บริษัท บมจ.บัวเผื่อน จำกัด,เยาวรัตน์ ติณรัตน์,ลำปาง,027986097
CUST04883,บริษัท แนวพนิช-ตันยา จำกัด,ฐิติณัฐฐา นิละทัต,นครราชสีมา,076 915830
CUST04884,บริษัท ชมรมตรีเภรินทร์ จำกัด,พชรภรณ์ แนวพนิช,กรุงเทพมหานคร,+663 646 1602
CUST04885,บริษัท เนื่องนนท์จิวเวลรี่ จำกัด,ชนิศา แนวพนิช,รังสิต,+66 5452 6845
CUST04886,บริษัท นิษประปัญจ์และบุญญาภิรมย์ จำกัด,ยศวัฒน์ ประจันตะเสน,เจ้าพระยาสุรศักดิ์,0 2163 2159
CUST04887,บริษัท บริษัท ไทนิยมจิวเวลรี่ จำกัด จำกัด,พันเทพ ซาซุม,พิษณุโลก,079 704398
CUST04888,บริษัท บจก.ราชมณีแลบ จำกัด,เขมจิรา นากกนก,นนทบุรี,062 758 3870
CUST04889,บริษัท ถนัดการยนต์และธีวร จำกัด,จีรยุทธ ทองแท้,สมุทรสาคร,+66 924 145 431
CUST04890,บริษัท หจก.เขียวอ่อน จำกัด,ภัคศุภางค์ เธียรายัน,เชียงราย,091 201 5361
CUST04891,บริษัท บริษัท ถมปัดแพคกิ้ง จำกัด จำกัด,อำไพ หนักแน่น,นครราชสีมา,026728615
CUST04892,บริษัท ห้างหุ้นส่วนสามัญ แก้วชลคราม จำกัด,ธารา ตันตราจิณ,นนทบุรี,050809249
CUST04893,บริษัท ถาวระวรณ์-วิลาสินี จำกัด,ฐิติยาพร นิษประปัญจ์,สมุทรสาคร,032 711924
CUST04894,บริษัท ห้างหุ้นส่วนจำกัด ถนัดรบ จำกัด,พิมพ์สุดา ทับทิมไทย,ภูเก็ต,04 707 4400
CUST04895,บริษัท บมจ.นามขำคอมพิวเตอร์ จำกัด,ปริญญา นฤทุกข์,หาดใหญ่,0 2777 6265
CUST04896,บริษัท บริษัท ศรีตะวัน จำกัด (มหาชน) จำกัด,ภัคศุภางค์ ดาบเพ็ชร์,สมุทรสาคร,+66 4213 0661
CUST04897,บริษัท นิยมธรรม-นำธวัช จำกัด,กระสุน ทวีเดช,สุราษฎร์ธานี,+66 (0) 2894 5291
CUST04898,บริษัท บริษัท เณรานุสนธิ์ จำกัด,สุพัตรา นฤภัย,หาดใหญ่,089-190-0872
CUST04899,บริษัท บริษัท นพตระกูล จำกัด จำกัด,วรศาสส์ บุญญาไลย์,เกาะสมุย,0918640845
CUST04900,บริษัท ห้างหุ้นส่วนจำกัด บุนยะตีรณะแลบ จำกัด,วีระวัฒน์ แก้วชลคราม,รังสิต,047-389192
CUST04901,บริษัท สมาคมราชมณี จำกัด,คำมั่น ทรัพย์ธำรงค์,กรุงเทพมหานคร,0 4600 7206
CUST04902,บริษัท บมจ.ตั้งกุลงามการบัญชี จำกัด,ขอดิเยาะ สงประเสริฐ,แหลมฉบัง,+66 2750 0121
CUST04903,บริษัท บจก.ซูสารอการบัญชี จำกัด,วรศาสส์ ธาราธร,พิษณุโลก,0 2368 8463
CUST04904,บริษัท ชมรมศรีวงค์ จำกัด,ซูไรดา ขำเอนก,ยะลา,+66 633 481 517
CUST04905,บริษัท ศรีวงค์-หิรัญสาลี จำกัด,ณัฐวรินทร ตันเผ่า,นครราชสีมา,020 379906
CUST04906,บริษัท ห้างหุ้นส่วนจำกัด นพตระกูลกรุ๊ป จำกัด,สิราพร คำลือ,พัทยา,03 677 1070
CUST04907,บริษัท เดชวาการบัญชี จำกัด,อันธิกา นากกนก,พระนครศรีอยุธยา,+662 745 4665
CUST04908,บริษัท ศาสตร์ศิลป์-ธีวร จำกัด,กุลปรียา เนตร์มณี,พัทยา,050-760979
CUST04909,บริษัท มูลนิธินุ่มกัน จำกัด,วรศาสส์ พรมอ่อน,พัทยา,061 116 8320
CUST04910,บริษัท หจก.ศิวะวรเวทคอมพิวเตอร์ จำกัด,หล้า ปานสุวรรณ,สุราษฎร์ธานี,0-5650-5048
CUST04911,บริษัท หจก.ถนอมกุลบุตรการช่าง จำกัด,วีรชัย ทุมะบุตร์,นนทบุรี,+66 852 970 761
CUST04912,บริษัท ห้างหุ้นส่วนจำกัด เนื้อนุ่มอินเตอร์เนชั่นแนล จำกัด,ภควัฒน์ ไตรบรรพ,ขอนแก่น,+667 293 9838
CUST04913,บริษัท ผลบุญ-นิยมเซียม จำกัด,จักรกฤนาย จันทา,อ้อมน้อย,0-5608-8221
CUST04914,บริษัท สมาคมนักสำหรวจ จำกัด,กองสิน นรวิทย์โชติกุล,พระนครศรีอยุธยา,073285724
CUST04915,บริษัท สมาคมวะคีมัน จำกัด,ยศพงศ์ นาคสุทิน,ยะลา,+663 571 4137
CUST04916,บริษัท บริษัท ถนัดพิมพการ จำกัด จำกัด,บุญญกัลป์ เลิศกิ่ง,กรุงเทพมหานคร,+66 625 649 221
CUST04917,บริษัท บริษัท แน่นดุจป้อม จำกัด จำกัด,เอนกพงศ์ นาคพันธุ์,อ้อมน้อย,+66 (0) 930 543 643
CUST04918,บริษัท บริษัท ทองสินธุ์ จำกัด จำกัด,ขอดิเยาะ ยางสวย,ปากเกร็ด,+66 (0) 998 337 915
CUST04919,บริษัท บจก.ถมังรักษสัตว์ จำกัด,ประวี นิลเสนา,สมุทรปราการ,+66 5405 5744
CUST04920,บริษัท บริษัท ไม้แดงการบัญชี จำกัด จำกัด,รูไกยะฮ์ คณานุรักษ์,นนทบุรี,032-462397
CUST04921,บริษัท บริษัท ดีตพันธุ์เทรดดิ้ง จำกัด จำกัด,ศิริเกศ ธัญาโภชน์,แม่สอด,07 937 9225
CUST04922,บริษัท หจก.ชุมวระ จำกัด,พิมพ์สุตา แก้วอยู่,ปากเกร็ด,0901344983
CUST04923,บริษัท บริษัท ทัศนสุทธิก่อสร้าง จำกัด จำกัด,เพียงกมล นาถะเดชะ,ขอนแก่น,0999991056
CUST04924,บริษัท บริษัท นุ่มกันเซอร์วิส จำกัด จำกัด,กันตวรรณ ถาวรายุศม์,สุราษฎร์ธานี,0 2672 0580
CUST04925,บริษัท ห้างหุ้นส่วนจำกัด บุญบำรุง จำกัด,ใจกลาง ถนัดรบ,ภูเก็ต,07 480 3685
CUST04926,บริษัท ถมังรักษสัตว์วิศวการ จำกัด,คำ ซูสารอ,นนทบุรี,0 5426 1755
CUST04927,บริษัท ห้างหุ้นส่วนสามัญ ทับทิมไทยคอนสตรัคชั่น จำกัด,เทพนารี บินดี,สมุทรปราการ,03 406 7570
CUST04928,บริษัท บมจ.ถาวรายุศม์ จำกัด,ทิพย์วารี ดุษฎีวนิช,สมุทรปราการ,0670169805
CUST04929,บริษัท มูลนิธิถนัดการยนต์ จำกัด,วิชา ขันธุลา,สกลนคร,03 628 3754
CUST04930,บริษัท บริษัท ถนอมพลกรัง จำกัด (มหาชน) จำกัด,สุภาพร แน่นดุจป้อม,นครสวรรค์,+662 958 4469
CUST04931,บริษัท นากกนกและถนอมพล จำกัด,พรชนก ธรรมทินนา,อุบลราชธานี,055194635
CUST04932,บริษัท บริษัท อัตตนาถ จำกัด จำกัด,รอซีด๊ะ ขำเอนก,นครปฐม,+663 043 2460
CUST04933,บริษัท ไทไชโยขนส่ง จำกัด,เจตธนากร นิลสลัว,สงขลา,0 862 021 044
CUST04934,บริษัท บริษัท ถนอมพลแลบ จำกัด จำกัด,ฉลองชัย แนวพนิช,สงขลา,+662 417 8794
CUST04935,บริษัท หจก.ดาบเพ็ชร์การค้า จำกัด,อัญชิษฐา จันทา,สุราษฎร์ธานี,+66 (0) 3628 9569
CUST04936,บริษัท บริษัท ถะเกิงชศและเพื่อน จำกัด จำกัด,ทิพรดา ถนัดหัตถกรรม,นครปฐม,+66 4346 5700
CUST04937,บริษัท มูลนิธิทหารแท้ จำกัด,เมทนี ธนรักษ์,สงขลา,0-4637-5718
CUST04938,บริษัท บริษัท นิละทัตเทรดดิ้ง จำกัด จำกัด,กนกเนตร วาทา,ภูเก็ต,0-4350-5726
CUST04939,บริษัท ธูปะวิโรจน์และดุษฎีวนิช จำกัด,ทิมาภรณ์ ปานสุวรรณ,เกาะสมุย,079609281
CUST04940,บริษัท ทหารแท้-ทองแท้ จำกัด,รูไกยะฮ์ ดิศดใน,อุดรธานี,03 450 6340
CUST04941,บริษัท สมาคมถาวรายุศม์ จำกัด,วันชนก นฤภัย,นครสวรรค์,+66 3517 7030
CUST04942,บริษัท ห้างหุ้นส่วนจำกัด นพคเชนทร์ จำกัด,หลักทรัพย์ ดำริห์ชอบ,สกลนคร,063 416 2729
CUST04943,บริษัท ถะเกิงชศจิวเวลรี่ จำกัด,รังสินี ศรีเผด็จ,สมุทรปราการ,04 027 0841
CUST04944,บริษัท บริษัท ติณรัตน์ จำกัด จำกัด,เบญญาทิพย์ ทองสินธุ์,ตรัง,+66 (0) 7809 7760
CUST04945,บริษัท ห้างหุ้นส่วนจำกัด บัวเผื่อน จำกัด,หฤทัย ดาตู,เกาะสมุย,079826037
CUST04946,บริษัท ห้างหุ้นส่วนจำกัด นิลเสนายานยนต์ จำกัด,วุฒิ บุนยะศัพท์,สุราษฎร์ธานี,060 627 1926
CUST04947,บริษัท ห้างหุ้นส่วนจำกัด นิยมสำหรวจ จำกัด,ประจิน ถนัดอักษร,หาดใหญ่,+66 (0) 5406 0376
CUST04948,บริษัท เวียงจันทึกและนาถะพินธุ จำกัด,วรนาฎ ดีตพันธุ์,เชียงใหม่,0 7325 2321
CUST04949,บริษัท บมจ.ดาตูแลบ จำกัด,ณัฐติญา ราชมณี,อุบลราชธานี,+662 445 0102
CUST04950,บริษัท บริษัท เนื่องนนท์คอนสตรัคชั่น จำกัด จำกัด,อเนชา ถะเกิงชศ,แหลมฉบัง,+66 655 175 538
CUST04951,บริษัท ห้างหุ้นส่วนจำกัด เดชวา จำกัด,กุลปรียา ทองแท้,อุบลราชธานี,0628323840
CUST04952,บริษัท ตราชูก่อสร้าง จำกัด,ประเสริฐ ซูสารอ,นครสวรรค์,0-3720-7781
CUST04953,บริษัท ห้างหุ้นส่วนจำกัด ฉิมพาลียานยนต์ จำกัด,ธารา ศรีธนะเวทย์,สุราษฎร์ธานี,07 747 3753
CUST04954,บริษัท ขุนดำและนิยมเซียม จำกัด,สมใจ เณรานุสนธิ์,สงขลา,+66 (0) 990 832 556
CUST04955,บริษัท บริษัท นิระหานีและเพื่อน จำกัด จำกัด,รอซีด๊ะ ตะละภัฏ,สมุทรสาคร,+66 (0) 3885 2759
CUST04956,บริษัท ถนัดรักษาก่อสร้าง จำกัด,ธเนษฐ ถนอมกุลบุตร,พัทยา,+66 3700 2499
CUST04957,บริษัท ถาวระวรณ์พืชผล จำกัด,กุลเชษฐ ธรรมฤดี,เกาะสมุย,087 504 4333
CUST04958,บริษัท ธนาคารดัตพันธุ์ จำกัด จำกัด,คำ ดำริห์ชอบ,ตรัง,+66 5209 2924
CUST04959,บริษัท บริษัท แนวพนิช จำกัด จำกัด,จณิตตา ธนรักษ์,อุบลราชธานี,0 894 528 543
CUST04960,บริษัท บริษัท นักสำหรวจ จำกัด จำกัด,วิถี ซาซุม,ตรัง,05 607 5750
CUST04961,บริษัท หจก.แนวพญา จำกัด,สนั่น นวลฉวี,ลำปาง,03 418 4973
CUST04962,บริษัท บริษัท แนวพนิชคอมพิวเตอร์ จำกัด จำกัด,สมพิศ มนทอง,ระยอง,+665 000 8657
CUST04963,บริษัท บริษัท ประจันตะเสน จำกัด จำกัด,ธีริสรา ถนัดการยนต์,ระยอง,03 779 8809
CUST04964,บริษัท ห้างหุ้นส่วนสามัญ นิลเสนาภาพยนตร์ จำกัด,ดวงสมร บุญส่ง,นครปฐม,054-781422
CUST04965,บริษัท ศาสตร์ศิลป์และเพื่อน จำกัด,อัษฏา นิษประปัญจ์,แม่สอด,099 799 6484
CUST04966,บริษัท มูลนิธินับเนื่องนอ จำกัด,ยุศรอน เนื่องนนท์,สงขลา,0 620 153 425
CUST04967,บริษัท บริษัท นามขำเซอร์วิส จำกัด จำกัด,สุภาพร ถนัดเดินข่าว,อ้อมน้อย,+66 (0) 2148 2806
CUST04968,บริษัท ห้างหุ้นส่วนจำกัด ธูปะวิโรจน์ จำกัด,ภควัฒน์ ถนัดรักษา,สกลนคร,0-3002-3015
CUST04969,บริษัท บริษัท วุฑฒยากร จำกัด จำกัด,สิทธัญ ดุริยพันธุ์,ขอนแก่น,0 2518 7136
CUST04970,บริษัท ชมรมแหยมศิริ จำกัด,น้ำเพชร บุนยาภิสนท์,นครราชสีมา,0 7204 9898
CUST04971,บริษัท ห้างหุ้นส่วนจำกัด นะวะมันดร จำกัด,ปริญญา ตะละภัฏ,นครศรีธรรมราช,0-2688-6437
CUST04972,บริษัท บริษัท ทองสินธุ์ จำกัด จำกัด,ทิพรดา เมืองสุข,กรุงเทพมหานคร,078-744918
CUST04973,บริษัท น้ำทิพย์และนักรบ จำกัด,ธีรลักษณ์ เธียรายัน,ภูเก็ต,+66 664 325 576
CUST04974,บริษัท ห้างหุ้นส่วนจำกัด วิลาสินี จำกัด,สรรเพชญ์ ถะเกิงชศ,รังสิต,080 639 2993
CUST04975,บริษัท ขอหมั่นกลางและทองสุกเลิศ จำกัด,กฤตพร ทองแท้,เชียงใหม่,+66 (0) 3389 9672
CUST04976,บริษัท ห้างหุ้นส่วนจำกัด จ้อยนุแสง จำกัด,ตรีนุช บุตดา,นครราชสีมา,0 857 945 464
CUST04977,บริษัท บริษัท อัตตนาถ จำกัด (มหาชน) จำกัด,ภานุพล ตวงทอง,นนทบุรี,+667 349 9505
CUST04978,บริษัท บริษัท ธรรมทินนา จำกัด (มหาชน) จำกัด,เขียว ถนัดอักษร,สงขลา,02 858 2302
CUST04979,บริษัท ทองสีไพลกลการ จำกัด,ธีราทัต หนุนสุข,อ้อมน้อย,071-942478
CUST04980,บริษัท หจก.นวลฉวีและเพื่อน จำกัด,ธเนษฐ ศรีเผด็จ,สกลนคร,073381735
CUST04981,บริษัท หจก.บุญส่งยานยนต์ จำกัด,ใกล้รุ่ง ยะผา,รังสิต,081 172 3083
CUST04982,บริษัท หจก.ถนอมมนุษย์ จำกัด,อัญพัชร์ นวลฉวี,อุดรธานี,+66 4273 0597
CUST04983,บริษัท บริษัท ถาวระวรณ์ซัพพลาย จำกัด จำกัด,วิพุธ ธุวะนุติ์,สงขลา,+66 (0) 667 029 559
CUST04984,บริษัท ห้างหุ้นส่วนจำกัด จันทา จำกัด,เกศรา นากกนก,ขอนแก่น,+66 3747 0737
CUST04985,บริษัท บริษัท ตรีครุธพันธุ์ จำกัด จำกัด,ภูวิช แก้วอยู่,ระยอง,+66 (0) 937 991 824
CUST04986,บริษัท ห้างหุ้นส่วนจำกัด ธูปะวิโรจน์ จำกัด,จักรพันธ์ จันอ้น,สมุทรสาคร,+66 (0) 7627 4541
CUST04987,บริษัท บริษัท ดุษฎีวนิชบริการ จำกัด (มหาชน) จำกัด,หฤทัย เณรานุสนธิ์,แหลมฉบัง,055 381407
CUST04988,บริษัท หจก.อุ่นอกเฟอนิชชิ่ง จำกัด,ธีราทัต อัตตนาถ,สกลนคร,0 2370 3622
CUST04989,บริษัท บริษัท เตชะกำพุ จำกัด จำกัด,คำมั่น ธัญาโภชน์,แหลมฉบัง,+66 603 125 420
CUST04990,บริษัท บริษัท นำธวัชมอเตอร์ จำกัด จำกัด,อินทรีย์ ราชมณี,อ้อมน้อย,0 4426 8920
CUST04991,บริษัท บริษัท ทำประดู่ จำกัด จำกัด,กิติวัฒน์ บุนยาภิสนท์,ขอนแก่น,0959235271
CUST04992,บริษัท หจก.ดุริยพันธุ์เทรดดิ้ง จำกัด,ดารุนี บัวเผื่อน,รังสิต,026 833535
CUST04993,บริษัท ตระกูลบุญ-อุ่นอก จำกัด,ธมน เณรานุสนธิ์,สกลนคร,0 5592 6738
CUST04994,บริษัท บริษัท คำลือการค้า จำกัด จำกัด,จริยฉัตร ดำริห์ชอบ,นครปฐม,098-285-3392
CUST04995,บริษัท ดุษฎีวนิชและดาบเพ็ชร์ จำกัด,เกียรติก้อง ฉายแสง,ปากเกร็ด,0 821 772 929
CUST04996,บริษัท บริษัท ดาวอร่ามพานิช จำกัด จำกัด,สันติราษฎร์ แหยมศิริ,ลำปาง,03 514 6442
CUST04997,บริษัท สมาคมเนื่องนนท์ จำกัด,นิมุ ธนูปกรณ์,เจ้าพระยาสุรศักดิ์,+66 5338 4632
CUST04998,บริษัท บริษัท บุญญาไลย์ จำกัด จำกัด,พีรภัทร์ แจ้งสว่าง,ภูเก็ต,+663 639 7941
CUST04999,บริษัท บริษัท ธัญเสถียรกลการ จำกัด (มหาชน) จำกัด,จิฬาภรณ์ เวียงจันทึก,เชียงราย,024-435426
CUST05000,บริษัท เดชวามอเตอร์ จำกัด,อัญชิษฐา ยะผา,ปากเกร็ด,05 043 2120
CUST05001,บริษัท บริษัท ทันยุคแพคกิ้ง จำกัด จำกัด,เกียรติก้อง วาทา,แม่สอด,+66 (0) 639 631 736
CUST05002,บริษัท บมจ.ขำเอนกเอนเตอรไพรส์ จำกัด,อณาวิน ทองสีไพล,นครราชสีมา,0613448585
CUST05003,บริษัท บริษัท นรวิทย์โชติกุลคอมมิวนิเคชั่น จำกัด จำกัด,ฮานาฟี อัตตนาถ,ยะลา,0 4791 0226
CUST05004,บริษัท หจก.นิยมธรรมเคมิคอล จำกัด,สิริรัตน์ ทรงโกมล,สกลนคร,090-004-1074
CUST05005,บริษัท บริษัท ดวงทับทิมแอนด์ซันส์ จำกัด จำกัด,กะดิรัตน์ หอมพิกุล,นครราชสีมา,07 278 9156
CUST05006,บริษัท บริษัท ศรีเผด็จ จำกัด จำกัด,วิชา ตรีครุธพันธุ์,พิษณุโลก,0 5887 1036
CUST05007,บริษัท บริษัท สุวรรณหงษ์ จำกัด จำกัด,พิมพ์ประภา ถาวรายุศม์,ระยอง,+66 7452 2623
CUST05008,บริษัท บริษัท พรรษาสกุลเทรดดิ้ง จำกัด (มหาชน) จำกัด,จิม แต้กุล,อุดรธานี,+66 2531 9313
CUST05009,บริษัท ปรีชากุลเศรษฐ์จิวเวลรี่ จำกัด,นันทวรรณ ภูภักดี,อุดรธานี,028 517428
CUST05010,บริษัท บริษัท จันทา จำกัด จำกัด,อนิวัฒน์ เพียยา,พระนครศรีอยุธยา,057-269627
CUST05011,บริษัท ทองสุกเลิศและนิยมเซียม จำกัด,รอซีด๊ะ ดิสกะประกาย,กรุงเทพมหานคร,0809173650
CUST05012,บริษัท ห้างหุ้นส่วนจำกัด ธาราธร จำกัด,กุลดิลก วะคีมัน,หาดใหญ่,+662 987 1556
CUST05013,บริษัท ซูสารอการค้า จำกัด,อุษณีย์ ดัตพันธุ์,นครสวรรค์,+66 2314 1217
CUST05014,บริษัท บริษัท บุนยะตีรณะ จำกัด,มนรัตน์ ถนอมพลกรัง,สุราษฎร์ธานี,0 2710 5405
CUST05015,บริษัท บริษัท ดิสกะประกาย จำกัด (มหาชน) จำกัด,สุภาพร ขุนดำ,สมุทรปราการ,+66 (0) 603 975 474
CUST05016,บริษัท หจก.บุตดาแอนด์ซันส์ จำกัด,ประภัทร์สรณ์ ทวนทอง,นครสวรรค์,0 820 995 355
CUST05017,บริษัท ถาวระวรณ์พานิช จำกัด,วิเชียร น้ำทิพย์,ยะลา,0-7925-2301
CUST05018,บริษัท มูลนิธิบินดี จำกัด,รภัสพงษ์ เลิศกิ่ง,พิษณุโลก,072509639
CUST05019,บริษัท ถนัดกลึงและตัณสถิตย์ จำกัด,ปัณณวัชร หนักแน่น,ยะลา,+66 (0) 2636 3499
CUST05020,บริษัท ชมรมหอมสิน จำกัด,ศศินา พรมอ่อน,พิษณุโลก,+662 699 1439
CUST05021,บริษัท บริษัท ถุงเงินภาพยนตร์ จำกัด จำกัด,ชิดชนก นครเทพ,พิษณุโลก,0-4697-2190
CUST05022,บริษัท บจก.นิลวิมล จำกัด,ณัฐติญา เพียยา,แม่สอด,0 3910 0639
CUST05023,บริษัท ตัณสถิตย์คอมมิวนิเคชั่น จำกัด,นิติยา ดุษฎีวนิช,อุดรธานี,+66 (0) 4887 9910
CUST05024,บริษัท ห้างหุ้นส่วนจำกัด นวลฉวีเคมิคอล จำกัด,ตรีนุช ขอหมั่นกลาง,สงขลา,+66 (0) 4517 4432
CUST05025,บริษัท บริษัท ธาราธรวิศวการ จำกัด จำกัด,จริยฉัตร ฉัตรอภิเที่ยงค่ำ,สมุทรสาคร,047 444956
CUST05026,บริษัท นิษประปัญจ์-ถนัดกลึง จำกัด,หรรษธร มิ่งขวัญ,แม่สอด,+66 3453 8390
CUST05027,บริษัท วุฑฒยากรและทองลาภ จำกัด,ปาริตา ดาตู,แม่สอด,0903975468
CUST05028,บริษัท นพคเชนทร์บรรจุภัณฑ์ จำกัด,ซูฮัยดา ทวนไชย์,พัทยา,+66 (0) 3924 9809
CUST05029,บริษัท บริษัท ทวนทอง จำกัด จำกัด,เจษฎากร บุญญาไลย์,พระนครศรีอยุธยา,0-4427-4246
CUST05030,บริษัท ห้างหุ้นส่วนจำกัด ธรรมฤดี จำกัด,สิรวัฒน์ จ้อยนุแสง,นครราชสีมา,+66 (0) 7001 2646
CUST05031,บริษัท บริษัท ชุมวระ จำกัด (มหาชน) จำกัด,วรรณกร ฉายแสง,นครสวรรค์,+66 (0) 3233 5028
CUST05032,บริษัท เลิศกิ่งเทรดดิ้ง จำกัด,ศรายุธ นามเสวตร,แหลมฉบัง,094-543-9689
CUST05033,บริษัท หจก.เนื้อนุ่มเฟอร์นิเจอร์ จำกัด,วรศาสส์ นวลเพ็ง,ลำปาง,07 295 6611
CUST05034,บริษัท นามขำ-สันตะวงศ์ จำกัด,สุภาลินี ธรรมเมธา,พัทยา,082-445-7229
CUST05035,บริษัท นฤทุกข์และเวียงจันทึก จำกัด,โสภณ ทศโยธิน,ขอนแก่น,0-4581-2688
CUST05036,บริษัท หจก.ทรัพย์ธำรงค์ จำกัด,ราณี ธัญาโภชน์,นครศรีธรรมราช,057306216
CUST05037,บริษัท บจก.นาถะพินธุการช่าง จำกัด,ชรินทร์ทิพย์ ตัณสถิตย์,นครศรีธรรมราช,036 315632
CUST05038,บริษัท ตวงทอง-ชุมวระ จำกัด,ฌาฆีภัตฐ์ งามพิเชษฐ์,ปากเกร็ด,+66 684 681 839
CUST05039,บริษัท หจก.ธนประทีป จำกัด,จิตรลดา ไชยภา,ระยอง,+66 (0) 3629 5754
CUST05040,บริษัท บจก.ยางสวยวิศวการ จำกัด,เอกชัย ขันธุลา,อ้อมน้อย,034-028007
CUST05041,บริษัท บริษัท เนตร์มณีจิวเวลรี่ จำกัด จำกัด,โสภณิตา ดิสกะประกาย,หาดใหญ่,0-4131-0124
CUST05042,บริษัท บริษัท ดำริห์ชอบอิมปอร์ตเอ็กซปอร์ต จำกัด (มหาชน) จำกัด,คมกฤชญ์ ศิวะวรเวท,อ้อมน้อย,+66 (0) 937 572 211
CUST05043,บริษัท สมาคมไชยภา จำกัด,รัฐพงษ์ อัตตนาถ,สงขลา,+66 3786 0307
CUST05044,บริษัท บริษัท พีระเพ็ญกุลการช่าง จำกัด จำกัด,วรรณาต โพธิสัตย์,หาดใหญ่,+662 633 6522
CUST05045,บริษัท ห้างหุ้นส่วนจำกัด ทำประดู่ จำกัด,โยธิการ์ ถนอมกุลบุตร,ปากเกร็ด,0682306678
CUST05046,บริษัท บริษัท ศรีสัตย์คอมพิวเตอร์ จำกัด จำกัด,สุมัชญา ซูสารอ,หาดใหญ่,+66 (0) 3685 6167
CUST05047,บริษัท หจก.ทหารแท้ จำกัด,กุลภาวลัย นามเสวตร,อุดรธานี,0906803999
CUST05048,บริษัท หจก.นิยมสำหรวจ จำกัด,โยธิการ์ นิษประปัญจ์,อ้อมน้อย,07 127 2669
CUST05049,บริษัท สมาคมถนัดหัตถกรรม จำกัด,ปิ่นบุญญา ตันยา,แหลมฉบัง,+66 (0) 650 183 110
CUST05050,บริษัท สมาคมซาซุม จำกัด,อดิสรณ์ จันอ้น,สงขลา,036004730
CUST05051,บริษัท ห้างหุ้นส่วนจำกัด นานายนก่อสร้าง จำกัด,กุลเชษฐ นิษประปัญจ์,สงขลา,0 5870 9298
CUST05052,บริษัท บุตดาและวะคีมัน จำกัด,ธวัศชา นวลเพ็ง,อุดรธานี,075-464420
CUST05053,บริษัท บริษัท หิรัญสาลีวิศวกรรม จำกัด จำกัด,ยศพงศ์ บัวเผื่อน,สกลนคร,+66 (0) 961 206 333
CUST05054,บริษัท บริษัท ถ้วนศรี จำกัด จำกัด,ทรรศนชัย ขันธุลา,ระยอง,+66 663 852 602
CUST05055,บริษัท บริษัท สันตะวงศ์การช่าง จำกัด จำกัด,เกษรา ถนัดอาวุธ,สงขลา,0-2253-6339
CUST05056,บริษัท สมาคมสงประเสริฐ จำกัด,ซูไรดา ทองปากน้ำ,สมุทรสาคร,02 400 9501
CUST05057,บริษัท บริษัท ธรรมเมธา จำกัด (มหาชน) จำกัด,ทวีวัฒน์ ศรีธนะเวทย์,เกาะสมุย,091-369-7536
CUST05058,บริษัท บมจ.แต้กุลการบัญชี จำกัด,รมิตา ตระกูลไม้เรียง,ขอนแก่น,+66 7784 0556
CUST05059,บริษัท บริษัท นวลเพ็ง จำกัด จำกัด,นิชนันท์ เช้าวันดี,รังสิต,+665 690 9636
CUST05060,บริษัท ห้างหุ้นส่วนจำกัด ธุวะนุติ์ จำกัด,ศุภชัย พงศ์ฉบับนภา,นครสวรรค์,+66 (0) 856 692 666
CUST05061,บริษัท บริษัท พรมอ่อน จำกัด จำกัด,ภานุวัตร นครเทพ,ปากเกร็ด,0691467942
CUST05062,บริษัท บริษัท ตระกูลไม้เรียงจิวเวลรี่ จำกัด จำกัด,สุภาพร ทวนทอง,เชียงราย,067-099-6077
CUST05063,บริษัท หจก.คำลือกลการ จำกัด,ผดุงชาติ ถนอมพลกรัง,นครปฐม,+66 971 556 895
CUST05064,บริษัท บริษัท พรสีมากลการ จำกัด จำกัด,กุลดิลก ดัตพันธุ์,กรุงเทพมหานคร,+664 417 5992
CUST05065,บริษัท บริษัท แนวพญา จำกัด จำกัด,พุทธ เพียยา,สมุทรปราการ,+667 868 7451
CUST05066,บริษัท ตั้งกุลงาม-ฉายแสง จำกัด,ราชันทร์ ดัตพันธุ์,ปากเกร็ด,031-381190
CUST05067,บริษัท นพตระกูลขนส่ง จำกัด,สิทธิชัย นานายน,ระยอง,0 2476 3418
CUST05068,บริษัท บริษัท ไสยกิจอุตสาหกรรม จำกัด จำกัด,ชัชเวศย์ ไสยกิจ,นนทบุรี,+66 4973 3933
CUST05069,บริษัท ธนาคารธัญาโภชน์การบัญชี จำกัด จำกัด,ฐิติกุล ทองลาภ,เชียงราย,078 547469
CUST05070,บริษัท ห้างหุ้นส่วนจำกัด นะวะมันดรอะไหล่ยนต์ จำกัด,จณิตตา ตรีเภรินทร์,ขอนแก่น,+662 641 3275
CUST05071,บริษัท บริษัท ติณรัตน์ จำกัด จำกัด,ธารา ธรรมฤดี,พัทยา,039 523645
CUST05072,บริษัท บริษัท เตมิยะเดช จำกัด จำกัด,ประไพพักตร์ นาคพันธุ์,นครสวรรค์,0 2848 8766
CUST05073,บริษัท มูลนิธิตัณสถิตย์ จำกัด,ชนิศา ถนิมมาศ,นครศรีธรรมราช,0-4910-6310
CUST05074,บริษัท บริษัท มนทอง จำกัด จำกัด,สิทธัญ บุตดา,ขอนแก่น,024463398
CUST05075,บริษัท บริษัท มิ่งขวัญ จำกัด (มหาชน) จำกัด,บุญญามี ภูภักดี,แม่สอด,0 805 355 336
CUST05076,บริษัท ห้างหุ้นส่วนจำกัด ดิสกะประกาย จำกัด,ดวงสมร ดีตพันธุ์,รังสิต,090 310 0198
CUST05077,บริษัท ไชยภาจิวเวลรี่ จำกัด,ศภัคชคง ธัญาโภชน์,นครปฐม,020 419692
CUST05078,บริษัท บริษัท ฉัพพรรณธนกูร จำกัด จำกัด,วิชา พีระเพ็ญกุล,อุบลราชธานี,+66 5548 5340
CUST05079,บริษัท จันอ้น-ทองลาภ จำกัด,พลานุช ถนัดกลึง,ปากเกร็ด,0 675 695 828
CUST05080,บริษัท บริษัท ถนัดอาวุธกรุ๊ป จำกัด จำกัด,ฐิตาพร ปรีชากุลเศรษฐ์,อุดรธานี,+66 939 098 606
CUST05081,บริษัท บริษัท ศรีวงค์ จำกัด จำกัด,อารีย์ ไทยสุชาต,นนทบุรี,04 719 2395
CUST05082,บริษัท บจก.เยาวธนโชคขนส่ง จำกัด,ปัณณธร วิลาสินี,ระยอง,+66 (0) 943 426 386
CUST05083,บริษัท บมจ.ธัญเสถียรการบัญชี จำกัด,ศศิธร ถนัดอักษร,อ้อมน้อย,0867324731
CUST05084,บริษัท บริษัท ไทยแท้ จำกัด จำกัด,โสภณ บุญบำรุง,กรุงเทพมหานคร,030139200
CUST05085,บริษัท แต้กุลและทองแท้ จำกัด,มนัส ร่มธิติรัตน์,รังสิต,+66 (0) 902 869 371
CUST05086,บริษัท บริษัท ดุษฎีวนิชเซอร์วิส จำกัด จำกัด,ญาณพันธุ์ ศรีสัตย์,ตรัง,020-872958
CUST05087,บริษัท หจก.นิลวิมลแพคกิ้ง จำกัด,ไวพจน์ ธนรักษ์,นครศรีธรรมราช,+662 961 8478
CUST05088,บริษัท ห้างหุ้นส่วนจำกัด นิลสุวรรณ์คอมมิวนิเคชั่น จำกัด,มะลีวัลย์ นวลฉวี,สงขลา,048 952813
CUST05089,บริษัท ห้างหุ้นส่วนสามัญ นิลสลัวแพคกิ้ง จำกัด,ศิรินันท์ สันตะวงศ์,อุดรธานี,03 441 3094
CUST05090,บริษัท บริษัท ฉัพพรรณธนกูร จำกัด จำกัด,ปภาวรินทร์ ยะผา,สมุทรปราการ,+664 017 5081
CUST05091,บริษัท ห้างหุ้นส่วนจำกัด ถนัดภาษาและบุตร จำกัด,สุพนธ์ นุ่มกัน,สมุทรสาคร,+66 7608 4990
CUST05092,บริษัท ทวีเดชและธีวร จำกัด,ปิยนาฎ บุนยาภิสนท์,สงขลา,041-908212
CUST05093,บริษัท บริษัท นิยมสำหรวจ จำกัด จำกัด,จำรัส นามขำ,ลำปาง,075205611
CUST05094,บริษัท ทองสุกเลิศและทัศนสุทธิ จำกัด,มูฮำมัด ตรีเภรินทร์,สมุทรปราการ,074-213511
CUST05095,บริษัท สมาคมตระกูลไม้เรียง จำกัด,ธัญญามาศ ภูภักดี,แหลมฉบัง,083-300-1618
CUST05096,บริษัท ห้างหุ้นส่วนจำกัด นวลฉวีโอสถ จำกัด,พิมพ์พิชญา ทศโยธิน,พระนครศรีอยุธยา,090 797 6905
CUST05097,บริษัท ห้างหุ้นส่วนจำกัด ศรีตะวัน จำกัด,จันทภา แหยมศิริ,พัทยา,032 159440
CUST05098,บริษัท บริษัท งามพิเชษฐ์เอนเตอรไพรส์ จำกัด จำกัด,เทอดศักดิ์ นักรบ,สมุทรปราการ,059 819643
CUST05099,บริษัท สมาคมหิรัญสาลี จำกัด,มูฮัมหมัดอิมรอน ดาวกระจาย,อุบลราชธานี,0 633 447 269
CUST05100,บริษัท บริษัท ถนัดกลึง จำกัด (มหาชน) จำกัด,บุญเกิด บุญบำรุง,นครสวรรค์,0-2615-9776
CUST05101,บริษัท บริษัท ทองปากน้ำเอนเตอรไพรส์ จำกัด (มหาชน) จำกัด,ธีรวุฒิ เลิศกิ่ง,หาดใหญ่,071 441628
CUST05102,บริษัท ห้างหุ้นส่วนจำกัด ขันธุลา จำกัด,โอภาส ธีวร,สมุทรปราการ,0-4343-2362
CUST05103,บริษัท บริษัท ซาซุม จำกัด จำกัด,ภควัฒน์ ติระคมน์,เชียงราย,054 069109
CUST05104,บริษัท ธนาคารนุ่มกัน จำกัด จำกัด,นิชนันท์ ทวนไชย์,เจ้าพระยาสุรศักดิ์,059624815
CUST05105,บริษัท บริษัท ทรัพย์ธำรงค์พานิช จำกัด จำกัด,ปัณณวัชร ธนูปกรณ์,อุบลราชธานี,0 607 627 032
CUST05106,บริษัท ห้างหุ้นส่วนจำกัด ดุริยพันธุ์อะไหล่ยนต์ จำกัด,สัญชาน ศาสตร์ศิลป์,แหลมฉบัง,0872386041
CUST05107,บริษัท บริษัท เช้าวันดี จำกัด จำกัด,อนิวัฒน์ ธรรมฤดี,ยะลา,033 533087
CUST05108,บริษัท ไทไชโยขนส่ง จำกัด,พิชญ์สินี ศรีสัตย์,ยะลา,0-5089-8750
CUST05109,บริษัท ภูภักดีคอมพิวเตอร์ จำกัด,สรรเพชญ์ ถะเกิงชศ,แม่สอด,0-2853-0918
CUST05110,บริษัท บริษัท งามพิเชษฐ์ จำกัด จำกัด,สมพิศ ติระคมน์,รังสิต,094-976-2137
CUST05111,บริษัท ชมรมทีฆะ จำกัด,ตอฮา นครเทพ,ยะลา,+66 2671 3944
CUST05112,บริษัท บริษัท ธรรมทินนา จำกัด จำกัด,ณิชเชฏฐ์ นฤภัย,รังสิต,02 748 7163
CUST05113,บริษัท บริษัท หิรัญสาลี จำกัด จำกัด,ธาเอก สุวรรณหงษ์,นครปฐม,050892913
CUST05114,บริษัท นาถะพินธุก่อสร้าง จำกัด,บุญเกิด ธรรมฤดี,นครศรีธรรมราช,074581561
CUST05115,บริษัท บริษัท หอมพิกุลกลการ จำกัด จำกัด,สุภาพร นิระหานี,นครสวรรค์,+66 (0) 901 836 791
CUST05116,บริษัท แหยมศิริมอเตอร์ จำกัด,ศศิรินทร์ ไตรบรรพ,สุราษฎร์ธานี,+66 (0) 5144 0844
CUST05117,บริษัท บริษัท เนื้อนุ่มการบัญชี จำกัด จำกัด,กิ่งแก้ว นุ่มกัน,ระยอง,0968029985
CUST05118,บริษัท บริษัท ขอหมั่นกลาง จำกัด จำกัด,เขมจิรา ปรีชากุลเศรษฐ์,สุราษฎร์ธานี,0 5745 1841
CUST05119,บริษัท บจก.ตรีครุธพันธุ์ภาพยนตร์ จำกัด,เสรี นาควงษ์,พัทยา,054-973804
CUST05120,บริษัท บริษัท ถนัดภาษาอุตสาหกรรม จำกัด (มหาชน) จำกัด,ศรายุธ หอมพิกุล,กรุงเทพมหานคร,086 039 4662
CUST05121,บริษัท ห้างหุ้นส่วนจำกัด ถนอมพลก่อสร้าง จำกัด,โกมล ถนัดพิมพการ,เจ้าพระยาสุรศักดิ์,062-751-7150
CUST05122,บริษัท หจก.ศรีสัตย์ จำกัด,สุรการณ์ บุญส่ง,เชียงราย,0946612522
CUST05123,บริษัท ศรีสัตย์แอนด์ซันส์ จำกัด,ธนภณ ฉิมพาลี,ภูเก็ต,0 861 565 886
CUST05124,บริษัท สมาคมดวงทับทิม จำกัด,พันเทพ แนวพญา,นครราชสีมา,040206430
CUST05125,บริษัท ทุมะบุตร์และไทยแท้ จำกัด,ปิยะชาติ ทองสีไพล,พิษณุโลก,0-5807-3510
CUST05126,บริษัท ห้างหุ้นส่วนจำกัด จันทามอเตอร์ จำกัด,อินทรีย์ ทวนทอง,นครปฐม,0 608 480 664
CUST05127,บริษัท บริษัท น้ำทิพย์อินเตอร์เนชั่นแนล จำกัด จำกัด,ธีร์ธวันาย ถนัดพิมพการ,อุดรธานี,0 665 182 477
CUST05128,บริษัท บริษัท บุตราช จำกัด จำกัด,ธนนนท์ แต้กุล,พิษณุโลก,0 616 184 938
CUST05129,บริษัท บริษัท ตะละภัฏกลการ จำกัด จำกัด,กนกเนตร บัวเผื่อน,เชียงใหม่,099 139 4176
CUST05130,บริษัท ห้างหุ้นส่วนจำกัด ถุงเงินมอเตอร์ จำกัด,พรพิไล แจ้งสว่าง,สุราษฎร์ธานี,+66 (0) 4263 5364
CUST05131,บริษัท ขำเอนกอินเตอร์เนชั่นแนล จำกัด,สันชัย ดาตู,กรุงเทพมหานคร,0 7499 4128
CUST05132,บริษัท บริษัท ศรีธนะเวทย์การค้า จำกัด จำกัด,อรจิรา เลขะพันธุ์,พิษณุโลก,+662 620 4065
CUST05133,บริษัท บริษัท ทองประดิฐคอมพิวเตอร์ จำกัด จำกัด,รมิตา คณานุรักษ์,นครราชสีมา,+66 (0) 847 361 430
CUST05134,บริษัท บริษัท ดาบเพ็ชร์ จำกัด จำกัด,วรปรัชญ์ ศาสตร์ศิลป์,สมุทรปราการ,042-169692
CUST05135,บริษัท สหภาพแรงงานทัศนสุทธิ จำกัด,ณปภัช ขอหมั่นกลาง,พระนครศรีอยุธยา,+662 179 4823
CUST05136,บริษัท หจก.ทองประดิฐ จำกัด,กองสิน อุ่นอก,แม่สอด,05 180 9917
CUST05137,บริษัท หจก.บุตดายานยนต์ จำกัด,โชติวุฒิ บุญญาไลย์,สุราษฎร์ธานี,+66 (0) 842 761 440
CUST05138,บริษัท บริษัท ตันยา จำกัด จำกัด,ภาสวุฒิ ตระกูลบุญ,พิษณุโลก,+667 713 4211
CUST05139,บริษัท ห้างหุ้นส่วนสามัญ นาคะนครกรุ๊ป จำกัด,สุพัตร เพียยา,ปากเกร็ด,063-112-9680
CUST05140,บริษัท บริษัท เธียรายันเทรดดิ้ง จำกัด จำกัด,อารีย์ บุญญาภิรมย์,ภูเก็ต,+662 780 8511
CUST05141,บริษัท ห้างหุ้นส่วนสามัญ ตั้งรบ จำกัด,กิ่งแก้ว แต้กุล,เชียงราย,075689555
CUST05142,บริษัท บริษัท ด้วงโสน จำกัด จำกัด,ศดิศ ทองปากน้ำ,นครศรีธรรมราช,020675929
CUST05143,บริษัท กุมารบุญเทรดดิ้ง จำกัด,พันธุ์เทพ เวียงจันทึก,อุบลราชธานี,050-177019
CUST05144,บริษัท บริษัท ดำริห์ชอบมอเตอร์ จำกัด จำกัด,ไชยภพ นรวิทย์โชติกุล,เชียงใหม่,049-251994
CUST05145,บริษัท บริษัท พรรษาสกุล จำกัด จำกัด,นรีกานต์ ดุษฎีวนิช,พิษณุโลก,+664 688 0058
CUST05146,บริษัท บริษัท แท่นทองแลบ จำกัด จำกัด,สมพิศ หอมพิกุล,นครปฐม,+66 (0) 5657 3018
CUST05147,บริษัท บริษัท พีระเพ็ญกุลกรุ๊ป จำกัด จำกัด,จิตรลดา ด้วงโสน,สมุทรปราการ,0 4772 6027
CUST05148,บริษัท หจก.แก้วชลคราม จำกัด,วีระโชติ ศิวะวรเวท,เกาะสมุย,060-568-8665
CUST05149,บริษัท บริษัท วุฑฒยากร จำกัด จำกัด,ภัคชัญญา ประจันตะเสน,สมุทรสาคร,076-094031
CUST05150,บริษัท บมจ.แก้วชลคราม จำกัด,วิชชากร ธรรมนิยม,พระนครศรีอยุธยา,+66 7995 6715
CUST05151,บริษัท บริษัท นพตระกูล จำกัด จำกัด,ฌาฆีภัตฐ์ บุญญาไลย์,นครราชสีมา,0 7249 5988
CUST05152,บริษัท ห้างหุ้นส่วนจำกัด ราชมณีวิศวการ จำกัด,มนัส ทรัพย์ธำรงค์,ลำปาง,+66 4804 5097
CUST05153,บริษัท สหภาพแรงงานถาวระวรณ์ จำกัด,นัสรุน หิรัญสาลี,อุดรธานี,043-123028
CUST05154,บริษัท บริษัท จ้อยนุแสง จำกัด จำกัด,สุปรานี วุฑฒยากร,ยะลา,0-2762-6248
CUST05155,บริษัท บริษัท ทวนไชย์การบัญชี จำกัด จำกัด,มารุด นิลวรรณ,เจ้าพระยาสุรศักดิ์,067-625-6978
CUST05156,บริษัท บริษัท ทองอยู่ จำกัด จำกัด,พีระพงศ์พันธ์ ศรีเผด็จ,นครปฐม,03 549 1899
CUST05157,บริษัท ธนาคารแน่นดุจป้อม จำกัด (มหาชน) จำกัด,ภานิณี ทันยุค,ตรัง,0802734904
CUST05158,บริษัท เธียรายันพืชผล จำกัด,อนุบาล นิยมธรรม,สงขลา,+66 846 411 574
CUST05159,บริษัท ปรีชากุลเศรษฐ์-เนตร์มณี จำกัด,เทพนารี พรมอ่อน,ภูเก็ต,+663 556 5034
CUST05160,บริษัท ทองปากน้ำคอมพิวเตอร์ จำกัด,รอกีเย๊าะ เขียวอ่อน,สมุทรสาคร,+667 187 5719
CUST05161,บริษัท บริษัท เตมิยะเดช จำกัด จำกัด,ธนนนท์ นาฏคายี,สมุทรสาคร,+66 2454 4313
CUST05162,บริษัท บริษัท เพียยา จำกัด จำกัด,กิติวัฒน์ เดชวา,พิษณุโลก,094-173-6541
CUST05163,บริษัท บริษัท ไชยภา จำกัด จำกัด,นิรุตต์ เดชคุ้ม,ยะลา,028-834690
CUST05164,บริษัท ห้างหุ้นส่วนจำกัด พรมอ่อน จำกัด,อธิวัตร นิละทัต,หาดใหญ่,075-153620
CUST05165,บริษัท ห้างหุ้นส่วนจำกัด ทันยุค จำกัด,ศดิศ ขันธุลา,หาดใหญ่,+66 2070 4095
CUST05166,บริษัท บริษัท นุตตารเอนเตอรไพรส์ จำกัด (มหาชน) จำกัด,ยอดแมน ฉิมพาลี,เชียงใหม่,0-2249-1181
CUST05167,บริษัท บจก.ไม้แดงแพคกิ้ง จำกัด,ศิรินันท์ นิษประปัญจ์,ภูเก็ต,071788585
CUST05168,บริษัท ห้างหุ้นส่วนจำกัด นครเทพบริการ จำกัด,กุลเชษฐ คำลือ,นนทบุรี,02 366 2982
CUST05169,บริษัท ห้างหุ้นส่วนจำกัด ทำประดู่ จำกัด,ชรินทร์ทิพย์ มนทอง,ขอนแก่น,+66 (0) 2876 6925
CUST05170,บริษัท บริษัท สงประเสริฐคอมพิวเตอร์ จำกัด จำกัด,ภูวิช บินดี,นครปฐม,057512917
CUST05171,บริษัท บมจ.ทวีเดชแอนด์ซันส์ จำกัด,จิฬาภรณ์ นิละทัต,นครราชสีมา,047682801
CUST05172,บริษัท หิรัญสาลีภาพยนตร์ จำกัด,อารีย์ ทองประดิฐ,อ้อมน้อย,+667 233 0603
CUST05173,บริษัท บริษัท แน่นดุจป้อม จำกัด จำกัด,ถนอมชัย ทันยุค,ภูเก็ต,05 876 5020
CUST05174,บริษัท บมจ.เลิศกิ่งโอสถ จำกัด,ขอดิเยาะ ดัตพันธุ์,อุบลราชธานี,050-871907
CUST05175,บริษัท บจก.ไทยแท้ จำกัด,อดิสรณ์ นับเนื่องนอ,สมุทรสาคร,033548459
CUST05176,บริษัท บริษัท สุวรรณหงษ์ก่อสร้าง จำกัด จำกัด,สุพัตร คำลือ,หาดใหญ่,02 630 3497
CUST05177,บริษัท ศรีสัตย์และนิลสลัว จำกัด,ประสิทธิ์ หิรัญสาลี,นครศรีธรรมราช,0-2609-4245
CUST05178,บริษัท ดุริยพันธุ์คอมมิวนิเคชั่น จำกัด,ยุลิน เมืองสุข,นครราชสีมา,0998681657
CUST05179,บริษัท บริษัท ธัญาโภชน์บรรจุภัณฑ์ จำกัด (มหาชน) จำกัด,วิทูลย์ ถนอมพล,สงขลา,+66 833 318 202
CUST05180,บริษัท ห้างหุ้นส่วนสามัญ ทองสินธุ์เฟอร์นิเจอร์ จำกัด,ทรรศนชัย ดำริห์ชอบ,นนทบุรี,+66 3201 3127
CUST05181,บริษัท ดิศดในการบัญชี จำกัด,ลักษมี ถาวรายุศม์,นครสวรรค์,04 506 5568
CUST05182,บริษัท บริษัท หิรัญสาลียานยนต์ จำกัด จำกัด,ซูไรดา ไทยสุชาต,แม่สอด,0-4975-8450
CUST05183,บริษัท บจก.เช้าวันดีแอนด์ซันส์ จำกัด,สิริ ถนัดอาวุธ,ปากเกร็ด,0 7426 5099
CUST05184,บริษัท ทองประดิฐและดาวกระจาย จำกัด,นพวรรณ สังข์กรด,ตรัง,+66 5313 6171
CUST05185,บริษัท นิละทัตและทองลาภ จำกัด,จำรัส ไชยภา,อุดรธานี,+663 637 6644
CUST05186,บริษัท บมจ.เนตร์มณี จำกัด,ภานิณี ทันยุค,พัทยา,053773545
CUST05187,บริษัท ถนัดการยนต์-ดาวอร่าม จำกัด,จักรชัย ทรัพย์ธำรงค์,อ้อมน้อย,089 288 0091
CUST05188,บริษัท บริษัท ผลบุญ จำกัด (มหาชน) จำกัด,ปัญญาพร ผลบุญ,ระยอง,+667 091 6477
CUST05189,บริษัท บริษัท ทวนทองโอสถ จำกัด จำกัด,อัญชัญ น้ำทิพย์,อ้อมน้อย,030-899654
CUST05190,บริษัท หจก.ศิวะวรเวท จำกัด,อันธิกา บุญญาไลย์,สมุทรปราการ,086-250-0655
CUST05191,บริษัท ธนาคารสงประเสริฐบริการ จำกัด จำกัด,ฐิติณัฐฐา ไทยสุชาต,พระนครศรีอยุธยา,0947388144
CUST05192,บริษัท บจก.ชำนาญวาด จำกัด,ปิยนุช ดุริยพันธุ์,กรุงเทพมหานคร,030 922380
CUST05193,บริษัท หจก.ไตรบรรพมอเตอร์ จำกัด,เฉลิมรัฐ เดชวา,นครราชสีมา,028479631
CUST05194,บริษัท บริษัท ดำริห์ชอบ จำกัด จำกัด,ยุศรอน นิลวิมล,ตรัง,+66 7588 5350
CUST05195,บริษัท หสน.ตั้งกุลงามเฟอนิชชิ่ง จำกัด,ซูรัยดา ตรีเภรินทร์,เชียงใหม่,0-7880-0762
CUST05196,บริษัท บจก.ทองลาภและบุตร จำกัด,เกียรติศักดิ์ ธูปหอม,สงขลา,+667 213 9849
CUST05197,บริษัท ห้างหุ้นส่วนจำกัด แก้วอยู่ จำกัด,อดิสรณ์ นครเทพ,หาดใหญ่,0866651560
CUST05198,บริษัท บริษัท ซาซุมการค้า จำกัด จำกัด,ปิยะชาติ นามเสวตร,อ้อมน้อย,0923537606
CUST05199,บริษัท บมจ.ถนัดการยนต์ จำกัด,ศศิธร สาระพันธ์,สุราษฎร์ธานี,048 922435
CUST05200,บริษัท บมจ.ทองอยู่ จำกัด,เยาวรัตน์ บุญญาไลย์,พัทยา,04 632 1548
CUST05201,บริษัท ห้างหุ้นส่วนสามัญ ถนัดหัตถกรรม จำกัด,คมคาย นาฏคายี,เชียงใหม่,+66 5259 7550
CUST05202,บริษัท บริษัท ดิศดในอินเตอร์เนชั่นแนล จำกัด จำกัด,อำไพ ศาสตร์ศิลป์,อ้อมน้อย,091 511 6939
CUST05203,บริษัท บริษัท แต้กุลคอนสตรัคชั่น จำกัด จำกัด,ฮามีย๊ะ ทองประดิฐ,นครปฐม,051-285062
CUST05204,บริษัท บจก.ซาซุม จำกัด,ตรีนุช บุนยะตีรณะ,ลำปาง,057-717361
CUST05205,บริษัท บริษัท ธรรมทินนา จำกัด จำกัด,ธีร์ธวันาย วาทา,สมุทรปราการ,049 151256
CUST05206,บริษัท บริษัท ศรีวงค์ จำกัด จำกัด,เถลิงยศ ถะเกิงชศ,ปากเกร็ด,0-2345-4433
CUST05207,บริษัท หจก.ตั้งกุลงาม จำกัด,ยุภา นุ่มกัน,สมุทรสาคร,0 4819 9242
CUST05208,บริษัท บริษัท บุญบำรุงซัพพลาย จำกัด (มหาชน) จำกัด,สิริลัดดา นครเทพ,พิษณุโลก,049 787787
CUST05209,บริษัท สหภาพแรงงานธุวะนุติ์ จำกัด,ลัดดา ธัญเสถียร,อ้อมน้อย,+66 (0) 4083 5402
CUST05210,บริษัท บจก.ถนัดรบ จำกัด,เกษมชัย ธาราธร,พิษณุโลก,07 478 9474
CUST05211,บริษัท ห้างหุ้นส่วนสามัญ หนักแน่นมอเตอร์ จำกัด,เพียงกมล นรวิทย์โชติกุล,ปากเกร็ด,051-692913
CUST05212,บริษัท หจก.นิลวิมล จำกัด,เทอดศักดิ์ ทันยุค,ภูเก็ต,0 982 194 659
CUST05213,บริษัท หจก.เธียรายัน จำกัด,ราชพฤกษ์ แหยมศิริ,แหลมฉบัง,+66 655 098 422
CUST05214,บริษัท ห้างหุ้นส่วนสามัญ ถนิมมาศ จำกัด,สัญชาน นิลเสนา,เกาะสมุย,+66 (0) 7228 7553
CUST05215,บริษัท มูลนิธิทองปากน้ำ จำกัด,ภัคศุภางค์ ชุมวระ,สุราษฎร์ธานี,+66 (0) 2415 9758
CUST05216,บริษัท ถุงเงิน-ด้วงโสน จำกัด,ฐิตาพร นุตตาร,รังสิต,063 116 0521
CUST05217,บริษัท เลขะพันธุ์บริการ จำกัด,รภัสพงษ์ ดาวกระจาย,อ้อมน้อย,+66 (0) 667 750 462
CUST05218,บริษัท ห้างหุ้นส่วนจำกัด ถนอมมนุษย์ จำกัด,ไพสิฐ ถนัดกลึง,นนทบุรี,024-415101
CUST05219,บริษัท ห้างหุ้นส่วนจำกัด แถมธน จำกัด,หลี พีระเพ็ญกุล,เชียงราย,0 7807 1204
CUST05220,บริษัท บริษัท กุมารบุญการค้า จำกัด จำกัด,พรเบญญา จันทา,พิษณุโลก,+66 7444 6185
CUST05221,บริษัท ห้างหุ้นส่วนสามัญ หอมพิกุลเฟอร์นิเจอร์ จำกัด,วัลยา ทองสีไพล,ปากเกร็ด,+66 4494 3440
CUST05222,บริษัท บริษัท เนื่องนนท์การบัญชี จำกัด จำกัด,กวีฉัฏฐ ดาวอร่าม,นครสวรรค์,052882406
CUST05223,บริษัท ธนาคารเพียยาวิศวกรรม จำกัด จำกัด,โชติวุฒิ ทองปากน้ำ,ตรัง,04 538 4117
CUST05224,บริษัท แจ้งสว่างสโตร์ จำกัด,พันเกล้า เจริญรัมย์,สงขลา,+66 5279 7967
CUST05225,บริษัท หจก.มนทองและบุตร จำกัด,กิ่งแก้ว งามพิเชษฐ์,เชียงใหม่,034187039
CUST05226,บริษัท บริษัท เวียงจันทึกการช่าง จำกัด จำกัด,ทัตธน ดุริยพันธุ์,เจ้าพระยาสุรศักดิ์,+66 (0) 4802 8623
CUST05227,บริษัท ห้างหุ้นส่วนสามัญ ดุริยพันธุ์เทรดดิ้ง จำกัด,รัฐพงษ์ ทีฆะ,นครสวรรค์,028704886
CUST05228,บริษัท บริษัท ตันเผ่า จำกัด จำกัด,เมทนี ถมปัด,รังสิต,057424152
CUST05229,บริษัท มูลนิธิถมังรักษสัตว์ จำกัด,ประเดิม ซาซุม,พัทยา,044226347
CUST05230,บริษัท บริษัท แน่นดุจป้อม จำกัด จำกัด,สิทธิชัย ธรรมสถิตไพศาล,พระนครศรีอยุธยา,+66 7991 5708
CUST05231,บริษัท หจก.นิระหานี จำกัด,นพรัตน์ อุลหัสสา,สกลนคร,+66 2645 3148
CUST05232,บริษัท สมาคมนานายน จำกัด,ศจีกาญจน์ ยาปะโลหิต,พัทยา,0656500798
CUST05233,บริษัท บริษัท ธาราธรภาพยนตร์ จำกัด จำกัด,โอภาส นิละทัต,สุราษฎร์ธานี,0-5713-2857
CUST05234,บริษัท หจก.เณรานุสนธิ์ จำกัด,สายสุรีย์ นฤทุกข์,สกลนคร,+66 (0) 4391 8162
CUST05235,บริษัท บริษัท นวลฉวี จำกัด จำกัด,มัตติกา บุนยาภิสนท์,นครราชสีมา,063 396 8766
CUST05236,บริษัท บมจ.มนทอง จำกัด,เกษรา ถนอมกุลบุตร,นนทบุรี,065 498 6963
CUST05237,บริษัท บริษัท ดุษฎีวนิช จำกัด จำกัด,สุชิน เนื้อนุ่ม,หาดใหญ่,04 456 3058
CUST05238,บริษัท หจก.เนื่องนนท์เซอร์วิส จำกัด,ซูฮัยดา นิษประปัญจ์,แหลมฉบัง,03 623 0625
CUST05239,บริษัท ห้างหุ้นส่วนสามัญ ธูปหอม จำกัด,ปภาวรินทร์ เลิศกิ่ง,นนทบุรี,+66 5138 4250
CUST05240,บริษัท หจก.ทุมะบุตร์กรุ๊ป จำกัด,ณิชเชฏฐ์ จันอ้น,อุบลราชธานี,067 495 4010
CUST05241,บริษัท ห้างหุ้นส่วนสามัญ จ้อยนุแสง จำกัด,ภูวิช นาควงษ์,หาดใหญ่,+66 7903 6293
CUST05242,บริษัท หสน.บุญส่ง จำกัด,มูฮำมัด ทศโยธิน,ขอนแก่น,+66 7631 3949
CUST05243,บริษัท บริษัท นุ่มกันภาพยนตร์ จำกัด จำกัด,ปัตถพงษ์ นพคเชนทร์,ขอนแก่น,0 3812 2881
CUST05244,บริษัท บุณยะภาชน์บรรจุภัณฑ์ จำกัด,ณัฐธภรณ์ กุมารบุญ,นครสวรรค์,+66 (0) 4797 6610
CUST05245,บริษัท ห้างหุ้นส่วนจำกัด คณานุรักษ์และเพื่อน จำกัด,พุทธิพงษ์ ถิรสวัสดิ์,ปากเกร็ด,03 538 0656
CUST05246,บริษัท บริษัท นฤทุกข์การค้า จำกัด จำกัด,ณปภัช นามเสวตร,ระยอง,0-4018-2591
CUST05247,บริษัท ถนัดอาวุธและธนูปกรณ์ จำกัด,วิรศักดิ์ ดัตพันธุ์,ลำปาง,042-395997
CUST05248,บริษัท นะวะมันดรอิมปอร์ตเอ็กซปอร์ต จำกัด,สันติราษฎร์ พีระเพ็ญกุล,พระนครศรีอยุธยา,072 272206
CUST05249,บริษัท บริษัท เดชคุ้มขนส่ง จำกัด จำกัด,ตรีนุช ตันเผ่า,ปากเกร็ด,0 2100 3322
CUST05250,บริษัท ห้างหุ้นส่วนสามัญ หอมพิกุล จำกัด,ปิยวัจน์ ถนัดพิมพการ,แหลมฉบัง,02 750 0114
CUST05251,บริษัท ห้างหุ้นส่วนจำกัด ถะเกิงชศยานยนต์ จำกัด,เจตพินิษฐ์ บุญบำรุง,เกาะสมุย,+66 844 235 097
CUST05252,บริษัท บริษัท ดีตพันธุ์ จำกัด จำกัด,อันธิกา ศรีอุ่น,กรุงเทพมหานคร,+66 669 710 144
CUST05253,บริษัท เนื้อนุ่มการช่าง จำกัด,โชคภาดล ดาบเพ็ชร์,ขอนแก่น,0 684 174 487
CUST05254,บริษัท บมจ.นามขำ จำกัด,ชัชนันท์ หอมสิน,นครศรีธรรมราช,032919633
CUST05255,บริษัท บริษัท ธัญาโภชน์ จำกัด จำกัด,รวิวาน เพียยา,รังสิต,05 279 0830
CUST05256,บริษัท ห้างหุ้นส่วนจำกัด ตระกูลไม้เรียงโอสถ จำกัด,อริสรา นวลเพ็ง,เชียงใหม่,+66 836 509 924
CUST05257,บริษัท บมจ.ตัณสถิตย์ จำกัด,เพชรมณี พรรษาสกุล,กรุงเทพมหานคร,081 223 1411
CUST05258,บริษัท ชุมวระเอเยนซี จำกัด,ราณี บุตราช,ภูเก็ต,0-4571-4511
CUST05259,บริษัท หจก.ทองลาภ จำกัด,มารุด บัวเผื่อน,ลำปาง,+66 5952 2655
CUST05260,บริษัท บริษัท มิ่งขวัญ จำกัด จำกัด,เบญญาทิพย์ ธีวร,นครสวรรค์,0 2666 7078
CUST05261,บริษัท ทับทิมไทยกลการ จำกัด,ยุลิน นิลสลัว,ปากเกร็ด,051 213543
CUST05262,บริษัท บมจ.ทองสีไพลโอสถ จำกัด,อรุณี นากกนก,หาดใหญ่,+66 908 144 636
CUST05263,บริษัท บริษัท ทองแท้โอสถ จำกัด จำกัด,ภานุพล แก้วชลคราม,อุดรธานี,040 357052
CUST05264,บริษัท เขียวขุ้ยสโตร์ จำกัด,ปรมินทร์ ชุมวระ,สมุทรสาคร,094-218-2819
CUST05265,บริษัท นวลเพ็ง-ดาวอร่าม จำกัด,นันทิกานต์ ถาวระวรณ์,สกลนคร,0-5163-5258
CUST05266,บริษัท หจก.ยางสวย จำกัด,เนติลักษณ์ ศรีสัตย์,ภูเก็ต,0-5797-0138
CUST05267,บริษัท บริษัท ทวีเดช จำกัด จำกัด,วรรณรัตน์ นาคพันธุ์,เชียงใหม่,0 3387 3245
CUST05268,บริษัท หจก.ทองแท้คอนสตรัคชั่น จำกัด,ปริญญา ทวีเดช,รังสิต,+662 895 5775
CUST05269,บริษัท หจก.เจริญรัมย์และเพื่อน จำกัด,นรีรัตน์ เลขะพันธุ์,กรุงเทพมหานคร,043-842791
CUST05270,บริษัท สหภาพแรงงานธรรมทินนา จำกัด,นิวิลดาน ตั้งรบ,หาดใหญ่,+66 3827 2260
CUST05271,บริษัท หจก.ถ้วนศรี จำกัด,พิมพ์สุตา นพตระกูล,ตรัง,0880504422
CUST05272,บริษัท ห้างหุ้นส่วนจำกัด เพียยากรุ๊ป จำกัด,เพทาย นิลวิมล,อุบลราชธานี,04 643 8134
CUST05273,บริษัท บริษัท เจริญรัมย์ จำกัด (มหาชน) จำกัด,ปรายกานต์ ดำริห์ชอบ,ยะลา,0-7542-1201
CUST05274,บริษัท ห้างหุ้นส่วนสามัญ สงประเสริฐ จำกัด,ซุกรี เนื่องนนท์,กรุงเทพมหานคร,0 988 223 137
CUST05275,บริษัท หจก.นวลฉวีเฟอนิชชิ่ง จำกัด,นนทกาญจน์ เณรานุสนธิ์,อุบลราชธานี,037 130024
CUST05276,บริษัท บริษัท นพตระกูลเคมิคอล จำกัด จำกัด,รอซีด๊ะ เธียรายัน,ปากเกร็ด,052-947807
CUST05277,บริษัท ดุษฎีวนิชเซอร์วิส จำกัด,พีรพัฒน์ หนักแน่น,ปากเกร็ด,+663 720 5894
CUST05278,บริษัท ห้างหุ้นส่วนจำกัด ศรีอุ่นเคมิคอล จำกัด,คำมั่น พรรษาสกุล,นครศรีธรรมราช,0 681 598 106
CUST05279,บริษัท สมาคมพานเกล้า จำกัด,สุมัชญา ศรีอุ่น,ลำปาง,+66 (0) 3878 3756
CUST05280,บริษัท บมจ.พงศ์ฉบับนภาพานิช จำกัด,หฤทัย นิยมธรรม,ระยอง,+663 999 5664
CUST05281,บริษัท บริษัท ถนอมกุลบุตร จำกัด จำกัด,แปลง ติณรัตน์,เชียงราย,0978953272
CUST05282,บริษัท บริษัท นาคะนคร จำกัด จำกัด,รังสินี สงประเสริฐ,ปากเกร็ด,022 425249
CUST05283,บริษัท บริษัท ปรีชากุลเศรษฐ์ จำกัด จำกัด,บุญเทียน ทรงโกมล,นครปฐม,+66 (0) 605 778 103
CUST05284,บริษัท หจก.ถนัดรักษา จำกัด,ปรมินทร์ นะวะมันดร,อุดรธานี,055-221314
CUST05285,บริษัท หจก.ไทยสุชาต จำกัด,ลัดดา แหยมศิริ,พระนครศรีอยุธยา,0974590195
CUST05286,บริษัท มูลนิธิดุริยพันธุ์ จำกัด,มะสูเกียน บุนยะตีรณะ,เจ้าพระยาสุรศักดิ์,026-401961
CUST05287,บริษัท ห้างหุ้นส่วนจำกัด ทรัพย์สารขนส่ง จำกัด,เลิศเดช หนักแน่น,สมุทรปราการ,+66 (0) 7452 3976
CUST05288,บริษัท นิลวรรณและนักสำหรวจ จำกัด,ปรายกานต์ นุชแนวนุ่ม,สมุทรสาคร,+66 (0) 2801 8864
CUST05289,บริษัท เยาวธนโชค-เณรานุสนธิ์ จำกัด,วรินทธิ์ธร แถมธน,หาดใหญ่,+66 (0) 4643 3462
CUST05290,บริษัท บริษัท ตระกูลบุญบริการ จำกัด จำกัด,ฟิรยา ไตรบรรพ,ตรัง,+662 118 4015
CUST05291,บริษัท ห้างหุ้นส่วนจำกัด เนื้อนุ่ม จำกัด,พันธุ์เทพ วะคีมัน,ลำปาง,0 2352 7057
CUST05292,บริษัท ฉายแสงภาพยนตร์ จำกัด,พันเทพ ดำริห์ชอบ,เจ้าพระยาสุรศักดิ์,072511197
CUST05293,บริษัท ห้างหุ้นส่วนจำกัด ติณรัตน์ จำกัด,ธวัศชา ธรรมทินนา,ภูเก็ต,+66 7078 5042
CUST05294,บริษัท ห้างหุ้นส่วนจำกัด นานายนโอสถ จำกัด,รัฐพงษ์ ศรีตะวัน,เจ้าพระยาสุรศักดิ์,045 342326
CUST05295,บริษัท บริษัท เดชวาเอเยนซี จำกัด จำกัด,นภัสรินทร์ ถนัดการยนต์,พิษณุโลก,02 239 5061
CUST05296,บริษัท บริษัท ธรรมสถิตไพศาลคอมมิวนิเคชั่น จำกัด จำกัด,อาซือมะ นวลฉวี,สกลนคร,079-315032
CUST05297,บริษัท ห้างหุ้นส่วนจำกัด ศาสตร์ศิลป์แพคกิ้ง จำกัด,เทพนารี อุลหัสสา,พิษณุโลก,0-2748-7061
CUST05298,บริษัท บจก.เพียยาเฟอนิชชิ่ง จำกัด,รัฐพงษ์ มนทอง,นนทบุรี,+66 (0) 3190 9316
CUST05299,บริษัท ตั้งรบอะไหล่ยนต์ จำกัด,พันธุ์เทพ ธรรมฤดี,ภูเก็ต,05 195 8870
CUST05300,บริษัท ตัณสถิตย์ซัพพลาย จำกัด,จักรีรัตน์ ถนัดกลึง,สกลนคร,+66 (0) 956 911 018
CUST05301,บริษัท ชมรมนุตตาร จำกัด,สุทธิพจน์ เยาวธนโชค,รังสิต,0 619 922 887
CUST05302,บริษัท บมจ.เดชวา จำกัด,จณิสตา บุนยาภิสนท์,แม่สอด,099 135 7056
CUST05303,บริษัท ห้างหุ้นส่วนจำกัด นานายน จำกัด,ศิรินันท์ นามขำ,สกลนคร,+66 (0) 5453 1015
CUST05304,บริษัท สมาคมบุญบำรุง จำกัด,เกียรติศักดิ์ นุตตาร,สงขลา,035 712478
CUST05305,บริษัท บริษัท ศรีธนะเวทย์ จำกัด (มหาชน) จำกัด,ประเสริฐ แนวพญา,รังสิต,+66 (0) 4516 3336
CUST05306,บริษัท บริษัท ถนัดอักษร จำกัด จำกัด,พิศพรรณ ทวนทอง,ขอนแก่น,0 950 566 185
CUST05307,บริษัท ห้างหุ้นส่วนจำกัด ธัญาโภชน์ จำกัด,ณัฐธิตา นาถะเดชะ,เจ้าพระยาสุรศักดิ์,076-422052
CUST05308,บริษัท หจก.ยางสวยเอเยนซี จำกัด,ภูวรา ตันเผ่า,พิษณุโลก,+66 4434 1202
CUST05309,บริษัท สมาคมนพคเชนทร์ จำกัด,ธนกิตต์ ทองปากน้ำ,เชียงใหม่,0-2894-6078
CUST05310,บริษัท ศรีวงค์และนิลวิมล จำกัด,สุรนีย์ ถะเกิงชศ,อุบลราชธานี,046-322673
CUST05311,บริษัท บุตดาและแต้กุล จำกัด,สิทธัญ ถมปัด,พระนครศรีอยุธยา,+667 734 1181
CUST05312,บริษัท สมาคมนามขำ จำกัด,หรรษธร ตวันเยี่ยม,แม่สอด,+66 (0) 850 441 902
CUST05313,บริษัท บจก.ดาวกระจาย จำกัด,วันฉัตร เธียรายัน,สกลนคร,07 123 1718
CUST05314,บริษัท บมจ.ทัศนสุทธิ จำกัด,พรเบญญา ตราชู,หาดใหญ่,020008979
CUST05315,บริษัท บริษัท แนวพญาการบัญชี จำกัด จำกัด,จณิสตา ทรัพย์สาร,ขอนแก่น,032854016
CUST05316,บริษัท ห้างหุ้นส่วนจำกัด ศรีอุ่นเอนเตอรไพรส์ จำกัด,ชลิดา เพียยา,ภูเก็ต,+66 (0) 940 566 509
CUST05317,บริษัท บริษัท นากกนก จำกัด จำกัด,ภูวิช นิละทัต,สุราษฎร์ธานี,078811521
CUST05318,บริษัท บมจ.นิษประปัญจ์ก่อสร้าง จำกัด,พีรพัฒน์ ถนัดรบ,นครสวรรค์,039 222731
CUST05319,บริษัท สงประเสริฐ-ติณรัตน์ จำกัด,นันทิกานต์ ศรีวงค์,หาดใหญ่,0990936700
CUST05320,บริษัท ห้างหุ้นส่วนจำกัด นิลสุวรรณ์ก่อสร้าง จำกัด,โยธิการ์ บุณยะภาชน์,หาดใหญ่,0-7799-2749
CUST05321,บริษัท หสน.ตั้งเผ่า จำกัด,มนรัตน์ ทำประดู่,ลำปาง,078107978
CUST05322,บริษัท ภูภักดีและเพื่อน จำกัด,วิรศักดิ์ แนวพญา,หาดใหญ่,0 4491 3421
CUST05323,บริษัท ชมรมตันเผ่า จำกัด,เนติลักษณ์ ไตรบรรพ,หาดใหญ่,059700047
CUST05324,บริษัท ห้างหุ้นส่วนสามัญ ถมปัดก่อสร้าง จำกัด,ภานิณี พรสีมา,สงขลา,+66 933 374 529
CUST05325,บริษัท นิระหานีและดีตพันธุ์ จำกัด,สุรวัช ตันเผ่า,ภูเก็ต,0-7772-2644
CUST05326,บริษัท บริษัท ศรีสัตย์กรุ๊ป จำกัด จำกัด,พีรพัฒน์ โพธิสัตย์,พัทยา,+663 911 6772
CUST05327,บริษัท ห้างหุ้นส่วนจำกัด แหยมศิริกลการ จำกัด,ทวีวัฒน์ ยะผา,กรุงเทพมหานคร,034417435
CUST05328,บริษัท บริษัท ตรีครุธพันธุ์ จำกัด จำกัด,ศจีกาญจน์ นากกนก,อ้อมน้อย,+665 750 1268
CUST05329,บริษัท หจก.เช้าวันดีวิศวการ จำกัด,วุฒิ พีระเพ็ญกุล,แหลมฉบัง,+663 548 7394
CUST05330,บริษัท บริษัท ดาวอร่ามขนส่ง จำกัด จำกัด,อัครพนธ์ สงประเสริฐ,กรุงเทพมหานคร,026 268078
CUST05331,บริษัท บริษัท ธัญเสถียรแลบ จำกัด จำกัด,มณียา ศาสตร์ศิลป์,พิษณุโลก,0-3993-8473
CUST05332,บริษัท บริษัท บุณยะภาชน์ จำกัด จำกัด,กระสุน ทองลาภ,ปากเกร็ด,+66 4372 3448
CUST05333,บริษัท บริษัท วะคีมัน จำกัด จำกัด,จณิตตา เช้าวันดี,พิษณุโลก,+66 (0) 3788 3036
CUST05334,บริษัท บริษัท ทองสินธุ์เซอร์วิส จำกัด (มหาชน) จำกัด,ฐิตาพร นิษประปัญจ์,ระยอง,0-2900-7191
CUST05335,บริษัท บจก.ไทยสุชาตโอสถ จำกัด,อดิสรณ์ ถนัดเดินข่าว,ยะลา,025934881
CUST05336,บริษัท ธัญาโภชน์และเพื่อน จำกัด,โสภณิตา ไชยภา,พระนครศรีอยุธยา,046-886774
CUST05337,บริษัท หจก.นิยมเซียมวิศวการ จำกัด,มลิวรรณ ยะผา,ปากเกร็ด,+66 (0) 2858 7706
CUST05338,บริษัท บริษัท ธัญเสถียร จำกัด จำกัด,วีระโชติ ดาวอร่าม,พิษณุโลก,0 3349 2793
CUST05339,บริษัท นวลฉวีแพคกิ้ง จำกัด,ประเดิม ศรทอง,ขอนแก่น,0 7743 8689
CUST05340,บริษัท บริษัท ดิศดในโอสถ จำกัด (มหาชน) จำกัด,หรรษธร ถนัดกลึง,เกาะสมุย,0-3848-6666
CUST05341,บริษัท บริษัท จันทาเอนเตอรไพรส์ จำกัด จำกัด,พิชญ์สินี ตั้งกุลงาม,แหลมฉบัง,+66 7286 7566
CUST05342,บริษัท ห้างหุ้นส่วนจำกัด บุนยะตีรณะ จำกัด,มนัส กุมารบุญ,พัทยา,059-490128
CUST05343,บริษัท บริษัท ดุริยพันธุ์ จำกัด จำกัด,นิชนันท์ ทหารแท้,นนทบุรี,087 532 2233
CUST05344,บริษัท บริษัท ศรทอง จำกัด จำกัด,ชรินทร์ทิพย์ ธูปหอม,พัทยา,0-3847-6638
CUST05345,บริษัท ห้างหุ้นส่วนสามัญ เมืองสุข จำกัด,เบญญาทิพย์ นิลสลัว,นครสวรรค์,093-458-8551
CUST05346,บริษัท ภูภักดีและนาถะพินธุ จำกัด,พุทธ ทวีเดช,นครศรีธรรมราช,0 4830 5312
CUST05347,บริษัท ห้างหุ้นส่วนสามัญ ถนัดภาษาอะไหล่ยนต์ จำกัด,ศรลักษณ์ แจ้งสว่าง,อุดรธานี,0606989881
CUST05348,บริษัท บริษัท ถนัดหัตถกรรม จำกัด จำกัด,ภัทรนาฎ เนื้อนุ่ม,อุดรธานี,07 327 4139
CUST05349,บริษัท ชมรมนากกนก จำกัด,ชลิดา ถนัดเดินข่าว,สกลนคร,029-577483
CUST05350,บริษัท หจก.ตะละภัฏพานิช จำกัด,อัญชิษฐา ถาวรายุศม์,ยะลา,+664 714 7867
CUST05351,บริษัท ห้างหุ้นส่วนจำกัด เนื้อนุ่ม จำกัด,ศุภนุนาย นวลฉวี,ขอนแก่น,082-198-7211
CUST05352,บริษัท หจก.อัตตนาถแพคกิ้ง จำกัด,รมิตา ร่มธิติรัตน์,นครศรีธรรมราช,0892651522
CUST05353,บริษัท ห้างหุ้นส่วนจำกัด สุวรรณหงษ์ จำกัด,สัญชาน นิยมสำหรวจ,กรุงเทพมหานคร,0 7342 7426
CUST05354,บริษัท บมจ.คำลือ จำกัด,พรชนก ทุมะบุตร์,สุราษฎร์ธานี,041425459
CUST05355,บริษัท ห้างหุ้นส่วนจำกัด ธัญาโภชน์ขนส่ง จำกัด,ศภัคชคง เจริญรัมย์,นครปฐม,0 687 303 285
CUST05356,บริษัท บริษัท ฉัตรอภิเที่ยงค่ำ จำกัด จำกัด,อัญธิกา วุฑฒยากร,สงขลา,0 4539 0174
CUST05357,บริษัท บริษัท สงประเสริฐ จำกัด จำกัด,เอกชัย ตรีครุธพันธุ์,อุบลราชธานี,+66 3402 5975
CUST05358,บริษัท บริษัท ถมปัดคอมมิวนิเคชั่น จำกัด (มหาชน) จำกัด,กุลภาวลัย บุณยะภาชน์,เชียงราย,0-2261-4457
CUST05359,บริษัท สหภาพแรงงานวะคีมัน จำกัด,ทิมาภรณ์ ตรีเภรินทร์,พระนครศรีอยุธยา,+66 (0) 5891 5652
CUST05360,บริษัท บจก.พานเกล้าคอมพิวเตอร์ จำกัด,มารีนี ทวนทอง,ลำปาง,044 336283
CUST05361,บริษัท ห้างหุ้นส่วนจำกัด พรรษาสกุลซัพพลาย จำกัด,ภานิณี แถมธน,นครราชสีมา,+66 (0) 2052 3517
CUST05362,บริษัท ห้างหุ้นส่วนสามัญ ดาบเพ็ชร์คอมมิวนิเคชั่น จำกัด,วรศาสส์ พีระเพ็ญกุล,หาดใหญ่,+66 2521 7054
CUST05363,บริษัท บริษัท ธุวะนุติ์อะไหล่ยนต์ จำกัด จำกัด,ประสิทธิ์ ทศโยธิน,เชียงราย,0620731606
CUST05364,บริษัท บริษัท ทัศนสุทธิ จำกัด จำกัด,กิ่งแก้ว สันตะวงศ์,ยะลา,+66 882 062 750
CUST05365,บริษัท บริษัท เนตร์มณี จำกัด จำกัด,ณัฐจศักดิ์ เตชะกำพุ,สุราษฎร์ธานี,076 071780
CUST05366,บริษัท ห้างหุ้นส่วนจำกัด ด้วงโสน จำกัด,ภูวฤณ ทองประดิฐ,อ้อมน้อย,0-4740-0923
CUST05367,บริษัท ห้างหุ้นส่วนจำกัด ถ้วนศรี จำกัด,อาแอเสาะ ตราชู,สกลนคร,0633615425
CUST05368,บริษัท บริษัท ภูภักดีและเพื่อน จำกัด จำกัด,ณัฐพิชา ไม้แดง,เชียงใหม่,+66 (0) 5156 5275
CUST05369,บริษัท ติระคมน์กรุ๊ป จำกัด,ปฐวีกานต์ วิลาสินี,ระยอง,036 966635
CUST05370,บริษัท บริษัท ทหารแท้พานิช จำกัด จำกัด,อันธิกา นำธวัช,นครศรีธรรมราช,+662 089 8466
CUST05371,บริษัท ธนประทีปและบุตร จำกัด,ปฐม ดิศดใน,รังสิต,+66 949 985 220
CUST05372,บริษัท ห้างหุ้นส่วนจำกัด ผลบุญโอสถ จำกัด,ขวัญรุ้ง เธียรายัน,รังสิต,+66 901 825 146
CUST05373,บริษัท ชมรมเนตร์มณี จำกัด,ซูฮัยดา ธนรักษ์,พัทยา,065-030-3009
CUST05374,บริษัท บริษัท ดาตูบรรจุภัณฑ์ จำกัด (มหาชน) จำกัด,สนั่น ดำริห์ชอบ,พระนครศรีอยุธยา,+66 (0) 3652 3546
CUST05375,บริษัท บริษัท ศิวะวรเวทก่อสร้าง จำกัด จำกัด,กุลปรียา เลขะพันธุ์,นนทบุรี,+662 482 8023
CUST05376,บริษัท บริษัท ตราชู จำกัด จำกัด,ธัชญา นาคพันธุ์,นครศรีธรรมราช,0 3083 5700
CUST05377,บริษัท ทุมะบุตร์การช่าง จำกัด,บุญเทียน ไชยภา,ยะลา,059 517199
CUST05378,บริษัท ห้างหุ้นส่วนจำกัด ถนัดเดินข่าวเอ็นจิเนียริ่ง จำกัด,ภารวี ทำประดู่,สุราษฎร์ธานี,0 7844 1701
CUST05379,บริษัท หจก.ถ้วนศรีอะไหล่ยนต์ จำกัด,ประวี หนุนสุข,สกลนคร,0 633 286 380
CUST05380,บริษัท บริษัท นกทองการบัญชี จำกัด จำกัด,ทวีวัฒน์ นฤภัย,นนทบุรี,0 2710 7937
CUST05381,บริษัท บริษัท ติณรัตน์เทรดดิ้ง จำกัด จำกัด,อินทรีย์ ทองอยู่,แม่สอด,030-200923
CUST05382,บริษัท ชมรมถนัดรักษา จำกัด,ศุภชัย หนักแน่น,ภูเก็ต,050572229
CUST05383,บริษัท บริษัท ดาวกระจาย จำกัด จำกัด,โยธิการ์ ตะละภัฏ,กรุงเทพมหานคร,068 908 5030
CUST05384,บริษัท ห้างหุ้นส่วนจำกัด ธนรักษ์ จำกัด,พันธุ์เทพ บุนยาภิสนท์,แม่สอด,092-142-4783
CUST05385,บริษัท ธนาคารดีตพันธุ์ จำกัด (มหาชน) จำกัด,ดวงพร ดุริยพันธุ์,เกาะสมุย,+66 (0) 4986 4007
CUST05386,บริษัท สมาคมดาบเพ็ชร์ จำกัด,ณัฐญาดา เช้าวันดี,เชียงใหม่,+66 (0) 2809 9442
CUST05387,บริษัท นวลฉวีและบุนยะตีรณะ จำกัด,สุพัตร ธุวะนุติ์,แม่สอด,+66 3936 3376
CUST05388,บริษัท มูลนิธินาถะเดชะ จำกัด,ศรินยา จันอ้น,นครราชสีมา,031215350
CUST05389,บริษัท สมาคมมนทอง จำกัด,ธีรวุฒิ ถมังรักษสัตว์,สมุทรสาคร,+66 7366 0175
CUST05390,บริษัท บริษัท นิลเสนาเอเยนซี จำกัด (มหาชน) จำกัด,ปิยบุตร นิลเสนา,ตรัง,05 216 7055
CUST05391,บริษัท ห้างหุ้นส่วนจำกัด ศิวะวรเวท จำกัด,วรศาสส์ พานเกล้า,เชียงใหม่,072-430689
CUST05392,บริษัท ห้างหุ้นส่วนสามัญ ตราชูอินเตอร์เนชั่นแนล จำกัด,ฐิติณัฐฐา เดชคุ้ม,พระนครศรีอยุธยา,075470387
CUST05393,บริษัท ห้างหุ้นส่วนสามัญ หิรัญสาลีคอมพิวเตอร์ จำกัด,เพชรมณี บุณยะภาชน์,อ้อมน้อย,+66 654 618 031
CUST05394,บริษัท บริษัท ศาสตร์ศิลป์เอ็นจิเนียริ่ง จำกัด (มหาชน) จำกัด,นิวิลดาน ถาวรรัตน,นครสวรรค์,07 638 5460
CUST05395,บริษัท บริษัท ทองลาภ จำกัด (มหาชน) จำกัด,ดิลก ตั้งกุลงาม,พิษณุโลก,0 997 563 044
CUST05396,บริษัท บริษัท ถนอมพลก่อสร้าง จำกัด จำกัด,นุจรี แน่นดุจป้อม,สมุทรปราการ,+66 5178 5034
CUST05397,บริษัท บริษัท ศรีเผด็จ จำกัด จำกัด,เจษฎากร ตั้งกุลงาม,แม่สอด,051-642148
CUST05398,บริษัท ธีวรและถนัดการยนต์ จำกัด,นพรัตน์ ศิวะวรเวท,สมุทรปราการ,053-495724
CUST05399,บริษัท บริษัท นิษประปัญจ์มอเตอร์ จำกัด (มหาชน) จำกัด,ไชยภพ ศิวะวรเวท,นครปฐม,0664607468
CUST05400,บริษัท บจก.ทองประดิฐ จำกัด,หล้า ธูปหอม,สกลนคร,0876964415
CUST05401,บริษัท นุ่มกันการค้า จำกัด,ทัตธน นิลสุวรรณ์,แม่สอด,069-327-2018
CUST05402,บริษัท ห้างหุ้นส่วนจำกัด ทองอยู่บรรจุภัณฑ์ จำกัด,มนรัตน์ หอมพิกุล,สมุทรปราการ,+66 4748 0154
CUST05403,บริษัท ธรรมทินนา-ศรีตะวัน จำกัด,อริสรา งามพิเชษฐ์,กรุงเทพมหานคร,0949855131
CUST05404,บริษัท สหภาพแรงงานธีวร จำกัด,วาร์มูฮำหมัด นาคะนคร,อ้อมน้อย,+66 (0) 897 081 623
CUST05405,บริษัท บริษัท ถะเกิงชศ จำกัด (มหาชน) จำกัด,กฤตเมธ โพธิสัตย์,แหลมฉบัง,083-242-0381
CUST05406,บริษัท ห้างหุ้นส่วนสามัญ ถนัดพิมพการการช่าง จำกัด,เนตรฤดี ทำประดู่,พระนครศรีอยุธยา,093 672 4291
CUST05407,บริษัท ถนัดรักษาเอนเตอรไพรส์ จำกัด,พุทธ ติระคมน์,สงขลา,032-414362
CUST05408,บริษัท บมจ.บุญญาไลย์เอ็นจิเนียริ่ง จำกัด,อุษณีย์ ดุษฎีวนิช,หาดใหญ่,0977710090
CUST05409,บริษัท นิลวรรณและไทยสุชาต จำกัด,ณปภัช ดาบเงิน,ปากเกร็ด,+662 300 7976
CUST05410,บริษัท นากกนก-เลิศกิ่ง จำกัด,ใกล้รุ่ง ฉิมพาลี,เกาะสมุย,+66 (0) 662 949 268
CUST05411,บริษัท บริษัท ดัตพันธุ์ จำกัด จำกัด,ฤทธิ์ชกร ดิสกะประกาย,หาดใหญ่,+66 (0) 642 843 252
CUST05412,บริษัท หจก.ศรีตะวัน จำกัด,ชัญญานุนาย ดุษฎีวนิช,ระยอง,029-609780
CUST05413,บริษัท ตัณสถิตย์-แถมธน จำกัด,กวีฉัฏฐ บุณยะภาชน์,ระยอง,063-678-5765
CUST05414,บริษัท มูลนิธิเณรานุสนธิ์ จำกัด,ปรายกานต์ ตวันเยี่ยม,นนทบุรี,+66 (0) 3578 9568
CUST05415,บริษัท ศรีวงค์และไทนิยม จำกัด,สุรนัย ไทยสุชาต,ปากเกร็ด,050-018358
CUST05416,บริษัท ห้างหุ้นส่วนจำกัด บุญบำรุง จำกัด,มูฮัมหมัดอิมรอน เขียวอ่อน,นครราชสีมา,039 496129
CUST05417,บริษัท บจก.ถ้วนศรี จำกัด,วุฒิ บุญส่ง,ระยอง,+66 (0) 974 444 908
CUST05418,บริษัท ห้างหุ้นส่วนสามัญ ถนัดหัตถกรรมอินเตอร์เนชั่นแนล จำกัด,พิชญ์สินี สังข์กรด,ปากเกร็ด,091 532 1552
CUST05419,บริษัท สหภาพแรงงานบุญญาภิรมย์ จำกัด,เรืองเกียรติ นิลสุวรรณ์,อ้อมน้อย,+66 7871 9144
CUST05420,บริษัท ห้างหุ้นส่วนสามัญ ทีฆะเฟอนิชชิ่ง จำกัด,เพ็ญยุภา ถนัดภาษา,อุบลราชธานี,043 053591
CUST05421,บริษัท บริษัท หิรัญสาลี จำกัด จำกัด,ทานตะวัน แก้วอยู่,พัทยา,0-4572-8958
CUST05422,บริษัท บริษัท ธนูปกรณ์ จำกัด (มหาชน) จำกัด,นุจรี เยาวธนโชค,เชียงราย,0614401636
CUST05423,บริษัท ห้างหุ้นส่วนสามัญ ทองแท้การช่าง จำกัด,ศรลักษณ์ ถนัดกลึง,อุบลราชธานี,0885169989
CUST05424,บริษัท บริษัท ศรีสัตย์และเพื่อน จำกัด จำกัด,พิศพรรณ สาระพันธ์,เกาะสมุย,+66 7894 9638
CUST05425,บริษัท มูลนิธิตระกูลไม้เรียง จำกัด,นาย นาควงษ์,เจ้าพระยาสุรศักดิ์,+665 093 9442
CUST05426,บริษัท บจก.เตชะกำพุ จำกัด,ภัคศุภางค์ เจริญรัมย์,สมุทรสาคร,0645926223
CUST05427,บริษัท ห้างหุ้นส่วนสามัญ ธูปะวิโรจน์คอมพิวเตอร์ จำกัด,อัครพนธ์ โพธิสัตย์,สมุทรสาคร,028-637832
CUST05428,บริษัท บมจ.ทรัพย์ธำรงค์ยานยนต์ จำกัด,วิสาร ด้วงโสน,พัทยา,075-026371
CUST05429,บริษัท ห้างหุ้นส่วนจำกัด พรรษาสกุล จำกัด,ภัคชัญญา กุมารบุญ,นครศรีธรรมราช,+66 4053 5567
CUST05430,บริษัท หสน.ถาวรรัตน จำกัด,สินสมุทร นักรบ,นครปฐม,+66 (0) 852 116 369
CUST05431,บริษัท สมาคมแก้วอยู่ จำกัด,เชิงชาย ทศโยธิน,นครปฐม,+66 (0) 2363 2414
CUST05432,บริษัท หจก.ถนอมพลและบุตร จำกัด,อุษณีย์ ซาซุม,แหลมฉบัง,028308651
CUST05433,บริษัท หจก.นพตระกูลการค้า จำกัด,เพชรมณี ถนัดหัตถกรรม,พิษณุโลก,036-960313
CUST05434,บริษัท บริษัท นพตระกูล จำกัด จำกัด,ฮามีย๊ะ นิลเสนา,อุบลราชธานี,097 246 3447
CUST05435,บริษัท บริษัท พรรษาสกุล จำกัด จำกัด,จักรกฤนาย ถนัดการยนต์,นครศรีธรรมราช,0 680 450 733
CUST05436,บริษัท ขุนดำและถนัดการเขียน จำกัด,ศุภชัย ทศโยธิน,แหลมฉบัง,+66 (0) 7356 0251
CUST05437,บริษัท บริษัท นาฏคายี จำกัด จำกัด,อาซือมะ นวลฉวี,ลำปาง,+66 4011 6544
CUST05438,บริษัท บริษัท ทศโยธินเคมิคอล จำกัด จำกัด,วันชนก ธุวะนุติ์,นครราชสีมา,057 225627
CUST05439,บริษัท หจก.เช้าวันดีอะไหล่ยนต์ จำกัด,เรืองเกียรติ ตันยา,ระยอง,057-992826
CUST05440,บริษัท บริษัท เวียงจันทึก จำกัด จำกัด,สันติราษฎร์ ถนัดรบ,ปากเกร็ด,0-4827-0766
CUST05441,บริษัท บริษัท ทองเนื้อดี จำกัด จำกัด,มะลีวัลย์ ตรีเภรินทร์,เชียงราย,068-214-2258
CUST05442,บริษัท บมจ.นักรบคอมพิวเตอร์ จำกัด,อรรจน์ ไม้แดง,ภูเก็ต,+66 7596 0648
CUST05443,บริษัท มูลนิธินาฏคายี จำกัด,กระสุน ดัตพันธุ์,อุบลราชธานี,090-269-8269
CUST05444,บริษัท หจก.ธีวร จำกัด,ปิยะชาติ ถ้วนศรี,สุราษฎร์ธานี,+66 5274 5591
CUST05445,บริษัท บริษัท แก้วชลครามสโตร์ จำกัด (มหาชน) จำกัด,วรรณกร ถนอมพล,นนทบุรี,0 2860 1241
CUST05446,บริษัท ธนูปกรณ์และนาถะพินธุ จำกัด,ภานิณี ตะละภัฏ,พระนครศรีอยุธยา,0-5623-1108
CUST05447,บริษัท บริษัท เนตร์มณี จำกัด จำกัด,อธิวัตร จันทา,สงขลา,027-673486
CUST05448,บริษัท หจก.นะวะมันดร จำกัด,คณภรณ์ ร่มธิติรัตน์,ภูเก็ต,+663 552 7998
CUST05449,บริษัท บริษัท ประจันตะเสน จำกัด จำกัด,มัตติกา ผลบุญ,นครราชสีมา,0 3296 1126
CUST05450,บริษัท หจก.ตันยาและเพื่อน จำกัด,วันชนก ซาซุม,อุบลราชธานี,+66 (0) 4246 3877
CUST05451,บริษัท สมาคมนวลเพ็ง จำกัด,วีระโชติ นิยมเซียม,อุบลราชธานี,075132611
CUST05452,บริษัท บริษัท เดชวา จำกัด จำกัด,ขอดิเยาะ ธุวะนุติ์,รังสิต,+66 7775 1079
CUST05453,บริษัท นิลวรรณคอมพิวเตอร์ จำกัด,ไชยภพ แถมธน,อุดรธานี,078133192
CUST05454,บริษัท หจก.นิยมธรรม จำกัด,สุภาลินี ธาราธร,ตรัง,050-201167
CUST05455,บริษัท ห้างหุ้นส่วนจำกัด ทรงโกมลอุตสาหกรรม จำกัด,ผดุงชาติ กุมารบุญ,ลำปาง,0 3624 3418
CUST05456,บริษัท บริษัท เนื้อนุ่มเอเยนซี จำกัด จำกัด,พันธุ์เทพ หนักแน่น,สงขลา,0 7591 1329
CUST05457,บริษัท บริษัท ถุงเงินอุตสาหกรรม จำกัด จำกัด,อลิษา ทศโยธิน,รังสิต,+66 4307 6558
CUST05458,บริษัท บริษัท เดชคุ้ม จำกัด จำกัด,สิริรัตน์ นุชแนวนุ่ม,นครสวรรค์,076 580225
CUST05459,บริษัท บริษัทหลักทรัพย์ จันทา จำกัด จำกัด,ณิชาภัทร ตัณฑนุช,พระนครศรีอยุธยา,0-7848-5702
CUST05460,บริษัท ห้างหุ้นส่วนจำกัด ดาวอร่าม จำกัด,สุรนีย์ วะคีมัน,ตรัง,070-561266
CUST05461,บริษัท บริษัท นิษประปัญจ์ จำกัด จำกัด,สุพัตรา เนื่องนนท์,อ้อมน้อย,+66 (0) 4881 9900
CUST05462,บริษัท บริษัท ถนัดอักษรพานิช จำกัด จำกัด,ธนกิตต์ ดาบเพ็ชร์,นนทบุรี,+66 (0) 3605 1706
CUST05463,บริษัท บริษัท บุญส่งแลบ จำกัด จำกัด,อณัฐตา ภูภักดี,พิษณุโลก,037922619
CUST05464,บริษัท บริษัท นครเทพ จำกัด จำกัด,อาฮามัด ธูปหอม,เชียงใหม่,0853234564
CUST05465,บริษัท บริษัท ถะเกิงชศ จำกัด จำกัด,อำไพ หอมพิกุล,รังสิต,041254315
CUST05466,บริษัท บริษัท ศรีวงค์และเพื่อน จำกัด จำกัด,ธนวันต์ เณรานุสนธิ์,เชียงราย,0 3808 6678
CUST05467,บริษัท หจก.นาคสุทิน จำกัด,เจษฏาภรณ์ อุ่นอก,ตรัง,+66 960 928 144
CUST05468,บริษัท ชมรมนิลสลัว จำกัด,ณัฐญาดา ถนิมมาศ,อุดรธานี,+66 (0) 4932 2052
CUST05469,บริษัท บจก.บุญส่งและบุตร จำกัด,อาภัศรา ธัญเสถียร,ตรัง,+66 638 541 276
CUST05470,บริษัท ห้างหุ้นส่วนจำกัด เนตร์มณี จำกัด,ธารา ติระคมน์,สมุทรปราการ,+66 (0) 5458 1747
CUST05471,บริษัท ศรทองพานิช จำกัด,วิถี ขอหมั่นกลาง,แม่สอด,+66 (0) 4039 6644
CUST05472,บริษัท มูลนิธิทองเนื้อดี จำกัด,โสภา ทรัพย์สาร,พัทยา,+66 (0) 3002 7697
CUST05473,บริษัท บริษัท บุญญาไลย์ จำกัด จำกัด,สุไฮลัน นานายน,อุบลราชธานี,052028068
CUST05474,บริษัท นพตระกูลบริการ จำกัด,สหัสมณี วุฑฒยากร,พิษณุโลก,+66 5479 0754
CUST05475,บริษัท นะวะมันดรเทรดดิ้ง จำกัด,ภูวฤณ บุตดา,เชียงราย,+66 819 367 003
CUST05476,บริษัท ประจันตะเสนพืชผล จำกัด,อชิตะวีร์ ดิสกะประกาย,ขอนแก่น,0-7639-0196
CUST05477,บริษัท แถมธนคอนสตรัคชั่น จำกัด,ธมน ไชยภา,ลำปาง,079405108
CUST05478,บริษัท ห้างหุ้นส่วนจำกัด ขอหมั่นกลางวิศวกรรม จำกัด,พรปราณี ทันยุค,สมุทรสาคร,0880910869
CUST05479,บริษัท บริษัท ผลบุญคอนสตรัคชั่น จำกัด จำกัด,ศุภกรชนา ซาซุม,ตรัง,032835423
CUST05480,บริษัท บริษัท น้ำทิพย์ จำกัด จำกัด,อนิวัฒน์ แก้วชลคราม,นครสวรรค์,032-618814
CUST05481,บริษัท น้ำทิพย์เซอร์วิส จำกัด,ธัญญกัญญา สงประเสริฐ,เชียงราย,+66 (0) 2377 0923
CUST05482,บริษัท ทองสีไพลและเยาวธนโชค จำกัด,รวิวาน ไชยภา,สมุทรสาคร,0 7138 9000
CUST05483,บริษัท ชมรมขำเอนก จำกัด,สิริกานต์ อุลหัสสา,นนทบุรี,03 030 2178
CUST05484,บริษัท บริษัท ถมังรักษสัตว์ จำกัด จำกัด,มูฮำมัด ขำเอนก,รังสิต,077-820617
CUST05485,บริษัท หจก.ซูสารออินเตอร์เนชั่นแนล จำกัด,น้ำเพชร ดุษฎีวนิช,สมุทรปราการ,0 7335 0668
CUST05486,บริษัท ตรีเภรินทร์-ถนัดการเขียน จำกัด,วนาลี ถนัดการยนต์,ยะลา,076-048799
CUST05487,บริษัท ห้างหุ้นส่วนสามัญ ธัญเสถียรพานิช จำกัด,วิเชียร นพคเชนทร์,เจ้าพระยาสุรศักดิ์,+66 (0) 905 303 808
CUST05488,บริษัท สมาคมเลขะพันธุ์ จำกัด,วิสาร ดาตู,สมุทรสาคร,039199851
CUST05489,บริษัท ห้างหุ้นส่วนสามัญ เนื้อนุ่ม จำกัด,โชคภาดล นาถะเดชะ,ยะลา,+66 (0) 3514 4510
CUST05490,บริษัท บริษัท ชุมวระการค้า จำกัด จำกัด,มนรัตน์ บุณยะภาชน์,นครราชสีมา,0-4587-2281
CUST05491,บริษัท บจก.นำธวัชแลบ จำกัด,อัญพัชร์ เขียวอ่อน,ขอนแก่น,+66 975 770 410
CUST05492,บริษัท ห้างหุ้นส่วนจำกัด ทองอยู่ จำกัด,จณิสตา ทวนทอง,ขอนแก่น,036-203687
CUST05493,บริษัท ห้างหุ้นส่วนสามัญ แก้วอยู่อะไหล่ยนต์ จำกัด,อรจิรา นรวิทย์โชติกุล,นครราชสีมา,+66 7456 5955
CUST05494,บริษัท สหภาพแรงงานอัตตนาถ จำกัด,ญาณพันธุ์ บัวเผื่อน,สกลนคร,0 7131 9875
CUST05495,บริษัท บริษัท ทองประดิฐ จำกัด (มหาชน) จำกัด,นาทภูวพัฒน์ บุญญาภิรมย์,ลำปาง,068 040 2610
CUST05496,บริษัท นิยมสำหรวจวิศวการ จำกัด,เลิศเดช ตันตราจิณ,พิษณุโลก,0 969 894 939
CUST05497,บริษัท บจก.เขียวขุ้ยแอนด์ซันส์ จำกัด,สิราพร ดุษฎีวนิช,ขอนแก่น,+66 (0) 5403 4738
CUST05498,บริษัท ฉัพพรรณธนกูร-นาถะพินธุ จำกัด,เจตธนากร ถนอมมนุษย์,เชียงราย,078-480721
CUST05499,บริษัท มูลนิธิทองสีไพล จำกัด,พันเกล้า จันทา,ขอนแก่น,+667 069 7765
CUST05500,บริษัท ห้างหุ้นส่วนจำกัด เณรานุสนธิ์เฟอร์นิเจอร์ จำกัด,นันทิกานต์ ถาวระวรณ์,ลำปาง,0960838312
CUST05501,บริษัท บริษัท ตราชู จำกัด จำกัด,ดิลก ถิรสวัสดิ์,อ้อมน้อย,046619619
CUST05502,บริษัท บจก.เธียรายันเอเยนซี จำกัด,อชิตะวีร์ ตระกูลบุญ,อุบลราชธานี,0860889639
CUST05503,บริษัท สมาคมนรวิทย์โชติกุล จำกัด,ฐิติยาพร บุณยะภาชน์,สมุทรปราการ,0878782692
CUST05504,บริษัท หจก.ยะผาและเพื่อน จำกัด,วัลยา ยะผา,ภูเก็ต,088 944 0246
CUST05505,บริษัท แหยมศิริอินเตอร์เนชั่นแนล จำกัด,อาแอเสาะ ถนัดการเขียน,หาดใหญ่,068-899-4089
CUST05506,บริษัท หจก.ฉิมพาลี จำกัด,พิชาภพ อุ่นอก,เชียงราย,0 5516 3353
CUST05507,บริษัท สงประเสริฐ-เมืองสุข จำกัด,อดิสรณ์ แหยมศิริ,ปากเกร็ด,027163750
CUST05508,บริษัท บริษัท ศรีสัตย์ จำกัด จำกัด,ฉลองชัย แนวพญา,นครปฐม,037 512714
CUST05509,บริษัท ห้างหุ้นส่วนจำกัด สันตะวงศ์การค้า จำกัด,กะดิรัตน์ นฤทุกข์,ขอนแก่น,+66 (0) 637 879 485
CUST05510,บริษัท หจก.ทัศนสุทธิ จำกัด,สิทธิชัย อุลหัสสา,อุดรธานี,038-583762
CUST05511,บริษัท สหภาพแรงงานบุณยะภาชน์ จำกัด,เฉลิมรัตน์ ศรีวงค์,สมุทรสาคร,0 934 941 054
CUST05512,บริษัท ชมรมธีวร จำกัด,หฤทัย บุญญาภิรมย์,หาดใหญ่,0 7294 0112
CUST05513,บริษัท บมจ.ทับทิมไทย จำกัด,รอซีด๊ะ ฉิมพาลี,เชียงราย,+66 (0) 7285 3407
CUST05514,บริษัท บริษัท ธนรักษ์คอนสตรัคชั่น จำกัด จำกัด,รชตกร ภูภักดี,กรุงเทพมหานคร,+667 758 9910
CUST05515,บริษัท ห้างหุ้นส่วนจำกัด หอมสินพืชผล จำกัด,อัญธิกา ติระคมน์,นนทบุรี,+66 833 182 416
CUST05516,บริษัท บจก.ทีฆะซัพพลาย จำกัด,ทินวัฒน์ ยางสวย,นครราชสีมา,0670776629
CUST05517,บริษัท ห้างหุ้นส่วนจำกัด เณรานุสนธิ์พานิช จำกัด,คำปลิว ดำริห์ชอบ,รังสิต,033643320
CUST05518,บริษัท บริษัท ตั้งกุลงามยานยนต์ จำกัด จำกัด,วรรณนิสา ขุนดำ,กรุงเทพมหานคร,060-323-5572
CUST05519,บริษัท บริษัท ทศโยธินยานยนต์ จำกัด จำกัด,นันทิกานต์ ถนัดรบ,สมุทรสาคร,+66 958 881 135
CUST05520,บริษัท ห้างหุ้นส่วนจำกัด พรรษาสกุล จำกัด,ใจกลาง นวลฉวี,อุบลราชธานี,052966534
CUST05521,บริษัท บริษัท งามพิเชษฐ์ จำกัด จำกัด,นิรันดร์ ทองแท้,ภูเก็ต,+66 3180 7556
CUST05522,บริษัท บริษัท แต้กุลคอมพิวเตอร์ จำกัด จำกัด,เอกวิทย์ ซาซุม,หาดใหญ่,023841372
CUST05523,บริษัท บมจ.ถาวรรัตน จำกัด,มูฮัมหมัดอิมรอน ตรีครุธพันธุ์,ภูเก็ต,043954114
CUST05524,บริษัท ห้างหุ้นส่วนจำกัด นกทองพานิช จำกัด,ปัญญาพร ตั้งกุลงาม,สมุทรปราการ,03 559 3972
CUST05525,บริษัท นุ่มกันบรรจุภัณฑ์ จำกัด,เทพณรงค์ บุญญาไลย์,ภูเก็ต,+66 3981 7497
CUST05526,บริษัท นิยมสำหรวจและบุตร จำกัด,ภูวัน หอมพิกุล,ลำปาง,+66 (0) 881 630 924
CUST05527,บริษัท หจก.นะวะมันดร จำกัด,โสภณิตา นำธวัช,นครปฐม,+667 860 8635
CUST05528,บริษัท ทองเนื้อดีและตันตราจิณ จำกัด,สุภาพร ไชยภา,สงขลา,03 985 2065
CUST05529,บริษัท บริษัท แน่นดุจป้อม จำกัด จำกัด,ณิชเชฏฐ์ หอมพิกุล,สมุทรสาคร,0980030329
CUST05530,บริษัท บริษัท นกทองอุตสาหกรรม จำกัด จำกัด,จิฬาภรณ์ เนื่องนนท์,แหลมฉบัง,042 132340
CUST05531,บริษัท บริษัท บุญบำรุงก่อสร้าง จำกัด จำกัด,พัสวี บุตราช,พัทยา,037391864
CUST05532,บริษัท ห้างหุ้นส่วนจำกัด แก้วชลครามภาพยนตร์ จำกัด,สมมล จันทา,แหลมฉบัง,065-788-7168
CUST05533,บริษัท บริษัท เพียยามอเตอร์ จำกัด จำกัด,ภานิณี แนวพญา,สกลนคร,0 3277 9299
CUST05534,บริษัท บริษัท ตั้งเผ่าบรรจุภัณฑ์ จำกัด จำกัด,สนั่น ปรีชากุลเศรษฐ์,หาดใหญ่,078082504
CUST05535,บริษัท หจก.นุชแนวนุ่มการค้า จำกัด,ปิยนุช นิละทัต,แม่สอด,+66 (0) 7124 0969
CUST05536,บริษัท หจก.นาฏคายี จำกัด,วิชชากร ขอหมั่นกลาง,เชียงใหม่,081 375 7907
CUST05537,บริษัท นิระหานีและเพื่อน จำกัด,ธาเอก นาถะพินธุ,อุดรธานี,072961827
CUST05538,บริษัท หจก.ถนัดเดินข่าวสโตร์ จำกัด,พชรภรณ์ โพธิสัตย์,ตรัง,0-4185-2022
CUST05539,บริษัท สหภาพแรงงานดาตู จำกัด,ฮามีย๊ะ ไชยภา,สกลนคร,05 067 7959
CUST05540,บริษัท ห้างหุ้นส่วนสามัญ นครเทพ จำกัด,อณาวิน นามขำ,รังสิต,+662 938 8660
CUST05541,บริษัท บริษัท ชุมวระการบัญชี จำกัด จำกัด,พิมพ์สุตา ตรีครุธพันธุ์,ยะลา,0 668 300 183
CUST05542,บริษัท บริษัท ปรีชากุลเศรษฐ์ จำกัด (มหาชน) จำกัด,วสิตา ทรัพย์สาร,แหลมฉบัง,051654119
CUST05543,บริษัท บจก.นิลเสนายานยนต์ จำกัด,เฉลิมพล ไทยแท้,นครปฐม,+66 4655 1210
CUST05544,บริษัท บจก.นาถะเดชะ จำกัด,เทพนารี ดาตู,เจ้าพระยาสุรศักดิ์,0 5330 9491
CUST05545,บริษัท ห้างหุ้นส่วนจำกัด ถนัดการเขียนการช่าง จำกัด,จุฑาภรณ์ นาถะเดชะ,ลำปาง,050 048504
CUST05546,บริษัท หจก.ตั้งรบการบัญชี จำกัด,สุภาพร ร่มธิติรัตน์,พระนครศรีอยุธยา,+66 (0) 2179 6910
CUST05547,บริษัท บริษัท ถนอมมนุษย์แพคกิ้ง จำกัด จำกัด,นุจรี นิยมสำหรวจ,อ้อมน้อย,+66 2795 8554
CUST05548,บริษัท ยางสวยภาพยนตร์ จำกัด,รวิวาน ธัญาโภชน์,ลำปาง,091-427-0605
CUST05549,บริษัท ห้างหุ้นส่วนจำกัด ชำนาญวาดบริการ จำกัด,มะลีวัลย์ ตั้งเผ่า,นครราชสีมา,031 715714
CUST05550,บริษัท ฉิมพาลีและตั้งกุลงาม จำกัด,วรรณนิสา นำธวัช,รังสิต,038-940186
CUST05551,บริษัท บมจ.ดวงทับทิม จำกัด,เอกชัย ฉัพพรรณธนกูร,นนทบุรี,075332409
CUST05552,บริษัท บริษัท ทับทิมไทยการบัญชี จำกัด (มหาชน) จำกัด,ดวงสมร ธรรมสถิตไพศาล,เชียงราย,0 3636 7603
CUST05553,บริษัท เดชวา-นิระหานี จำกัด,โยธิการ์ บุตราช,นนทบุรี,+66 617 254 732
CUST05554,บริษัท บริษัท ทันยุค จำกัด จำกัด,สุทธิณัฐ คณานุรักษ์,หาดใหญ่,+665 078 8335
CUST05555,บริษัท บริษัท นะวะมันดร จำกัด จำกัด,ศดิศ ตระกูลบุญ,สงขลา,074-760810
CUST05556,บริษัท หจก.วะคีมัน จำกัด,อธิตยา ถาวรรัตน,ขอนแก่น,+66 (0) 3362 5338
CUST05557,บริษัท บริษัท หนุนสุขเฟอร์นิเจอร์ จำกัด (มหาชน) จำกัด,กวีฉัฏฐ ทำประดู่,ปากเกร็ด,050-871480
CUST05558,บริษัท ห้างหุ้นส่วนจำกัด นำธวัช จำกัด,เถลิงยศ ธุวะนุติ์,แหลมฉบัง,0-7607-9919
CUST05559,บริษัท บริษัท นาคสุทิน จำกัด จำกัด,ทวีวัฒน์ เดชคุ้ม,สมุทรปราการ,077-068009
CUST05560,บริษัท ห้างหุ้นส่วนจำกัด นาคะนคร จำกัด,วุฒิ ทวีเดช,กรุงเทพมหานคร,0 2766 3655
CUST05561,บริษัท หจก.ทองสินธุ์ จำกัด,วุฒิ ดีตพันธุ์,นครปฐม,+66 7193 9156
CUST05562,บริษัท บริษัท แนวพนิชอินเตอร์เนชั่นแนล จำกัด จำกัด,ภูมิปัญญา ถ้วนศรี,พิษณุโลก,+662 238 2480
CUST05563,บริษัท ห้างหุ้นส่วนสามัญ ถนัดอาวุธคอมพิวเตอร์ จำกัด,กระสุน ขำเอนก,นครราชสีมา,+66 5248 0270
CUST05564,บริษัท บริษัท หอมพิกุลเอ็นจิเนียริ่ง จำกัด จำกัด,พิไลพร ถิรสวัสดิ์,ลำปาง,040-291364
CUST05565,บริษัท บริษัท ตรีเภรินทร์เฟอนิชชิ่ง จำกัด จำกัด,ปิยนาฎ บุนยาภิสนท์,อุดรธานี,0 2523 4259
CUST05566,บริษัท หจก.นามเสวตร จำกัด,เอกชัย ทองปากน้ำ,พิษณุโลก,023-187998
CUST05567,บริษัท มูลนิธิธัญเสถียร จำกัด,ยนงคราญ นวลเพ็ง,พิษณุโลก,+667 403 8678
CUST05568,บริษัท บมจ.ดิศดใน จำกัด,สัญชาน สันตะวงศ์,เกาะสมุย,074-961183
CUST05569,บริษัท บมจ.ดาวกระจายยานยนต์ จำกัด,วรดาพร ทองสินธุ์,เกาะสมุย,076 535521
CUST05570,บริษัท หจก.นามเสวตรแลบ จำกัด,เทพนารี ร่มธิติรัตน์,นครราชสีมา,+66 (0) 7385 2731
CUST05571,บริษัท สมาคมธุวะนุติ์ จำกัด,หรรษธร ทวนทอง,ภูเก็ต,0987216314
CUST05572,บริษัท ห้างหุ้นส่วนสามัญ หนุนสุขกรุ๊ป จำกัด,ณาร์รีมาน สุวรรณหงษ์,สุราษฎร์ธานี,033 180919
CUST05573,บริษัท หนักแน่นและทองสุกเลิศ จำกัด,ฮาฟิต ผลบุญ,ปากเกร็ด,+664 033 2038
CUST05574,บริษัท หจก.นิษประปัญจ์ จำกัด,เอกวิทย์ ถะเกิงชศ,พระนครศรีอยุธยา,+66 (0) 2790 3095
CUST05575,บริษัท นิยมเซียม-ตั้งเผ่า จำกัด,กฤตเมธ แท่นทอง,รังสิต,0 3099 4930
CUST05576,บริษัท วิลาสินีเคมิคอล จำกัด,วิทูลย์ ธูปหอม,สมุทรปราการ,039 887693
CUST05577,บริษัท บจก.ถนัดอักษร จำกัด,ธนกิตต์ นิยมเซียม,สุราษฎร์ธานี,043-313661
CUST05578,บริษัท สันตะวงศ์และพรรษาสกุล จำกัด,ปวีณ ทรงโกมล,รังสิต,046-340407
CUST05579,บริษัท หจก.ฉัพพรรณธนกูร จำกัด,เขมจิรา ธนประทีป,สมุทรสาคร,066-032-5419
CUST05580,บริษัท บริษัท ทรัพย์ธำรงค์ จำกัด จำกัด,มาโนชญ์ นับเนื่องนอ,อ้อมน้อย,+66 4059 4068
CUST05581,บริษัท มูลนิธินะวะมันดร จำกัด,ราชัน เนื้อนุ่ม,เกาะสมุย,+66 (0) 819 492 291
CUST05582,บริษัท ห้างหุ้นส่วนจำกัด นิษประปัญจ์เทรดดิ้ง จำกัด,โกมล อุลหัสสา,สมุทรสาคร,+66 (0) 3036 9400
CUST05583,บริษัท บริษัท ยาปะโลหิตแพคกิ้ง จำกัด จำกัด,สราญจิตต์ นาถะพินธุ,แหลมฉบัง,099 909 5191
CUST05584,บริษัท ห้างหุ้นส่วนสามัญ บุญญาไลย์ก่อสร้าง จำกัด,ดวงพร เมืองสุข,ยะลา,+66 (0) 5634 1845
CUST05585,บริษัท ชมรมคำลือ จำกัด,ธนนนท์ บุญญาไลย์,รังสิต,0-3285-4219
CUST05586,บริษัท ห้างหุ้นส่วนจำกัด นิยมธรรมมอเตอร์ จำกัด,ชรินทร์ทิพย์ ทำประดู่,แหลมฉบัง,042746177
CUST05587,บริษัท ศรทองการช่าง จำกัด,จักรกฤนาย ทวนทอง,สกลนคร,0 684 755 075
CUST05588,บริษัท ห้างหุ้นส่วนจำกัด ทองลาภก่อสร้าง จำกัด,ณปภัช ดาวอร่าม,เกาะสมุย,+66 7983 1214
CUST05589,บริษัท บริษัท เขียวอ่อนอิมปอร์ตเอ็กซปอร์ต จำกัด (มหาชน) จำกัด,ยศพนต์ ปรีชากุลเศรษฐ์,พิษณุโลก,040099963
CUST05590,บริษัท ถนัดการยนต์มอเตอร์ จำกัด,พันเกล้า ศรีเผด็จ,พิษณุโลก,0955673647
CUST05591,บริษัท ธนาคารทรัพย์ธำรงค์ จำกัด จำกัด,อาแอเสาะ ไทยแท้,นครปฐม,037 805366
CUST05592,บริษัท บริษัท ถนอมมนุษย์อะไหล่ยนต์ จำกัด จำกัด,บุญเอก ทองประดิฐ,นนทบุรี,0-2450-1012
CUST05593,บริษัท บริษัท เวียงจันทึก จำกัด จำกัด,สมเกียรติ นพตระกูล,นครสวรรค์,0 922 741 896
CUST05594,บริษัท ถาวรายุศม์บริการ จำกัด,ธมน เจริญรัมย์,ลำปาง,+66 (0) 929 627 191
CUST05595,บริษัท ดิศดในภาพยนตร์ จำกัด,ปิยนาฎ ศรีเผด็จ,เชียงราย,0854058817
CUST05596,บริษัท บริษัท ฉัตรอภิเที่ยงค่ำการช่าง จำกัด จำกัด,อาแอเสาะ ถาวรายุศม์,อุบลราชธานี,0-5655-5693
CUST05597,บริษัท ห้างหุ้นส่วนจำกัด แนวพนิชกลการ จำกัด,เอนกพงศ์ นิษประปัญจ์,ขอนแก่น,0675283230
CUST05598,บริษัท บริษัท ถนอมพลกรัง จำกัด (มหาชน) จำกัด,ปัณณวัชร แก้วอยู่,นครสวรรค์,+66 (0) 603 646 383
CUST05599,บริษัท หจก.เขียวขุ้ย จำกัด,กฤตเมธ นับเนื่องนอ,แหลมฉบัง,0-3419-2272
CUST05600,บริษัท หจก.ทับทิมไทย จำกัด,ฟิรยา ทันยุค,แหลมฉบัง,056-905017
CUST05601,บริษัท พรมอ่อนและอัตตนาถ จำกัด,สิทธิชัย หอมพิกุล,พิษณุโลก,+667 136 6276
CUST05602,บริษัท หจก.ศิวะวรเวทซัพพลาย จำกัด,วาสุเทพ วุฑฒยากร,เชียงใหม่,03 116 6827
CUST05603,บริษัท ขันธุลาและนครเทพ จำกัด,วีระวัฒน์ งามพิเชษฐ์,สุราษฎร์ธานี,037402811
CUST05604,บริษัท ห้างหุ้นส่วนจำกัด ถิรสวัสดิ์เอ็นจิเนียริ่ง จำกัด,ทับทิม นฤภัย,นนทบุรี,0 7207 7411
CUST05605,บริษัท ราชมณี-ธาราธร จำกัด,ยูซุฟ เมืองสุข,ปากเกร็ด,+66 (0) 660 098 071
CUST05606,บริษัท มูลนิธิปานสุวรรณ จำกัด,ธัญญามาศ ขันธุลา,เชียงใหม่,+663 493 9497
CUST05607,บริษัท มูลนิธิถนิมมาศ จำกัด,ธนนนท์ ถะเกิงชศ,ปากเกร็ด,+66 (0) 4161 7316
CUST05608,บริษัท บุตราช-ฉัพพรรณธนกูร จำกัด,มารุด ตราชู,เจ้าพระยาสุรศักดิ์,+66 (0) 996 650 968
CUST05609,บริษัท บริษัท ฉิมพาลี จำกัด (มหาชน) จำกัด,วันชนก พานเกล้า,เชียงราย,0-3627-6453
CUST05610,บริษัท บริษัท ทหารแท้การค้า จำกัด จำกัด,ลัดดา ศรทอง,หาดใหญ่,070 501761
CUST05611,บริษัท ห้างหุ้นส่วนสามัญ พีระเพ็ญกุล จำกัด,พิมพ์สุดา บุตราช,นครราชสีมา,+66 7161 9213
CUST05612,บริษัท บริษัท ทำประดู่ จำกัด จำกัด,บุญทิวา ถนอมพลกรัง,พัทยา,0 995 933 233
CUST05613,บริษัท ถ้วนศรีวิศวการ จำกัด,มาโนชญ์ พานเกล้า,สุราษฎร์ธานี,046-780491
CUST05614,บริษัท สมาคมนิลเสนา จำกัด,นันทิกานต์ นิลวิมล,ขอนแก่น,052-555282
CUST05615,บริษัท มูลนิธินากกนก จำกัด,สุทกร นิยมธรรม,ปากเกร็ด,0 999 889 868
CUST05616,บริษัท บมจ.พรสีมา จำกัด,เชิงชาย ธรรมทินนา,สงขลา,+66 (0) 818 859 171
CUST05617,บริษัท บริษัท นพคเชนทร์ขนส่ง จำกัด จำกัด,อณัฐตา ซาซุม,อุบลราชธานี,0 7795 0785
CUST05618,บริษัท ห้างหุ้นส่วนจำกัด เมืองสุข จำกัด,ฐิตาพร เนื้อนุ่ม,กรุงเทพมหานคร,+66 (0) 897 597 739
CUST05619,บริษัท ห้างหุ้นส่วนจำกัด ตะละภัฏเฟอร์นิเจอร์ จำกัด,นัสรุน นะวะมันดร,แม่สอด,021031546
CUST05620,บริษัท ดิสกะประกายขนส่ง จำกัด,เมษา แหยมศิริ,พิษณุโลก,+66 (0) 7482 9220
CUST05621,บริษัท หจก.เจริญรัมย์ จำกัด,จีรยุทธ น้ำทิพย์,แหลมฉบัง,+66 944 121 923
CUST05622,บริษัท ชมรมธรรมนิยม จำกัด,อารีย์ นิลวิมล,รังสิต,+66 884 974 989
CUST05623,บริษัท บริษัท กุมารบุญ จำกัด จำกัด,พุทธ ติณรัตน์,อุบลราชธานี,0 877 793 489
CUST05624,บริษัท บริษัท พรมอ่อน จำกัด จำกัด,ทานตะวัน ถนัดเดินข่าว,สงขลา,+66 3906 3200
CUST05625,บริษัท หจก.ถนอมกุลบุตร จำกัด,จด ถนอมมนุษย์,สมุทรปราการ,035 675285
CUST05626,บริษัท บมจ.ทหารแท้ภาพยนตร์ จำกัด,ฐิติยาพร บุนยาภิสนท์,พัทยา,078-602372
CUST05627,บริษัท บริษัท นิลเสนาคอมพิวเตอร์ จำกัด จำกัด,ธีรวัช นครเทพ,สกลนคร,+66 (0) 4341 1674
CUST05628,บริษัท บริษัท นิยมเซียม จำกัด จำกัด,จุฑารัตน์ เพียยา,เจ้าพระยาสุรศักดิ์,085-684-6206
CUST05629,บริษัท บมจ.ดาตู จำกัด,ฉลองชัย ไทยสุชาต,แม่สอด,0 908 917 219
CUST05630,บริษัท บจก.ถนัดหัตถกรรมวิศวกรรม จำกัด,ประสิทธิ์ ตั้งเผ่า,ระยอง,0-4454-5004
CUST05631,บริษัท บมจ.เนื้อนุ่ม จำกัด,ลัดดา ศรีธนะเวทย์,นครปฐม,+66 615 870 149
CUST05632,บริษัท ศรีวงค์มอเตอร์ จำกัด,ธนกิตต์ ถนอมพล,สมุทรสาคร,041 963849
CUST05633,บริษัท บริษัท ถนัดหัตถกรรม จำกัด จำกัด,สิริลัดดา ทวีเดช,พัทยา,073125387
CUST05634,บริษัท บริษัทหลักทรัพย์ บุญศล จำกัด จำกัด,จักรชัย ทหารแท้,ภูเก็ต,070-342062
CUST05635,บริษัท ชมรมศรีสัตย์ จำกัด,อุษณีย์ ทรงโกมล,สงขลา,046 398597
CUST05636,บริษัท เนื่องนนท์-ตันตราจิณ จำกัด,วิสาร ธนรักษ์,สมุทรปราการ,+663 806 4975
CUST05637,บริษัท บริษัท ทันยุค จำกัด จำกัด,นวรรษนันท์ นครเทพ,เจ้าพระยาสุรศักดิ์,0 866 774 188
CUST05638,บริษัท พรรษาสกุลเฟอนิชชิ่ง จำกัด,ศศิธร ถนอมพลกรัง,พัทยา,0815726073
CUST05639,บริษัท สหภาพแรงงานเขียวขุ้ย จำกัด,เนตรฤดี ถาวระวรณ์,นครราชสีมา,+66 (0) 7493 2560
CUST05640,บริษัท ห้างหุ้นส่วนจำกัด แถมธน จำกัด,ชัฎชา นิยมเซียม,นครปฐม,0 4466 3900
CUST05641,บริษัท กองทุนรวมทวนทอง จำกัด จำกัด,พัชรีนิษฐ์ ทรงโกมล,พัทยา,061 147 3999
CUST05642,บริษัท ห้างหุ้นส่วนจำกัด สงประเสริฐก่อสร้าง จำกัด,มาสิตะ ถนัดการยนต์,พระนครศรีอยุธยา,057023068
CUST05643,บริษัท ชมรมบุญศล จำกัด,ดวงจันทร์ เดชคุ้ม,ยะลา,049-066033
CUST05644,บริษัท สมาคมตันเผ่า จำกัด,อันธิกา ถาวระวรณ์,กรุงเทพมหานคร,+66 (0) 5287 3024
CUST05645,บริษัท ทับทิมไทยและหอมพิกุล จำกัด,ธีรวุฒิ ทองประดิฐ,กรุงเทพมหานคร,+66 (0) 4437 7635
CUST05646,บริษัท หจก.ธรรมนิยมและเพื่อน จำกัด,อณาวิน ขุนดำ,พระนครศรีอยุธยา,+66 (0) 4202 2698
CUST05647,บริษัท มูลนิธิแท่นทอง จำกัด,มาสิตะ ศรีธนะเวทย์,สมุทรปราการ,051-062342
CUST05648,บริษัท บมจ.ดิศดในขนส่ง จำกัด,อัญธิกา เตมิยะเดช,สมุทรสาคร,091 661 2182
CUST05649,บริษัท หสน.ราชมณี จำกัด,ยนงคราญ สงประเสริฐ,นนทบุรี,+66 (0) 2462 4144
CUST05650,บริษัท ห้างหุ้นส่วนจำกัด อุ่นอก จำกัด,ชนิศา วิลาสินี,นนทบุรี,020 385775
CUST05651,บริษัท สมาคมประจันตะเสน จำกัด,มารุด นาฏคายี,สงขลา,088-184-4602
CUST05652,บริษัท บจก.นามเสวตร จำกัด,บุญเกิด ทับทิมไทย,นครราชสีมา,079 051076
CUST05653,บริษัท บริษัท บัวเผื่อนพานิช จำกัด (มหาชน) จำกัด,สิราพร ศรีตะวัน,พิษณุโลก,+66 (0) 4450 8648
CUST05654,บริษัท แนวพนิชและทองอยู่ จำกัด,ศุภกรชนา ราชมณี,ตรัง,0 944 441 802
CUST05655,บริษัท ดาวกระจายบรรจุภัณฑ์ จำกัด,วัลยา ถิรสวัสดิ์,รังสิต,0 965 293 935
CUST05656,บริษัท หจก.ถิรสวัสดิ์ จำกัด,ดวงสมร โพธิสัตย์,นครราชสีมา,+66 3037 5230
CUST05657,บริษัท บริษัท ยางสวยวิศวกรรม จำกัด จำกัด,นาทภูวพัฒน์ ธรรมสถิตไพศาล,อ้อมน้อย,+66 (0) 3450 9798
CUST05658,บริษัท บริษัท น้ำทิพย์จิวเวลรี่ จำกัด จำกัด,สุชิน ถนัดการเขียน,นครสวรรค์,+665 596 2582
CUST05659,บริษัท บริษัท ราชมณีเอนเตอรไพรส์ จำกัด จำกัด,เรืองเกียรติ ศรีธนะเวทย์,พระนครศรีอยุธยา,+66 (0) 893 394 337
CUST05660,บริษัท ห้างหุ้นส่วนจำกัด เขียวอ่อน จำกัด,วิเชียร เนื่องนนท์,นครศรีธรรมราช,+66 3170 3833
CUST05661,บริษัท ทองสินธุ์มอเตอร์ จำกัด,บุญเกิด ถนิมมาศ,นครราชสีมา,+66 (0) 5935 4826
CUST05662,บริษัท ห้างหุ้นส่วนจำกัด เลิศกิ่ง จำกัด,ธีรวัช ดุริยพันธุ์,ตรัง,027 221006
CUST05663,บริษัท สหภาพแรงงานเธียรายัน จำกัด,โอภาส เพียยา,พัทยา,0-2441-9530
CUST05664,บริษัท สมาคมนครเทพ จำกัด,อธิตยา เธียรายัน,สุราษฎร์ธานี,0 2711 8598
CUST05665,บริษัท บริษัท หิรัญสาลี จำกัด,เพ็ญพรรษา นาถะเดชะ,ยะลา,+66 3567 6928
CUST05666,บริษัท ห้างหุ้นส่วนจำกัด ธูปหอมวิศวกรรม จำกัด,พันเทพ ภูภักดี,นครราชสีมา,+66 (0) 3519 0488
CUST05667,บริษัท ตั้งเผ่าอะไหล่ยนต์ จำกัด,วิทูลย์ ทวนไชย์,เจ้าพระยาสุรศักดิ์,0 7145 2885
CUST05668,บริษัท หจก.ธนูปกรณ์ จำกัด,อริสรา บุญบำรุง,นครปฐม,0666594069
CUST05669,บริษัท หจก.นามเสวตร จำกัด,ทานตะวัน อัตตนาถ,นครราชสีมา,0642307702
CUST05670,บริษัท หจก.ถนอมพลกรังอิมปอร์ตเอ็กซปอร์ต จำกัด,กรพนธ์ ศรทอง,อุบลราชธานี,059 939558
CUST05671,บริษัท ธรรมฤดีการค้า จำกัด,สิริกานต์ ทัศนสุทธิ,สมุทรสาคร,062-061-8912
CUST05672,บริษัท ห้างหุ้นส่วนจำกัด เตมิยะเดช จำกัด,ภัทรนาฎ คำลือ,สุราษฎร์ธานี,034146796
CUST05673,บริษัท บริษัท ธรรมนิยม จำกัด จำกัด,มูฮำมัด นิลสุวรรณ์,พระนครศรีอยุธยา,0 935 336 964
CUST05674,บริษัท ธนาคารทองแท้ จำกัด จำกัด,กุลปรียา แท่นทอง,เจ้าพระยาสุรศักดิ์,0996657241
CUST05675,บริษัท ติระคมน์และราชมณี จำกัด,มนัญชยา วาทา,สมุทรสาคร,+66 (0) 7181 1062
CUST05676,บริษัท หจก.นิษประปัญจ์การค้า จำกัด,สุธาวี ธุวะนุติ์,เจ้าพระยาสุรศักดิ์,07 438 1924
CUST05677,บริษัท สมาคมศรีเผด็จ จำกัด,วิเชียร ถนัดกลึง,รังสิต,+66 (0) 628 610 962
CUST05678,บริษัท บริษัท ทองลาภ จำกัด จำกัด,เพชรมณี ถนัดการเขียน,ตรัง,+665 991 3551
CUST05679,บริษัท สหภาพแรงงานขอหมั่นกลาง จำกัด,อับดุลเลาะห์ ตรีครุธพันธุ์,ระยอง,041-256170
CUST05680,บริษัท บริษัท ตะละภัฏคอมมิวนิเคชั่น จำกัด จำกัด,ทินพร ธรรมสถิตไพศาล,กรุงเทพมหานคร,+66 (0) 5565 3166
CUST05681,บริษัท บริษัท ทศโยธินอะไหล่ยนต์ จำกัด (มหาชน) จำกัด,ประยุทธ์ ตันตราจิณ,ยะลา,0-2162-1096
CUST05682,บริษัท บมจ.นักรบบริการ จำกัด,เถลิงยศ เลขะพันธุ์,ขอนแก่น,0-7594-7893
CUST05683,บริษัท บมจ.เช้าวันดีอินเตอร์เนชั่นแนล จำกัด,สุรนีย์ บุญส่ง,สมุทรสาคร,+66 (0) 3058 1920
CUST05684,บริษัท บริษัท สังข์กรด จำกัด,ไชยภพ ตวันเยี่ยม,กรุงเทพมหานคร,0 671 191 509
CUST05685,บริษัท บริษัท นักรบ จำกัด จำกัด,พิมพ์พิชญา ดีตพันธุ์,สุราษฎร์ธานี,+66 (0) 3877 3355
CUST05686,บริษัท หจก.ราชมณีเฟอร์นิเจอร์ จำกัด,นพวรรณ จ้อยนุแสง,เจ้าพระยาสุรศักดิ์,073015322
CUST05687,บริษัท บมจ.ทศโยธิน จำกัด,อธิตยา ถนอมกุลบุตร,อ้อมน้อย,+66 811 227 858
CUST05688,บริษัท บริษัท ตันตราจิณ จำกัด จำกัด,ภารวี บุญศล,กรุงเทพมหานคร,0 642 862 386
CUST05689,บริษัท ไทยแท้-ทศโยธิน จำกัด,วัลลภ ติระคมน์,ปากเกร็ด,0-2086-3431
CUST05690,บริษัท บจก.ทองลาภซัพพลาย จำกัด,วรศาสส์ ดีตพันธุ์,อ้อมน้อย,+66 (0) 604 133 851
CUST05691,บริษัท บริษัท นรวิทย์โชติกุลการบัญชี จำกัด จำกัด,สุทกร ตั้งรบ,เกาะสมุย,030897560
CUST05692,บริษัท บมจ.ร่มธิติรัตน์ จำกัด,รภัสพงษ์ ตั้งกุลงาม,แหลมฉบัง,+667 465 4950
CUST05693,บริษัท บริษัท ถิรสวัสดิ์ จำกัด จำกัด,สินสมุทร บุตดา,หาดใหญ่,+66 617 506 377
CUST05694,บริษัท บริษัท ทำประดู่ จำกัด จำกัด,เฉลิมรัตน์ ศิวะวรเวท,แม่สอด,0 4176 6191
CUST05695,บริษัท สหภาพแรงงานสุวรรณหงษ์ จำกัด,วิรชัย ธนรักษ์,ยะลา,047-226510
CUST05696,บริษัท บริษัท สงประเสริฐแพคกิ้ง จำกัด (มหาชน) จำกัด,อัญพัชร์ นาคพันธุ์,แม่สอด,059-117085
CUST05697,บริษัท บมจ.วิลาสินีและบุตร จำกัด,คมกฤชญ์ หอมสิน,สงขลา,+66 (0) 3245 8518
CUST05698,บริษัท ห้างหุ้นส่วนสามัญ วะคีมันบริการ จำกัด,วิสาร ทรัพย์สาร,หาดใหญ่,034-201272
CUST05699,บริษัท ห้างหุ้นส่วนสามัญ ประจันตะเสน จำกัด,ทรรศนชัย เนื้อนุ่ม,ตรัง,07 129 3391
CUST05700,บริษัท ตระกูลบุญคอมพิวเตอร์ จำกัด,ณัฐศักดิ์ ธูปหอม,สุราษฎร์ธานี,0-7504-5739
CUST05701,บริษัท สหภาพแรงงานนิลเสนา จำกัด,ทินวัฒน์ นุ่มกัน,รังสิต,056 628867
CUST05702,บริษัท บริษัท ผลบุญอุตสาหกรรม จำกัด จำกัด,วรรณาต ตระกูลบุญ,สกลนคร,07 355 8434
CUST05703,บริษัท บริษัท ถนอมพล จำกัด จำกัด,ชัชเวศย์ ทองสินธุ์,นครปฐม,026-352124
CUST05704,บริษัท บริษัท ทองเนื้อดี จำกัด จำกัด,ศิรณัฐ ถมังรักษสัตว์,นนทบุรี,0-3638-7085
CUST05705,บริษัท บริษัท จันอ้นมอเตอร์ จำกัด จำกัด,เจตพินิษฐ์ แถมธน,ภูเก็ต,+665 216 5725
CUST05706,บริษัท สมาคมติณรัตน์ จำกัด,พัสวี บุนยะตีรณะ,สงขลา,+665 856 1980
CUST05707,บริษัท บริษัท ธรรมนิยม จำกัด,จันทนา ธรรมทินนา,สงขลา,0929658506
CUST05708,บริษัท ประจันตะเสนและนุ่มกัน จำกัด,สิรวัฒน์ หิรัญสาลี,นนทบุรี,0-5998-7055
CUST05709,บริษัท ห้างหุ้นส่วนจำกัด ทศโยธินกรุ๊ป จำกัด,พลภูมิ แนวพนิช,ปากเกร็ด,07 451 7120
CUST05710,บริษัท บริษัท นิษประปัญจ์กรุ๊ป จำกัด จำกัด,ฮานาฟี ยะผา,นนทบุรี,051 594206
CUST05711,บริษัท บริษัท ดัตพันธุ์เคมิคอล จำกัด (มหาชน) จำกัด,อธิตยา พรรษาสกุล,อุบลราชธานี,0-5443-9120
CUST05712,บริษัท บริษัท ศรีอุ่น จำกัด จำกัด,ราชัน นานายน,กรุงเทพมหานคร,080 725 1313
CUST05713,บริษัท มูลนิธิดวงทับทิม จำกัด,ฐิติกุล ธรรมทินนา,ยะลา,0 7163 0489
CUST05714,บริษัท บริษัท หิรัญสาลีเอ็นจิเนียริ่ง จำกัด จำกัด,ชัชนันท์ บุญญาไลย์,สุราษฎร์ธานี,0-4802-3280
CUST05715,บริษัท ห้างหุ้นส่วนสามัญ ตั้งเผ่าจิวเวลรี่ จำกัด,นรีกานต์ ถ้วนศรี,นครศรีธรรมราช,060 197 7928
CUST05716,บริษัท บริษัท ตัณฑนุชคอนสตรัคชั่น จำกัด จำกัด,เทอดศักดิ์ นาควงษ์,ภูเก็ต,+66 903 365 196
CUST05717,บริษัท ห้างหุ้นส่วนจำกัด แน่นดุจป้อม จำกัด,อุลัยพร ทำประดู่,รังสิต,+66 (0) 2000 2466
CUST05718,บริษัท งามพิเชษฐ์อะไหล่ยนต์ จำกัด,สิริรัตน์ ขุนดำ,สุราษฎร์ธานี,+664 631 3788
CUST05719,บริษัท ห้างหุ้นส่วนสามัญ แถมธนยานยนต์ จำกัด,คำปลิว สาระพันธ์,ตรัง,+66 917 351 442
CUST05720,บริษัท ห้างหุ้นส่วนสามัญ นิระหานีแพคกิ้ง จำกัด,ภัทรนาฎ เลขะพันธุ์,อุดรธานี,0970486257
CUST05721,บริษัท บจก.ตวงทองแลบ จำกัด,ยุศรอน ทองปากน้ำ,นครปฐม,0 2327 8730
CUST05722,บริษัท บริษัท สุวรรณหงษ์ จำกัด จำกัด,ซูรัยดา ทองสีไพล,กรุงเทพมหานคร,089 180 7631
CUST05723,บริษัท สมาคมดิสกะประกาย จำกัด,เทอดศักดิ์ บุญส่ง,อุบลราชธานี,079-796451
CUST05724,บริษัท ชมรมเจริญรัมย์ จำกัด,นิภา นุตตาร,พระนครศรีอยุธยา,054662717
CUST05725,บริษัท ห้างหุ้นส่วนจำกัด หนักแน่น จำกัด,ชัชเวศย์ นาคพันธุ์,สกลนคร,048164952
CUST05726,บริษัท นรวิทย์โชติกุล-เณรานุสนธิ์ จำกัด,จณิตตา ปรีชากุลเศรษฐ์,หาดใหญ่,0 2522 4652
CUST05727,บริษัท อุลหัสสา-ธรรมสถิตไพศาล จำกัด,กฤตเมธ นฤทุกข์,หาดใหญ่,+66 800 442 600
CUST05728,บริษัท ทศโยธิน-ไม้แดง จำกัด,ปัญญาพร ไทยแท้,ลำปาง,+663 086 8774
CUST05729,บริษัท ตัณฑนุชเอเยนซี จำกัด,กะดิรัตน์ ธรรมสถิตไพศาล,แหลมฉบัง,038-203718
CUST05730,บริษัท บริษัท นาควงษ์สโตร์ จำกัด (มหาชน) จำกัด,อธิตยา นิระหานี,นครราชสีมา,+662 559 7661
CUST05731,บริษัท บริษัท สังข์กรด จำกัด,เกษมชัย ทวนไชย์,นครราชสีมา,037-455645
CUST05732,บริษัท บริษัท ถาวรายุศม์เอนเตอรไพรส์ จำกัด (มหาชน) จำกัด,สินสมุทร เลิศกิ่ง,กรุงเทพมหานคร,+66 (0) 7662 7809
CUST05733,บริษัท บริษัท ถนิมมาศเคมิคอล จำกัด จำกัด,ปิยวดี เตชะกำพุ,พัทยา,0-4034-1329
CUST05734,บริษัท นพคเชนทร์กลการ จำกัด,ธัชญา ปานสุวรรณ,นนทบุรี,+66 7031 3982
CUST05735,บริษัท บริษัท ตัณสถิตย์ จำกัด (มหาชน) จำกัด,พงษ์นเรศ ฉายแสง,เจ้าพระยาสุรศักดิ์,063 666 2680
CUST05736,บริษัท ชมรมตราชู จำกัด,วรศาสส์ ธัญาโภชน์,เกาะสมุย,049906115
CUST05737,บริษัท บริษัท เดชคุ้ม จำกัด จำกัด,เนติลักษณ์ นิระหานี,รังสิต,099 450 3932
CUST05738,บริษัท ห้างหุ้นส่วนจำกัด ถนอมมนุษย์เฟอนิชชิ่ง จำกัด,ยศวัฒน์ พรรษาสกุล,อุดรธานี,+66 5906 1185
CUST05739,บริษัท ห้างหุ้นส่วนจำกัด ตั้งเผ่า จำกัด,ภูวรา เดชวา,พัทยา,+66 (0) 4491 1692
CUST05740,บริษัท ธรรมเมธา-ถนัดการยนต์ จำกัด,พิศพรรณ นพตระกูล,สกลนคร,04 755 8755
CUST05741,บริษัท บริษัท ถนัดหัตถกรรมและบุตร จำกัด (มหาชน) จำกัด,ยุภา ศรีสัตย์,นครศรีธรรมราช,+66 (0) 4870 4744
CUST05742,บริษัท หจก.ซูสารอโอสถ จำกัด,ปาริตา ธนูปกรณ์,นครปฐม,096 925 5307
CUST05743,บริษัท บริษัท ดุริยพันธุ์การบัญชี จำกัด จำกัด,ปิ่นบุญญา ตราชู,อุดรธานี,+66 (0) 616 177 232
CUST05744,บริษัท ห้างหุ้นส่วนจำกัด ดาวอร่ามก่อสร้าง จำกัด,ภัทราวุธ นวลเพ็ง,ตรัง,+66 2512 8343
CUST05745,บริษัท ห้างหุ้นส่วนจำกัด ดาบเงินพืชผล จำกัด,มลิวรรณ นิละทัต,นนทบุรี,0 882 287 798
CUST05746,บริษัท นกทองและตระกูลไม้เรียง จำกัด,ฟิรยา ธาราธร,ลำปาง,+66 5574 3155
CUST05747,บริษัท ห้างหุ้นส่วนจำกัด ศรีวงค์เซอร์วิส จำกัด,นาตยา บุตดา,ยะลา,039 419874
CUST05748,บริษัท ถนัดการยนต์ก่อสร้าง จำกัด,ทวีวัฒน์ ติระคมน์,ตรัง,+665 681 4914
CUST05749,บริษัท บริษัท ถาวรรัตนคอนสตรัคชั่น จำกัด จำกัด,วรนาฎ ศิวะวรเวท,เกาะสมุย,082 905 3075
CUST05750,บริษัท บริษัท นิยมสำหรวจ จำกัด จำกัด,จด ถนัดกลึง,สมุทรสาคร,0887911878
CUST05751,บริษัท อุลหัสสาและธูปหอม จำกัด,รัฐพงษ์ ศรีธนะเวทย์,สกลนคร,04 456 6048
CUST05752,บริษัท บริษัท บัวเผื่อนคอมมิวนิเคชั่น จำกัด จำกัด,ลัดดา นักสำหรวจ,นครราชสีมา,+66 3636 5421
CUST05753,บริษัท สมาคมจันอ้น จำกัด,หรรษธร ไสยกิจ,ปากเกร็ด,030048404
CUST05754,บริษัท บริษัท จันทาการค้า จำกัด จำกัด,ทองสิริ ไทยสุชาต,สุราษฎร์ธานี,0 629 218 533
CUST05755,บริษัท บริษัท ศรีเผด็จอิมปอร์ตเอ็กซปอร์ต จำกัด จำกัด,จณิสตา เตมิยะเดช,ยะลา,05 671 1870
CUST05756,บริษัท หจก.นพคเชนทร์ จำกัด,พีรพัฒน์ ธูปหอม,อุดรธานี,+66 (0) 968 134 848
CUST05757,บริษัท ทองสีไพลและถนอมพล จำกัด,จำรัส ทองแท้,อุดรธานี,03 819 9328
CUST05758,บริษัท บริษัท แก้วชลคราม จำกัด จำกัด,กระสุน ตรีเภรินทร์,ภูเก็ต,071409209
CUST05759,บริษัท บริษัท เนื่องนนท์เอ็นจิเนียริ่ง จำกัด จำกัด,พชรภรณ์ ธุวะนุติ์,ขอนแก่น,0 639 030 384
CUST05760,บริษัท หจก.นิลวรรณเคมิคอล จำกัด,อรจิรา นิยมธรรม,พัทยา,+66 (0) 7783 0649
CUST05761,บริษัท บริษัท สังข์กรดกรุ๊ป จำกัด จำกัด,เอกชัย เดชวา,สกลนคร,0 4472 4612
CUST05762,บริษัท หจก.บุญบำรุงวิศวการ จำกัด,โสภณ นครเทพ,พิษณุโลก,0842153562
CUST05763,บริษัท บมจ.ขันธุลาบรรจุภัณฑ์ จำกัด,จุฑารัตน์ แถมธน,นครราชสีมา,052-524838
CUST05764,บริษัท มนทองอินเตอร์เนชั่นแนล จำกัด,ปภาวรินทร์ ดาบเงิน,นนทบุรี,0-5504-9130
CUST05765,บริษัท บริษัท นิละทัต จำกัด จำกัด,สุรนัย ทองสินธุ์,สุราษฎร์ธานี,091 003 7798
CUST05766,บริษัท มูลนิธินิลสุวรรณ์ จำกัด,วิรชัย อุ่นอก,นครปฐม,094-071-1726
CUST05767,บริษัท บริษัท ถนัดพิมพการ จำกัด จำกัด,ธาเอก ถนัดรบ,ขอนแก่น,+66 (0) 3091 4483
CUST05768,บริษัท บริษัท ดิศดในเอนเตอรไพรส์ จำกัด จำกัด,ไมล์ ศรีสัตย์,แม่สอด,0 620 750 780
CUST05769,บริษัท บมจ.บุญส่งอะไหล่ยนต์ จำกัด,พิมพ์สุดา ถุงเงิน,พระนครศรีอยุธยา,0 4279 2493
CUST05770,บริษัท บริษัท นิลเสนา จำกัด จำกัด,รูไกยะฮ์ ธนูปกรณ์,รังสิต,048-577843
CUST05771,บริษัท บริษัท ถนัดรักษา จำกัด จำกัด,กฤตพร ถนัดอาวุธ,ปากเกร็ด,035718403
CUST05772,บริษัท ทองอยู่-วิลาสินี จำกัด,อุษณีย์ ติณรัตน์,พิษณุโลก,0 610 632 986
CUST05773,บริษัท มูลนิธิด้วงโสน จำกัด,วรศาสส์ ถนัดการยนต์,พระนครศรีอยุธยา,0-5556-1001
CUST05774,บริษัท บริษัท ทวนทองอินเตอร์เนชั่นแนล จำกัด จำกัด,ธัญญกัญญา นำธวัช,นนทบุรี,+66 5543 8517
CUST05775,บริษัท บริษัท ดาบเงิน จำกัด จำกัด,คมกฤชญ์ ศรีตะวัน,อุดรธานี,0 926 540 874
CUST05776,บริษัท ห้างหุ้นส่วนสามัญ นฤทุกข์อิมปอร์ตเอ็กซปอร์ต จำกัด,ปิยบุตร เนื่องนนท์,ระยอง,+66 (0) 962 377 778
CUST05777,บริษัท เช้าวันดีและตวันเยี่ยม จำกัด,พรปราณี ถนัดการยนต์,อุบลราชธานี,023-754542
CUST05778,บริษัท ห้างหุ้นส่วนจำกัด จันทา จำกัด,บุญญามี ทองสินธุ์,หาดใหญ่,+66 (0) 7532 9350
CUST05779,บริษัท ภูภักดีและเณรานุสนธิ์ จำกัด,วิถี เวียงจันทึก,ลำปาง,0 7526 6616
CUST05780,บริษัท บริษัท เตมิยะเดชพืชผล จำกัด จำกัด,ถนอมชัย นาฏคายี,ปากเกร็ด,045312694
CUST05781,บริษัท บริษัท ตะละภัฏ จำกัด จำกัด,ศุภชัย ตระกูลบุญ,ยะลา,0 3528 8057
CUST05782,บริษัท ธนาคารพานเกล้าคอนสตรัคชั่น จำกัด จำกัด,อเนชา ธนประทีป,สมุทรสาคร,0 939 650 671
CUST05783,บริษัท วิลาสินีจิวเวลรี่ จำกัด,สุทธิพจน์ ศาสตร์ศิลป์,พิษณุโลก,+66 5160 9286
CUST05784,บริษัท บริษัท วุฑฒยากร จำกัด จำกัด,อัครพนธ์ เตมิยะเดช,ลำปาง,+66 (0) 614 528 193
CUST05785,บริษัท บริษัท ตั้งกุลงามโอสถ จำกัด จำกัด,อัญชัญ บุณยะภาชน์,อุบลราชธานี,05 941 7584
CUST05786,บริษัท สหภาพแรงงานถนัดอักษร จำกัด,กันตวรรณ ถะเกิงชศ,ยะลา,034-941846
CUST05787,บริษัท ห้างหุ้นส่วนจำกัด กุมารบุญคอมพิวเตอร์ จำกัด,กนกเนตร ตวงทอง,ยะลา,0-7220-5236
CUST05788,บริษัท บริษัท แน่นดุจป้อม จำกัด (มหาชน) จำกัด,ผดุงพล ประจันตะเสน,รังสิต,0875828985
CUST05789,บริษัท บริษัท นิลสลัว จำกัด จำกัด,ไพสิฐ ซูสารอ,นครศรีธรรมราช,+66 4603 6652
CUST05790,บริษัท บริษัท ดาบเงิน จำกัด,มะลีวัลย์ แน่นดุจป้อม,นครราชสีมา,0-2642-8447
CUST05791,บริษัท สมาคมจันอ้น จำกัด,นันทวุฒิ เขียวอ่อน,สุราษฎร์ธานี,+66 (0) 4855 2305
CUST05792,บริษัท บมจ.ตรีเภรินทร์ จำกัด,คมคาย ตัณสถิตย์,พระนครศรีอยุธยา,+66 862 784 260
CUST05793,บริษัท หอมสินจิวเวลรี่ จำกัด,กษิดิฐ ทองแท้,สุราษฎร์ธานี,065 997 3829
CUST05794,บริษัท บริษัท ตั้งรบ จำกัด จำกัด,เกศรา ตัณสถิตย์,เกาะสมุย,+66 4190 5783
CUST05795,บริษัท บริษัท ไชยภา จำกัด จำกัด,สุปรานี ไตรบรรพ,ปากเกร็ด,073392774
CUST05796,บริษัท สมาคมเขียวอ่อน จำกัด,พรชนก ธนประทีป,อุบลราชธานี,078529411
CUST05797,บริษัท บจก.บุญญาภิรมย์และเพื่อน จำกัด,อภิลักษณ์ ทรัพย์สาร,พัทยา,07 237 5428
CUST05798,บริษัท หจก.พรมอ่อน จำกัด,วุฒิ นาถะพินธุ,เชียงราย,05 237 6306
CUST05799,บริษัท ห้างหุ้นส่วนสามัญ อุลหัสสา จำกัด,สุรการณ์ ธาราธร,นครสวรรค์,066 485 4293
CUST05800,บริษัท บุนยาภิสนท์-เลิศกิ่ง จำกัด,สุทธิณัฐ นพคเชนทร์,แหลมฉบัง,+66 879 409 294
CUST05801,บริษัท ขุนดำและธรรมเมธา จำกัด,ประยุทธ์ หนักแน่น,หาดใหญ่,+66 5823 5442
CUST05802,บริษัท บริษัท ถิรสวัสดิ์การช่าง จำกัด จำกัด,เพ็ญยุภา เลิศกิ่ง,อุบลราชธานี,+66 858 819 976
CUST05803,บริษัท ห้างหุ้นส่วนจำกัด เยาวธนโชค จำกัด,กุลภาวลัย นวลเพ็ง,นครราชสีมา,053375413
CUST05804,บริษัท มูลนิธินฤทุกข์ จำกัด,พรรณปพร ไทยแท้,แม่สอด,+66 (0) 914 164 861
CUST05805,บริษัท ชมรมถนัดการเขียน จำกัด,มนัส อุ่นอก,อุบลราชธานี,04 391 3112
CUST05806,บริษัท ห้างหุ้นส่วนสามัญ นุชแนวนุ่ม จำกัด,ศุภกรชนา บุญญาภิรมย์,ขอนแก่น,+66 4446 3567
CUST05807,บริษัท บริษัท คำลือขนส่ง จำกัด จำกัด,ภาสวุฒิ ธนประทีป,รังสิต,+662 885 3605
CUST05808,บริษัท บมจ.นิลเสนา จำกัด,อณาวิน เนื้อนุ่ม,อุดรธานี,+66 3844 6623
CUST05809,บริษัท ห้างหุ้นส่วนจำกัด ซูสารอ จำกัด,โสภณ ศรีสัตย์,นนทบุรี,0 3257 6524
CUST05810,บริษัท สมาคมไทยแท้ จำกัด,รวิวาน นิลวิมล,สุราษฎร์ธานี,03 198 5804
CUST05811,บริษัท หจก.ไม้แดงพืชผล จำกัด,สิริรัตน์ พีระเพ็ญกุล,พิษณุโลก,0 962 435 093
CUST05812,บริษัท บมจ.วาทา จำกัด,พรสวรรค์ ขำเอนก,ปากเกร็ด,0 3459 1404
CUST05813,บริษัท ห้างหุ้นส่วนจำกัด ศรีอุ่นวิศวกรรม จำกัด,ทวีวัฒน์ แจ้งสว่าง,นนทบุรี,077-241372
CUST05814,บริษัท ติณรัตน์และเพื่อน จำกัด,สุรธัช คณานุรักษ์,นครศรีธรรมราช,+66 615 570 542
CUST05815,บริษัท หจก.นิระหานีและเพื่อน จำกัด,ปุณณรัตน์ เลิศกิ่ง,นนทบุรี,+665 284 8102
CUST05816,บริษัท หจก.มนทอง จำกัด,จินต์จุฑา เนื้อนุ่ม,นนทบุรี,098-981-7786
CUST05817,บริษัท สมาคมดาวกระจาย จำกัด,จักรีรัตน์ นิลสุวรรณ์,ภูเก็ต,076-479780
CUST05818,บริษัท บุนยะศัพท์และถะเกิงชศ จำกัด,ภควัฒน์ วะคีมัน,กรุงเทพมหานคร,055-378980
CUST05819,บริษัท บริษัท นับเนื่องนอวิศวกรรม จำกัด จำกัด,ฮามีย๊ะ เนตร์มณี,นครปฐม,034 951424
CUST05820,บริษัท บริษัท ตันตราจิณ จำกัด จำกัด,วันฉัตร บุตดา,เจ้าพระยาสุรศักดิ์,024-002788
CUST05821,บริษัท บริษัท สังข์กรดเฟอนิชชิ่ง จำกัด จำกัด,ยุศรอน นิยมสำหรวจ,สกลนคร,+66 (0) 603 345 591
CUST05822,บริษัท บริษัท ดัตพันธุ์ จำกัด จำกัด,ทานตะวัน บัวเผื่อน,สมุทรปราการ,+66 967 967 828
CUST05823,บริษัท บริษัท ขำเอนกก่อสร้าง จำกัด จำกัด,บุญญกัลป์ นฤภัย,ขอนแก่น,0-2037-1018
CUST05824,บริษัท บจก.ดุษฎีวนิช จำกัด,สุธาวี ด้วงโสน,นครราชสีมา,+662 442 0106
CUST05825,บริษัท นวลฉวีจิวเวลรี่ จำกัด,เรืองเกียรติ ไทนิยม,ขอนแก่น,+66 (0) 4736 4507
CUST05826,บริษัท บริษัท ประจันตะเสนการช่าง จำกัด จำกัด,โกมล ทัศนสุทธิ,พระนครศรีอยุธยา,0 944 984 428
CUST05827,บริษัท บมจ.ทรงโกมล จำกัด,คมสัน นามเสวตร,สุราษฎร์ธานี,+66 (0) 7677 1975
CUST05828,บริษัท บริษัท ไตรบรรพ จำกัด จำกัด,ฟิรยา ธรรมนิยม,อุบลราชธานี,+66 2469 6306
CUST05829,บริษัท บริษัท จันทาและเพื่อน จำกัด จำกัด,อนิวัฒน์ ทรัพย์ธำรงค์,ลำปาง,+66 2049 3246
CUST05830,บริษัท บมจ.ถนัดรบการค้า จำกัด,ฐิติณัฐฐา ไทยแท้,สมุทรสาคร,036 928047
CUST05831,บริษัท ห้างหุ้นส่วนสามัญ นิลวรรณ จำกัด,นภนต์ เยาวธนโชค,หาดใหญ่,+667 464 8416
CUST05832,บริษัท ไทไชโย-ถมปัด จำกัด,กวีฉัฏฐ ถนัดเดินข่าว,พัทยา,073 629911
CUST05833,บริษัท บริษัท คำลือ จำกัด จำกัด,เยาวรัตน์ ขันธุลา,กรุงเทพมหานคร,+66 3513 7273
CUST05834,บริษัท ห้างหุ้นส่วนจำกัด ขำเอนก จำกัด,อรุณี แก้วชลคราม,นครปฐม,094-156-5386
CUST05835,บริษัท ชมรมกุมารบุญ จำกัด,ตอฮา ทรัพย์สาร,เจ้าพระยาสุรศักดิ์,+66 680 504 282
CUST05836,บริษัท บัวเผื่อน-ธีวร จำกัด,ญาณพันธุ์ ทำประดู่,สุราษฎร์ธานี,0-3645-3875
CUST05837,บริษัท โพธิสัตย์และธัญาโภชน์ จำกัด,ภูวรา ธัญาโภชน์,เชียงราย,045 041533
CUST05838,บริษัท นุชแนวนุ่มและแน่นดุจป้อม จำกัด,ศุภนุนาย จันทา,ตรัง,+66 (0) 4086 7159
CUST05839,บริษัท ห้างหุ้นส่วนจำกัด เณรานุสนธิ์ จำกัด,รอซีด๊ะ บุนยะตีรณะ,ตรัง,046727555
CUST05840,บริษัท บริษัท ขำเอนก จำกัด (มหาชน) จำกัด,เกียรติก้อง ถาวระวรณ์,สมุทรสาคร,+66 908 314 687
CUST05841,บริษัท บจก.ธรรมนิยมการบัญชี จำกัด,ศุภชัย แจ้งสว่าง,แม่สอด,02 146 2553
CUST05842,บริษัท หจก.ไทนิยมอุตสาหกรรม จำกัด,ลักษมี ตระกูลไม้เรียง,อุบลราชธานี,0675851625
CUST05843,บริษัท บริษัท ฉายแสงเคมิคอล จำกัด จำกัด,เจตพินิษฐ์ ทรัพย์ธำรงค์,รังสิต,+66 3356 5670
CUST05844,บริษัท บริษัท ทับทิมไทย จำกัด จำกัด,ศุภนุนาย ตวันเยี่ยม,สงขลา,059 458215
CUST05845,บริษัท บจก.ขำเอนกจิวเวลรี่ จำกัด,วรศาสส์ ธุวะนุติ์,สมุทรสาคร,036 948331
CUST05846,บริษัท หจก.นิละทัตภาพยนตร์ จำกัด,ภูมิปัญญา ตั้งรบ,สกลนคร,+66 (0) 2873 4091
CUST05847,บริษัท บริษัท สาระพันธ์บรรจุภัณฑ์ จำกัด จำกัด,ปุณณรัตน์ เดชวา,หาดใหญ่,07 848 6574
CUST05848,บริษัท มูลนิธิสังข์กรด จำกัด,ฮาฟิต เช้าวันดี,หาดใหญ่,053 265673
CUST05849,บริษัท หจก.ผลบุญ จำกัด,นาทภูวพัฒน์ ศรีเผด็จ,ระยอง,023157011
CUST05850,บริษัท สมาคมทองแท้ จำกัด,วาร์มูฮำหมัด ทหารแท้,เจ้าพระยาสุรศักดิ์,041 458867
CUST05851,บริษัท บริษัท ดาบเพ็ชร์ จำกัด จำกัด,พัชรพร นุ่มกัน,สุราษฎร์ธานี,052-557377
CUST05852,บริษัท ชมรมพรมอ่อน จำกัด,ธัชญา วิลาสินี,หาดใหญ่,081 854 5161
CUST05853,บริษัท หจก.แต้กุลอิมปอร์ตเอ็กซปอร์ต จำกัด,จินต์จุฑา ทรัพย์สาร,แหลมฉบัง,078299949
CUST05854,บริษัท หจก.ธูปหอม จำกัด,กิติชัย นิษประปัญจ์,แม่สอด,0-2976-4514
CUST05855,บริษัท ถนัดรบและตั้งเผ่า จำกัด,น้ำเพชร ธุวะนุติ์,นนทบุรี,+664 340 3427
CUST05856,บริษัท บริษัท วะคีมัน จำกัด (มหาชน) จำกัด,มูฮัมหมัดอิมรอน พานเกล้า,นครปฐม,+66 (0) 2949 3960
CUST05857,บริษัท บริษัท นามเสวตร จำกัด จำกัด,บุญเกิด ทองแท้,เชียงราย,0-3846-6378
CUST05858,บริษัท ดุริยพันธุ์จิวเวลรี่ จำกัด,ปวีณ แท่นทอง,พิษณุโลก,070 967268
CUST05859,บริษัท บริษัท ดาบเพ็ชร์ จำกัด จำกัด,ธารา นามขำ,ลำปาง,+66 (0) 4254 7124
CUST05860,บริษัท ห้างหุ้นส่วนจำกัด เยาวธนโชค จำกัด,สุรนีย์ หอมพิกุล,รังสิต,+66 (0) 601 940 532
CUST05861,บริษัท บมจ.ถนัดการยนต์ จำกัด,ภูวัน เนื่องนนท์,สงขลา,079 817046
CUST05862,บริษัท ธัญเสถียรเอเยนซี จำกัด,ทินพร พงศ์ฉบับนภา,แหลมฉบัง,0-3542-4756
CUST05863,บริษัท บริษัท ถะเกิงชศ จำกัด จำกัด,ทินวัฒน์ นาคสุทิน,สุราษฎร์ธานี,+66 (0) 2392 6180
CUST05864,บริษัท ห้างหุ้นส่วนจำกัด สังข์กรด จำกัด,พิมพ์สุดา มิ่งขวัญ,เจ้าพระยาสุรศักดิ์,+66 (0) 7446 1219
CUST05865,บริษัท บริษัท ธูปหอมและเพื่อน จำกัด จำกัด,สรายุทธ นิยมเซียม,พระนครศรีอยุธยา,07 711 9982
CUST05866,บริษัท ห้างหุ้นส่วนจำกัด ดาบเพ็ชร์เซอร์วิส จำกัด,ผกาทิพย์ ทองสินธุ์,พระนครศรีอยุธยา,0-4550-0409
CUST05867,บริษัท สหภาพแรงงานดิสกะประกาย จำกัด,คมกฤชญ์ ศรีตะวัน,ตรัง,+667 356 8162
CUST05868,บริษัท บจก.เขียวอ่อน จำกัด,ฌาฆีภัตฐ์ บุนยะศัพท์,ภูเก็ต,0-3174-9066
CUST05869,บริษัท บริษัท เตชะกำพุเคมิคอล จำกัด จำกัด,นรีรัตน์ ชำนาญวาด,หาดใหญ่,+66 (0) 3876 7114
CUST05870,บริษัท บริษัท สังข์กรดโอสถ จำกัด จำกัด,เมทนี ถมังรักษสัตว์,รังสิต,+663 232 8574
CUST05871,บริษัท บริษัท นพคเชนทร์ จำกัด จำกัด,สมมล ตระกูลบุญ,หาดใหญ่,05 931 7821
CUST05872,บริษัท บริษัท พรมอ่อน จำกัด จำกัด,จิราภรณ์ ถนอมพลกรัง,ภูเก็ต,05 054 3035
CUST05873,บริษัท ธนาคารบุนยะศัพท์ จำกัด จำกัด,อินทรีย์ ชุมวระ,อ้อมน้อย,084 458 1951
CUST05874,บริษัท ห้างหุ้นส่วนจำกัด นิษประปัญจ์เอเยนซี จำกัด,ศิรินันท์ เตชะกำพุ,สมุทรปราการ,05 465 2270
CUST05875,บริษัท นิลวรรณ-ทันยุค จำกัด,พัชรพร ทีฆะ,นครปฐม,0 5318 4345
CUST05876,บริษัท ทัศนสุทธิจิวเวลรี่ จำกัด,กษิดิฐ ทศโยธิน,ขอนแก่น,+66 688 468 126
CUST05877,บริษัท มูลนิธิดุษฎีวนิช จำกัด,ชัชนันท์ ดิศดใน,สมุทรสาคร,0-7537-1795
CUST05878,บริษัท ธนาคารถนอมพล จำกัด (มหาชน) จำกัด,คมสัน ศรีธนะเวทย์,อุดรธานี,026-090803
CUST05879,บริษัท บมจ.นฤทุกข์ จำกัด,จิฬาภรณ์ ธัญาโภชน์,ระยอง,0 5544 0232
CUST05880,บริษัท บริษัท สุวรรณหงษ์ จำกัด จำกัด,กุลเชษฐ ตะละภัฏ,กรุงเทพมหานคร,+66 (0) 3020 1619
CUST05881,บริษัท บริษัท ทองแท้ จำกัด จำกัด,วนาลี นิลสลัว,ยะลา,+667 255 6536
CUST05882,บริษัท อุลหัสสา-ทรัพย์สาร จำกัด,วิพุธ ผลบุญ,ระยอง,+66 (0) 5660 6340
CUST05883,บริษัท หจก.ศรีตะวันแพคกิ้ง จำกัด,เลิศเดช ขอหมั่นกลาง,นครราชสีมา,0-3418-1846
CUST05884,บริษัท มูลนิธิตวันเยี่ยม จำกัด,ศศิยา เลิศกิ่ง,พัทยา,075 275200
CUST05885,บริษัท บริษัท ปรีชากุลเศรษฐ์ จำกัด จำกัด,ภูวรา ทองปากน้ำ,เจ้าพระยาสุรศักดิ์,0 650 347 655
CUST05886,บริษัท บริษัท เลิศกิ่ง จำกัด จำกัด,วรรณาต เณรานุสนธิ์,รังสิต,049-484282
CUST05887,บริษัท หจก.เนื้อนุ่มเอนเตอรไพรส์ จำกัด,ธัญญกัญญา พานเกล้า,นครสวรรค์,090-938-6917
CUST05888,บริษัท บริษัท ดุริยพันธุ์ขนส่ง จำกัด จำกัด,ปริญญา ธนประทีป,เชียงใหม่,+66 (0) 5564 7974
CUST05889,บริษัท บริษัท นาถะพินธุ จำกัด (มหาชน) จำกัด,ปฐม ทวนทอง,ลำปาง,+66 849 662 373
CUST05890,บริษัท บริษัท ไทนิยม จำกัด จำกัด,มัตติกา พรสีมา,แม่สอด,0-5020-5366
CUST05891,บริษัท บริษัท ไทไชโย จำกัด จำกัด,ภานุวัตร ขุนดำ,ยะลา,+667 711 9494
CUST05892,บริษัท สมาคมร่มธิติรัตน์ จำกัด,พีรพัฒน์ ทองสุกเลิศ,นครปฐม,+665 160 5138
CUST05893,บริษัท บริษัท หนักแน่นการค้า จำกัด จำกัด,ชัชนันท์ ซูสารอ,อุบลราชธานี,0 2726 1448
CUST05894,บริษัท บริษัท นิลสลัวอิมปอร์ตเอ็กซปอร์ต จำกัด (มหาชน) จำกัด,ราณี ดาตู,นนทบุรี,+66 3383 3417
CUST05895,บริษัท วุฑฒยากร-นิลสลัว จำกัด,แกมแพร เขียวขุ้ย,อุบลราชธานี,+665 874 2337
CUST05896,บริษัท ชุมวระพืชผล จำกัด,อาฮามัด ทำประดู่,สุราษฎร์ธานี,027-454074
CUST05897,บริษัท บริษัท ถนัดการเขียน จำกัด จำกัด,ปัญญาพร นับเนื่องนอ,นนทบุรี,+66 3480 8351
CUST05898,บริษัท ห้างหุ้นส่วนจำกัด ขุนดำ จำกัด,ภัคชัญญา นฤภัย,ตรัง,0 5617 7291
CUST05899,บริษัท บริษัท ดุริยพันธุ์ จำกัด จำกัด,มัตติกา ดิสกะประกาย,ภูเก็ต,05 922 8135
CUST05900,บริษัท บริษัท สุวรรณหงษ์การบัญชี จำกัด จำกัด,เจตธนากร ถมังรักษสัตว์,แหลมฉบัง,035283905
CUST05901,บริษัท หจก.ภูภักดี จำกัด,สรายุทธ ทรัพย์สาร,ระยอง,+662 812 7977
CUST05902,บริษัท บริษัท เจริญรัมย์ จำกัด จำกัด,อลิษา ศรทอง,เจ้าพระยาสุรศักดิ์,042-801190
CUST05903,บริษัท จันทาคอมมิวนิเคชั่น จำกัด,เพียงกมล หิรัญสาลี,ขอนแก่น,+665 125 3018
CUST05904,บริษัท หจก.บุญญาไลย์จิวเวลรี่ จำกัด,สิริกานต์ ภูภักดี,เกาะสมุย,0 637 702 566
CUST05905,บริษัท บริษัท ถ้วนศรีขนส่ง จำกัด จำกัด,ฐิติกุล ศาสตร์ศิลป์,นครราชสีมา,043 015154
CUST05906,บริษัท บริษัท ตระกูลไม้เรียง จำกัด (มหาชน) จำกัด,คณภรณ์ ดาบเงิน,ภูเก็ต,+66 (0) 622 406 475
CUST05907,บริษัท หจก.ตันเผ่าอินเตอร์เนชั่นแนล จำกัด,รังสินี บุณยะภาชน์,เจ้าพระยาสุรศักดิ์,+66 (0) 846 631 487
CUST05908,บริษัท ห้างหุ้นส่วนจำกัด นวลเพ็งบริการ จำกัด,วรรณรัตน์ สังข์กรด,เจ้าพระยาสุรศักดิ์,+662 978 7758
CUST05909,บริษัท ทุมะบุตร์และมนทอง จำกัด,พิมพ์สุตา ดีตพันธุ์,สมุทรสาคร,+66 5224 3889
CUST05910,บริษัท ห้างหุ้นส่วนสามัญ ศรีธนะเวทย์บรรจุภัณฑ์ จำกัด,ปภาวรินทร์ ทรงโกมล,นครราชสีมา,025-722667
CUST05911,บริษัท บริษัท วะคีมันเฟอร์นิเจอร์ จำกัด จำกัด,ศุภาศิล วิลาสินี,พระนครศรีอยุธยา,0998720628
CUST05912,บริษัท บมจ.หนุนสุข จำกัด,อนิวัฒน์ ทองสุกเลิศ,ภูเก็ต,0 3316 3392
CUST05913,บริษัท บริษัท เพียยา จำกัด จำกัด,อัญชิษฐา หิรัญสาลี,สมุทรสาคร,+66 910 620 704
CUST05914,บริษัท หจก.เลขะพันธุ์เทรดดิ้ง จำกัด,สุพนธ์ ไทไชโย,อุบลราชธานี,0 5128 7171
CUST05915,บริษัท บริษัท เณรานุสนธิ์ จำกัด จำกัด,คำมั่น แก้วอยู่,ยะลา,+66 (0) 7427 2411
CUST05916,บริษัท บริษัท ธีวร จำกัด จำกัด,ภัคชัญญา ทองปากน้ำ,ปากเกร็ด,0-5543-8889
CUST05917,บริษัท บริษัท ทรัพย์ธำรงค์กลการ จำกัด จำกัด,วรรณชนะชัย ทหารแท้,นครศรีธรรมราช,+66 5652 5990
CUST05918,บริษัท บริษัท ถิรสวัสดิ์ จำกัด จำกัด,พันเกล้า ทองประดิฐ,สมุทรสาคร,069 226 4740
CUST05919,บริษัท ดุษฎีวนิชและเดชวา จำกัด,อนิวัฒน์ จ้อยนุแสง,ลำปาง,083 477 0864
CUST05920,บริษัท บริษัท ทรัพย์ธำรงค์แพคกิ้ง จำกัด จำกัด,ธมลพรรณ ตัณฑนุช,เกาะสมุย,050 145693
CUST05921,บริษัท บริษัท จันอ้น จำกัด จำกัด,ธมน ขันธุลา,พิษณุโลก,07 139 7786
CUST05922,บริษัท ตรีครุธพันธุ์พานิช จำกัด,นภนต์ ทรงโกมล,เจ้าพระยาสุรศักดิ์,097-024-9900
CUST05923,บริษัท บริษัท นฤภัย จำกัด (มหาชน) จำกัด,มะลีวัลย์ ตัณสถิตย์,สมุทรสาคร,+66 (0) 667 541 067
CUST05924,บริษัท บริษัท นักสำหรวจ จำกัด (มหาชน) จำกัด,นรีรัตน์ นิละทัต,แม่สอด,0-5214-5111
CUST05925,บริษัท กุมารบุญเอ็นจิเนียริ่ง จำกัด,วิถี บุญบำรุง,ตรัง,+66 998 220 644
CUST05926,บริษัท บจก.แน่นดุจป้อมเอเยนซี จำกัด,โชติวุฒิ บุนยาภิสนท์,สกลนคร,+66 (0) 863 342 258
CUST05927,บริษัท สุวรรณหงษ์โอสถ จำกัด,ศุภนุนาย บุนยาภิสนท์,นครศรีธรรมราช,0 4391 4673
CUST05928,บริษัท บริษัท วิลาสินีเทรดดิ้ง จำกัด จำกัด,ชัฎชา นครเทพ,เกาะสมุย,+66 (0) 2705 5071
CUST05929,บริษัท ชมรมหนุนสุข จำกัด,เนติลักษณ์ นาควงษ์,สมุทรปราการ,+66 5308 4431
CUST05930,บริษัท บริษัท ตระกูลไม้เรียง จำกัด จำกัด,ฤทธิ์ชกร ดุษฎีวนิช,สุราษฎร์ธานี,077-403184
CUST05931,บริษัท หจก.ทรัพย์ธำรงค์กลการ จำกัด,พิมพกานต์ ถนัดการยนต์,ระยอง,0-2374-8813
CUST05932,บริษัท เตมิยะเดชเทรดดิ้ง จำกัด,จด ทำประดู่,นครศรีธรรมราช,+66 5662 6458
CUST05933,บริษัท บริษัท ถนัดเดินข่าวภาพยนตร์ จำกัด จำกัด,ทิพย์วารี บุญญาไลย์,สมุทรสาคร,087-011-5278
CUST05934,บริษัท บริษัท นพคเชนทร์ จำกัด จำกัด,ลัดดา พรสีมา,พัทยา,091-030-2131
CUST05935,บริษัท นะวะมันดรและทุมะบุตร์ จำกัด,อมัด บุณยะภาชน์,นครสวรรค์,045 434808
CUST05936,บริษัท บริษัท ตั้งรบ จำกัด,อินทรีย์ เขียวขุ้ย,ลำปาง,+662 293 1097
CUST05937,บริษัท หจก.ถนัดกลึง จำกัด,เจตธนากร วุฑฒยากร,ตรัง,0-2317-1201
CUST05938,บริษัท บริษัท เขียวอ่อน จำกัด จำกัด,หลี เขียวขุ้ย,พระนครศรีอยุธยา,02 736 4669
CUST05939,บริษัท บริษัท ฉิมพาลีเซอร์วิส จำกัด จำกัด,วรรณรัตน์ ถนัดภาษา,สุราษฎร์ธานี,+664 591 2693
CUST05940,บริษัท บริษัท ตันยาสโตร์ จำกัด จำกัด,กระสุน ทรัพย์ธำรงค์,แหลมฉบัง,0-7780-0606
CUST05941,บริษัท หจก.มนทองเฟอนิชชิ่ง จำกัด,อชิตะวีร์ ผลบุญ,นครสวรรค์,067-952-9648
CUST05942,บริษัท ชมรมพานเกล้า จำกัด,ผกาทิพย์ นุชแนวนุ่ม,ขอนแก่น,094 637 0449
CUST05943,บริษัท มูลนิธิไทยแท้ จำกัด,ศศิยา ไม้แดง,สกลนคร,0 2358 2922
CUST05944,บริษัท บริษัท วิลาสินีคอมมิวนิเคชั่น จำกัด จำกัด,เกษรา ฉัตรอภิเที่ยงค่ำ,กรุงเทพมหานคร,+66 2863 2294
CUST05945,บริษัท บริษัท แต้กุล จำกัด จำกัด,เพทาย จันทา,ลำปาง,0-7409-5895
CUST05946,บริษัท บจก.ดุษฎีวนิช จำกัด,ศภัคชคง ดวงทับทิม,ภูเก็ต,0 4171 8970
CUST05947,บริษัท บริษัท ธรรมสถิตไพศาล จำกัด จำกัด,นวรรษนันท์ ทรงโกมล,เชียงราย,0 4907 1659
CUST05948,บริษัท หจก.ถนอมพลกรัง จำกัด,สันชัย นาถะเดชะ,ระยอง,051 532317
CUST05949,บริษัท ธนาคารมิ่งขวัญคอนสตรัคชั่น จำกัด จำกัด,ภูวรา ดัตพันธุ์,นนทบุรี,+66 2300 1523
CUST05950,บริษัท ห้างหุ้นส่วนสามัญ ดาบเงิน จำกัด,กันตวรรณ พรสีมา,ปากเกร็ด,0-2081-2801
CUST05951,บริษัท ถนัดกลึงและนาคะนคร จำกัด,อาภัศรา เจริญรัมย์,อุบลราชธานี,0686024016
CUST05952,บริษัท ชมรมตั้งรบ จำกัด,รูไกยะฮ์ ศาสตร์ศิลป์,เชียงราย,0-3148-2795
CUST05953,บริษัท สมาคมยางสวย จำกัด,สิริรัตน์ ดาตู,ระยอง,+66 623 854 877
CUST05954,บริษัท บริษัท นุชแนวนุ่ม จำกัด จำกัด,เนติลักษณ์ ดิสกะประกาย,แม่สอด,0 2181 4010
CUST05955,บริษัท ห้างหุ้นส่วนจำกัด ตวันเยี่ยมมอเตอร์ จำกัด,จันทภา ทองอยู่,สมุทรสาคร,+66 (0) 5620 1483
CUST05956,บริษัท ชมรมไทไชโย จำกัด,มะลีวัลย์ ทีฆะ,ลำปาง,+66 7438 4230
CUST05957,บริษัท บริษัท พงศ์ฉบับนภาคอมมิวนิเคชั่น จำกัด (มหาชน) จำกัด,ดวงจันทร์ ทองเนื้อดี,ปากเกร็ด,0 7299 9785
CUST05958,บริษัท สมาคมนวลฉวี จำกัด,สโรชา แนวพนิช,ตรัง,0 4179 5063
CUST05959,บริษัท บริษัท แก้วอยู่ จำกัด จำกัด,ธราวิทญ์ ดิสกะประกาย,ขอนแก่น,0-3892-8611
CUST05960,บริษัท ฉัตรอภิเที่ยงค่ำและอัตตนาถ จำกัด,กรพนธ์ นาคะนคร,หาดใหญ่,+663 064 9489
CUST05961,บริษัท หจก.ติระคมน์การค้า จำกัด,ณปภัช เตชะกำพุ,สกลนคร,05 227 7545
CUST05962,บริษัท ด้วงโสน-ฉัพพรรณธนกูร จำกัด,นพวรรณ เพียยา,เชียงใหม่,04 526 7270
CUST05963,บริษัท หจก.ทหารแท้แพคกิ้ง จำกัด,ยศพงศ์ ถมปัด,หาดใหญ่,+66 858 777 877
CUST05964,บริษัท บจก.ตรีเภรินทร์แอนด์ซันส์ จำกัด,โยธิการ์ ชำนาญวาด,ยะลา,041 417318
CUST05965,บริษัท บริษัท ธูปะวิโรจน์ จำกัด จำกัด,นิติยา ตัณสถิตย์,ลำปาง,059632925
CUST05966,บริษัท ห้างหุ้นส่วนจำกัด แหยมศิริเอเยนซี จำกัด,วิรศักดิ์ นามขำ,อุดรธานี,021 237271
CUST05967,บริษัท บริษัท ธนูปกรณ์เฟอนิชชิ่ง จำกัด จำกัด,ธวัศชา ถนัดหัตถกรรม,สงขลา,+66 (0) 7495 0957
CUST05968,บริษัท บจก.ตัณฑนุชการบัญชี จำกัด,เขมจิรา เนื่องนนท์,ระยอง,+667 849 3093
CUST05969,บริษัท บริษัท ไทยแท้คอมพิวเตอร์ จำกัด จำกัด,บุญนพ ถนัดการยนต์,นครศรีธรรมราช,082-432-3930
CUST05970,บริษัท ห้างหุ้นส่วนจำกัด ธรรมทินนาสโตร์ จำกัด,พิมพ์สุตา วุฑฒยากร,เชียงใหม่,+66 (0) 832 246 475
CUST05971,บริษัท บริษัท ดำริห์ชอบ จำกัด จำกัด,สรายุทธ ดาวกระจาย,แม่สอด,+66 (0) 7051 4051
CUST05972,บริษัท หจก.แหยมศิริการช่าง จำกัด,วีร์สุดา ชำนาญวาด,นครศรีธรรมราช,042-587109
CUST05973,บริษัท ห้างหุ้นส่วนจำกัด ถนัดหัตถกรรม จำกัด,มาโนชญ์ สงประเสริฐ,สุราษฎร์ธานี,0 863 659 722
CUST05974,บริษัท ชมรมนะวะมันดร จำกัด,กุลปรียา ศรีสัตย์,ระยอง,+667 016 0039
CUST05975,บริษัท ห้างหุ้นส่วนจำกัด ไตรบรรพแพคกิ้ง จำกัด,อุษณีย์ เจริญรัมย์,ภูเก็ต,090-341-4319
CUST05976,บริษัท บริษัท เนตร์มณีอิมปอร์ตเอ็กซปอร์ต จำกัด จำกัด,ศภัคชคง นิละทัต,ยะลา,029286201
CUST05977,บริษัท ห้างหุ้นส่วนสามัญ ตั้งเผ่าซัพพลาย จำกัด,พรรณปพร ศรีธนะเวทย์,อุดรธานี,+66 (0) 2290 2273
CUST05978,บริษัท ห้างหุ้นส่วนสามัญ แถมธนแพคกิ้ง จำกัด,ไชยภพ ธนประทีป,ระยอง,0611600993
CUST05979,บริษัท ไม้แดงเอเยนซี จำกัด,นัฐพล แท่นทอง,นครสวรรค์,0805606204
CUST05980,บริษัท บมจ.พรรษาสกุลอิมปอร์ตเอ็กซปอร์ต จำกัด,กรพนธ์ ประจันตะเสน,พัทยา,076 642311
CUST05981,บริษัท ขอหมั่นกลาง-ตวันเยี่ยม จำกัด,อันธิกา เพียยา,ลำปาง,087-959-2485
CUST05982,บริษัท ห้างหุ้นส่วนจำกัด ถนอมพลการช่าง จำกัด,ปรมินทร์ ทรัพย์ธำรงค์,ปากเกร็ด,+66 (0) 3986 0343
CUST05983,บริษัท ห้างหุ้นส่วนจำกัด บุตดาเอ็นจิเนียริ่ง จำกัด,มารุด ทองประดิฐ,พระนครศรีอยุธยา,0 3594 3890
CUST05984,บริษัท บริษัท จันอ้น จำกัด จำกัด,อดิสรณ์ นากกนก,นครศรีธรรมราช,+662 621 3327
CUST05985,บริษัท ห้างหุ้นส่วนสามัญ ดิศดใน จำกัด,ไชยภพ สงประเสริฐ,ลำปาง,099 204 8465
CUST05986,บริษัท บริษัท ตราชู จำกัด จำกัด,กษิดิฐ ไทยสุชาต,พัทยา,+667 542 6153
CUST05987,บริษัท นิลสลัวและยาปะโลหิต จำกัด,สิริรัตน์ บุญศล,เจ้าพระยาสุรศักดิ์,+66 (0) 2669 3559
CUST05988,บริษัท สมาคมบุนยาภิสนท์ จำกัด,รูไกยะฮ์ หนุนสุข,แหลมฉบัง,+667 790 5114
CUST05989,บริษัท ห้างหุ้นส่วนสามัญ นับเนื่องนอ จำกัด,ลัดดา อุลหัสสา,สุราษฎร์ธานี,061-133-7298
CUST05990,บริษัท บริษัท ถนัดภาษา จำกัด จำกัด,กรพนธ์ ธีวร,ยะลา,0-2803-8076
CUST05991,บริษัท บริษัท สุวรรณหงษ์กรุ๊ป จำกัด จำกัด,ณภัทร ดุษฎีวนิช,นนทบุรี,+664 168 1207
CUST05992,บริษัท บริษัท เจริญรัมย์ จำกัด จำกัด,เจษฏาภรณ์ นพตระกูล,สุราษฎร์ธานี,+66 (0) 863 761 073
CUST05993,บริษัท สมาคมติระคมน์ จำกัด,ศรีสวัสดิ์ ถมปัด,เจ้าพระยาสุรศักดิ์,03 355 1611
CUST05994,บริษัท ห้างหุ้นส่วนจำกัด ทับทิมไทยการค้า จำกัด,ยนงคราญ แนวพญา,นครปฐม,0884738157
CUST05995,บริษัท บริษัท ดาตูการบัญชี จำกัด จำกัด,ศจีกาญจน์ เพียยา,เชียงใหม่,0958445435
CUST05996,บริษัท ห้างหุ้นส่วนจำกัด มิ่งขวัญอะไหล่ยนต์ จำกัด,สุพัตรา ยาปะโลหิต,ระยอง,0 3413 3683
CUST05997,บริษัท ชมรมสาระพันธ์ จำกัด,สุมัชญา ตวงทอง,สกลนคร,+66 2288 9650
CUST05998,บริษัท บริษัท ทำประดู่ จำกัด จำกัด,พรปราณี นิลวรรณ,เชียงราย,0-5598-1056
CUST05999,บริษัท บุนยะศัพท์พานิช จำกัด,พชรภรณ์ ฉัพพรรณธนกูร,ปากเกร็ด,0819363468
CUST06000,บริษัท บริษัท ชำนาญวาดซัพพลาย จำกัด จำกัด,อดิสรณ์ ชุมวระ,เกาะสมุย,037-195145
CUST06001,บริษัท บริษัท พานเกล้าเซอร์วิส จำกัด (มหาชน) จำกัด,วีร์สุดา ทรงโกมล,ลำปาง,0 5869 6080
CUST06002,บริษัท บริษัท หนักแน่นการบัญชี จำกัด จำกัด,รัฐพงษ์ ดำริห์ชอบ,เจ้าพระยาสุรศักดิ์,047 260212
CUST06003,บริษัท ห้างหุ้นส่วนจำกัด ธัญเสถียรกรุ๊ป จำกัด,ยศพงศ์ นากกนก,แม่สอด,0 2434 7261
CUST06004,บริษัท หจก.ดาบเงิน จำกัด,นรีกานต์ ประจันตะเสน,เชียงราย,+663 998 6021
CUST06005,บริษัท ห้างหุ้นส่วนจำกัด บัวเผื่อนแลบ จำกัด,สีหราช นามขำ,แม่สอด,038-149608
CUST06006,บริษัท บริษัท ตันยา จำกัด จำกัด,ผดุงชาติ ยะผา,สมุทรสาคร,065-507-2098
CUST06007,บริษัท บริษัท ถนัดอาวุธ จำกัด (มหาชน) จำกัด,กันตวรรณ วุฑฒยากร,นครปฐม,07 672 9377
CUST06008,บริษัท ดุษฎีวนิช-ธัญเสถียร จำกัด,สินสมุทร ทุมะบุตร์,ลำปาง,0 3848 6356
CUST06009,บริษัท ห้างหุ้นส่วนจำกัด งามพิเชษฐ์ จำกัด,วิรศักดิ์ ดัตพันธุ์,แม่สอด,054 531350
CUST06010,บริษัท ห้างหุ้นส่วนจำกัด เตมิยะเดชซัพพลาย จำกัด,สมหมาย บุตราช,เจ้าพระยาสุรศักดิ์,044-355009
CUST06011,บริษัท บริษัท แท่นทองบริการ จำกัด จำกัด,ศศิยา นฤภัย,เกาะสมุย,+66 (0) 7072 9467
CUST06012,บริษัท ถาวรายุศม์วิศวการ จำกัด,สิริ นามขำ,อุบลราชธานี,+66 (0) 4542 6462
CUST06013,บริษัท บริษัท ติณรัตน์ จำกัด,ประไพพักตร์ นิติสาขา,สมุทรสาคร,+66 (0) 614 399 417
CUST06014,บริษัท สุวรรณหงษ์อินเตอร์เนชั่นแนล จำกัด,เขมจิรา ถนัดกลึง,อุดรธานี,0-5276-6173
CUST06015,บริษัท เขียวขุ้ย-ถมปัด จำกัด,กุลปรียา เนื่องนนท์,หาดใหญ่,+66 5974 6469
CUST06016,บริษัท ถาวระวรณ์และวะคีมัน จำกัด,ประภัทร์สรณ์ ดำริห์ชอบ,พิษณุโลก,+66 (0) 5014 4426
CUST06017,บริษัท ห้างหุ้นส่วนจำกัด บุณยะภาชน์ จำกัด,เจตธนากร ถนัดหัตถกรรม,ปากเกร็ด,+66 5608 0970
CUST06018,บริษัท บริษัท นวลฉวี จำกัด จำกัด,นิวิลดาน เดชคุ้ม,นครปฐม,+66 5297 3314
CUST06019,บริษัท บริษัท ผลบุญ จำกัด (มหาชน) จำกัด,สุรนีย์ หิรัญสาลี,ภูเก็ต,058 579696
CUST06020,บริษัท บริษัท แน่นดุจป้อม จำกัด จำกัด,จิณภัทตา นุชแนวนุ่ม,สกลนคร,0854585100
CUST06021,บริษัท บริษัท เยาวธนโชคบริการ จำกัด จำกัด,อรรจน์ เลขะพันธุ์,นครสวรรค์,027 512480
CUST06022,บริษัท ศาสตร์ศิลป์และตันยา จำกัด,อรรจน์ นาคสุทิน,นนทบุรี,+66 7069 6977
CUST06023,บริษัท หจก.แนวพญา จำกัด,พิชญ์สินี นครเทพ,ยะลา,0 962 064 592
CUST06024,บริษัท บริษัท ถนัดเดินข่าว จำกัด จำกัด,ลักษมี ยะผา,ลำปาง,+66 4694 5483
CUST06025,บริษัท มูลนิธิหนุนสุข จำกัด,ณิชาภัทร บุนยะศัพท์,สมุทรปราการ,079-455983
CUST06026,บริษัท บริษัท ไทนิยม จำกัด (มหาชน) จำกัด,เมษา ทองสินธุ์,สกลนคร,05 379 4288
CUST06027,บริษัท หจก.ฉัตรอภิเที่ยงค่ำเซอร์วิส จำกัด,วรินทธิ์ธร อุ่นอก,นครราชสีมา,092 455 6245
CUST06028,บริษัท บริษัท ธรรมเมธา จำกัด จำกัด,มาสิตะ ทันยุค,นครปฐม,042-314098
CUST06029,บริษัท บจก.บุญส่งมอเตอร์ จำกัด,อรุณี ธรรมเมธา,เจ้าพระยาสุรศักดิ์,0 2694 6143
CUST06030,บริษัท ทำประดู่-บินดี จำกัด,ฮาฟิต จันอ้น,อ้อมน้อย,049-767264
CUST06031,บริษัท ห้างหุ้นส่วนจำกัด ศิวะวรเวทการบัญชี จำกัด,นาทภูวพัฒน์ พรมอ่อน,อ้อมน้อย,036-544775
CUST06032,บริษัท บริษัท หอมสิน จำกัด จำกัด,เอกวิทย์ นาควงษ์,เกาะสมุย,030-229187
CUST06033,บริษัท ตวงทองและยะผา จำกัด,จีรยุทธ ธัญเสถียร,สกลนคร,0 912 280 936
CUST06034,บริษัท เนื้อนุ่ม-ไทยสุชาต จำกัด,ศุภกรชนา ธีวร,แหลมฉบัง,+66 (0) 852 338 770
CUST06035,บริษัท ดิศดในเซอร์วิส จำกัด,ภูวัน นักสำหรวจ,เจ้าพระยาสุรศักดิ์,0-7039-0802
CUST06036,บริษัท ธุวะนุติ์-ฉัตรอภิเที่ยงค่ำ จำกัด,เมทนี จันทา,นครสวรรค์,0 7947 5144
CUST06037,บริษัท บริษัท บุตราช จำกัด จำกัด,เฉลิมรัตน์ ทรงโกมล,ตรัง,047 734139
CUST06038,บริษัท ฉัตรอภิเที่ยงค่ำเซอร์วิส จำกัด,สุธาวี นับเนื่องนอ,ปากเกร็ด,+66 4766 6736
CUST06039,บริษัท หจก.ตรีครุธพันธุ์ จำกัด,สุภาพร ถะเกิงชศ,ยะลา,036 218422
CUST06040,บริษัท ห้างหุ้นส่วนจำกัด ไชยภาคอมมิวนิเคชั่น จำกัด,นุจรี ดุษฎีวนิช,กรุงเทพมหานคร,+66 990 979 596
CUST06041,บริษัท นิยมสำหรวจและบินดี จำกัด,นิรุตต์ บัวเผื่อน,สกลนคร,069 767 4487
CUST06042,บริษัท หจก.บุนยะตีรณะ จำกัด,พันเกล้า บุญญาไลย์,เจ้าพระยาสุรศักดิ์,+66 4903 0317
CUST06043,บริษัท ห้างหุ้นส่วนสามัญ ดาบเพ็ชร์ขนส่ง จำกัด,เกษมชัย ชุมวระ,นครศรีธรรมราช,0 889 555 653
CUST06044,บริษัท บริษัท เตชะกำพุ จำกัด จำกัด,เยาวรัตน์ เลิศกิ่ง,ระยอง,+663 179 1473
CUST06045,บริษัท บริษัท นิยมธรรม จำกัด จำกัด,วิสาร ตันยา,แหลมฉบัง,075853125
CUST06046,บริษัท ห้างหุ้นส่วนจำกัด นาคะนคร จำกัด,มารุด ถนอมพลกรัง,กรุงเทพมหานคร,0607046690
CUST06047,บริษัท บริษัท ศิวะวรเวท จำกัด จำกัด,นิภา ถนอมพลกรัง,นครปฐม,074570375
CUST06048,บริษัท หจก.ธนประทีป จำกัด,สัญชาน เพียยา,นครปฐม,+66 697 842 617
CUST06049,บริษัท บริษัท เจริญรัมย์ จำกัด จำกัด,นรีรัตน์ แน่นดุจป้อม,กรุงเทพมหานคร,+662 713 4916
CUST06050,บริษัท เลิศกิ่งก่อสร้าง จำกัด,กิติชัย บุญบำรุง,สมุทรสาคร,04 110 5152
CUST06051,บริษัท ห้างหุ้นส่วนจำกัด ถะเกิงชศ จำกัด,รภัสพงษ์ นามขำ,อุดรธานี,+66 3415 7073
CUST06052,บริษัท บริษัท เยาวธนโชคพานิช จำกัด จำกัด,ชรินทร์ทิพย์ ชุมวระ,ขอนแก่น,07 019 2335
CUST06053,บริษัท มูลนิธิเจริญรัมย์ จำกัด,นัสรุน บุญญาภิรมย์,นครราชสีมา,+66 811 527 865
CUST06054,บริษัท ห้างหุ้นส่วนจำกัด นาฏคายี จำกัด,อริสรา มนทอง,อุดรธานี,090 485 7011
CUST06055,บริษัท ห้างหุ้นส่วนจำกัด นวลเพ็งซัพพลาย จำกัด,พัชรีนิษฐ์ น้ำทิพย์,นครราชสีมา,056-552434
CUST06056,บริษัท ศรีตะวันจิวเวลรี่ จำกัด,ภานุพล ขอหมั่นกลาง,ระยอง,+66 (0) 619 622 831
CUST06057,บริษัท หจก.บุญญาภิรมย์ จำกัด,ลักษมี เนื้อนุ่ม,แหลมฉบัง,0-4259-2219
CUST06058,บริษัท ห้างหุ้นส่วนจำกัด ไสยกิจ จำกัด,กิติกานต์ ทหารแท้,เกาะสมุย,+667 527 1482
CUST06059,บริษัท บริษัท ทุมะบุตร์ จำกัด จำกัด,อรจิรา ถาวรรัตน,หาดใหญ่,0 800 461 501
CUST06060,บริษัท หจก.ตระกูลไม้เรียง จำกัด,ปัณณวัชร ถนัดกลึง,ตรัง,+66 2324 8696
CUST06061,บริษัท สหภาพแรงงานทองอยู่ จำกัด,ไพสิฐ ถาวระวรณ์,สมุทรปราการ,05 934 3621
CUST06062,บริษัท บมจ.นุ่มกันการช่าง จำกัด,จักรชัย นิษประปัญจ์,สมุทรปราการ,086-880-2916
CUST06063,บริษัท บริษัท ถมังรักษสัตว์ จำกัด จำกัด,พลภูมิ นิลวรรณ,อุบลราชธานี,+66 (0) 3692 8694
CUST06064,บริษัท บมจ.นครเทพ จำกัด,กุลปรียา ดาวอร่าม,ยะลา,+66 (0) 4152 2545
CUST06065,บริษัท ห้างหุ้นส่วนจำกัด ตวันเยี่ยมกลการ จำกัด,อุลัยพร จันทา,เจ้าพระยาสุรศักดิ์,043-171106
CUST06066,บริษัท สมาคมเขียวอ่อน จำกัด,ประเสริฐ นิลเสนา,นครศรีธรรมราช,+66 (0) 3107 1780
CUST06067,บริษัท บริษัท นิละทัตกรุ๊ป จำกัด จำกัด,วรรณรัตน์ นามขำ,ขอนแก่น,0-7602-8729
CUST06068,บริษัท ธรรมสถิตไพศาลเซอร์วิส จำกัด,เกษมชัย บินดี,ลำปาง,04 243 9022
CUST06069,บริษัท ห้างหุ้นส่วนจำกัด ทองสุกเลิศซัพพลาย จำกัด,พิศพรรณ ทองประดิฐ,ตรัง,089-757-7220
CUST06070,บริษัท หจก.บัวเผื่อน จำกัด,ขอดิเยาะ ถาวระวรณ์,สกลนคร,+66 (0) 2888 9438
CUST06071,บริษัท บจก.นาถะเดชะ จำกัด,ยุลิน ถาวระวรณ์,อุดรธานี,+66 (0) 4851 5623
CUST06072,บริษัท บริษัท ตั้งเผ่ากรุ๊ป จำกัด จำกัด,อาซือมะ ตระกูลบุญ,ขอนแก่น,07 917 2243
CUST06073,บริษัท ห้างหุ้นส่วนจำกัด เลขะพันธุ์เอ็นจิเนียริ่ง จำกัด,วันชนก บุนยาภิสนท์,ระยอง,+66 (0) 2058 5592
CUST06074,บริษัท บจก.หิรัญสาลีบริการ จำกัด,ปวีณ ฉัพพรรณธนกูร,นครสวรรค์,+66 875 180 307
CUST06075,บริษัท ถนอมพลกรุ๊ป จำกัด,ธนวันต์ ราชมณี,สกลนคร,045762715
CUST06076,บริษัท บริษัท ทวีเดช จำกัด จำกัด,ทิพรดา ธรรมฤดี,เจ้าพระยาสุรศักดิ์,090 474 5535
CUST06077,บริษัท นะวะมันดร-ถะเกิงชศ จำกัด,สมหมาย บุนยะศัพท์,นครราชสีมา,074-673558
CUST06078,บริษัท ชมรมทัศนสุทธิ จำกัด,เฉลิมรัตน์ ธนูปกรณ์,พัทยา,0 816 729 338
CUST06079,บริษัท บริษัท ไทไชโยการช่าง จำกัด จำกัด,ประไพพักตร์ ดาวกระจาย,สกลนคร,+66 (0) 3407 4615
CUST06080,บริษัท หจก.นิติสาขา จำกัด,ภานุพล ดิสกะประกาย,ปากเกร็ด,043 144987
CUST06081,บริษัท ห้างหุ้นส่วนจำกัด ฉิมพาลี จำกัด,นันทิกานต์ ธนประทีป,สมุทรปราการ,0 810 661 813
CUST06082,บริษัท ธรรมสถิตไพศาลและอัตตนาถ จำกัด,ทานตะวัน ฉิมพาลี,พัทยา,+66 958 340 476
CUST06083,บริษัท บริษัท ถนัดรักษา จำกัด จำกัด,ชิดชนก ธีวร,ภูเก็ต,053-851685
CUST06084,บริษัท บมจ.ตวันเยี่ยมอุตสาหกรรม จำกัด,พัชรีนิษฐ์ ไตรบรรพ,ภูเก็ต,+66 2799 6171
CUST06085,บริษัท บริษัท สงประเสริฐ จำกัด จำกัด,เกียรติก้อง ถมังรักษสัตว์,แม่สอด,020 216113
CUST06086,บริษัท ธนาคารเจริญรัมย์ จำกัด จำกัด,พุทธ นามเสวตร,แหลมฉบัง,0 5814 9524
CUST06087,บริษัท ธรรมเมธาวิศวกรรม จำกัด,ปัตถพงษ์ นิละทัต,สกลนคร,059589339
CUST06088,บริษัท ถนัดอาวุธการช่าง จำกัด,ยุภา ถุงเงิน,แม่สอด,0698651166
CUST06089,บริษัท ห้างหุ้นส่วนสามัญ วิลาสินีแพคกิ้ง จำกัด,พิมพกานต์ บุญญาภิรมย์,เจ้าพระยาสุรศักดิ์,+66 814 911 049
CUST06090,บริษัท บริษัท ดิศดใน จำกัด จำกัด,ฐิติณัฐฐา อุลหัสสา,สกลนคร,045 933448
CUST06091,บริษัท หจก.พานเกล้า จำกัด,บุญญกัลป์ ธูปหอม,หาดใหญ่,+66 (0) 2214 7244
CUST06092,บริษัท บมจ.ตรีครุธพันธุ์การค้า จำกัด,อิสรันดร์ ตวงทอง,นครราชสีมา,040102777
CUST06093,บริษัท บริษัท นุชแนวนุ่มการค้า จำกัด จำกัด,สมหมาย ภูภักดี,สมุทรปราการ,05 216 9535
CUST06094,บริษัท บริษัท ตะละภัฏ จำกัด จำกัด,ศศิรินทร์ บุนยาภิสนท์,ลำปาง,053986880
CUST06095,บริษัท ดิศดในภาพยนตร์ จำกัด,อรพิณ แต้กุล,อ้อมน้อย,+665 232 3163
CUST06096,บริษัท บริษัท บุตราช จำกัด จำกัด,สุพัตรา มนทอง,อ้อมน้อย,0 4187 4928
CUST06097,บริษัท บจก.เตมิยะเดช จำกัด,จุฑาภรณ์ บุญศล,นนทบุรี,+66 5774 1800
CUST06098,บริษัท บริษัท ธัญเสถียร จำกัด จำกัด,จิณภัทตา วิลาสินี,สุราษฎร์ธานี,032 468462
CUST06099,บริษัท ถนัดรักษาแอนด์ซันส์ จำกัด,ภาสินี ธรรมเมธา,หาดใหญ่,055 608962
CUST06100,บริษัท ห้างหุ้นส่วนจำกัด นิลวรรณและบุตร จำกัด,พัสวี ซูสารอ,ปากเกร็ด,026-231603
CUST06101,บริษัท ห้างหุ้นส่วนจำกัด บุณยะภาชน์ จำกัด,ณัฐวรินทร เยาวธนโชค,สุราษฎร์ธานี,+66 2173 1916
CUST06102,บริษัท สหภาพแรงงานนานายน จำกัด,สันติราษฎร์ นิยมธรรม,หาดใหญ่,034-853143
CUST06103,บริษัท บริษัท ทองอยู่ จำกัด (มหาชน) จำกัด,พิมพ์สุตา ศิวะวรเวท,นครศรีธรรมราช,+66 655 375 528
CUST06104,บริษัท ห้างหุ้นส่วนจำกัด แหยมศิริเอนเตอรไพรส์ จำกัด,นิรันดร์ ศรีอุ่น,เกาะสมุย,075-224848
CUST06105,บริษัท ห้างหุ้นส่วนจำกัด ดาตูบริการ จำกัด,สมนึก หอมสิน,เชียงราย,04 801 9240
CUST06106,บริษัท บริษัท พงศ์ฉบับนภา จำกัด จำกัด,ธมน ปรีชากุลเศรษฐ์,รังสิต,052-613971
CUST06107,บริษัท ห้างหุ้นส่วนสามัญ ยาปะโลหิตเฟอนิชชิ่ง จำกัด,ภานิณี ถนัดรบ,อ้อมน้อย,04 924 0625
CUST06108,บริษัท หจก.ดำริห์ชอบ จำกัด,พาดีล๊ะ ธัญเสถียร,ภูเก็ต,0 5008 7017
CUST06109,บริษัท บจก.ไชยภา จำกัด,มณียา บุนยาภิสนท์,ระยอง,0 2028 9436
CUST06110,บริษัท ห้างหุ้นส่วนจำกัด ถุงเงินเฟอร์นิเจอร์ จำกัด,โรสชา นิยมสำหรวจ,พิษณุโลก,+66 683 569 779
CUST06111,บริษัท บมจ.นิระหานี จำกัด,โสภณ ถนัดการเขียน,สมุทรปราการ,0 4583 6090
CUST06112,บริษัท ชมรมศรีอุ่น จำกัด,สุทกร นิระหานี,กรุงเทพมหานคร,0-5825-7984
CUST06113,บริษัท หจก.บุญญาภิรมย์พานิช จำกัด,ศภัคชคง ศรีอุ่น,ภูเก็ต,+66 3911 5807
CUST06114,บริษัท บริษัท ไทยแท้โอสถ จำกัด จำกัด,นารดา ธนประทีป,ตรัง,0900381067
CUST06115,บริษัท บริษัท ดาวกระจายคอมพิวเตอร์ จำกัด จำกัด,ขอดิเยาะ พรสีมา,พิษณุโลก,+66 (0) 801 040 689
CUST06116,บริษัท บริษัท นุตตาร จำกัด จำกัด,ภัคชัญญา นำธวัช,อ้อมน้อย,+665 707 2058
CUST06117,บริษัท แนวพนิชสโตร์ จำกัด,ธัญญามาศ ตวันเยี่ยม,ลำปาง,+66 (0) 3531 8365
CUST06118,บริษัท บริษัท แก้วชลครามแลบ จำกัด จำกัด,มะสูเกียน นิลเสนา,ภูเก็ต,095 475 7689
CUST06119,บริษัท ห้างหุ้นส่วนจำกัด สุวรรณหงษ์ จำกัด,โสภณ วิลาสินี,นครสวรรค์,021 348720
CUST06120,บริษัท บริษัท บุนยะศัพท์การค้า จำกัด จำกัด,คมคาย นฤภัย,สมุทรปราการ,+662 075 0068
CUST06121,บริษัท บริษัท นวลเพ็งยานยนต์ จำกัด จำกัด,กุลดิลก ถาวระวรณ์,สมุทรสาคร,0-4622-4316
CUST06122,บริษัท บริษัท พานเกล้า จำกัด จำกัด,เกษรา นิยมเซียม,รังสิต,0-5024-9138
CUST06123,บริษัท บริษัท ตัณฑนุช จำกัด จำกัด,กันตวรรณ ด้วงโสน,นครศรีธรรมราช,+66 698 217 574
CUST06124,บริษัท หจก.หอมสินการช่าง จำกัด,ราชันทร์ เพียยา,สงขลา,044675141
CUST06125,บริษัท สมาคมถาวระวรณ์ จำกัด,ฮาฟิต ฉิมพาลี,อุดรธานี,0 3127 8159
CUST06126,บริษัท บริษัท ทองสุกเลิศอินเตอร์เนชั่นแนล จำกัด จำกัด,ปฐวีกานต์ ไทไชโย,ขอนแก่น,07 489 4623
CUST06127,บริษัท ทรัพย์ธำรงค์คอมพิวเตอร์ จำกัด,ธเนษฐ อุ่นอก,เกาะสมุย,0887056115
CUST06128,บริษัท หจก.ทรัพย์ธำรงค์ จำกัด,ธนกิตต์ นานายน,นครสวรรค์,022 498204
CUST06129,บริษัท บริษัท ซาซุมคอมมิวนิเคชั่น จำกัด (มหาชน) จำกัด,ใกล้รุ่ง สังข์กรด,นครราชสีมา,0-3322-3807
CUST06130,บริษัท บริษัท ตันยาโอสถ จำกัด จำกัด,เรืองเกียรติ เช้าวันดี,นนทบุรี,0622249695
CUST06131,บริษัท บริษัท บุนยาภิสนท์โอสถ จำกัด จำกัด,เอกวิทย์ วะคีมัน,ภูเก็ต,0 5163 0794
CUST06132,บริษัท สหภาพแรงงานชำนาญวาด จำกัด,กฤตเมธ นิระหานี,เจ้าพระยาสุรศักดิ์,0-4777-0501
CUST06133,บริษัท ไทยสุชาต-ถนอมพลกรัง จำกัด,อาแอเสาะ พงศ์ฉบับนภา,รังสิต,+66 (0) 652 522 994
CUST06134,บริษัท นวลเพ็งและนพตระกูล จำกัด,พรชนก ไสยกิจ,แหลมฉบัง,0 4103 0262
CUST06135,บริษัท ทองประดิฐวิศวกรรม จำกัด,นวรรษนันท์ สุวรรณหงษ์,นครสวรรค์,0 5350 2546
CUST06136,บริษัท ศรทองเซอร์วิส จำกัด,ธราวิทญ์ เยาวธนโชค,อ้อมน้อย,+66 622 027 913
CUST06137,บริษัท ถนอมพลกรังและเพื่อน จำกัด,ลัดดา บุญญาไลย์,นครราชสีมา,059950473
CUST06138,บริษัท ห้างหุ้นส่วนจำกัด นะวะมันดร จำกัด,มลิวรรณ แหยมศิริ,ปากเกร็ด,069-947-4527
CUST06139,บริษัท บริษัท นามเสวตรโอสถ จำกัด จำกัด,สุชิน ทวนไชย์,รังสิต,0962856496
CUST06140,บริษัท หจก.พีระเพ็ญกุลเอ็นจิเนียริ่ง จำกัด,อาแอเสาะ ทับทิมไทย,ปากเกร็ด,+665 886 7191
CUST06141,บริษัท บริษัท บุนยะศัพท์ จำกัด จำกัด,บุญทิวา สันตะวงศ์,นครศรีธรรมราช,+66 (0) 3063 2161
CUST06142,บริษัท หจก.เนื้อนุ่ม จำกัด,รักชนก ธุวะนุติ์,ระยอง,0625416730
CUST06143,บริษัท ห้างหุ้นส่วนสามัญ ไม้แดง จำกัด,อนุบาล ทับทิมไทย,นครปฐม,0 7263 9916
CUST06144,บริษัท บริษัท แก้วชลคราม จำกัด จำกัด,ณิชเชฏฐ์ ถนิมมาศ,นครราชสีมา,028261932
CUST06145,บริษัท ห้างหุ้นส่วนจำกัด ตระกูลบุญ จำกัด,สุภาลินี คณานุรักษ์,สมุทรปราการ,035 970906
CUST06146,บริษัท ห้างหุ้นส่วนจำกัด นวลฉวี จำกัด,ปฐม ถุงเงิน,อ้อมน้อย,+662 289 3881
CUST06147,บริษัท บริษัท จันอ้นแพคกิ้ง จำกัด จำกัด,สุธินันท์ ทองลาภ,หาดใหญ่,044362910
CUST06148,บริษัท หจก.ศรทองคอมพิวเตอร์ จำกัด,สุมัชญา งามพิเชษฐ์,นครปฐม,0 610 283 149
CUST06149,บริษัท ห้างหุ้นส่วนจำกัด จันทา จำกัด,ใกล้รุ่ง นาถะเดชะ,พิษณุโลก,+66 4646 4161
CUST06150,บริษัท ห้างหุ้นส่วนสามัญ นาฏคายี จำกัด,นิมุ ตรีเภรินทร์,ภูเก็ต,0 819 900 210
CUST06151,บริษัท หจก.ถมปัด จำกัด,อัญชิษฐา ดาตู,หาดใหญ่,+66 (0) 5269 1045
CUST06152,บริษัท บริษัท ซาซุมคอมมิวนิเคชั่น จำกัด จำกัด,อภิลักษณ์ อัตตนาถ,นครราชสีมา,0-3798-4110
CUST06153,บริษัท บริษัท ศิวะวรเวทคอมพิวเตอร์ จำกัด จำกัด,เบญญาทิพย์ ทีฆะ,นครศรีธรรมราช,+66 (0) 4558 9664
CUST06154,บริษัท คณานุรักษ์ซัพพลาย จำกัด,หรรษา เนื่องนนท์,นครราชสีมา,0949757717
CUST06155,บริษัท บริษัท ตราชูวิศวกรรม จำกัด (มหาชน) จำกัด,ซูรัยดา ปานสุวรรณ,สมุทรปราการ,05 653 9093
CUST06156,บริษัท ห้างหุ้นส่วนจำกัด นาฏคายีภาพยนตร์ จำกัด,อภิลักษณ์ ถาวรายุศม์,ตรัง,039-144744
CUST06157,บริษัท หจก.ขันธุลาซัพพลาย จำกัด,คมกริบ ตระกูลบุญ,อุดรธานี,+66 (0) 681 839 606
CUST06158,บริษัท ห้างหุ้นส่วนจำกัด เจริญรัมย์แพคกิ้ง จำกัด,ทองสิริ เธียรายัน,ภูเก็ต,0 2971 5116
CUST06159,บริษัท บจก.ตระกูลไม้เรียง จำกัด,ศิรินันท์ ถมปัด,พิษณุโลก,045 073428
CUST06160,บริษัท เนตร์มณี-สันตะวงศ์ จำกัด,ประวี พรรษาสกุล,ลำปาง,035 849037
CUST06161,บริษัท บริษัท ชุมวระ จำกัด จำกัด,พิมพ์สุดา แน่นดุจป้อม,นนทบุรี,+66 4855 4528
CUST06162,บริษัท ดาบเพ็ชร์-ตันตราจิณ จำกัด,ฉัตรปรียา ศรีธนะเวทย์,แหลมฉบัง,086-249-6222
CUST06163,บริษัท บริษัท ศาสตร์ศิลป์ จำกัด จำกัด,ธนนนท์ ถนัดพิมพการ,ลำปาง,081 476 0872
CUST06164,บริษัท ห้างหุ้นส่วนจำกัด ถนัดอาวุธ จำกัด,ภัคชนน ไม้แดง,สมุทรสาคร,070-633204
CUST06165,บริษัท หจก.นากกนกเอ็นจิเนียริ่ง จำกัด,ปฐม ไทยแท้,ภูเก็ต,027 203215
CUST06166,บริษัท บริษัท นักสำหรวจการช่าง จำกัด จำกัด,จณิสตา ธรรมฤดี,สกลนคร,088-576-9610
CUST06167,บริษัท ห้างหุ้นส่วนสามัญ ถนัดภาษา จำกัด,สุรวัช ธรรมทินนา,นครสวรรค์,07 801 4999
CUST06168,บริษัท นิลวรรณยานยนต์ จำกัด,อัญธิกา ถ้วนศรี,สมุทรสาคร,07 354 2193
CUST06169,บริษัท ถนัดการยนต์-นาคพันธุ์ จำกัด,อาฮามัด นิลวรรณ,ขอนแก่น,044119980
CUST06170,บริษัท บริษัท บุญญาไลย์ จำกัด จำกัด,พัชรพร แท่นทอง,ภูเก็ต,+66 (0) 2112 8006
CUST06171,บริษัท ยางสวยและตราชู จำกัด,สมนึก ชำนาญวาด,พัทยา,0 981 195 798
CUST06172,บริษัท บจก.อุลหัสสา จำกัด,จณิตตา ดัตพันธุ์,สมุทรปราการ,+665 395 3471
CUST06173,บริษัท พรสีมาเอ็นจิเนียริ่ง จำกัด,ดวงสมร จันอ้น,ขอนแก่น,031-805505
CUST06174,บริษัท ทรัพย์สาร-นามเสวตร จำกัด,ภัทรนาฎ ธูปะวิโรจน์,นครปฐม,077 557920
CUST06175,บริษัท ดาบเพ็ชร์และถนัดอาวุธ จำกัด,เขียว นพคเชนทร์,เจ้าพระยาสุรศักดิ์,0 631 528 988
CUST06176,บริษัท บริษัท มนทอง จำกัด จำกัด,ศรินยา บุนยาภิสนท์,สงขลา,0 3940 4165
CUST06177,บริษัท บริษัท นาควงษ์แพคกิ้ง จำกัด จำกัด,ภูวฤณ บุญศล,ตรัง,081-517-3432
CUST06178,บริษัท สมาคมด้วงโสน จำกัด,ภควัฒน์ บุนยาภิสนท์,นครราชสีมา,058 319227
CUST06179,บริษัท บริษัท สงประเสริฐ จำกัด (มหาชน) จำกัด,วนาลี ถนัดการยนต์,ขอนแก่น,045 370213
CUST06180,บริษัท บริษัท ถาวรายุศม์สโตร์ จำกัด จำกัด,ศศิรินทร์ ทองสินธุ์,ปากเกร็ด,+66 2123 8920
CUST06181,บริษัท บริษัท ปานสุวรรณ จำกัด จำกัด,ดิลก ทองสีไพล,เชียงใหม่,021-262692
CUST06182,บริษัท หจก.ธรรมสถิตไพศาลซัพพลาย จำกัด,ทานตะวัน ขุนดำ,สกลนคร,047-011123
CUST06183,บริษัท บริษัท ธรรมนิยมวิศวการ จำกัด จำกัด,สุรวัช ถนอมพลกรัง,ระยอง,+66 (0) 5837 9829
CUST06184,บริษัท ถมังรักษสัตว์และบุญส่ง จำกัด,ศศินา วุฑฒยากร,เกาะสมุย,077 205100
CUST06185,บริษัท บริษัท ด้วงโสนอะไหล่ยนต์ จำกัด จำกัด,ภูวิช ตั้งเผ่า,พระนครศรีอยุธยา,024-631948
CUST06186,บริษัท บมจ.สังข์กรดอินเตอร์เนชั่นแนล จำกัด,พิมพ์สุตา ไม้แดง,เกาะสมุย,+66 3881 8475
CUST06187,บริษัท เขียวขุ้ยเฟอร์นิเจอร์ จำกัด,ยนงคราญ ซาซุม,อุบลราชธานี,036 041451
CUST06188,บริษัท หนักแน่น-นพคเชนทร์ จำกัด,นิรุตต์ พรสีมา,นนทบุรี,+66 (0) 611 379 288
CUST06189,บริษัท ห้างหุ้นส่วนจำกัด ถาวรายุศม์ จำกัด,วิชชากร นิลวรรณ,ลำปาง,0987409231
CUST06190,บริษัท ธนาคารนครเทพอิมปอร์ตเอ็กซปอร์ต จำกัด จำกัด,สรรเพชญ์ บุนยะศัพท์,เจ้าพระยาสุรศักดิ์,0 5151 5518
CUST06191,บริษัท นาถะเดชะและขันธุลา จำกัด,ประสิทธิ์ ถนัดพิมพการ,เกาะสมุย,+66 (0) 821 596 158
CUST06192,บริษัท ห้างหุ้นส่วนจำกัด นะวะมันดรบริการ จำกัด,เทพณรงค์ พงศ์ฉบับนภา,พัทยา,03 798 6432
CUST06193,บริษัท บจก.แจ้งสว่าง จำกัด,จักรกฤนาย ประจันตะเสน,ภูเก็ต,062 007 7120
CUST06194,บริษัท บริษัท หอมสินการบัญชี จำกัด จำกัด,อำไพ ธัญาโภชน์,ภูเก็ต,0 5766 5594
CUST06195,บริษัท สมาคมตรีครุธพันธุ์ จำกัด,วรรณาต นาฏคายี,ตรัง,0 811 291 789
CUST06196,บริษัท หจก.ถะเกิงชศ จำกัด,อัษฏา นวลเพ็ง,เจ้าพระยาสุรศักดิ์,0 815 265 779
CUST06197,บริษัท บริษัท ถะเกิงชศภาพยนตร์ จำกัด จำกัด,จณิสตา ขอหมั่นกลาง,ภูเก็ต,07 001 7078
CUST06198,บริษัท บริษัท บุนยะศัพท์ จำกัด จำกัด,ศศิยา ถนัดการเขียน,พระนครศรีอยุธยา,090 759 9116
CUST06199,บริษัท บริษัท สาระพันธ์ จำกัด จำกัด,โสภณ ไทยแท้,เกาะสมุย,0-4119-6925
CUST06200,บริษัท ศรีธนะเวทย์แอนด์ซันส์ จำกัด,รภัสพงษ์ ฉัพพรรณธนกูร,ระยอง,056 602415
CUST06201,บริษัท ห้างหุ้นส่วนจำกัด ศรีวงค์ซัพพลาย จำกัด,จิราภรณ์ ไทยแท้,พระนครศรีอยุธยา,0 5893 9982
CUST06202,บริษัท หจก.นวลเพ็งอะไหล่ยนต์ จำกัด,พรชนก แก้วชลคราม,ปากเกร็ด,+664 168 8251
CUST06203,บริษัท บริษัท ธรรมเมธาคอมพิวเตอร์ จำกัด จำกัด,อาภัศรา พีระเพ็ญกุล,รังสิต,023 446255
CUST06204,บริษัท บริษัท ชุมวระ จำกัด (มหาชน) จำกัด,วาสุเทพ ไทนิยม,เจ้าพระยาสุรศักดิ์,0 607 142 974
CUST06205,บริษัท บริษัท ถนอมพลกรังกลการ จำกัด จำกัด,มนัญชยา ธัญเสถียร,รังสิต,069-427-8968
CUST06206,บริษัท บริษัท ถนอมพล จำกัด,ณัฐพิชา ดวงทับทิม,รังสิต,+66 (0) 868 847 097
CUST06207,บริษัท มูลนิธิสุวรรณหงษ์ จำกัด,จิราภรณ์ ไทยแท้,แม่สอด,066 934 9845
CUST06208,บริษัท หจก.ธีวร จำกัด,สุภัทริดา นาคสุทิน,นนทบุรี,0-3333-9336
CUST06209,บริษัท บริษัท แนวพญา จำกัด จำกัด,วัลลภ ทันยุค,ลำปาง,+66 4970 1036
CUST06210,บริษัท ห้างหุ้นส่วนจำกัด ยางสวย จำกัด,รมิตา ธาราธร,สุราษฎร์ธานี,0808042602
CUST06211,บริษัท บริษัท นิติสาขาแลบ จำกัด (มหาชน) จำกัด,เจตพินิษฐ์ นวลฉวี,พระนครศรีอยุธยา,+66 963 218 599
CUST06212,บริษัท มูลนิธิคณานุรักษ์ จำกัด,นราวรรณ ถ้วนศรี,เชียงราย,044 838457
CUST06213,บริษัท นาคะนครวิศวการ จำกัด,ฮานาฟี ดุริยพันธุ์,นครศรีธรรมราช,0 4406 6409
CUST06214,บริษัท สหภาพแรงงานดวงทับทิม จำกัด,รมิตา ธนรักษ์,กรุงเทพมหานคร,0604641175
CUST06215,บริษัท ห้างหุ้นส่วนจำกัด งามพิเชษฐ์ จำกัด,ประยุทธ์ ทวนทอง,หาดใหญ่,+66 4017 1242
CUST06216,บริษัท บริษัท นะวะมันดร จำกัด จำกัด,อาภัศรา ทองอยู่,เชียงราย,048 424944
CUST06217,บริษัท ห้างหุ้นส่วนจำกัด โพธิสัตย์ จำกัด,จักรพันธ์ ฉายแสง,เชียงราย,02 381 6627
CUST06218,บริษัท ห้างหุ้นส่วนจำกัด เขียวขุ้ยแลบ จำกัด,พีรภัทร์ เมืองสุข,ภูเก็ต,054-798312
CUST06219,บริษัท ทวนทองแพคกิ้ง จำกัด,เอกอธิพงษ์ ธัญเสถียร,ขอนแก่น,+66 (0) 863 639 882
CUST06220,บริษัท ตัณสถิตย์-นับเนื่องนอ จำกัด,ชัชนันท์ ยาปะโลหิต,ปากเกร็ด,0 2796 2001
CUST06221,บริษัท เตชะกำพุเซอร์วิส จำกัด,โสภณิตา นิระหานี,เชียงใหม่,048 684178
CUST06222,บริษัท บริษัท ตั้งรบ จำกัด จำกัด,วิพุธ นิยมธรรม,เชียงราย,+66 (0) 5190 4222
CUST06223,บริษัท ตระกูลไม้เรียงพานิช จำกัด,บุญนพ สุวรรณหงษ์,เกาะสมุย,+66 979 804 475
CUST06224,บริษัท สมาคมเวียงจันทึก จำกัด,อาแอเสาะ สุวรรณหงษ์,ภูเก็ต,039-202025
CUST06225,บริษัท ห้างหุ้นส่วนจำกัด ถนัดเดินข่าว จำกัด,นนทกาญจน์ ถนอมกุลบุตร,สงขลา,057 308457
CUST06226,บริษัท หจก.บุตราช จำกัด,กุลดิลก ยะผา,แหลมฉบัง,+667 406 8216
CUST06227,บริษัท ห้างหุ้นส่วนจำกัด ทรัพย์ธำรงค์ จำกัด,สุภาพร นาคสุทิน,อุดรธานี,+66 4882 7789
CUST06228,บริษัท ห้างหุ้นส่วนจำกัด ธรรมฤดีพานิช จำกัด,สุรวัช นิติสาขา,ขอนแก่น,0 7239 3565
CUST06229,บริษัท ห้างหุ้นส่วนสามัญ ถนัดกลึงแอนด์ซันส์ จำกัด,นุจรี บุนยะตีรณะ,ปากเกร็ด,+66 3468 3854
CUST06230,บริษัท ห้างหุ้นส่วนสามัญ วุฑฒยากร จำกัด,เถลิงยศ แน่นดุจป้อม,อ้อมน้อย,081-345-1343
CUST06231,บริษัท บริษัท แก้วอยู่อะไหล่ยนต์ จำกัด จำกัด,อรพิณ ถิรสวัสดิ์,พัทยา,079-635225
CUST06232,บริษัท บริษัท ทรัพย์ธำรงค์ จำกัด จำกัด,พิมพ์สุตา บุนยะตีรณะ,สมุทรปราการ,085-892-8655
CUST06233,บริษัท บริษัท เนื้อนุ่มสโตร์ จำกัด จำกัด,ฐิติยาพร นิลสุวรรณ์,นนทบุรี,05 206 0259
CUST06234,บริษัท บริษัท แก้วชลคราม จำกัด จำกัด,พิมพ์ประภา ตะละภัฏ,อุดรธานี,036-904536
CUST06235,บริษัท ธนาคารตั้งกุลงามกรุ๊ป จำกัด จำกัด,เลิศเดช เตชะกำพุ,ลำปาง,0 2380 8367
CUST06236,บริษัท ห้างหุ้นส่วนจำกัด นกทองเฟอร์นิเจอร์ จำกัด,ปัณณธร ถะเกิงชศ,นครศรีธรรมราช,03 822 5705
CUST06237,บริษัท บริษัท ดำริห์ชอบ จำกัด จำกัด,หฤทัย หนุนสุข,เชียงใหม่,053988622
CUST06238,บริษัท บุญบำรุงยานยนต์ จำกัด,โชติวุฒิ ธีวร,ยะลา,+662 065 8031
CUST06239,บริษัท ห้างหุ้นส่วนสามัญ นพตระกูลบริการ จำกัด,ฐิติณัฐฐา จันทา,อุดรธานี,064-134-9015
CUST06240,บริษัท บริษัท ถนอมพลกรังวิศวการ จำกัด จำกัด,รมิตา ทับทิมไทย,อ้อมน้อย,0880177001
CUST06241,บริษัท บริษัท บุญส่ง จำกัด จำกัด,เขมจิรา นักสำหรวจ,ปากเกร็ด,083 855 2108
CUST06242,บริษัท ห้างหุ้นส่วนจำกัด ทองประดิฐ จำกัด,พีระพงศ์พันธ์ แนวพญา,เจ้าพระยาสุรศักดิ์,+665 261 6345
CUST06243,บริษัท ชุมวระมอเตอร์ จำกัด,ศรลักษณ์ ถนัดการยนต์,พิษณุโลก,+66 (0) 913 046 886
CUST06244,บริษัท ห้างหุ้นส่วนจำกัด ทรัพย์สาร จำกัด,อุลัยพร นิยมสำหรวจ,อ้อมน้อย,03 065 5422
CUST06245,บริษัท ไทยสุชาตและนิลสุวรรณ์ จำกัด,วรรณาต เจริญรัมย์,ลำปาง,+66 (0) 824 164 051
CUST06246,บริษัท บริษัท เลขะพันธุ์พานิช จำกัด จำกัด,ซูฮัยดา ซาซุม,เกาะสมุย,055755711
CUST06247,บริษัท ศรีสัตย์การช่าง จำกัด,จักรกฤนาย นาถะเดชะ,ยะลา,+663 563 5163
CUST06248,บริษัท ห้างหุ้นส่วนจำกัด ดาวกระจายกรุ๊ป จำกัด,ไมล์ สังข์กรด,เกาะสมุย,+66 5283 0414
CUST06249,บริษัท บริษัท ถมังรักษสัตว์อะไหล่ยนต์ จำกัด จำกัด,สุมัชญา แถมธน,นครราชสีมา,046 856963
CUST06250,บริษัท ห้างหุ้นส่วนจำกัด ตั้งกุลงามและเพื่อน จำกัด,สายสุรีย์ ดาวอร่าม,แม่สอด,+66 (0) 7295 8907
CUST06251,บริษัท ศรีตะวันเอนเตอรไพรส์ จำกัด,ศิรินันท์ ดุษฎีวนิช,อุดรธานี,07 051 0285
CUST06252,บริษัท บริษัท ถนัดภาษาแพคกิ้ง จำกัด จำกัด,แปลง โพธิสัตย์,อุดรธานี,+667 656 5443
CUST06253,บริษัท นิติสาขาวิศวการ จำกัด,เขียว ถนัดรักษา,เกาะสมุย,0 7019 7227
CUST06254,บริษัท บจก.ปานสุวรรณ จำกัด,ดารุนี ไทไชโย,สงขลา,0-7575-2565
CUST06255,บริษัท บมจ.ศรีสัตย์การบัญชี จำกัด,บุญเอก คณานุรักษ์,นครปฐม,+66 (0) 693 295 794
CUST06256,บริษัท อุ่นอกสโตร์ จำกัด,เฉลิมรัตน์ ธนประทีป,แหลมฉบัง,0 894 221 683
CUST06257,บริษัท ห้างหุ้นส่วนจำกัด เลขะพันธุ์เคมิคอล จำกัด,สโรชา ขันธุลา,ภูเก็ต,0 674 844 530
CUST06258,บริษัท บริษัท ตวันเยี่ยม จำกัด (มหาชน) จำกัด,ณภัทร ถนัดพิมพการ,เจ้าพระยาสุรศักดิ์,033423924
CUST06259,บริษัท ชมรมนิลวิมล จำกัด,จิตตานันท์ ธนูปกรณ์,สมุทรสาคร,+66 5820 5288
CUST06260,บริษัท บจก.ดาวอร่ามเฟอนิชชิ่ง จำกัด,กิติยาธรณ์ นรวิทย์โชติกุล,พระนครศรีอยุธยา,0-7681-6832
CUST06261,บริษัท บริษัท ประจันตะเสนการช่าง จำกัด จำกัด,นัสรุน แน่นดุจป้อม,ยะลา,+66 7123 0483
CUST06262,บริษัท บริษัท ธุวะนุติ์อิมปอร์ตเอ็กซปอร์ต จำกัด จำกัด,ชรินทร์ทิพย์ เลขะพันธุ์,นครราชสีมา,077-443584
CUST06263,บริษัท บริษัท ไม้แดง จำกัด จำกัด,อันธิกา ทองประดิฐ,สุราษฎร์ธานี,05 594 2006
CUST06264,บริษัท บมจ.คำลือ จำกัด,พิมพ์พิชญา กุมารบุญ,เชียงราย,+662 802 1353
CUST06265,บริษัท ห้างหุ้นส่วนจำกัด เลิศกิ่ง จำกัด,เมษา ทองลาภ,สุราษฎร์ธานี,085 839 5026
CUST06266,บริษัท ยาปะโลหิตการช่าง จำกัด,มูฮัมหมัดอิมรอน นาคะนคร,สกลนคร,+66 4288 4248
CUST06267,บริษัท บริษัท โพธิสัตย์ จำกัด จำกัด,ธารา ทองแท้,ขอนแก่น,+663 178 7531
CUST06268,บริษัท บริษัท นกทอง จำกัด จำกัด,ฐิติณัฐฐา ทวีเดช,สมุทรปราการ,0 684 253 178
CUST06269,บริษัท หจก.งามพิเชษฐ์ จำกัด,อัครพนธ์ ศรีสัตย์,พิษณุโลก,086-490-8124
CUST06270,บริษัท บจก.ฉัพพรรณธนกูร จำกัด,จีรยุทธ ไทนิยม,เกาะสมุย,030 868285
CUST06271,บริษัท สมาคมอัตตนาถ จำกัด,ศรินยา ถนัดภาษา,อุบลราชธานี,05 211 6321
CUST06272,บริษัท ห้างหุ้นส่วนจำกัด นาคสุทิน จำกัด,ธีรวัช บุญญาไลย์,กรุงเทพมหานคร,0-5360-4087
CUST06273,บริษัท หจก.ประจันตะเสน จำกัด,ลัดดา ดาบเพ็ชร์,สมุทรปราการ,0 4019 4747
CUST06274,บริษัท ขำเอนกและธรรมทินนา จำกัด,ธมลพรรณ ทศโยธิน,แม่สอด,035 578776
CUST06275,บริษัท บริษัท เลิศกิ่ง จำกัด จำกัด,วันฉัตร ธุวะนุติ์,นนทบุรี,026 668480
CUST06276,บริษัท หจก.นิษประปัญจ์เทรดดิ้ง จำกัด,เจตธนากร นาคพันธุ์,หาดใหญ่,+66 (0) 995 097 288
CUST06277,บริษัท บมจ.นาถะเดชะ จำกัด,วรศาสส์ ศรีวงค์,หาดใหญ่,+665 448 3652
CUST06278,บริษัท บริษัท ทศโยธินเอ็นจิเนียริ่ง จำกัด จำกัด,เอนกพงศ์ เดชคุ้ม,สงขลา,+66 678 384 721
CUST06279,บริษัท บริษัท ยางสวย จำกัด (มหาชน) จำกัด,ทับทิม นาถะพินธุ,แหลมฉบัง,0 3151 2091
CUST06280,บริษัท นากกนกและขอหมั่นกลาง จำกัด,พาสุข นครเทพ,ปากเกร็ด,+66 (0) 2611 9598
CUST06281,บริษัท ห้างหุ้นส่วนสามัญ ศรีเผด็จ จำกัด,ใจกลาง ศรทอง,สกลนคร,0-5899-9094
CUST06282,บริษัท บริษัท ทีฆะ จำกัด จำกัด,อาแอเสาะ หอมพิกุล,กรุงเทพมหานคร,078473502
CUST06283,บริษัท ห้างหุ้นส่วนจำกัด นาถะเดชะเคมิคอล จำกัด,ธัชญา ตันตราจิณ,อุดรธานี,+66 2716 4885
CUST06284,บริษัท ชมรมแนวพนิช จำกัด,ธีร์ธวันาย งามพิเชษฐ์,แม่สอด,02 858 2980
CUST06285,บริษัท บริษัท ทศโยธิน จำกัด จำกัด,เอกอธิพงษ์ เตมิยะเดช,นครราชสีมา,+66 834 492 702
CUST06286,บริษัท บริษัท นักสำหรวจมอเตอร์ จำกัด จำกัด,มูฮัมหมัดอิมรอน ทวีเดช,อุบลราชธานี,050-386774
CUST06287,บริษัท ห้างหุ้นส่วนจำกัด นวลเพ็งแพคกิ้ง จำกัด,ทองรัตน์ หอมพิกุล,ลำปาง,0 7381 4877
CUST06288,บริษัท ถุงเงินวิศวกรรม จำกัด,จด ขอหมั่นกลาง,แม่สอด,082-629-5744
CUST06289,บริษัท เตมิยะเดชแลบ จำกัด,สิรวัฒน์ ชุมวระ,ภูเก็ต,0-7583-0604
CUST06290,บริษัท สหภาพแรงงานทหารแท้ จำกัด,ธเนษฐ หอมพิกุล,พัทยา,067-331-7629
CUST06291,บริษัท บริษัท นฤทุกข์กรุ๊ป จำกัด (มหาชน) จำกัด,สิรวัฒน์ ดาวกระจาย,กรุงเทพมหานคร,+66 (0) 4903 0163
CUST06292,บริษัท ห้างหุ้นส่วนสามัญ ร่มธิติรัตน์เทรดดิ้ง จำกัด,อำไพ นาควงษ์,อุบลราชธานี,0 869 593 355
CUST06293,บริษัท ตั้งกุลงาม-ถนอมพล จำกัด,สมใจ ดิสกะประกาย,พัทยา,0 648 486 041
CUST06294,บริษัท เตชะกำพุและตั้งกุลงาม จำกัด,จิม ถมปัด,สมุทรปราการ,+66 7374 5401
CUST06295,บริษัท วาทา-แท่นทอง จำกัด,จิฬาภรณ์ ถนอมพลกรัง,อุดรธานี,076 870982
CUST06296,บริษัท บจก.เยาวธนโชค จำกัด,อุดมลักษณ์ นพคเชนทร์,แม่สอด,0690668393
CUST06297,บริษัท ห้างหุ้นส่วนจำกัด แหยมศิริเอเยนซี จำกัด,เทียมศักดิ์ นฤภัย,หาดใหญ่,075-399334
CUST06298,บริษัท บริษัท เลขะพันธุ์ จำกัด จำกัด,วันฉัตร แน่นดุจป้อม,เกาะสมุย,0612258687
CUST06299,บริษัท บริษัท ไชยภาอิมปอร์ตเอ็กซปอร์ต จำกัด จำกัด,จีราภรณ์ ถนัดอักษร,แม่สอด,068 317 9913
CUST06300,บริษัท สมาคมสาระพันธ์ จำกัด,สุพัตร วาทา,นครสวรรค์,0-2035-3485
CUST06301,บริษัท บริษัท นาคพันธุ์เทรดดิ้ง จำกัด จำกัด,เอกวิทย์ นุ่มกัน,เจ้าพระยาสุรศักดิ์,057-979225
CUST06302,บริษัท บมจ.นิระหานี จำกัด,สิทธัญ ฉัพพรรณธนกูร,ยะลา,052090356
CUST06303,บริษัท บริษัท บุตราชซัพพลาย จำกัด จำกัด,โอภาส สังข์กรด,นครราชสีมา,090 733 5947
CUST06304,บริษัท บริษัท ซาซุม จำกัด จำกัด,วิทูลย์ นุชแนวนุ่ม,อุบลราชธานี,0 830 631 427
CUST06305,บริษัท มูลนิธิเตมิยะเดช จำกัด,พันเกล้า ทับทิมไทย,อุดรธานี,02 579 4422
CUST06306,บริษัท หจก.ดัตพันธุ์ จำกัด,ศศินา ธูปะวิโรจน์,สุราษฎร์ธานี,0 5789 4801
CUST06307,บริษัท บริษัท สันตะวงศ์ จำกัด จำกัด,คณภรณ์ ติณรัตน์,นครสวรรค์,+66 (0) 828 845 046
CUST06308,บริษัท บริษัท ด้วงโสนซัพพลาย จำกัด จำกัด,ฉัตรปรียา อุลหัสสา,นครสวรรค์,024532977
CUST06309,บริษัท ศรีสัตย์และตัณฑนุช จำกัด,รอซีด๊ะ ปานสุวรรณ,แหลมฉบัง,029-373503
CUST06310,บริษัท บริษัท ยาปะโลหิตกลการ จำกัด จำกัด,นภัสรินทร์ แหยมศิริ,เชียงใหม่,03 105 2087
CUST06311,บริษัท ห้างหุ้นส่วนจำกัด เตชะกำพุ จำกัด,เอกชัย ธรรมสถิตไพศาล,ปากเกร็ด,0 680 620 212
CUST06312,บริษัท บริษัท ถุงเงินและบุตร จำกัด จำกัด,พรรณปพร นาถะพินธุ,นครศรีธรรมราช,052880598
CUST06313,บริษัท หจก.ผลบุญ จำกัด,ภานุพล ตวันเยี่ยม,เกาะสมุย,083-767-2452
CUST06314,บริษัท นพตระกูล-ทองเนื้อดี จำกัด,ทวีวัฒน์ ประจันตะเสน,แม่สอด,+66 (0) 812 026 679
CUST06315,บริษัท ห้างหุ้นส่วนจำกัด ตระกูลไม้เรียง จำกัด,อาฮามัด งามพิเชษฐ์,นครราชสีมา,060 382 6661
CUST06316,บริษัท ห้างหุ้นส่วนจำกัด ดีตพันธุ์เฟอนิชชิ่ง จำกัด,จักรกฤนาย เขียวอ่อน,ภูเก็ต,0 2323 3791
CUST06317,บริษัท บริษัท นวลฉวีเฟอนิชชิ่ง จำกัด จำกัด,พิมพ์สุตา ถนัดกลึง,เชียงราย,+667 551 3617
CUST06318,บริษัท ห้างหุ้นส่วนจำกัด ทองลาภบรรจุภัณฑ์ จำกัด,สมพิศ ไชยภา,อุบลราชธานี,05 009 6927
CUST06319,บริษัท บริษัท ถ้วนศรีและเพื่อน จำกัด (มหาชน) จำกัด,ธีรลักษณ์ ถนัดกลึง,สมุทรสาคร,+66 3374 3943
CUST06320,บริษัท บริษัท นิลสุวรรณ์ จำกัด จำกัด,เอกชัย พรมอ่อน,นครราชสีมา,0 7692 2502
CUST06321,บริษัท ธนูปกรณ์และศิวะวรเวท จำกัด,สราญจิตต์ ถนัดอาวุธ,แหลมฉบัง,+66 663 580 321
CUST06322,บริษัท บริษัท ถุงเงิน จำกัด จำกัด,พาดีล๊ะ บัวเผื่อน,ตรัง,02 883 7644
CUST06323,บริษัท ห้างหุ้นส่วนสามัญ เวียงจันทึกอินเตอร์เนชั่นแนล จำกัด,สุรนัย ทศโยธิน,เจ้าพระยาสุรศักดิ์,055-320269
CUST06324,บริษัท ห้างหุ้นส่วนจำกัด นิลสุวรรณ์ จำกัด,ซูไรดา ธัญเสถียร,สกลนคร,0 993 059 333
CUST06325,บริษัท บริษัท ดาบเงิน จำกัด จำกัด,ยนงคราญ ทรัพย์สาร,ยะลา,+663 807 0417
CUST06326,บริษัท บริษัท ตวันเยี่ยม จำกัด (มหาชน) จำกัด,เทพณรงค์ เตชะกำพุ,พระนครศรีอยุธยา,053-490329
CUST06327,บริษัท บมจ.แน่นดุจป้อม จำกัด,เนตรฤดี ถนัดเดินข่าว,ตรัง,0652436419
CUST06328,บริษัท ห้างหุ้นส่วนจำกัด ติระคมน์ จำกัด,ศิรินันท์ แหยมศิริ,ยะลา,027572714
CUST06329,บริษัท บริษัท วะคีมัน จำกัด จำกัด,มะลีวัลย์ นฤทุกข์,กรุงเทพมหานคร,072-394925
CUST06330,บริษัท ห้างหุ้นส่วนจำกัด ดาตู จำกัด,สุภัทริดา แก้วอยู่,นครปฐม,+66 (0) 5998 7726
CUST06331,บริษัท นามขำและตัณฑนุช จำกัด,ชรินทร์ทิพย์ อุ่นอก,อ้อมน้อย,0-3216-8224
CUST06332,บริษัท หจก.จันอ้น จำกัด,มนัญชยา ตวันเยี่ยม,อุดรธานี,0 845 533 942
CUST06333,บริษัท บริษัท หิรัญสาลี จำกัด จำกัด,นาทภูวพัฒน์ สุวรรณหงษ์,นนทบุรี,039237741
CUST06334,บริษัท ห้างหุ้นส่วนจำกัด บุตราช จำกัด,เอกวิทย์ นามขำ,นนทบุรี,+66 (0) 2923 9824
CUST06335,บริษัท มูลนิธิศรีเผด็จ จำกัด,สุรการณ์ ดุริยพันธุ์,ยะลา,+66 (0) 950 895 807
CUST06336,บริษัท บริษัท ฉิมพาลีมอเตอร์ จำกัด จำกัด,พรเบญญา ทัศนสุทธิ,ขอนแก่น,02 808 3861
CUST06337,บริษัท บริษัท นิลเสนา จำกัด จำกัด,รมิตา บุญบำรุง,สมุทรปราการ,+66 4274 0794
CUST06338,บริษัท หจก.เลขะพันธุ์บริการ จำกัด,วัลลภ ทำประดู่,อุบลราชธานี,02 048 5389
CUST06339,บริษัท ถนอมมนุษย์ภาพยนตร์ จำกัด,ยุลิน ธุวะนุติ์,ลำปาง,038 351595
CUST06340,บริษัท บริษัท หอมพิกุล จำกัด จำกัด,อุดมลักษณ์ หนักแน่น,นครศรีธรรมราช,053-999267
CUST06341,บริษัท ห้างหุ้นส่วนจำกัด จ้อยนุแสง จำกัด,ภานุพล ขุนดำ,สมุทรสาคร,095-549-9547
CUST06342,บริษัท ถนัดรบและตะละภัฏ จำกัด,วรรณนิสา ทีฆะ,พระนครศรีอยุธยา,0909670794
CUST06343,บริษัท ห้างหุ้นส่วนจำกัด ดวงทับทิม จำกัด,เนตรฤดี นากกนก,นครปฐม,051 532213
CUST06344,บริษัท มูลนิธิถนัดการยนต์ จำกัด,วรศาสส์ ฉัพพรรณธนกูร,เจ้าพระยาสุรศักดิ์,0-2645-1288
CUST06345,บริษัท หจก.ตวงทอง จำกัด,ณัฐธภรณ์ ถมปัด,เชียงใหม่,+66 (0) 7602 8842
CUST06346,บริษัท ห้างหุ้นส่วนจำกัด จันทา จำกัด,พรพิไล บุญส่ง,พระนครศรีอยุธยา,0600407488
CUST06347,บริษัท ตันตราจิณและนาถะพินธุ จำกัด,รชตกร ศิวะวรเวท,เชียงราย,+66 7642 3495
CUST06348,บริษัท บริษัท ถนัดรักษา จำกัด (มหาชน) จำกัด,ณาร์รีมาน ไตรบรรพ,นครศรีธรรมราช,073864476
CUST06349,บริษัท ห้างหุ้นส่วนจำกัด มิ่งขวัญ จำกัด,ทิพย์วารี ตันตราจิณ,พิษณุโลก,+665 167 2215
CUST06350,บริษัท ห้างหุ้นส่วนจำกัด ธุวะนุติ์มอเตอร์ จำกัด,ปภาวรินทร์ ตระกูลบุญ,เชียงใหม่,0634092690
CUST06351,บริษัท บริษัท หอมสินคอมพิวเตอร์ จำกัด จำกัด,น้ำเพชร นาถะเดชะ,พระนครศรีอยุธยา,038-576540
CUST06352,บริษัท หจก.ถนัดอักษร จำกัด,วณัฐดา ดาบเพ็ชร์,สมุทรปราการ,+66 (0) 7452 0676
CUST06353,บริษัท สมาคมเลิศกิ่ง จำกัด,น้ำเพชร นาฏคายี,พัทยา,+664 863 5909
CUST06354,บริษัท ห้างหุ้นส่วนสามัญ นุชแนวนุ่มการบัญชี จำกัด,ศจีกาญจน์ เนื้อนุ่ม,พัทยา,+66 862 640 331
CUST06355,บริษัท ห้างหุ้นส่วนจำกัด ตระกูลไม้เรียงการบัญชี จำกัด,คมสัน แนวพนิช,ยะลา,+66 (0) 998 170 683
CUST06356,บริษัท บริษัท นิลวรรณ จำกัด จำกัด,พาสุข หอมพิกุล,สุราษฎร์ธานี,+663 517 7796
CUST06357,บริษัท บริษัท ธีวรกลการ จำกัด จำกัด,ดารุนี คำลือ,อุบลราชธานี,0678966442
CUST06358,บริษัท หจก.ธูปะวิโรจน์เซอร์วิส จำกัด,ศศิยา เธียรายัน,อุบลราชธานี,+66 (0) 5493 4731
CUST06359,บริษัท ชมรมนานายน จำกัด,พันเกล้า นากกนก,พัทยา,0-2798-8075
CUST06360,บริษัท บริษัท ร่มธิติรัตน์ จำกัด จำกัด,ทิพรดา ทองเนื้อดี,เจ้าพระยาสุรศักดิ์,+66 4836 8926
CUST06361,บริษัท หจก.บุนยะศัพท์พืชผล จำกัด,พิมพ์สุดา ธาราธร,พระนครศรีอยุธยา,0957707994
CUST06362,บริษัท บริษัท ตัณฑนุชแพคกิ้ง จำกัด จำกัด,ฟิรยา ดิศดใน,เชียงใหม่,028889185
CUST06363,บริษัท หจก.ตะละภัฏเคมิคอล จำกัด,พัชรพร นิลวิมล,ยะลา,05 663 6127
CUST06364,บริษัท นิลสุวรรณ์คอนสตรัคชั่น จำกัด,บุญเกิด ธาราธร,แม่สอด,0 3342 5220
CUST06365,บริษัท ห้างหุ้นส่วนสามัญ ตราชูซัพพลาย จำกัด,พิมพ์สุดา พรมอ่อน,ตรัง,+66 4252 8750
CUST06366,บริษัท บจก.ดุษฎีวนิช จำกัด,เกริกพล ถนัดอาวุธ,นนทบุรี,0-4999-4025
CUST06367,บริษัท บริษัท ดัตพันธุ์กลการ จำกัด จำกัด,กวาง นพตระกูล,สุราษฎร์ธานี,025659669
CUST06368,บริษัท บริษัท นามเสวตรการค้า จำกัด จำกัด,หลักทรัพย์ นาคพันธุ์,แหลมฉบัง,063 283 7139
CUST06369,บริษัท บริษัท วิลาสินีและบุตร จำกัด จำกัด,ธนภณ วุฑฒยากร,นนทบุรี,+66 5455 9803
CUST06370,บริษัท ห้างหุ้นส่วนจำกัด ชุมวระ จำกัด,ใจกลาง ถนิมมาศ,ระยอง,067-695-3411
CUST06371,บริษัท ห้างหุ้นส่วนจำกัด พรมอ่อนอะไหล่ยนต์ จำกัด,รมิตา แก้วชลคราม,แหลมฉบัง,062-071-3151
CUST06372,บริษัท บริษัท ทองประดิฐสโตร์ จำกัด จำกัด,อำไพ ถนอมพล,ตรัง,0 676 316 807
CUST06373,บริษัท สหภาพแรงงานดีตพันธุ์ จำกัด,สุรการณ์ จ้อยนุแสง,ยะลา,0826163435
CUST06374,บริษัท บริษัท ไม้แดงพานิช จำกัด จำกัด,กิ่งแก้ว เวียงจันทึก,นครศรีธรรมราช,0686740086
CUST06375,บริษัท บริษัท แท่นทอง จำกัด (มหาชน) จำกัด,ฐิติวุฒิ บุณยะภาชน์,กรุงเทพมหานคร,094-068-0280
CUST06376,บริษัท บริษัท เยาวธนโชค จำกัด จำกัด,ณัฐจศักดิ์ ดวงทับทิม,นครสวรรค์,0-7129-6315
CUST06377,บริษัท บริษัท ศรีตะวัน จำกัด จำกัด,บุญพา ทัศนสุทธิ,นครศรีธรรมราช,026859049
CUST06378,บริษัท บริษัท พรมอ่อน จำกัด จำกัด,โชคภาดล ดวงทับทิม,เกาะสมุย,0-5407-5187
CUST06379,บริษัท ธูปหอมคอนสตรัคชั่น จำกัด,ปิ่นบุญญา นำธวัช,หาดใหญ่,040 493618
CUST06380,บริษัท บริษัท ศิวะวรเวท จำกัด (มหาชน) จำกัด,ธีรวุฒิ พงศ์ฉบับนภา,ภูเก็ต,0-5096-9194
CUST06381,บริษัท หจก.ขอหมั่นกลางคอมมิวนิเคชั่น จำกัด,จีรยุทธ ทองอยู่,ขอนแก่น,+667 855 7862
CUST06382,บริษัท บริษัท นาคสุทินเซอร์วิส จำกัด (มหาชน) จำกัด,ปวีณ บัวเผื่อน,ขอนแก่น,+66 2712 2008
CUST06383,บริษัท เตมิยะเดชพืชผล จำกัด,เยาวรัตน์ เตชะกำพุ,รังสิต,+66 (0) 903 697 989
CUST06384,บริษัท บริษัท ตั้งเผ่าวิศวกรรม จำกัด จำกัด,ซูไรดา เณรานุสนธิ์,อ้อมน้อย,0828363190
CUST06385,บริษัท หจก.นิลเสนาเซอร์วิส จำกัด,ศศินา ตั้งรบ,ระยอง,0-7529-3028
CUST06386,บริษัท บริษัท ถนอมกุลบุตร จำกัด (มหาชน) จำกัด,ลัดดา ศาสตร์ศิลป์,กรุงเทพมหานคร,+66 (0) 4908 3233
CUST06387,บริษัท บริษัท พานเกล้า จำกัด จำกัด,พิมพ์พิชญา บุตดา,ลำปาง,02 317 4158
CUST06388,บริษัท สหภาพแรงงานยางสวย จำกัด,จำรัส ชุมวระ,พัทยา,0-2141-7724
CUST06389,บริษัท บริษัท มิ่งขวัญอุตสาหกรรม จำกัด จำกัด,ภูวิช ทับทิมไทย,เชียงราย,+66 (0) 2389 0231
CUST06390,บริษัท บริษัท บุญส่งวิศวกรรม จำกัด จำกัด,ณิชนันท์ ดีตพันธุ์,เชียงใหม่,+665 198 0223
CUST06391,บริษัท มูลนิธิสาระพันธ์ จำกัด,จิราภรณ์ นิลสลัว,อุบลราชธานี,+662 630 9144
CUST06392,บริษัท ห้างหุ้นส่วนสามัญ ตัณสถิตย์ จำกัด,กระสุน ถนอมมนุษย์,นครราชสีมา,+66 7113 9699
CUST06393,บริษัท ห้างหุ้นส่วนจำกัด เตมิยะเดชบริการ จำกัด,ปิยวัจน์ ทองประดิฐ,ตรัง,0 3002 7824
CUST06394,บริษัท บริษัท นามเสวตรเซอร์วิส จำกัด จำกัด,หลี พรมอ่อน,เชียงใหม่,0-3543-2802
CUST06395,บริษัท ห้างหุ้นส่วนจำกัด ไชยภาซัพพลาย จำกัด,ปาริตา นับเนื่องนอ,พิษณุโลก,+66 805 640 280
CUST06396,บริษัท บมจ.ปรีชากุลเศรษฐ์จิวเวลรี่ จำกัด,โชคภาดล ดุริยพันธุ์,ตรัง,+66 960 995 353
CUST06397,บริษัท บุญส่ง-นิยมธรรม จำกัด,ศุภาศิล ปานสุวรรณ,เกาะสมุย,+66 3281 5569
CUST06398,บริษัท บริษัท ตั้งกุลงามจิวเวลรี่ จำกัด จำกัด,ภควัฒน์ หอมพิกุล,ระยอง,0865994289
CUST06399,บริษัท บินดีมอเตอร์ จำกัด,สุธาวี ศรีเผด็จ,ปากเกร็ด,089 064 9075
CUST06400,บริษัท บริษัท หนุนสุขเฟอร์นิเจอร์ จำกัด จำกัด,เมษา ซาซุม,ปากเกร็ด,04 279 9846
CUST06401,บริษัท พานเกล้า-ซูสารอ จำกัด,ฮามีย๊ะ ศรีวงค์,พระนครศรีอยุธยา,+665 332 9975
CUST06402,บริษัท บริษัทหลักทรัพย์ ดวงทับทิมแอนด์ซันส์ จำกัด จำกัด,อุษณีย์ ชำนาญวาด,พัทยา,094-681-0342
CUST06403,บริษัท นิระหานีบริการ จำกัด,ณาร์รีมาน ถนอมพล,นนทบุรี,041294689
CUST06404,บริษัท ทองสินธุ์คอนสตรัคชั่น จำกัด,จิณภัทตา ไทนิยม,อ้อมน้อย,04 250 5035
CUST06405,บริษัท สหภาพแรงงานคำลือ จำกัด,อัญธิกา สุวรรณหงษ์,แม่สอด,+663 818 6832
CUST06406,บริษัท บริษัท ดิศดในวิศวกรรม จำกัด จำกัด,ยุลิน นกทอง,นครสวรรค์,073 317587
CUST06407,บริษัท ตันตราจิณและบุญญาภิรมย์ จำกัด,กวีฉัฏฐ ถิรสวัสดิ์,อ้อมน้อย,+667 207 5923
CUST06408,บริษัท มูลนิธิถิรสวัสดิ์ จำกัด,หล้า ทองแท้,ปากเกร็ด,+66 (0) 643 504 344
CUST06409,บริษัท ไทยสุชาตและติณรัตน์ จำกัด,ภูวิช ชุมวระ,สมุทรปราการ,036-776863
CUST06410,บริษัท ห้างหุ้นส่วนจำกัด ตวันเยี่ยมคอนสตรัคชั่น จำกัด,กวีฉัฏฐ แนวพญา,เกาะสมุย,086-118-5979
CUST06411,บริษัท ห้างหุ้นส่วนจำกัด คำลือคอมพิวเตอร์ จำกัด,สุชิน นิษประปัญจ์,นนทบุรี,+66 (0) 2985 0778
CUST06412,บริษัท หจก.ศรีธนะเวทย์ จำกัด,ศิริญา ถาวรรัตน,ปากเกร็ด,064-714-3670
CUST06413,บริษัท ทวนไชย์และเณรานุสนธิ์ จำกัด,ปิยบุตร บุญส่ง,อุดรธานี,0 606 944 883
CUST06414,บริษัท สหภาพแรงงานราชมณี จำกัด,จักรพันธ์ หนุนสุข,เกาะสมุย,027-456055
CUST06415,บริษัท ดาวอร่ามอิมปอร์ตเอ็กซปอร์ต จำกัด,ปวีณ ไตรบรรพ,เชียงใหม่,0 984 101 603
CUST06416,บริษัท หจก.เมืองสุข จำกัด,นาทภูวพัฒน์ ปานสุวรรณ,นครศรีธรรมราช,095-231-7011
CUST06417,บริษัท บริษัท นิระหานีโอสถ จำกัด จำกัด,ปภาวรินทร์ นามขำ,หาดใหญ่,+66 5190 3955
CUST06418,บริษัท ร่มธิติรัตน์ก่อสร้าง จำกัด,พิมพกานต์ นานายน,พระนครศรีอยุธยา,0863156407
CUST06419,บริษัท บริษัท ด้วงโสน จำกัด (มหาชน) จำกัด,ธมน นิลเสนา,สกลนคร,049-364504
CUST06420,บริษัท บริษัท ไทนิยม จำกัด จำกัด,ดารุนี นาคะนคร,รังสิต,076-632849
CUST06421,บริษัท ห้างหุ้นส่วนจำกัด วุฑฒยากร จำกัด,วัลลภ งามพิเชษฐ์,พิษณุโลก,022 772767
CUST06422,บริษัท บริษัท ผลบุญ จำกัด จำกัด,ใจกลาง ถาวรายุศม์,สกลนคร,071 055835
CUST06423,บริษัท มูลนิธิตัณสถิตย์ จำกัด,เทอดศักดิ์ ธูปหอม,ภูเก็ต,098 038 1836
CUST06424,บริษัท บริษัท ทองอยู่ จำกัด จำกัด,สมนึก ร่มธิติรัตน์,ยะลา,080-935-7732
CUST06425,บริษัท บริษัท ทองแท้คอมพิวเตอร์ จำกัด จำกัด,อิสรันดร์ เพียยา,อ้อมน้อย,099-754-1157
CUST06426,บริษัท ห้างหุ้นส่วนจำกัด สังข์กรด จำกัด,ณัฐญาดา คำลือ,อุดรธานี,0-2327-8209
CUST06427,บริษัท ห้างหุ้นส่วนจำกัด ศรีวงค์ จำกัด,บุญญามี ยะผา,ระยอง,05 153 8478
CUST06428,บริษัท นับเนื่องนอและทองประดิฐ จำกัด,นรีกานต์ พรสีมา,อุบลราชธานี,0 973 620 037
CUST06429,บริษัท บจก.ธีวรพืชผล จำกัด,กุลปรียา หิรัญสาลี,เชียงราย,0 7011 7171
CUST06430,บริษัท มูลนิธิวุฑฒยากร จำกัด,ธราวิทญ์ นฤทุกข์,นครปฐม,034098053
CUST06431,บริษัท ห้างหุ้นส่วนจำกัด ปรีชากุลเศรษฐ์เทรดดิ้ง จำกัด,เอกวิทย์ บุญญาภิรมย์,อุบลราชธานี,028-211203
CUST06432,บริษัท นฤภัย-เลขะพันธุ์ จำกัด,นพรัตน์ จันทา,ขอนแก่น,07 954 1297
CUST06433,บริษัท สมาคมไตรบรรพ จำกัด,เทพนารี ทำประดู่,สุราษฎร์ธานี,0-3276-7477
CUST06434,บริษัท ดำริห์ชอบและบุนยะศัพท์ จำกัด,ซูรัยดา ตะละภัฏ,แม่สอด,055-651337
CUST06435,บริษัท บริษัท ชุมวระเฟอร์นิเจอร์ จำกัด จำกัด,วณัฐดา ศรีธนะเวทย์,เจ้าพระยาสุรศักดิ์,087 486 6983
CUST06436,บริษัท บริษัท เช้าวันดีคอมมิวนิเคชั่น จำกัด จำกัด,สมเกียรติ ธรรมเมธา,หาดใหญ่,0687185664
CUST06437,บริษัท บริษัท ตรีเภรินทร์ จำกัด จำกัด,ศุภกรชนา นามเสวตร,เชียงราย,0-7665-6360
CUST06438,บริษัท บมจ.ประจันตะเสน จำกัด,ผดุงพล ทองเนื้อดี,เจ้าพระยาสุรศักดิ์,080 686 6878
CUST06439,บริษัท หจก.ด้วงโสน จำกัด,รวิวาน ผลบุญ,ตรัง,0-4918-4001
CUST06440,บริษัท ปรีชากุลเศรษฐ์การค้า จำกัด,ลัดดา เณรานุสนธิ์,เชียงราย,+66 3315 1240
CUST06441,บริษัท หจก.ถนอมมนุษย์ จำกัด,ภานุวัตร ซาซุม,หาดใหญ่,077 549680
CUST06442,บริษัท ห้างหุ้นส่วนจำกัด ถนัดรบอินเตอร์เนชั่นแนล จำกัด,พลภูมิ ตั้งกุลงาม,ขอนแก่น,+66 831 493 198
CUST06443,บริษัท บริษัท ตั้งเผ่าอิมปอร์ตเอ็กซปอร์ต จำกัด จำกัด,อณัฐตา แต้กุล,ลำปาง,0811900290
CUST06444,บริษัท หจก.นฤทุกข์ซัพพลาย จำกัด,พิมพ์พิชญา ถาวระวรณ์,อ้อมน้อย,+66 (0) 976 209 830
CUST06445,บริษัท บริษัท ทัศนสุทธิ จำกัด จำกัด,พชรภรณ์ วุฑฒยากร,พระนครศรีอยุธยา,083-103-8645
CUST06446,บริษัท ห้างหุ้นส่วนจำกัด ไทไชโย จำกัด,ภัทรนาฎ นิลวรรณ,สงขลา,+66 (0) 5894 7427
CUST06447,บริษัท ห้างหุ้นส่วนสามัญ พรรษาสกุลและบุตร จำกัด,พิมพ์ประภา ยะผา,เกาะสมุย,02 161 1876
CUST06448,บริษัท มูลนิธิยะผา จำกัด,ประจิน แก้วอยู่,อุดรธานี,0-2575-5453
CUST06449,บริษัท บริษัท ศรีตะวันคอมพิวเตอร์ จำกัด จำกัด,ปัญญาพร ด้วงโสน,สงขลา,05 452 2272
CUST06450,บริษัท บจก.นุชแนวนุ่ม จำกัด,พัชรพร ธนรักษ์,เจ้าพระยาสุรศักดิ์,+66 (0) 2989 4957
CUST06451,บริษัท หจก.ตัณฑนุชอะไหล่ยนต์ จำกัด,พิศพรรณ ทรงโกมล,เชียงราย,0 5784 0243
CUST06452,บริษัท หจก.ศรีสัตย์ จำกัด,ชัชนันท์ ถนัดหัตถกรรม,นครปฐม,+66 5125 7470
CUST06453,บริษัท ห้างหุ้นส่วนจำกัด จันอ้น จำกัด,เนตรฤดี ชุมวระ,ยะลา,04 270 7541
CUST06454,บริษัท บริษัท นฤทุกข์ จำกัด จำกัด,นาทภูวพัฒน์ ทันยุค,กรุงเทพมหานคร,058682676
CUST06455,บริษัท บริษัท ขอหมั่นกลางเอ็นจิเนียริ่ง จำกัด จำกัด,มนัส นฤทุกข์,นครสวรรค์,0-5428-7678
CUST06456,บริษัท หจก.ธัญาโภชน์ จำกัด,ชนิศา นุชแนวนุ่ม,ลำปาง,091-309-6551
CUST06457,บริษัท ห้างหุ้นส่วนจำกัด นาถะพินธุ จำกัด,กวีฉัฏฐ ตระกูลบุญ,แม่สอด,0 847 373 516
CUST06458,บริษัท ห้างหุ้นส่วนจำกัด ทำประดู่เฟอนิชชิ่ง จำกัด,ปัญญาพร ตรีครุธพันธุ์,นครปฐม,0-5399-5699
CUST06459,บริษัท ตระกูลไม้เรียงเซอร์วิส จำกัด,พรพิไล ธัญาโภชน์,ระยอง,04 436 9265
CUST06460,บริษัท ห้างหุ้นส่วนสามัญ ถิรสวัสดิ์ จำกัด,อนุบาล ถ้วนศรี,รังสิต,+663 094 7923
CUST06461,บริษัท มูลนิธิเยาวธนโชค จำกัด,รัฐพงษ์ นามขำ,รังสิต,+66 5237 9472
CUST06462,บริษัท บริษัท ตั้งกุลงาม จำกัด จำกัด,ดิลก บุตดา,นนทบุรี,0-3462-1257
CUST06463,บริษัท บริษัท ธรรมเมธากลการ จำกัด จำกัด,ธนวันต์ ดิศดใน,สมุทรสาคร,062 370 1269
CUST06464,บริษัท หจก.มนทองแอนด์ซันส์ จำกัด,หรรษธร ขันธุลา,นครปฐม,0-5771-1929
CUST06465,บริษัท ชมรมนิยมสำหรวจ จำกัด,จิรวิทย์ นิษประปัญจ์,สุราษฎร์ธานี,04 341 6350
CUST06466,บริษัท ห้างหุ้นส่วนจำกัด หิรัญสาลีอุตสาหกรรม จำกัด,นุจรี ถาวระวรณ์,กรุงเทพมหานคร,0 905 196 234
CUST06467,บริษัท หจก.ตันตราจิณ จำกัด,พิชาภพ สงประเสริฐ,นครศรีธรรมราช,088 445 7514
CUST06468,บริษัท บริษัท ธรรมเมธากรุ๊ป จำกัด จำกัด,นันทิกานต์ ปรีชากุลเศรษฐ์,สกลนคร,+66 2000 5184
CUST06469,บริษัท หจก.ตรีเภรินทร์ จำกัด,ฐิติกุล งามพิเชษฐ์,อ้อมน้อย,0-7753-8710
CUST06470,บริษัท ชมรมตรีครุธพันธุ์ จำกัด,สิริลัดดา นาควงษ์,สุราษฎร์ธานี,0 5271 9796
CUST06471,บริษัท หจก.บุนยะตีรณะเฟอนิชชิ่ง จำกัด,โยธิการ์ หอมพิกุล,ขอนแก่น,+664 819 2646
CUST06472,บริษัท ห้างหุ้นส่วนสามัญ ติณรัตน์ จำกัด,รมิตา ดิสกะประกาย,ยะลา,096 565 7894
CUST06473,บริษัท บริษัท ถาวรรัตนแพคกิ้ง จำกัด จำกัด,โสภณิตา ธนูปกรณ์,เชียงราย,041 815689
CUST06474,บริษัท บริษัท นาถะพินธุเฟอนิชชิ่ง จำกัด จำกัด,พรสวรรค์ ศรีสัตย์,ตรัง,0663399327
CUST06475,บริษัท ห้างหุ้นส่วนจำกัด ถนัดพิมพการ จำกัด,วรรณกร ถนัดพิมพการ,เชียงใหม่,+66 4078 8869
CUST06476,บริษัท ดาบเพ็ชร์และเพื่อน จำกัด,อธิตยา ซูสารอ,สมุทรปราการ,+66 (0) 854 464 810
CUST06477,บริษัท บริษัท ถนัดหัตถกรรมคอมมิวนิเคชั่น จำกัด จำกัด,ราชัน ดุริยพันธุ์,เชียงราย,07 155 4176
CUST06478,บริษัท บริษัท วุฑฒยากร จำกัด (มหาชน) จำกัด,ณัฐธิตา ผลบุญ,ปากเกร็ด,+66 3962 1331
CUST06479,บริษัท กุมารบุญ-ถาวรรัตน จำกัด,สมหมาย วุฑฒยากร,เชียงราย,+662 896 2293
CUST06480,บริษัท บริษัท วะคีมัน จำกัด จำกัด,ศุภนุนาย ธูปะวิโรจน์,สงขลา,+66 (0) 4879 1496
CUST06481,บริษัท ห้างหุ้นส่วนจำกัด จันอ้น จำกัด,ยุศรอน ถมปัด,หาดใหญ่,0-5102-3391
CUST06482,บริษัท บริษัท นาฏคายีมอเตอร์ จำกัด จำกัด,สันติราษฎร์ จันทา,นครปฐม,+66 2130 3522
CUST06483,บริษัท บริษัท ธรรมสถิตไพศาลก่อสร้าง จำกัด (มหาชน) จำกัด,มนัส ธรรมนิยม,ขอนแก่น,04 273 1101
CUST06484,บริษัท บจก.แนวพญา จำกัด,จีราภรณ์ วุฑฒยากร,ขอนแก่น,0 7992 6876
CUST06485,บริษัท ห้างหุ้นส่วนสามัญ หนักแน่นเฟอนิชชิ่ง จำกัด,สุชิน จันทา,ปากเกร็ด,+66 5523 3544
CUST06486,บริษัท บมจ.ถนอมพลกรังพืชผล จำกัด,ทองสิริ นิลสลัว,อุบลราชธานี,087 806 6396
CUST06487,บริษัท บริษัท ขำเอนก จำกัด (มหาชน) จำกัด,ขวัญรุ้ง เนตร์มณี,อุดรธานี,040894020
CUST06488,บริษัท บจก.ตวงทอง จำกัด,ศิรณัฐ มนทอง,ภูเก็ต,0-5336-4320
CUST06489,บริษัท บริษัท บุนยะตีรณะ จำกัด,ญาณพันธุ์ อัตตนาถ,กรุงเทพมหานคร,+66 (0) 5040 7849
CUST06490,บริษัท หจก.ดุริยพันธุ์คอมพิวเตอร์ จำกัด,ดารุนี ผลบุญ,ขอนแก่น,032 600662
CUST06491,บริษัท บริษัท ถาวระวรณ์ จำกัด จำกัด,ทานตะวัน ทองอยู่,ขอนแก่น,+66 (0) 2810 0262
CUST06492,บริษัท บริษัท ฉัตรอภิเที่ยงค่ำและเพื่อน จำกัด จำกัด,ณาร์รีมาน ตราชู,นครปฐม,063-894-8031
CUST06493,บริษัท แก้วอยู่และสังข์กรด จำกัด,จด ดาวกระจาย,นครปฐม,0-5685-4028
CUST06494,บริษัท สมาคมดำริห์ชอบ จำกัด,ธนวันต์ ศรีเผด็จ,ภูเก็ต,044-406388
CUST06495,บริษัท ห้างหุ้นส่วนจำกัด นฤทุกข์ จำกัด,สมปอง ถนัดรักษา,แหลมฉบัง,0-7196-8824
CUST06496,บริษัท นิลเสนา-อุลหัสสา จำกัด,ทานตะวัน ยางสวย,อุดรธานี,+66 (0) 7306 4297
CUST06497,บริษัท มูลนิธิถนัดอาวุธ จำกัด,วรศาสส์ บุตดา,หาดใหญ่,+66 (0) 828 143 094
CUST06498,บริษัท บจก.ถนัดรบ จำกัด,สมหมาย นพตระกูล,เกาะสมุย,02 454 1221
CUST06499,บริษัท บริษัท ถุงเงินมอเตอร์ จำกัด จำกัด,ชนิศา นะวะมันดร,อ้อมน้อย,0-7729-7392
CUST06500,บริษัท หจก.นักสำหรวจเฟอร์นิเจอร์ จำกัด,มัตติกา ธีวร,พัทยา,096-925-7595
CUST06501,บริษัท บมจ.ธนประทีปแลบ จำกัด,ศิริญา ไทนิยม,กรุงเทพมหานคร,+66 (0) 3234 7740
CUST06502,บริษัท บุนยาภิสนท์-นิระหานี จำกัด,ภูวิช เขียวอ่อน,สุราษฎร์ธานี,093 899 5865
CUST06503,บริษัท ธรรมนิยม-เยาวธนโชค จำกัด,ทองสิริ เพียยา,อุบลราชธานี,+66 2869 7566
CUST06504,บริษัท เนตร์มณี-นุ่มกัน จำกัด,ลักษมี ธรรมทินนา,ภูเก็ต,059713777
CUST06505,บริษัท บริษัท ทวีเดช จำกัด จำกัด,ประสิทธิ์ แน่นดุจป้อม,แหลมฉบัง,020 069690
CUST06506,บริษัท ห้างหุ้นส่วนจำกัด หอมพิกุลเฟอร์นิเจอร์ จำกัด,ตรีนุช บุณยะภาชน์,แม่สอด,0-7383-1266
CUST06507,บริษัท บริษัท เขียวอ่อน จำกัด (มหาชน) จำกัด,อดิสรณ์ บุญบำรุง,แหลมฉบัง,020 199028
CUST06508,บริษัท มูลนิธิยาปะโลหิต จำกัด,ยศวัฒน์ นะวะมันดร,กรุงเทพมหานคร,+66 677 236 962
CUST06509,บริษัท บริษัท ทองลาภ จำกัด (มหาชน) จำกัด,นัสรุน ศรีอุ่น,นนทบุรี,+66 910 040 409
CUST06510,บริษัท บริษัท ธาราธร จำกัด (มหาชน) จำกัด,ปิยนุช จันอ้น,ลำปาง,0-5849-1732
CUST06511,บริษัท บริษัท ธนูปกรณ์ จำกัด จำกัด,ตรีนุช นิลวรรณ,รังสิต,+66 5893 0448
CUST06512,บริษัท ธาราธรแอนด์ซันส์ จำกัด,สินสมุทร นฤภัย,นครสวรรค์,083-849-3774
CUST06513,บริษัท บจก.เธียรายัน จำกัด,พีรภัทร์ บุญส่ง,ยะลา,0 5727 0276
CUST06514,บริษัท ชมรมนาถะเดชะ จำกัด,แปลง ถนัดรักษา,ปากเกร็ด,+66 (0) 850 880 514
CUST06515,บริษัท ถะเกิงชศจิวเวลรี่ จำกัด,พันเทพ ทรัพย์สาร,นครศรีธรรมราช,040471975
CUST06516,บริษัท บมจ.เดชคุ้ม จำกัด,ธารา ถนอมพล,แหลมฉบัง,0 915 747 468
CUST06517,บริษัท บริษัท เดชคุ้มคอมมิวนิเคชั่น จำกัด (มหาชน) จำกัด,นุจรี มนทอง,นครสวรรค์,+66 (0) 7457 5601
CUST06518,บริษัท ห้างหุ้นส่วนจำกัด จันทาซัพพลาย จำกัด,ศรีสวัสดิ์ นพคเชนทร์,ระยอง,035 491599
CUST06519,บริษัท หจก.แจ้งสว่าง จำกัด,ราชันทร์ นครเทพ,เจ้าพระยาสุรศักดิ์,0-5696-6018
CUST06520,บริษัท บริษัท ธรรมทินนา จำกัด จำกัด,คำปลิว ธรรมเมธา,กรุงเทพมหานคร,060 949 9940
CUST06521,บริษัท ห้างหุ้นส่วนจำกัด นิยมเซียมเอเยนซี จำกัด,นภัสรินทร์ นุตตาร,นนทบุรี,+66 2534 6540
CUST06522,บริษัท บริษัท เธียรายัน จำกัด จำกัด,นนทกาญจน์ นานายน,สงขลา,+66 3700 2556
CUST06523,บริษัท บริษัท เตชะกำพุ จำกัด จำกัด,สิราพร นิลวิมล,ตรัง,+66 (0) 3362 7468
CUST06524,บริษัท บริษัท นิยมธรรม จำกัด จำกัด,ณิชาภัทร แท่นทอง,ขอนแก่น,+66 (0) 613 253 896
CUST06525,บริษัท บริษัท เดชวา จำกัด จำกัด,อนิวัฒน์ ดีตพันธุ์,สงขลา,+665 647 6014
CUST06526,บริษัท บจก.เมืองสุข จำกัด,ทิพย์วารี ศาสตร์ศิลป์,เชียงราย,+66 (0) 7472 6866
CUST06527,บริษัท บริษัท นิลสลัว จำกัด (มหาชน) จำกัด,ผกาทิพย์ ถนอมกุลบุตร,นครศรีธรรมราช,0624380999
CUST06528,บริษัท บมจ.บุญส่ง จำกัด,ฟารินี ทวีเดช,สุราษฎร์ธานี,07 263 6739
CUST06529,บริษัท หจก.ขันธุลาเคมิคอล จำกัด,ณัฐจศักดิ์ ทวนทอง,แหลมฉบัง,03 791 8688
CUST06530,บริษัท บริษัท ราชมณีก่อสร้าง จำกัด จำกัด,วรนาฎ ทวีเดช,สุราษฎร์ธานี,+66 3085 7121
CUST06531,บริษัท บริษัท ยางสวยเฟอร์นิเจอร์ จำกัด (มหาชน) จำกัด,บุญทิวา จันอ้น,นครศรีธรรมราช,0 4079 0150
CUST06532,บริษัท บริษัท ถนัดอักษรคอมมิวนิเคชั่น จำกัด จำกัด,ศรินยา เนตร์มณี,นครศรีธรรมราช,+66 817 364 026
CUST06533,บริษัท บริษัท ฉิมพาลีอิมปอร์ตเอ็กซปอร์ต จำกัด จำกัด,กิติชัย แนวพญา,แหลมฉบัง,+664 196 4583
CUST06534,บริษัท ห้างหุ้นส่วนจำกัด ดุริยพันธุ์ จำกัด,พาสุข บุนยะศัพท์,ตรัง,+66 7931 2832
CUST06535,บริษัท หจก.ตัณสถิตย์ จำกัด,ธวัศชา นาคพันธุ์,เชียงใหม่,0-3621-7138
CUST06536,บริษัท บริษัท โพธิสัตย์ภาพยนตร์ จำกัด (มหาชน) จำกัด,วรรณนิสา ธุวะนุติ์,ตรัง,0 7194 8291
CUST06537,บริษัท แนวพนิชและธัญาโภชน์ จำกัด,สุภาลินี ขำเอนก,นครราชสีมา,+66 805 980 525
CUST06538,บริษัท ห้างหุ้นส่วนจำกัด น้ำทิพย์พานิช จำกัด,วสิตา ไทยสุชาต,กรุงเทพมหานคร,047339672
CUST06539,บริษัท พานเกล้าและไสยกิจ จำกัด,สิทธัญ ตั้งกุลงาม,เชียงราย,037-356109
CUST06540,บริษัท มูลนิธิบุตดา จำกัด,ปัญญาพร ธีวร,ตรัง,0 955 703 148
CUST06541,บริษัท วิลาสินีเฟอนิชชิ่ง จำกัด,ณัฐพิชา ถาวรรัตน,รังสิต,+66 5123 4391
CUST06542,บริษัท บริษัท ศาสตร์ศิลป์บรรจุภัณฑ์ จำกัด จำกัด,พิมพ์พิชญา นะวะมันดร,ระยอง,+66 3431 0802
CUST06543,บริษัท หจก.ศรีตะวันเทรดดิ้ง จำกัด,ราชันทร์ นุตตาร,พัทยา,+66 863 435 269
CUST06544,บริษัท บริษัท พรสีมา จำกัด จำกัด,พิพิธธน ตั้งเผ่า,นนทบุรี,085-857-0796
CUST06545,บริษัท ห้างหุ้นส่วนจำกัด หนุนสุข จำกัด,ผกาทิพย์ ทองลาภ,กรุงเทพมหานคร,043043039
CUST06546,บริษัท บมจ.นิยมธรรม จำกัด,พันเทพ ถนัดการเขียน,สุราษฎร์ธานี,0-2627-2945
CUST06547,บริษัท หจก.แหยมศิริบริการ จำกัด,ศุภาศิล ถนัดรบ,นนทบุรี,+66 (0) 4461 6604
CUST06548,บริษัท บริษัท ทรัพย์สาร จำกัด (มหาชน) จำกัด,เกริกพล บัวเผื่อน,เชียงใหม่,029425113
CUST06549,บริษัท มูลนิธินุชแนวนุ่ม จำกัด,จันทภา วุฑฒยากร,สกลนคร,0810058569
CUST06550,บริษัท หจก.ดาวอร่ามโอสถ จำกัด,อับดุลเลาะห์ ทองประดิฐ,เชียงใหม่,+66 (0) 4992 3579
CUST06551,บริษัท บริษัท แก้วอยู่จิวเวลรี่ จำกัด (มหาชน) จำกัด,วิทูลย์ ธรรมสถิตไพศาล,แหลมฉบัง,044 191257
CUST06552,บริษัท ห้างหุ้นส่วนจำกัด ตวันเยี่ยม จำกัด,นวรรษนันท์ ธรรมเมธา,ระยอง,07 784 4475
CUST06553,บริษัท ห้างหุ้นส่วนจำกัด ตันตราจิณและเพื่อน จำกัด,ณิชเชฏฐ์ ดาวกระจาย,สงขลา,+662 994 6279
CUST06554,บริษัท ห้างหุ้นส่วนสามัญ ถาวรรัตน จำกัด,ภารวี ถนัดอาวุธ,นครปฐม,+66 3839 2970
CUST06555,บริษัท บริษัท ดีตพันธุ์ จำกัด จำกัด,นิรุตต์ ถิรสวัสดิ์,เชียงใหม่,05 443 0374
CUST06556,บริษัท บริษัท จันทาแพคกิ้ง จำกัด จำกัด,วรศาสส์ แนวพญา,สกลนคร,+66 643 963 665
CUST06557,บริษัท สมาคมศรีอุ่น จำกัด,ไมล์ ศาสตร์ศิลป์,เจ้าพระยาสุรศักดิ์,035612617
CUST06558,บริษัท ห้างหุ้นส่วนสามัญ ถนอมมนุษย์การบัญชี จำกัด,จิม ทวีเดช,นครศรีธรรมราช,0-4745-1874
CUST06559,บริษัท บริษัท แจ้งสว่าง จำกัด จำกัด,เอกวิทย์ แต้กุล,นครศรีธรรมราช,074-536774
CUST06560,บริษัท บริษัท ตั้งเผ่า จำกัด จำกัด,รอกีเย๊าะ ทองสินธุ์,พระนครศรีอยุธยา,03 376 4855
CUST06561,บริษัท ธนาคารยางสวย จำกัด จำกัด,เรืองเกียรติ ศรทอง,หาดใหญ่,0-5089-5646
CUST06562,บริษัท ห้างหุ้นส่วนจำกัด ไทยสุชาตเอนเตอรไพรส์ จำกัด,มณียา นวลเพ็ง,อ้อมน้อย,+665 517 3676
CUST06563,บริษัท บริษัท มนทอง จำกัด จำกัด,นภนต์ ด้วงโสน,ภูเก็ต,07 720 2301
CUST06564,บริษัท ไม้แดงกรุ๊ป จำกัด,จำรัส นานายน,อ้อมน้อย,02 171 9680
CUST06565,บริษัท บจก.นพตระกูล จำกัด,ณิชาภัทร เดชวา,รังสิต,0-7111-1750
CUST06566,บริษัท บริษัท เยาวธนโชคเฟอร์นิเจอร์ จำกัด จำกัด,นพ ขำเอนก,ภูเก็ต,+66 966 474 939
CUST06567,บริษัท บริษัท แน่นดุจป้อมจิวเวลรี่ จำกัด (มหาชน) จำกัด,ภูมิปัญญา ทวนไชย์,เชียงราย,062-044-2804
CUST06568,บริษัท ห้างหุ้นส่วนจำกัด อุ่นอก จำกัด,ฮามีย๊ะ ตรีครุธพันธุ์,แหลมฉบัง,+66 859 011 892
CUST06569,บริษัท ห้างหุ้นส่วนจำกัด สาระพันธ์ จำกัด,จณิสตา นุ่มกัน,ปากเกร็ด,+664 296 1675
CUST06570,บริษัท บริษัท ตวันเยี่ยม จำกัด จำกัด,ประไพพักตร์ ศรีอุ่น,เชียงใหม่,0-4849-8184
CUST06571,บริษัท ธรรมนิยมเอเยนซี จำกัด,สุพัตรา เตมิยะเดช,สุราษฎร์ธานี,+66 4412 3307
CUST06572,บริษัท สมาคมปานสุวรรณ จำกัด,มนัส บินดี,กรุงเทพมหานคร,+66 (0) 4594 9392
CUST06573,บริษัท วิลาสินีและพงศ์ฉบับนภา จำกัด,ยุศรอน ดวงทับทิม,ลำปาง,0 3265 2920
CUST06574,บริษัท บริษัท ไทยแท้ จำกัด จำกัด,อลิษา จ้อยนุแสง,อุบลราชธานี,03 821 3592
CUST06575,บริษัท บริษัท นรวิทย์โชติกุล จำกัด จำกัด,ภัคศุภางค์ ขันธุลา,สงขลา,+663 230 7836
CUST06576,บริษัท ตั้งกุลงามและศิวะวรเวท จำกัด,ธนกิตต์ แต้กุล,ยะลา,+665 984 9770
CUST06577,บริษัท บริษัท ทองสุกเลิศ จำกัด จำกัด,ณัฐติญา บุญญาไลย์,รังสิต,0-3925-6453
CUST06578,บริษัท บริษัท นิระหานี จำกัด จำกัด,อัญชัญ ไสยกิจ,ภูเก็ต,+66 (0) 977 359 609
CUST06579,บริษัท บจก.เตมิยะเดช จำกัด,ทินพร จันทา,สมุทรปราการ,030287324
CUST06580,บริษัท สมาคมโพธิสัตย์ จำกัด,สมเกียรติ ประจันตะเสน,สมุทรสาคร,0 2198 5617
CUST06581,บริษัท หจก.ถนัดรักษาแลบ จำกัด,จณิสตา ติณรัตน์,รังสิต,055-450002
CUST06582,บริษัท ห้างหุ้นส่วนจำกัด ถนัดอักษร จำกัด,พัชรพร ฉิมพาลี,สกลนคร,07 457 1928
CUST06583,บริษัท สมาคมถนัดหัตถกรรม จำกัด,จริยฉัตร ดาตู,นนทบุรี,0-7530-4784
CUST06584,บริษัท บริษัท งามพิเชษฐ์ จำกัด จำกัด,เกศรา โพธิสัตย์,เชียงใหม่,091 922 8477
CUST06585,บริษัท ห้างหุ้นส่วนจำกัด บุณยะภาชน์เอ็นจิเนียริ่ง จำกัด,จิณภัทตา พรรษาสกุล,นครศรีธรรมราช,044 904275
CUST06586,บริษัท บริษัท ทรัพย์ธำรงค์ จำกัด จำกัด,ชลิดา ฉายแสง,อ้อมน้อย,+662 528 6299
CUST06587,บริษัท มูลนิธิถาวระวรณ์ จำกัด,สุชิน นาคพันธุ์,ขอนแก่น,082-362-0209
CUST06588,บริษัท ห้างหุ้นส่วนจำกัด บุตดา จำกัด,ไมล์ นฤภัย,เชียงราย,03 326 8882
CUST06589,บริษัท บจก.นากกนกเซอร์วิส จำกัด,ประเสริฐ ธูปหอม,แม่สอด,+66 (0) 660 565 063
CUST06590,บริษัท น้ำทิพย์และดาบเพ็ชร์ จำกัด,พิพิธธน สงประเสริฐ,พระนครศรีอยุธยา,0-5775-0316
CUST06591,บริษัท ห้างหุ้นส่วนจำกัด นานายน จำกัด,วรศาสส์ ภูภักดี,ตรัง,+66 (0) 924 142 308
CUST06592,บริษัท บริษัท จันทา จำกัด จำกัด,ศภัคชคง เวียงจันทึก,สมุทรปราการ,0 847 611 222
CUST06593,บริษัท บริษัท ศรทอง จำกัด จำกัด,สันติราษฎร์ ศรีตะวัน,ระยอง,+66 2630 4388
CUST06594,บริษัท บมจ.ทหารแท้การช่าง จำกัด,ญาณพันธุ์ นานายน,อุบลราชธานี,02 268 2465
CUST06595,บริษัท บริษัท นิยมธรรมวิศวการ จำกัด จำกัด,ธนวันต์ ซาซุม,แม่สอด,0-5288-5611
CUST06596,บริษัท ห้างหุ้นส่วนสามัญ ทวนไชย์บริการ จำกัด,ไวพจน์ วาทา,สงขลา,062-116-3322
CUST06597,บริษัท บริษัท บุญญาภิรมย์เซอร์วิส จำกัด จำกัด,วีระวัฒน์ ศาสตร์ศิลป์,นครปฐม,+66 4739 8559
CUST06598,บริษัท บริษัท ธีวร จำกัด จำกัด,จีราภรณ์ ธีวร,ระยอง,0-2662-6822
CUST06599,บริษัท บจก.ทัศนสุทธิ จำกัด,รูไกยะฮ์ สังข์กรด,ขอนแก่น,0 601 169 953
CUST06600,บริษัท ถนัดอาวุธและเขียวขุ้ย จำกัด,เจตพินิษฐ์ นิษประปัญจ์,พระนครศรีอยุธยา,+663 325 1591
CUST06601,บริษัท มูลนิธิเยาวธนโชค จำกัด,ปรายกานต์ ตระกูลบุญ,แหลมฉบัง,037617191
CUST06602,บริษัท บริษัท ตรีเภรินทร์ จำกัด จำกัด,ประไพพักตร์ เขียวขุ้ย,เชียงราย,+66 (0) 928 644 254
CUST06603,บริษัท บริษัท ไม้แดงยานยนต์ จำกัด จำกัด,นาทภูวพัฒน์ ไสยกิจ,พัทยา,+665 868 0873
CUST06604,บริษัท บริษัท ธรรมทินนาแลบ จำกัด จำกัด,จณิตตา นพคเชนทร์,พัทยา,083 489 3669
CUST06605,บริษัท บริษัท เพียยา จำกัด จำกัด,ยอดแมน กุมารบุญ,พระนครศรีอยุธยา,0672817022
CUST06606,บริษัท ห้างหุ้นส่วนจำกัด ตั้งเผ่าภาพยนตร์ จำกัด,ประยุทธ์ เดชคุ้ม,ตรัง,0-2623-3552
CUST06607,บริษัท บริษัท สาระพันธ์เทรดดิ้ง จำกัด จำกัด,รัฐพงษ์ ธีวร,นครปฐม,0669373491
CUST06608,บริษัท ห้างหุ้นส่วนจำกัด ถนัดการเขียน จำกัด,วิชชากร เยาวธนโชค,สมุทรปราการ,042 574192
CUST06609,บริษัท บมจ.ตันเผ่า จำกัด,มูฮัมหมัดอิมรอน ทวนไชย์,นนทบุรี,+66 2822 1235
CUST06610,บริษัท ห้างหุ้นส่วนจำกัด ขำเอนก จำกัด,โกมล นาคพันธุ์,อุบลราชธานี,0 5193 7510
CUST06611,บริษัท มูลนิธิตัณฑนุช จำกัด,กิติวัฒน์ ถนอมมนุษย์,พระนครศรีอยุธยา,039 187802
CUST06612,บริษัท ชมรมธูปหอม จำกัด,เกษมชัย ดุริยพันธุ์,นนทบุรี,0 2881 0193
CUST06613,บริษัท ศาสตร์ศิลป์-สงประเสริฐ จำกัด,พีระพงศ์พันธ์ สุวรรณหงษ์,พัทยา,+665 719 1547
CUST06614,บริษัท ชมรมดุษฎีวนิช จำกัด,ใกล้รุ่ง กุมารบุญ,นครราชสีมา,050-177348
CUST06615,บริษัท หจก.ทรงโกมล จำกัด,เทียมศักดิ์ เนื้อนุ่ม,นครสวรรค์,0 998 358 841
CUST06616,บริษัท บริษัท บุญส่งแพคกิ้ง จำกัด จำกัด,จุฑาภรณ์ ตระกูลบุญ,หาดใหญ่,+663 241 5716
CUST06617,บริษัท บริษัท ตันเผ่าแอนด์ซันส์ จำกัด จำกัด,คำปลิว ตั้งกุลงาม,สงขลา,0 685 744 489
CUST06618,บริษัท บมจ.ดาบเพ็ชร์ จำกัด,ถนอมชัย บุนยาภิสนท์,อ้อมน้อย,0825286848
CUST06619,บริษัท บริษัท ธัญาโภชน์เฟอนิชชิ่ง จำกัด จำกัด,สุพัตร ถนัดเดินข่าว,สมุทรสาคร,+66 (0) 7825 0682
CUST06620,บริษัท บริษัท ศาสตร์ศิลป์วิศวกรรม จำกัด จำกัด,นันทวุฒิ ตราชู,เชียงใหม่,098 662 8274
CUST06621,บริษัท บริษัท นะวะมันดร จำกัด จำกัด,ศจีกาญจน์ ธรรมสถิตไพศาล,สงขลา,+667 813 3275
CUST06622,บริษัท ทำประดู่-ถนอมพลกรัง จำกัด,จีรยุทธ ทรัพย์ธำรงค์,สงขลา,+66 (0) 5059 1656
CUST06623,บริษัท บริษัท ทวนไชย์ จำกัด จำกัด,นัฐพล ภูภักดี,แหลมฉบัง,0967466613
CUST06624,บริษัท บริษัท นุตตาร จำกัด จำกัด,คำมั่น เนตร์มณี,พิษณุโลก,093 689 0885
CUST06625,บริษัท นพคเชนทร์อินเตอร์เนชั่นแนล จำกัด,วรดาพร ธรรมฤดี,พิษณุโลก,+66 (0) 646 139 389
CUST06626,บริษัท หจก.ถนอมพล จำกัด,จักรีรัตน์ บุณยะภาชน์,หาดใหญ่,077-736609
CUST06627,บริษัท บริษัท ทศโยธินสโตร์ จำกัด จำกัด,จักรีรัตน์ คณานุรักษ์,กรุงเทพมหานคร,076 111044
CUST06628,บริษัท บริษัท ไม้แดง จำกัด จำกัด,สมใจ ถนัดรบ,ขอนแก่น,+66 (0) 4730 2794
CUST06629,บริษัท ห้างหุ้นส่วนจำกัด ติณรัตน์ จำกัด,เอกชัย ขุนดำ,พิษณุโลก,+66 2886 0478
CUST06630,บริษัท บริษัท ขำเอนก จำกัด จำกัด,วิพุธ ทวนทอง,ปากเกร็ด,07 303 3664
CUST06631,บริษัท บริษัท นิลวรรณ จำกัด จำกัด,อรุณี แก้วอยู่,สงขลา,04 049 9143
CUST06632,บริษัท บมจ.บุญส่งกลการ จำกัด,สันชัย บุนยาภิสนท์,นครราชสีมา,0-4195-7088
CUST06633,บริษัท บริษัท ตระกูลไม้เรียง จำกัด จำกัด,วิพุธ สังข์กรด,สุราษฎร์ธานี,05 592 0941
CUST06634,บริษัท มูลนิธิประจันตะเสน จำกัด,เมษา เนื้อนุ่ม,เกาะสมุย,0 662 340 784
CUST06635,บริษัท บริษัท นุตตาร จำกัด จำกัด,ธราวิทญ์ นะวะมันดร,กรุงเทพมหานคร,0974285759
CUST06636,บริษัท บมจ.ดำริห์ชอบ จำกัด,วันชนก ทองแท้,รังสิต,02 992 4977
CUST06637,บริษัท บริษัท อุ่นอก จำกัด จำกัด,เขมจิรา ตรีเภรินทร์,เจ้าพระยาสุรศักดิ์,0 7669 2433
CUST06638,บริษัท บริษัท ตัณสถิตย์กรุ๊ป จำกัด จำกัด,นัฐพล ถนอมกุลบุตร,เกาะสมุย,02 331 1743
CUST06639,บริษัท บริษัท หิรัญสาลีเอนเตอรไพรส์ จำกัด จำกัด,สิริรัตน์ พงศ์ฉบับนภา,สมุทรปราการ,079 806525
CUST06640,บริษัท บริษัท ธรรมสถิตไพศาลเอ็นจิเนียริ่ง จำกัด จำกัด,ประภัทร์สรณ์ ทองลาภ,เชียงราย,+66 7904 4316
CUST06641,บริษัท ห้างหุ้นส่วนสามัญ ตวงทองโอสถ จำกัด,ราชันทร์ ถนัดอักษร,อุบลราชธานี,+66 (0) 7778 8873
CUST06642,บริษัท ถนัดหัตถกรรมอิมปอร์ตเอ็กซปอร์ต จำกัด,นราวรรณ ถนัดรบ,อุบลราชธานี,028663804
CUST06643,บริษัท ห้างหุ้นส่วนจำกัด นิยมเซียมการบัญชี จำกัด,สมปอง ถนัดภาษา,หาดใหญ่,+66 698 504 098
CUST06644,บริษัท ธูปะวิโรจน์ยานยนต์ จำกัด,อภิลักษณ์ ดัตพันธุ์,พัทยา,05 349 5852
CUST06645,บริษัท หจก.นุ่มกันการบัญชี จำกัด,ดิลก นพคเชนทร์,อ้อมน้อย,+664 653 2555
CUST06646,บริษัท บมจ.ทองลาภ จำกัด,อุลัยพร ติระคมน์,พระนครศรีอยุธยา,058-756541
CUST06647,บริษัท บริษัท เตมิยะเดชเทรดดิ้ง จำกัด (มหาชน) จำกัด,โยธิการ์ ถนัดพิมพการ,พระนครศรีอยุธยา,07 175 2152
CUST06648,บริษัท บมจ.ภูภักดี จำกัด,แกมแพร นาควงษ์,เชียงใหม่,0879217832
CUST06649,บริษัท บริษัท ขอหมั่นกลาง จำกัด จำกัด,ณปภัช ทองสีไพล,อ้อมน้อย,0 919 928 684
CUST06650,บริษัท สหภาพแรงงานทวีเดช จำกัด,เกียรติศักดิ์ นฤทุกข์,พัทยา,0-2370-9582
CUST06651,บริษัท ห้างหุ้นส่วนสามัญ ธรรมสถิตไพศาล จำกัด,ณิชเชฏฐ์ ตันยา,พิษณุโลก,0 2551 3208
CUST06652,บริษัท บริษัท สุวรรณหงษ์บริการ จำกัด จำกัด,ผดุงพล ยางสวย,นครสวรรค์,0 2209 3286
CUST06653,บริษัท ยาปะโลหิตซัพพลาย จำกัด,ลัดดา นิษประปัญจ์,ยะลา,+662 731 7158
CUST06654,บริษัท บริษัท ไทไชโยและบุตร จำกัด (มหาชน) จำกัด,ศุภชัย นิติสาขา,นครสวรรค์,+66 (0) 4052 2206
CUST06655,บริษัท บริษัท ไทยแท้ จำกัด จำกัด,โชติวุฒิ พรสีมา,นครศรีธรรมราช,036572492
CUST06656,บริษัท บมจ.นวลเพ็ง จำกัด,ทิพรดา สงประเสริฐ,ลำปาง,0680894874
CUST06657,บริษัท บริษัท ธูปหอมแพคกิ้ง จำกัด จำกัด,ศรลักษณ์ เขียวอ่อน,แม่สอด,0643560040
CUST06658,บริษัท ห้างหุ้นส่วนจำกัด ศิวะวรเวท จำกัด,ซูไรดา ทหารแท้,สมุทรสาคร,+66 (0) 822 475 759
CUST06659,บริษัท หสน.แท่นทอง จำกัด,จำรัส นวลเพ็ง,หาดใหญ่,+662 410 1719
CUST06660,บริษัท ห้างหุ้นส่วนสามัญ นิยมสำหรวจการบัญชี จำกัด,อัญชัญ สุวรรณหงษ์,ภูเก็ต,085-068-8429
CUST06661,บริษัท บริษัท นิลสลัวแพคกิ้ง จำกัด จำกัด,ญาณพันธุ์ ดัตพันธุ์,ตรัง,0-5665-8038
CUST06662,บริษัท ธรรมฤดีคอมมิวนิเคชั่น จำกัด,ภานุวัตร ติณรัตน์,พระนครศรีอยุธยา,0 7353 1135
CUST06663,บริษัท ห้างหุ้นส่วนสามัญ ศาสตร์ศิลป์เอเยนซี จำกัด,วรรณชนะชัย ธรรมสถิตไพศาล,รังสิต,0-4836-0315
CUST06664,บริษัท ห้างหุ้นส่วนจำกัด ซูสารอภาพยนตร์ จำกัด,มะลีวัลย์ สาระพันธ์,ขอนแก่น,024470293
CUST06665,บริษัท ถุงเงิน-อุ่นอก จำกัด,ไพสิฐ ศรีเผด็จ,นครศรีธรรมราช,0-5991-6276
CUST06666,บริษัท บริษัท นิลวรรณ จำกัด (มหาชน) จำกัด,เกศรา ดุริยพันธุ์,แม่สอด,040636899
CUST06667,บริษัท บริษัท ขุนดำ จำกัด จำกัด,พัสวี อัตตนาถ,ขอนแก่น,04 963 5846
CUST06668,บริษัท ถนัดหัตถกรรมก่อสร้าง จำกัด,มนัส แนวพนิช,นนทบุรี,0-3185-3248
CUST06669,บริษัท ห้างหุ้นส่วนสามัญ ถมปัด จำกัด,ราชัน ธรรมสถิตไพศาล,แหลมฉบัง,+66 (0) 678 046 229
CUST06670,บริษัท บริษัท อัตตนาถเฟอร์นิเจอร์ จำกัด จำกัด,นิรุตต์ นามเสวตร,นครศรีธรรมราช,040-585971
CUST06671,บริษัท บริษัท ด้วงโสน จำกัด จำกัด,วรรณชนะชัย พรสีมา,นนทบุรี,+66 (0) 7292 8622
CUST06672,บริษัท บริษัท เมืองสุขกรุ๊ป จำกัด จำกัด,อัญพัชร์ ถ้วนศรี,พระนครศรีอยุธยา,+66 (0) 672 129 123
CUST06673,บริษัท สมาคมทองสุกเลิศ จำกัด,จด วุฑฒยากร,ลำปาง,03 688 5662
CUST06674,บริษัท บริษัท เมืองสุข จำกัด (มหาชน) จำกัด,อาแอเสาะ ไม้แดง,เชียงใหม่,038 817964
CUST06675,บริษัท บริษัท ถุงเงิน จำกัด จำกัด,สายสุรีย์ เธียรายัน,พิษณุโลก,+66 7286 1691
CUST06676,บริษัท บุนยะศัพท์-บุญญาไลย์ จำกัด,พิศพรรณ นากกนก,สมุทรปราการ,+66 (0) 4207 5533
CUST06677,บริษัท ห้างหุ้นส่วนจำกัด นาคสุทินมอเตอร์ จำกัด,โสภณ ถ้วนศรี,หาดใหญ่,+667 774 2176
CUST06678,บริษัท ห้างหุ้นส่วนสามัญ ถนัดอักษรยานยนต์ จำกัด,เขียว พรสีมา,พระนครศรีอยุธยา,0 2207 8770
CUST06679,บริษัท ห้างหุ้นส่วนสามัญ ถนัดการยนต์ จำกัด,สิริกานต์ ทหารแท้,อุดรธานี,058 944420
CUST06680,บริษัท มนทอง-หนุนสุข จำกัด,ประวี เตมิยะเดช,สงขลา,+667 892 9856
CUST06681,บริษัท บมจ.พานเกล้าสโตร์ จำกัด,อนิวัฒน์ เพียยา,พัทยา,+66 (0) 855 514 096
CUST06682,บริษัท ธูปะวิโรจน์และประจันตะเสน จำกัด,บุญเทียน นิยมสำหรวจ,เจ้าพระยาสุรศักดิ์,058-502757
CUST06683,บริษัท บริษัท เนื่องนนท์บริการ จำกัด จำกัด,วิชชากร ธนูปกรณ์,นครสวรรค์,089 986 7084
CUST06684,บริษัท บจก.นิลเสนาวิศวการ จำกัด,ไชยภพ ดัตพันธุ์,อุดรธานี,03 550 3435
CUST06685,บริษัท บริษัท เดชคุ้ม จำกัด (มหาชน) จำกัด,วรนาฎ ธนรักษ์,แหลมฉบัง,075696171
CUST06686,บริษัท นุชแนวนุ่ม-ศรีตะวัน จำกัด,สมมล ถนัดกลึง,ระยอง,070 445272
CUST06687,บริษัท ชมรมมิ่งขวัญ จำกัด,ภูวัน ซาซุม,สงขลา,0-3695-0383
CUST06688,บริษัท ห้างหุ้นส่วนจำกัด แถมธนพานิช จำกัด,จิณภัทตา นุ่มกัน,นครศรีธรรมราช,0-3414-2600
CUST06689,บริษัท สมาคมวิลาสินี จำกัด,นัสรุน โพธิสัตย์,ยะลา,+66 (0) 659 436 750
CUST06690,บริษัท บริษัท พานเกล้าพานิช จำกัด จำกัด,จิราภรณ์ ฉัตรอภิเที่ยงค่ำ,อุบลราชธานี,+66 (0) 672 367 475
CUST06691,บริษัท บริษัท นพคเชนทร์วิศวการ จำกัด จำกัด,จำรัส ขอหมั่นกลาง,นนทบุรี,076738987
CUST06692,บริษัท สหภาพแรงงานนุชแนวนุ่ม จำกัด,นรีรัตน์ นิลวิมล,นครสวรรค์,+664 142 6399
CUST06693,บริษัท มูลนิธิคณานุรักษ์ จำกัด,โชคภาดล ดัตพันธุ์,เชียงใหม่,0 974 876 193
CUST06694,บริษัท บริษัท ทองปากน้ำ จำกัด (มหาชน) จำกัด,วรนาฎ ถาวรายุศม์,แม่สอด,0-7084-1954
CUST06695,บริษัท บริษัท นามเสวตรวิศวการ จำกัด จำกัด,นิติยา นักรบ,รังสิต,+66 5620 0595
CUST06696,บริษัท ห้างหุ้นส่วนสามัญ นาคสุทิน จำกัด,เลิศเดช ตวงทอง,กรุงเทพมหานคร,+66 (0) 3710 8130
CUST06697,บริษัท บริษัท แหยมศิริ จำกัด จำกัด,มนรัตน์ ศรีสัตย์,สมุทรสาคร,+66 3070 3320
CUST06698,บริษัท อุ่นอกอะไหล่ยนต์ จำกัด,นพรัตน์ หนักแน่น,ภูเก็ต,+66 (0) 938 586 349
CUST06699,บริษัท สมาคมพงศ์ฉบับนภา จำกัด,ทินวัฒน์ ถนัดการเขียน,นครราชสีมา,+665 127 9621
CUST06700,บริษัท บริษัท ทรัพย์สารและเพื่อน จำกัด จำกัด,ทิพรดา ทองแท้,พิษณุโลก,0 2014 7966
CUST06701,บริษัท หจก.เมืองสุข จำกัด,พิพิธธน บินดี,นครปฐม,03 432 8077
CUST06702,บริษัท บริษัท ทหารแท้อินเตอร์เนชั่นแนล จำกัด จำกัด,ทิพรดา ทำประดู่,แม่สอด,041699941
CUST06703,บริษัท บริษัท นิติสาขา จำกัด จำกัด,ภัทรนาฎ ถิรสวัสดิ์,อุบลราชธานี,033 128719
CUST06704,บริษัท ห้างหุ้นส่วนจำกัด ดาตู จำกัด,ณิชเชฏฐ์ ศรทอง,สมุทรปราการ,+66 812 313 221
CUST06705,บริษัท สมาคมพรสีมา จำกัด,ซูไรดา ถนัดเดินข่าว,หาดใหญ่,073-684262
CUST06706,บริษัท บริษัท ถนัดรบก่อสร้าง จำกัด จำกัด,ทองสิริ ธรรมนิยม,นครราชสีมา,07 156 2369
CUST06707,บริษัท บริษัท บุตราชภาพยนตร์ จำกัด จำกัด,เรืองเกียรติ หอมพิกุล,สุราษฎร์ธานี,0 4902 5395
CUST06708,บริษัท บริษัท ถนิมมาศก่อสร้าง จำกัด จำกัด,ประเสริฐ หอมสิน,แหลมฉบัง,0-4981-0942
CUST06709,บริษัท บริษัท พงศ์ฉบับนภาสโตร์ จำกัด จำกัด,พิไลพร ศรีตะวัน,รังสิต,082 597 4827
CUST06710,บริษัท บริษัท ถนัดเดินข่าว จำกัด,โกมล ถนัดรบ,ลำปาง,098 307 2681
CUST06711,บริษัท ชมรมทองเนื้อดี จำกัด,สหัสมณี นิลเสนา,ขอนแก่น,028-420866
CUST06712,บริษัท ชมรมกุมารบุญ จำกัด,ประภัทร์สรณ์ นับเนื่องนอ,นนทบุรี,04 777 0091
CUST06713,บริษัท บริษัท ดัตพันธุ์ จำกัด (มหาชน) จำกัด,วิสาร ธนประทีป,เชียงราย,+66 (0) 941 992 904
CUST06714,บริษัท บริษัท ถนัดหัตถกรรม จำกัด จำกัด,อิสรันดร์ นาควงษ์,ปากเกร็ด,+66 (0) 4290 4915
CUST06715,บริษัท ฉัพพรรณธนกูร-ซาซุม จำกัด,ศศิธร ทองลาภ,แม่สอด,0 2283 1311
CUST06716,บริษัท บุนยาภิสนท์และแนวพญา จำกัด,พันเกล้า ตันตราจิณ,กรุงเทพมหานคร,095-831-5761
CUST06717,บริษัท ดัตพันธุ์-เลิศกิ่ง จำกัด,ธีรลักษณ์ นิลสุวรรณ์,รังสิต,044198815
CUST06718,บริษัท บริษัท ธนูปกรณ์ภาพยนตร์ จำกัด จำกัด,จักรกฤนาย แหยมศิริ,เชียงใหม่,058-936905
CUST06719,บริษัท บจก.ดุริยพันธุ์คอนสตรัคชั่น จำกัด,นราวรรณ ศรทอง,สุราษฎร์ธานี,+664 332 1699
CUST06720,บริษัท บริษัท ธีวร จำกัด จำกัด,ธนกิตต์ นักสำหรวจ,นครศรีธรรมราช,0 4559 0727
CUST06721,บริษัท บริษัท ไทยแท้และบุตร จำกัด จำกัด,ศุภชัย บุญญาภิรมย์,สมุทรปราการ,+66 (0) 897 345 217
CUST06722,บริษัท บริษัท ถนัดรบคอมมิวนิเคชั่น จำกัด จำกัด,รัฐพงษ์ ยะผา,สมุทรปราการ,029710186
CUST06723,บริษัท ห้างหุ้นส่วนจำกัด ตระกูลบุญ จำกัด,ลัดดา ถะเกิงชศ,กรุงเทพมหานคร,0 653 164 847
CUST06724,บริษัท บริษัท นกทองยานยนต์ จำกัด จำกัด,เกษรา เมืองสุข,ปากเกร็ด,+66 (0) 894 002 963
CUST06725,บริษัท ชมรมนพคเชนทร์ จำกัด,ธราวิทญ์ ถนัดอักษร,สุราษฎร์ธานี,04 425 4794
CUST06726,บริษัท ห้างหุ้นส่วนจำกัด ทวนไชย์ จำกัด,กนกเนตร ภูภักดี,เชียงราย,024851540
CUST06727,บริษัท ห้างหุ้นส่วนสามัญ อุลหัสสามอเตอร์ จำกัด,ปัณณธร ชำนาญวาด,เกาะสมุย,0963280588
CUST06728,บริษัท ห้างหุ้นส่วนจำกัด ปรีชากุลเศรษฐ์ จำกัด,พงษ์นเรศ วาทา,เชียงใหม่,044-224698
CUST06729,บริษัท บจก.แต้กุลเทรดดิ้ง จำกัด,สันติราษฎร์ นาถะเดชะ,สมุทรปราการ,0923733771
CUST06730,บริษัท บริษัท ทรัพย์ธำรงค์แพคกิ้ง จำกัด จำกัด,ใจกลาง นาควงษ์,เจ้าพระยาสุรศักดิ์,072 781494
CUST06731,บริษัท มิ่งขวัญและบุตร จำกัด,วัลลภ บุณยะภาชน์,ลำปาง,072 312981
CUST06732,บริษัท ชมรมนิลสลัว จำกัด,วิรศักดิ์ ไทนิยม,ระยอง,0 644 271 628
CUST06733,บริษัท ห้างหุ้นส่วนจำกัด ฉัพพรรณธนกูร จำกัด,ทินพร วุฑฒยากร,เจ้าพระยาสุรศักดิ์,+665 447 4787
CUST06734,บริษัท ห้างหุ้นส่วนจำกัด บุญญาภิรมย์ จำกัด,จำรัส ดาบเพ็ชร์,อ้อมน้อย,023-690057
CUST06735,บริษัท หจก.เยาวธนโชคเอนเตอรไพรส์ จำกัด,ภูมิปัญญา บุญญาไลย์,เจ้าพระยาสุรศักดิ์,+667 566 2762
CUST06736,บริษัท ห้างหุ้นส่วนจำกัด ทัศนสุทธิอินเตอร์เนชั่นแนล จำกัด,มะสูเกียน ตัณสถิตย์,พระนครศรีอยุธยา,+66 4223 5170
CUST06737,บริษัท บริษัท ชุมวระ จำกัด จำกัด,วนาลี เนื้อนุ่ม,สมุทรสาคร,0974785577
CUST06738,บริษัท บริษัท ธัญาโภชน์ จำกัด จำกัด,ประยุทธ์ บุญส่ง,นครราชสีมา,+66 (0) 7568 9330
CUST06739,บริษัท ตั้งรบ-ศรีธนะเวทย์ จำกัด,รอซีด๊ะ นักรบ,นครศรีธรรมราช,0 2142 2463
CUST06740,บริษัท บริษัท นักรบขนส่ง จำกัด (มหาชน) จำกัด,ภารวี หนุนสุข,ปากเกร็ด,0 3353 9215
CUST06741,บริษัท ถนอมพล-ตันเผ่า จำกัด,ธีรวัช ธีวร,ยะลา,03 680 3966
CUST06742,บริษัท บริษัท ตรีครุธพันธุ์ จำกัด จำกัด,พิมพกานต์ ไชยภา,ยะลา,093 924 3173
CUST06743,บริษัท ถ้วนศรี-นุชแนวนุ่ม จำกัด,กวาง ศรีธนะเวทย์,ยะลา,096 780 2816
CUST06744,บริษัท บริษัท ถนัดภาษาบริการ จำกัด จำกัด,คมสัน ถาวรายุศม์,ลำปาง,049 445369
CUST06745,บริษัท มูลนิธิเธียรายัน จำกัด,ทิพย์วารี ศรีเผด็จ,พัทยา,0 2648 5138
CUST06746,บริษัท บริษัท ทันยุค จำกัด (มหาชน) จำกัด,อาแอเสาะ ทหารแท้,ภูเก็ต,0 929 659 632
CUST06747,บริษัท ห้างหุ้นส่วนสามัญ ถาวรรัตนอิมปอร์ตเอ็กซปอร์ต จำกัด,รักชนก ซาซุม,ระยอง,056 737460
CUST06748,บริษัท บริษัท ตะละภัฏเฟอร์นิเจอร์ จำกัด จำกัด,กองสิน ถนัดอาวุธ,อ้อมน้อย,0 2115 3534
CUST06749,บริษัท ห้างหุ้นส่วนจำกัด พรรษาสกุลและเพื่อน จำกัด,กะดิรัตน์ นามขำ,ยะลา,+66 (0) 4844 6392
CUST06750,บริษัท บจก.นาถะเดชะ จำกัด,ซูฮัยดา ธรรมทินนา,นครสวรรค์,0 7608 2079
CUST06751,บริษัท ห้างหุ้นส่วนจำกัด บุนยะศัพท์สโตร์ จำกัด,ศิรินันท์ ทับทิมไทย,เกาะสมุย,039 238712
CUST06752,บริษัท ห้างหุ้นส่วนจำกัด ศรีวงค์วิศวกรรม จำกัด,ประยุทธ์ ศรทอง,นนทบุรี,093-963-3164
CUST06753,บริษัท นามเสวตรบริการ จำกัด,ณัฐติญา นุชแนวนุ่ม,หาดใหญ่,+66 668 514 904
CUST06754,บริษัท บริษัท ตันเผ่า จำกัด (มหาชน) จำกัด,พีรพัฒน์ จันอ้น,อ้อมน้อย,05 354 1822
CUST06755,บริษัท สมาคมนิษประปัญจ์ จำกัด,หลี พรมอ่อน,อุบลราชธานี,073316560
CUST06756,บริษัท ไม้แดง-นพคเชนทร์ จำกัด,ไวพจน์ ทีฆะ,นนทบุรี,+66 (0) 3066 5729
CUST06757,บริษัท บริษัท ถาวระวรณ์และบุตร จำกัด จำกัด,ฉลองชัย บุตดา,นครราชสีมา,033 788309
CUST06758,บริษัท ศิวะวรเวทและถิรสวัสดิ์ จำกัด,กิติกานต์ นาควงษ์,สมุทรปราการ,074822873
CUST06759,บริษัท หจก.แนวพนิช จำกัด,เพ็ญพรรษา ไทไชโย,ภูเก็ต,+662 720 3042
CUST06760,บริษัท นกทองขนส่ง จำกัด,ณัฐธิตา ดุษฎีวนิช,นครสวรรค์,05 456 5938
CUST06761,บริษัท บริษัท พีระเพ็ญกุลบริการ จำกัด จำกัด,ทวีวัฒน์ ดาวอร่าม,อุดรธานี,+66 7394 7365
CUST06762,บริษัท ห้างหุ้นส่วนจำกัด น้ำทิพย์การบัญชี จำกัด,นิรันดร์ ฉิมพาลี,สงขลา,+66 975 128 290
CUST06763,บริษัท หจก.ตระกูลไม้เรียงอิมปอร์ตเอ็กซปอร์ต จำกัด,ศศินา ดาวอร่าม,สมุทรสาคร,029 552183
CUST06764,บริษัท บริษัท บินดีการค้า จำกัด จำกัด,สุพัตรา ราชมณี,สงขลา,+66 (0) 942 164 736
CUST06765,บริษัท บริษัท คณานุรักษ์บริการ จำกัด จำกัด,อุดมลักษณ์ หนุนสุข,สกลนคร,0681943354
CUST06766,บริษัท ห้างหุ้นส่วนจำกัด ผลบุญ จำกัด,ผดุงชาติ นานายน,พระนครศรีอยุธยา,+664 949 8298
CUST06767,บริษัท บริษัท ไสยกิจวิศวกรรม จำกัด จำกัด,สุภัทริดา ติระคมน์,เชียงใหม่,+66 (0) 825 543 259
CUST06768,บริษัท หจก.ทรัพย์สารมอเตอร์ จำกัด,ดิลก ตั้งรบ,ระยอง,0 4465 8500
CUST06769,บริษัท บมจ.ดาบเงินขนส่ง จำกัด,รอซีด๊ะ ถมปัด,สงขลา,074532781
CUST06770,บริษัท หจก.บุนยะศัพท์ จำกัด,สุรวัช ถนัดรักษา,แม่สอด,0 3938 5858
CUST06771,บริษัท บมจ.เณรานุสนธิ์ จำกัด,ชนิศา ศรีเผด็จ,ตรัง,078255128
CUST06772,บริษัท บริษัท จันทา จำกัด จำกัด,รอซีด๊ะ ดุริยพันธุ์,นครศรีธรรมราช,0 4385 7516
CUST06773,บริษัท บมจ.ดำริห์ชอบวิศวกรรม จำกัด,เจษฏาภรณ์ ถนอมมนุษย์,เชียงราย,0 813 131 625
CUST06774,บริษัท บริษัท ฉายแสง จำกัด,พันเทพ ทรัพย์สาร,พิษณุโลก,0-7847-6391
CUST06775,บริษัท บริษัท แนวพญา จำกัด จำกัด,สุรธัช ถนัดการเขียน,เชียงใหม่,+662 748 5446
CUST06776,บริษัท บจก.เดชคุ้ม จำกัด,พิมพ์ประภา ขอหมั่นกลาง,กรุงเทพมหานคร,+66 (0) 612 264 176
CUST06777,บริษัท ถ้วนศรีและตวันเยี่ยม จำกัด,ศรีสวัสดิ์ ทันยุค,หาดใหญ่,+66 (0) 7559 8661
CUST06778,บริษัท หจก.ทับทิมไทยการค้า จำกัด,หลี บุตดา,นครสวรรค์,020196322
CUST06779,บริษัท บจก.ถนัดภาษา จำกัด,ไชยภพ อุลหัสสา,นครสวรรค์,0 613 220 284
CUST06780,บริษัท หจก.เลขะพันธุ์ จำกัด,ณาร์รีมาน นุชแนวนุ่ม,พิษณุโลก,0-2192-7325
CUST06781,บริษัท ห้างหุ้นส่วนสามัญ บุตดา จำกัด,พลานุช พรสีมา,ระยอง,+66 7552 1725
CUST06782,บริษัท หจก.ทองสุกเลิศเซอร์วิส จำกัด,พศร ทวนทอง,สกลนคร,0-3537-9269
CUST06783,บริษัท บริษัท เขียวอ่อน จำกัด (มหาชน) จำกัด,พันเกล้า เธียรายัน,ภูเก็ต,063 702 8034
CUST06784,บริษัท บริษัท หนักแน่น จำกัด จำกัด,พิชญ์สินี บัวเผื่อน,พระนครศรีอยุธยา,0 5871 1638
CUST06785,บริษัท กุมารบุญเคมิคอล จำกัด,เจตพินิษฐ์ นพตระกูล,แหลมฉบัง,+66 (0) 2358 9191
CUST06786,บริษัท หจก.ธุวะนุติ์ จำกัด,เชิงชาย เช้าวันดี,ขอนแก่น,+66 830 513 341
CUST06787,บริษัท ห้างหุ้นส่วนจำกัด หนักแน่นคอมพิวเตอร์ จำกัด,จิราภรณ์ ประจันตะเสน,เชียงใหม่,0 603 384 652
CUST06788,บริษัท ถิรสวัสดิ์-เนื้อนุ่ม จำกัด,วนาลี ทองสินธุ์,รังสิต,+663 565 3979
CUST06789,บริษัท บริษัท ถนัดกลึงคอมพิวเตอร์ จำกัด จำกัด,ปัณณวัชร เยาวธนโชค,ปากเกร็ด,+66 2972 7538
CUST06790,บริษัท มูลนิธิธรรมทินนา จำกัด,พัชรีนิษฐ์ ธูปะวิโรจน์,เจ้าพระยาสุรศักดิ์,0-4220-5600
CUST06791,บริษัท บริษัท ธนประทีป จำกัด จำกัด,ภานุวัตร ถาวรรัตน,เกาะสมุย,045067274
CUST06792,บริษัท ห้างหุ้นส่วนจำกัด นาถะพินธุสโตร์ จำกัด,พัสวี ทหารแท้,นนทบุรี,076-318365
CUST06793,บริษัท นวลฉวีแอนด์ซันส์ จำกัด,หรรษา บุณยะภาชน์,เจ้าพระยาสุรศักดิ์,027-598706
CUST06794,บริษัท หจก.ไทยสุชาตกรุ๊ป จำกัด,ดวงจันทร์ ศรีเผด็จ,สุราษฎร์ธานี,0 996 516 469
CUST06795,บริษัท บริษัท ธรรมสถิตไพศาลการบัญชี จำกัด จำกัด,มณียา ธรรมนิยม,สงขลา,+66 (0) 678 198 058
CUST06796,บริษัท ห้างหุ้นส่วนสามัญ อัตตนาถซัพพลาย จำกัด,เถลิงยศ นุตตาร,นนทบุรี,0812672737
CUST06797,บริษัท บริษัท ถุงเงิน จำกัด จำกัด,จิณภัทตา ศรีสัตย์,ยะลา,088 749 9840
CUST06798,บริษัท บริษัท ฉายแสง จำกัด จำกัด,กิติยาธรณ์ เจริญรัมย์,พระนครศรีอยุธยา,0-7431-0235
CUST06799,บริษัท บริษัท ตัณฑนุชเซอร์วิส จำกัด จำกัด,วันชนก นครเทพ,รังสิต,+66 905 741 612
CUST06800,บริษัท บริษัท พรรษาสกุลมอเตอร์ จำกัด (มหาชน) จำกัด,โยธิการ์ ถมปัด,ขอนแก่น,0 923 103 121
CUST06801,บริษัท สงประเสริฐการบัญชี จำกัด,โรสชา อุลหัสสา,สมุทรปราการ,+66 957 363 456
CUST06802,บริษัท ซูสารอ-ทับทิมไทย จำกัด,พงษ์นเรศ ถนัดการเขียน,นครราชสีมา,05 230 5539
CUST06803,บริษัท บริษัท จ้อยนุแสง จำกัด จำกัด,อำไพ นิลสลัว,สงขลา,+662 239 6815
CUST06804,บริษัท บริษัท ทองสินธุ์ จำกัด จำกัด,ศศิธร ตันตราจิณ,ภูเก็ต,+66 626 719 665
CUST06805,บริษัท สมาคมนิลวิมล จำกัด,อณาวิน ตราชู,สงขลา,0 658 205 348
CUST06806,บริษัท ห้างหุ้นส่วนจำกัด แก้วชลครามภาพยนตร์ จำกัด,พัชรพร ธัญเสถียร,นนทบุรี,0 652 879 443
CUST06807,บริษัท บจก.ไสยกิจ จำกัด,พัสวี ภูภักดี,อุบลราชธานี,0 5191 8956
CUST06808,บริษัท บริษัท ทหารแท้เฟอร์นิเจอร์ จำกัด จำกัด,ชัชนันท์ ดาตู,นครราชสีมา,+66 4325 3685
CUST06809,บริษัท บริษัท ดาบเพ็ชร์ จำกัด จำกัด,จิตรลดา นาคสุทิน,แหลมฉบัง,0 7189 4775
CUST06810,บริษัท ห้างหุ้นส่วนจำกัด ศรทองโอสถ จำกัด,มัตติกา นาควงษ์,พิษณุโลก,+66 7160 3592
CUST06811,บริษัท บริษัท นาถะพินธุกรุ๊ป จำกัด (มหาชน) จำกัด,อธิตยา ศรีวงค์,แหลมฉบัง,064 893 3291
CUST06812,บริษัท บริษัท ไตรบรรพ จำกัด จำกัด,ดารุนี ธรรมทินนา,นครศรีธรรมราช,0-7429-9764
CUST06813,บริษัท บจก.ทีฆะการช่าง จำกัด,ปัณณธร นามขำ,หาดใหญ่,075 274218
CUST06814,บริษัท เช้าวันดีคอนสตรัคชั่น จำกัด,ธเนษฐ ตัณสถิตย์,สงขลา,097 194 6298
CUST06815,บริษัท ห้างหุ้นส่วนจำกัด ธูปหอมกรุ๊ป จำกัด,วรรณนิสา หอมสิน,อุดรธานี,0-3595-7697
CUST06816,บริษัท สหภาพแรงงานทรัพย์ธำรงค์ จำกัด,นาทภูวพัฒน์ นับเนื่องนอ,ขอนแก่น,0 2636 9882
CUST06817,บริษัท บริษัท ธนประทีป จำกัด,แปลง นิระหานี,สกลนคร,+663 031 7174
CUST06818,บริษัท ห้างหุ้นส่วนจำกัด บุตดาโอสถ จำกัด,ดิลก หอมพิกุล,รังสิต,073164656
CUST06819,บริษัท บจก.พานเกล้าแลบ จำกัด,ภัคศุภางค์ สาระพันธ์,หาดใหญ่,+66 874 846 073
CUST06820,บริษัท ห้างหุ้นส่วนจำกัด เณรานุสนธิ์ จำกัด,ฐิติยาพร ธรรมนิยม,ลำปาง,02 321 6173
CUST06821,บริษัท หจก.ฉิมพาลีสโตร์ จำกัด,สุกฤษตา ไทยสุชาต,เกาะสมุย,0645686192
CUST06822,บริษัท หสน.อุ่นอกเฟอร์นิเจอร์ จำกัด,เทพนารี นาคะนคร,พัทยา,0 2244 4336
CUST06823,บริษัท สมาคมบุญบำรุง จำกัด,ภานิณี วิลาสินี,รังสิต,+66 (0) 668 173 701
CUST06824,บริษัท บริษัท ศรีตะวัน จำกัด จำกัด,สายสุรีย์ ไทไชโย,ยะลา,+667 606 6540
CUST06825,บริษัท ทศโยธิน-ไชยภา จำกัด,มนรัตน์ สงประเสริฐ,สมุทรสาคร,05 467 6094
CUST06826,บริษัท ไทยสุชาต-ตระกูลไม้เรียง จำกัด,สีหราช บุนยะศัพท์,หาดใหญ่,094 416 1806
CUST06827,บริษัท ตระกูลไม้เรียงขนส่ง จำกัด,เขียว ศรีอุ่น,สงขลา,075 024048
CUST06828,บริษัท บริษัท นพตระกูลยานยนต์ จำกัด จำกัด,อิสรันดร์ นามเสวตร,นครสวรรค์,0-5082-0066
CUST06829,บริษัท บริษัท ปานสุวรรณ จำกัด จำกัด,ฐิตาพร ธรรมทินนา,พระนครศรีอยุธยา,0-7168-4371
CUST06830,บริษัท ชุมวระเคมิคอล จำกัด,สิทธัญ ถนัดอาวุธ,อุดรธานี,+66 3126 7646
CUST06831,บริษัท บริษัท ชุมวระมอเตอร์ จำกัด จำกัด,สุกฤษตา ธาราธร,รังสิต,070-453215
CUST06832,บริษัท บุญศลเฟอร์นิเจอร์ จำกัด,เอกวิทย์ อุลหัสสา,ยะลา,069-094-4229
CUST06833,บริษัท ห้างหุ้นส่วนจำกัด ดิศดในและเพื่อน จำกัด,แปลง เจริญรัมย์,ขอนแก่น,05 175 4205
CUST06834,บริษัท บริษัท ถิรสวัสดิ์ จำกัด จำกัด,ชัญญานุนาย ตราชู,หาดใหญ่,+66 3352 5474
CUST06835,บริษัท นรวิทย์โชติกุลอินเตอร์เนชั่นแนล จำกัด,อาแอเสาะ ศรีเผด็จ,ปากเกร็ด,0 5297 2569
CUST06836,บริษัท ห้างหุ้นส่วนสามัญ ทองเนื้อดีจิวเวลรี่ จำกัด,วิพุธ ตะละภัฏ,หาดใหญ่,05 970 5659
CUST06837,บริษัท ห้างหุ้นส่วนสามัญ บุนยะศัพท์แลบ จำกัด,พรรณปพร บุญส่ง,นครศรีธรรมราช,0 3849 9463
CUST06838,บริษัท ห้างหุ้นส่วนจำกัด ศาสตร์ศิลป์ จำกัด,บุญนพ โพธิสัตย์,เชียงราย,055-765323
CUST06839,บริษัท หสน.ถาวรรัตนซัพพลาย จำกัด,รอซีด๊ะ ศรีอุ่น,เชียงใหม่,0-7098-9148
CUST06840,บริษัท ห้างหุ้นส่วนจำกัด ดาบเพ็ชร์เอเยนซี จำกัด,น้ำเพชร ทรงโกมล,พัทยา,+663 901 2978
CUST06841,บริษัท ห้างหุ้นส่วนจำกัด หิรัญสาลี จำกัด,พีระพงศ์พันธ์ ทัศนสุทธิ,แม่สอด,+66 849 286 853
CUST06842,บริษัท ทองสีไพลเฟอนิชชิ่ง จำกัด,ทิมาภรณ์ ยะผา,นครปฐม,070-256068
CUST06843,บริษัท บริษัท สังข์กรด จำกัด จำกัด,ปัตถพงษ์ ทศโยธิน,สุราษฎร์ธานี,074 335879
CUST06844,บริษัท หจก.เช้าวันดี จำกัด,มนัญชยา ดีตพันธุ์,กรุงเทพมหานคร,+66 (0) 936 054 156
CUST06845,บริษัท ห้างหุ้นส่วนจำกัด ชำนาญวาด จำกัด,เทพณรงค์ นิลวิมล,หาดใหญ่,0979514488
CUST06846,บริษัท ห้างหุ้นส่วนจำกัด บุญญาไลย์ จำกัด,สุทกร นะวะมันดร,ลำปาง,+66 5819 9441
CUST06847,บริษัท มูลนิธิวิลาสินี จำกัด,ธัชญา กุมารบุญ,ภูเก็ต,+66 (0) 623 326 534
CUST06848,บริษัท หจก.ทันยุควิศวกรรม จำกัด,บุญเอก นิลสุวรรณ์,นนทบุรี,070-324166
CUST06849,บริษัท บริษัท นิระหานี จำกัด (มหาชน) จำกัด,จิฬาภรณ์ ตัณสถิตย์,ปากเกร็ด,0 5539 6649
CUST06850,บริษัท บริษัท ราชมณี จำกัด จำกัด,เฉลิมพล ขุนดำ,พิษณุโลก,054-805608
CUST06851,บริษัท บริษัท ถนัดกลึง จำกัด จำกัด,พิศพรรณ ดำริห์ชอบ,รังสิต,023259197
CUST06852,บริษัท หจก.สงประเสริฐบริการ จำกัด,เยาวรัตน์ ศาสตร์ศิลป์,สุราษฎร์ธานี,+667 669 5549
CUST06853,บริษัท หจก.ดาบเพ็ชร์วิศวการ จำกัด,ซูไรดา เจริญรัมย์,ตรัง,05 058 7915
CUST06854,บริษัท สมาคมดิศดใน จำกัด,ภัคชนน เลขะพันธุ์,หาดใหญ่,073-376872
CUST06855,บริษัท บริษัท ถิรสวัสดิ์อุตสาหกรรม จำกัด จำกัด,พรชนก นฤทุกข์,อ้อมน้อย,+665 436 4343
CUST06856,บริษัท เพียยาและบุนยะศัพท์ จำกัด,จรรยพร นครเทพ,นครศรีธรรมราช,052-478871
CUST06857,บริษัท หจก.ทองลาภพานิช จำกัด,เจตพินิษฐ์ เธียรายัน,ตรัง,065 291 8546
CUST06858,บริษัท บริษัท นครเทพ จำกัด จำกัด,ณัฐติญา ถนอมพลกรัง,เชียงใหม่,+66 (0) 973 652 623
CUST06859,บริษัท บริษัท ถ้วนศรี จำกัด จำกัด,กระสุน เนื่องนนท์,ภูเก็ต,+66 7349 8975
CUST06860,บริษัท บริษัท ศรีสัตย์และบุตร จำกัด จำกัด,จด ตะละภัฏ,สมุทรสาคร,+66 4081 6530
CUST06861,บริษัท ห้างหุ้นส่วนสามัญ ธีวร จำกัด,มารีนี หอมพิกุล,สมุทรปราการ,037-946130
CUST06862,บริษัท บริษัท สุวรรณหงษ์กรุ๊ป จำกัด จำกัด,อุษณีย์ ธรรมเมธา,เชียงใหม่,+66 (0) 4995 5790
CUST06863,บริษัท ห้างหุ้นส่วนจำกัด ศรีสัตย์ จำกัด,ผดุงพล ฉัพพรรณธนกูร,พัทยา,+66 (0) 641 148 943
CUST06864,บริษัท บริษัท วิลาสินี จำกัด จำกัด,นภัสรินทร์ ถนัดภาษา,หาดใหญ่,+665 900 1017
CUST06865,บริษัท บจก.ธูปะวิโรจน์บริการ จำกัด,นภนต์ เลขะพันธุ์,เชียงใหม่,05 419 4149
CUST06866,บริษัท บริษัท นาฏคายี จำกัด (มหาชน) จำกัด,สุทธิพจน์ ดาตู,ระยอง,0-7998-7183
CUST06867,บริษัท บริษัท ติณรัตน์จิวเวลรี่ จำกัด จำกัด,พีรพัฒน์ จันทา,เกาะสมุย,088 966 0204
CUST06868,บริษัท สมาคมตระกูลไม้เรียง จำกัด,สิริกานต์ นวลเพ็ง,อุดรธานี,0 5721 2361
CUST06869,บริษัท หจก.นาคะนคร จำกัด,จันทภา ฉายแสง,นครศรีธรรมราช,0 3128 0226
CUST06870,บริษัท บริษัท ผลบุญ จำกัด จำกัด,พีรพัฒน์ ถนอมกุลบุตร,นครราชสีมา,+665 942 8807
CUST06871,บริษัท สังข์กรดและปรีชากุลเศรษฐ์ จำกัด,ฐิติวุฒิ ถนิมมาศ,นครปฐม,036-511876
CUST06872,บริษัท นะวะมันดรแอนด์ซันส์ จำกัด,เจษฎากร ตั้งรบ,สุราษฎร์ธานี,0-5192-9008
CUST06873,บริษัท หจก.ฉิมพาลี จำกัด,วัลลภ ตั้งกุลงาม,นนทบุรี,+66 843 095 631
CUST06874,บริษัท บจก.แต้กุลบริการ จำกัด,ราชัน ถนัดกลึง,สุราษฎร์ธานี,071 320599
CUST06875,บริษัท บริษัท เมืองสุข จำกัด จำกัด,สิรวัฒน์ ทรัพย์สาร,ขอนแก่น,+66 5773 3366
CUST06876,บริษัท หจก.นฤทุกข์อะไหล่ยนต์ จำกัด,เยาวรัตน์ คำลือ,ระยอง,+66 (0) 2346 7058
CUST06877,บริษัท บจก.ไทยแท้ จำกัด,พชรภรณ์ นุชแนวนุ่ม,อ้อมน้อย,+663 722 8941
CUST06878,บริษัท ถุงเงิน-ขำเอนก จำกัด,จิม นิยมเซียม,ขอนแก่น,040-209514
CUST06879,บริษัท บริษัท นรวิทย์โชติกุล จำกัด จำกัด,สุกฤษตา บุญญาภิรมย์,ภูเก็ต,0 4320 3066
CUST06880,บริษัท บริษัท ธนประทีปคอมพิวเตอร์ จำกัด จำกัด,ทวีวัฒน์ แจ้งสว่าง,ขอนแก่น,+665 299 8525
CUST06881,บริษัท ห้างหุ้นส่วนจำกัด เนตร์มณี จำกัด,คำ ธนประทีป,นครศรีธรรมราช,0-5549-9718
CUST06882,บริษัท บจก.โพธิสัตย์พืชผล จำกัด,อันธิกา เช้าวันดี,เจ้าพระยาสุรศักดิ์,0 4187 0358
CUST06883,บริษัท บริษัท นักรบ จำกัด จำกัด,ทองสิริ นิษประปัญจ์,ปากเกร็ด,+66 7350 1767
CUST06884,บริษัท ธนูปกรณ์เฟอร์นิเจอร์ จำกัด,กุลเชษฐ ศรีธนะเวทย์,เชียงราย,0 7177 9160
CUST06885,บริษัท ห้างหุ้นส่วนสามัญ ถนอมพลกรัง จำกัด,อธิตยา ศรีเผด็จ,เกาะสมุย,07 920 9236
CUST06886,บริษัท เยาวธนโชค-ศรีตะวัน จำกัด,กฤตพร ธุวะนุติ์,เกาะสมุย,05 059 3854
CUST06887,บริษัท ธุวะนุติ์-นับเนื่องนอ จำกัด,ทินวัฒน์ ตันตราจิณ,ปากเกร็ด,075700380
CUST06888,บริษัท ชมรมนานายน จำกัด,สิรวัฒน์ ทวนทอง,สมุทรปราการ,036 650424
CUST06889,บริษัท นิติสาขากรุ๊ป จำกัด,บุญญกัลป์ พานเกล้า,อ้อมน้อย,036 139769
CUST06890,บริษัท บริษัท ไทไชโย จำกัด,จักรพันธ์ แถมธน,สกลนคร,0 3669 2623
CUST06891,บริษัท บริษัท ธรรมสถิตไพศาล จำกัด จำกัด,ฮาฟิต ร่มธิติรัตน์,ระยอง,0 2631 5449
CUST06892,บริษัท บริษัท ทองสีไพลแอนด์ซันส์ จำกัด จำกัด,ฟิรยา สาระพันธ์,อุบลราชธานี,046573702
CUST06893,บริษัท ห้างหุ้นส่วนจำกัด ฉายแสงอะไหล่ยนต์ จำกัด,พรพิไล ตระกูลไม้เรียง,เจ้าพระยาสุรศักดิ์,0 2234 2974
CUST06894,บริษัท บริษัท ไทยสุชาตเอเยนซี จำกัด (มหาชน) จำกัด,กุลเชษฐ แท่นทอง,เกาะสมุย,0638812743
CUST06895,บริษัท ห้างหุ้นส่วนจำกัด ธุวะนุติ์อุตสาหกรรม จำกัด,นิติยา ดุษฎีวนิช,เจ้าพระยาสุรศักดิ์,+66 (0) 7654 5434
CUST06896,บริษัท บริษัท ตันตราจิณ จำกัด จำกัด,ทานตะวัน ถนัดเดินข่าว,นครศรีธรรมราช,+665 577 4809
CUST06897,บริษัท บริษัท ศรีเผด็จ จำกัด จำกัด,คำปลิว บุญศล,เชียงใหม่,0999112168
CUST06898,บริษัท บริษัท ทองเนื้อดีการค้า จำกัด จำกัด,นิติยา ขุนดำ,เชียงราย,+66 (0) 687 791 144
CUST06899,บริษัท หจก.เนตร์มณี จำกัด,ปิยวัจน์ ทองสีไพล,อ้อมน้อย,050 729466
CUST06900,บริษัท ห้างหุ้นส่วนจำกัด ธีวร จำกัด,ศิรณัฐ ถมปัด,เกาะสมุย,037420683
CUST06901,บริษัท บจก.ถนัดภาษา จำกัด,นาย บุนยะตีรณะ,สมุทรปราการ,0 7227 0814
CUST06902,บริษัท ธนาคารดวงทับทิม จำกัด จำกัด,จักรชัย ธนูปกรณ์,นครปฐม,059548983
CUST06903,บริษัท บริษัท สังข์กรดอินเตอร์เนชั่นแนล จำกัด จำกัด,วิถี แหยมศิริ,ตรัง,060-577-6248
CUST06904,บริษัท บมจ.ทหารแท้ จำกัด,หลี พงศ์ฉบับนภา,อ้อมน้อย,+66 (0) 2055 1295
CUST06905,บริษัท นาคสุทินสโตร์ จำกัด,กฤตเมธ ดีตพันธุ์,ภูเก็ต,+66 7483 9429
CUST06906,บริษัท บริษัท ทองประดิฐ จำกัด จำกัด,พัชรีนิษฐ์ แจ้งสว่าง,รังสิต,0 613 856 723
CUST06907,บริษัท บริษัท บุนยาภิสนท์เฟอนิชชิ่ง จำกัด จำกัด,จณิสตา ถนัดรบ,เชียงใหม่,+665 437 7714
CUST06908,บริษัท บริษัท หนักแน่น จำกัด จำกัด,เทพณรงค์ นิลเสนา,นครศรีธรรมราช,0 3395 3233
CUST06909,บริษัท บริษัท ไทยสุชาต จำกัด จำกัด,กวีฉัฏฐ นฤภัย,เชียงใหม่,0 992 211 686
CUST06910,บริษัท หจก.ทรัพย์สารกรุ๊ป จำกัด,โกวิทย์ ธรรมฤดี,รังสิต,093-382-6391
CUST06911,บริษัท บุณยะภาชน์จิวเวลรี่ จำกัด,บุญทิวา นฤทุกข์,เชียงราย,0-5445-3420
CUST06912,บริษัท หจก.ทองลาภ จำกัด,เทอดศักดิ์ นะวะมันดร,สุราษฎร์ธานี,+665 842 1179
CUST06913,บริษัท บจก.ตัณฑนุช จำกัด,พลภูมิ ขอหมั่นกลาง,นครศรีธรรมราช,05 245 3209
CUST06914,บริษัท สมาคมไตรบรรพ จำกัด,สุรนัย เดชคุ้ม,สุราษฎร์ธานี,03 103 1169
CUST06915,บริษัท ชมรมถนัดหัตถกรรม จำกัด,ปฐม ชุมวระ,อุดรธานี,036441416
CUST06916,บริษัท ห้างหุ้นส่วนสามัญ คณานุรักษ์แพคกิ้ง จำกัด,ฐิตาพร บัวเผื่อน,แหลมฉบัง,04 903 1447
CUST06917,บริษัท หจก.เขียวอ่อนเฟอนิชชิ่ง จำกัด,ยศวัฒน์ นิยมสำหรวจ,ยะลา,046-763108
CUST06918,บริษัท ถาวระวรณ์มอเตอร์ จำกัด,อุลัยพร ถนอมกุลบุตร,กรุงเทพมหานคร,0 965 380 386
CUST06919,บริษัท บริษัท คำลือซัพพลาย จำกัด (มหาชน) จำกัด,คำปลิว สังข์กรด,พัทยา,0 2417 5519
CUST06920,บริษัท บริษัท สังข์กรด จำกัด จำกัด,ใกล้รุ่ง นุ่มกัน,อุดรธานี,058-369021
CUST06921,บริษัท บริษัท บินดีภาพยนตร์ จำกัด (มหาชน) จำกัด,ดวงพร นพคเชนทร์,อ้อมน้อย,+665 563 3151
CUST06922,บริษัท ชมรมนาคะนคร จำกัด,หล้า ธรรมสถิตไพศาล,อุดรธานี,+66 (0) 5063 8581
CUST06923,บริษัท ห้างหุ้นส่วนจำกัด แนวพนิช จำกัด,ภาสินี ยางสวย,นนทบุรี,022 167926
CUST06924,บริษัท สหภาพแรงงานดาตู จำกัด,ประยุทธ์ ยะผา,สงขลา,0896872931
CUST06925,บริษัท เจริญรัมย์ซัพพลาย จำกัด,ภัคชนน ตันตราจิณ,นครปฐม,054-009742
CUST06926,บริษัท บริษัท ขันธุลาขนส่ง จำกัด (มหาชน) จำกัด,กิติวัฒน์ สาระพันธ์,สกลนคร,035 920944
CUST06927,บริษัท บมจ.ขุนดำ จำกัด,กันตวรรณ ถนัดกลึง,ยะลา,0-5304-5512
CUST06928,บริษัท บจก.นาควงษ์ จำกัด,วัลลภ นานายน,พัทยา,+66 (0) 639 955 782
CUST06929,บริษัท ห้างหุ้นส่วนจำกัด นำธวัชสโตร์ จำกัด,ณิชเชฏฐ์ ไชยภา,แม่สอด,0 3897 9428
CUST06930,บริษัท บริษัท คำลือคอมพิวเตอร์ จำกัด (มหาชน) จำกัด,จันทภา นครเทพ,หาดใหญ่,091 896 5698
CUST06931,บริษัท บริษัท หนุนสุข จำกัด จำกัด,สุทธิณัฐ ถาวรรัตน,ยะลา,057 095731
CUST06932,บริษัท บริษัท กุมารบุญสโตร์ จำกัด จำกัด,เพ็ญพรรษา หนักแน่น,นนทบุรี,+66 5246 6110
CUST06933,บริษัท ห้างหุ้นส่วนจำกัด ดาตูการช่าง จำกัด,สิริกานต์ ตระกูลบุญ,สุราษฎร์ธานี,060 679 0504
CUST06934,บริษัท บริษัท ดาบเพ็ชร์ จำกัด จำกัด,นภนต์ ติระคมน์,หาดใหญ่,0 808 362 312
CUST06935,บริษัท บริษัท ทองปากน้ำอะไหล่ยนต์ จำกัด จำกัด,คมกริบ ตัณสถิตย์,เชียงใหม่,+66 (0) 5583 6948
CUST06936,บริษัท บริษัท วิลาสินีและบุตร จำกัด จำกัด,รมิตา ชุมวระ,แหลมฉบัง,+66 3232 0884
CUST06937,บริษัท ห้างหุ้นส่วนจำกัด แท่นทองยานยนต์ จำกัด,พีรพัฒน์ นำธวัช,นครปฐม,038396796
CUST06938,บริษัท ห้างหุ้นส่วนจำกัด ดาวกระจาย จำกัด,พรชีวิน อุลหัสสา,นครปฐม,0-5199-0446
CUST06939,บริษัท มูลนิธินาคสุทิน จำกัด,กรพนธ์ นิติสาขา,สกลนคร,04 316 5737
CUST06940,บริษัท มูลนิธิสาระพันธ์ จำกัด,ศุภชัย เตมิยะเดช,ขอนแก่น,0 876 240 683
CUST06941,บริษัท บมจ.ทองสุกเลิศวิศวการ จำกัด,มูฮำมัด ถาวรายุศม์,ขอนแก่น,+66 4872 6561
CUST06942,บริษัท หจก.ถมังรักษสัตว์จิวเวลรี่ จำกัด,เจษฎากร ผลบุญ,แม่สอด,064 991 6267
CUST06943,บริษัท บริษัท ดิสกะประกาย จำกัด จำกัด,ณัฐติญา ทองสินธุ์,ระยอง,+66 (0) 827 973 122
CUST06944,บริษัท เธียรายันเอนเตอรไพรส์ จำกัด,ราชัน นครเทพ,ปากเกร็ด,0 2256 8371
CUST06945,บริษัท มูลนิธิเดชวา จำกัด,วรดาพร บินดี,อุดรธานี,02 304 0682
CUST06946,บริษัท บมจ.จันอ้น จำกัด,เอกวิทย์ บัวเผื่อน,นครราชสีมา,+66 892 409 115
CUST06947,บริษัท มูลนิธินิลเสนา จำกัด,นันทวุฒิ ถะเกิงชศ,พัทยา,068-342-9106
CUST06948,บริษัท บริษัท ถนอมมนุษย์วิศวกรรม จำกัด จำกัด,วันชนก อุลหัสสา,นครปฐม,0850891637
CUST06949,บริษัท ห้างหุ้นส่วนจำกัด นำธวัชเอ็นจิเนียริ่ง จำกัด,ทิพรดา ถนัดอาวุธ,เจ้าพระยาสุรศักดิ์,+66 (0) 935 373 904
CUST06950,บริษัท บริษัท บุณยะภาชน์บรรจุภัณฑ์ จำกัด จำกัด,ปิยะนันท์ ทัศนสุทธิ,อ้อมน้อย,060-257-7066
CUST06951,บริษัท ห้างหุ้นส่วนสามัญ ทวนไชย์และบุตร จำกัด,ดวงพร เนื้อนุ่ม,สงขลา,0 665 649 196
CUST06952,บริษัท ห้างหุ้นส่วนจำกัด เจริญรัมย์กรุ๊ป จำกัด,กันตวรรณ ไทยสุชาต,ยะลา,044 599990
CUST06953,บริษัท ห้างหุ้นส่วนจำกัด ศรีธนะเวทย์ จำกัด,ธมลพรรณ สังข์กรด,เกาะสมุย,092-518-4663
CUST06954,บริษัท บริษัท สังข์กรดภาพยนตร์ จำกัด จำกัด,อนุบาล นิลเสนา,ขอนแก่น,0 2122 9624
CUST06955,บริษัท บุนยาภิสนท์แอนด์ซันส์ จำกัด,กองสิน ธนรักษ์,อุดรธานี,+664 708 4048
CUST06956,บริษัท บริษัท ทุมะบุตร์ จำกัด จำกัด,ยศพงศ์ ศรีตะวัน,แหลมฉบัง,0-7062-8941
CUST06957,บริษัท หจก.เยาวธนโชคอุตสาหกรรม จำกัด,ชลิดา เลขะพันธุ์,นครสวรรค์,0868992959
CUST06958,บริษัท ถะเกิงชศแลบ จำกัด,บุญพา ศรีตะวัน,สกลนคร,082-468-0177
CUST06959,บริษัท ตวงทองวิศวกรรม จำกัด,นันทวรรณ นพคเชนทร์,พระนครศรีอยุธยา,+66 (0) 2046 4692
CUST06960,บริษัท บริษัท ไทนิยมยานยนต์ จำกัด จำกัด,อัญพัชร์ ธูปหอม,สมุทรสาคร,088-421-7865
CUST06961,บริษัท หจก.ทองประดิฐเอนเตอรไพรส์ จำกัด,ศิริเกศ เธียรายัน,พัทยา,050897290
CUST06962,บริษัท ชมรมแก้วอยู่ จำกัด,มะลีวัลย์ ธัญาโภชน์,เกาะสมุย,+66 810 194 447
CUST06963,บริษัท ห้างหุ้นส่วนจำกัด เลขะพันธุ์กรุ๊ป จำกัด,เยาวรัตน์ ถนอมมนุษย์,พระนครศรีอยุธยา,02 225 4539
CUST06964,บริษัท บริษัท ไทนิยมยานยนต์ จำกัด (มหาชน) จำกัด,นัสรุน ทำประดู่,นครศรีธรรมราช,0-7861-2319
CUST06965,บริษัท บริษัท ทองอยู่แอนด์ซันส์ จำกัด จำกัด,ชนิศา ตัณสถิตย์,นครสวรรค์,+66 (0) 902 668 667
CUST06966,บริษัท ถุงเงิน-นฤภัย จำกัด,ปิ่นบุญญา ถนัดการยนต์,ภูเก็ต,+667 627 8305
CUST06967,บริษัท บุญศล-ศรทอง จำกัด,ณัฐจศักดิ์ ยะผา,นครศรีธรรมราช,05 768 0302
CUST06968,บริษัท หจก.ติณรัตน์ จำกัด,พิไลพร ถนิมมาศ,อ้อมน้อย,+66 (0) 4863 3705
CUST06969,บริษัท บริษัท ถนัดรบ จำกัด จำกัด,สมนึก นิลวรรณ,นครราชสีมา,0-4956-9883
CUST06970,บริษัท บริษัท ธัญเสถียร จำกัด จำกัด,วรินทธิ์ธร ดิศดใน,อุบลราชธานี,038 702011
CUST06971,บริษัท หจก.น้ำทิพย์อิมปอร์ตเอ็กซปอร์ต จำกัด,ณาร์รีมาน จันทา,นครศรีธรรมราช,0 976 289 007
CUST06972,บริษัท มูลนิธิดาบเงิน จำกัด,เลิศเดช นาคสุทิน,เกาะสมุย,046015832
CUST06973,บริษัท บริษัท ธูปหอมเทรดดิ้ง จำกัด จำกัด,วิกิจ ปรีชากุลเศรษฐ์,สุราษฎร์ธานี,098 290 4008
CUST06974,บริษัท บริษัท เนตร์มณี จำกัด จำกัด,นิรันดร์ ตราชู,สมุทรปราการ,073-127105
CUST06975,บริษัท ห้างหุ้นส่วนสามัญ ทองสุกเลิศวิศวการ จำกัด,หรรษา บุนยะตีรณะ,ยะลา,+66 (0) 966 295 949
CUST06976,บริษัท บริษัท ซูสารอ จำกัด (มหาชน) จำกัด,ธัชญา ถมปัด,เจ้าพระยาสุรศักดิ์,0-7729-7037
CUST06977,บริษัท หจก.กุมารบุญเฟอร์นิเจอร์ จำกัด,หล้า แก้วอยู่,เชียงราย,+66 951 864 831
CUST06978,บริษัท บริษัท แต้กุลวิศวกรรม จำกัด จำกัด,ภัคชัญญา ตันตราจิณ,ระยอง,067-412-1631
CUST06979,บริษัท บริษัท ธนประทีปวิศวการ จำกัด จำกัด,ประเสริฐ ดาตู,ขอนแก่น,085 131 1935
CUST06980,บริษัท ห้างหุ้นส่วนจำกัด เจริญรัมย์แอนด์ซันส์ จำกัด,บุญทิวา ธูปหอม,สมุทรสาคร,026-297282
CUST06981,บริษัท บริษัท พีระเพ็ญกุล จำกัด จำกัด,จณิสตา ทหารแท้,รังสิต,0615604702
CUST06982,บริษัท สมาคมศาสตร์ศิลป์ จำกัด,ทินพร ตราชู,แหลมฉบัง,+66 2694 4375
CUST06983,บริษัท ห้างหุ้นส่วนสามัญ ตั้งรบแลบ จำกัด,สินสมุทร นิติสาขา,แหลมฉบัง,+665 699 8545
CUST06984,บริษัท นาคะนครการช่าง จำกัด,เชิงชาย ภูภักดี,นนทบุรี,07 451 5599
CUST06985,บริษัท บริษัท ธรรมทินนาและเพื่อน จำกัด จำกัด,วีรชัย วะคีมัน,ลำปาง,025 762155
CUST06986,บริษัท ห้างหุ้นส่วนจำกัด วิลาสินี จำกัด,ภัทรนาฎ ปานสุวรรณ,กรุงเทพมหานคร,0917661398
CUST06987,บริษัท บริษัท อุลหัสสา จำกัด จำกัด,พิไลพร สาระพันธ์,ระยอง,0 3448 8982
CUST06988,บริษัท ห้างหุ้นส่วนจำกัด ฉายแสงบริการ จำกัด,พศร บุนยะศัพท์,นครราชสีมา,0861550860
CUST06989,บริษัท ดาบเงินและธรรมนิยม จำกัด,มะสูเกียน บุญบำรุง,ตรัง,+66 804 240 115
CUST06990,บริษัท บริษัท ศรทองวิศวกรรม จำกัด จำกัด,ดวงสมร ถนัดอักษร,เกาะสมุย,+66 (0) 4676 5649
CUST06991,บริษัท บริษัท นรวิทย์โชติกุล จำกัด จำกัด,วันฉัตร นิละทัต,ตรัง,+66 3706 7842
CUST06992,บริษัท บริษัท พรรษาสกุล จำกัด จำกัด,วิชา ถนัดอักษร,เกาะสมุย,046-360460
CUST06993,บริษัท หจก.ตั้งเผ่าจิวเวลรี่ จำกัด,บุญญกัลป์ ทองประดิฐ,สมุทรปราการ,+66 5613 7958
CUST06994,บริษัท บริษัท ตัณสถิตย์ จำกัด จำกัด,กิติกานต์ ดิศดใน,พัทยา,02 783 2826
CUST06995,บริษัท บุญส่งและไชยภา จำกัด,นาทภูวพัฒน์ ถาวรรัตน,พัทยา,+66 896 191 716
CUST06996,บริษัท บมจ.ซูสารอ จำกัด,ฟิรยา ติณรัตน์,แม่สอด,036-389576
CUST06997,บริษัท สมาคมเนตร์มณี จำกัด,เจษฏาภรณ์ ธูปะวิโรจน์,แหลมฉบัง,0-3442-0609
CUST06998,บริษัท บุณยะภาชน์เฟอนิชชิ่ง จำกัด,ณาร์รีมาน ตรีครุธพันธุ์,รังสิต,03 769 2318
CUST06999,บริษัท นวลฉวี-สุวรรณหงษ์ จำกัด,กองสิน ถนอมพลกรัง,นครสวรรค์,02 543 8433
CUST07000,บริษัท หจก.พรสีมา จำกัด,วัลลภ เณรานุสนธิ์,เชียงใหม่,053-232614
CUST07001,บริษัท บริษัท มิ่งขวัญเอนเตอรไพรส์ จำกัด จำกัด,อธิวัตร นวลเพ็ง,สกลนคร,0 7098 4402
CUST07002,บริษัท บริษัท ทวนไชย์การค้า จำกัด จำกัด,สุรนีย์ ไทยสุชาต,นครสวรรค์,051686416
CUST07003,บริษัท บจก.ถนัดอักษร จำกัด,ทานตะวัน ธรรมสถิตไพศาล,พิษณุโลก,+66 (0) 5400 6507
CUST07004,บริษัท เขียวอ่อนและถนัดภาษา จำกัด,สโรชา กุมารบุญ,กรุงเทพมหานคร,050194836
CUST07005,บริษัท บริษัท ไทยสุชาต จำกัด (มหาชน) จำกัด,จีรยุทธ ถาวระวรณ์,ภูเก็ต,0-2149-9074
CUST07006,บริษัท บุญส่ง-ศรีเผด็จ จำกัด,ราณี ดาวกระจาย,พัทยา,072 809761
CUST07007,บริษัท ทรัพย์สารภาพยนตร์ จำกัด,ภัทรนาฎ ทวนไชย์,เชียงใหม่,053824473
CUST07008,บริษัท บริษัท ทองปากน้ำเอนเตอรไพรส์ จำกัด จำกัด,เกษมชัย ฉัตรอภิเที่ยงค่ำ,ขอนแก่น,0 5898 2515
CUST07009,บริษัท หจก.นานายน จำกัด,พาดีล๊ะ นิระหานี,ปากเกร็ด,098-191-6789
CUST07010,บริษัท บริษัท ธุวะนุติ์ จำกัด จำกัด,ภัทรนาฎ ยะผา,ตรัง,060-540-5622
CUST07011,บริษัท บริษัท หนุนสุข จำกัด จำกัด,ภัคชนน ถนัดการยนต์,นครปฐม,095 699 2274
CUST07012,บริษัท บริษัท นิษประปัญจ์ภาพยนตร์ จำกัด จำกัด,ปัญญาพร ทองสีไพล,หาดใหญ่,092-342-1964
CUST07013,บริษัท ห้างหุ้นส่วนจำกัด ทศโยธิน จำกัด,ฤทธิ์ชกร ศรีสัตย์,ลำปาง,+66 691 215 791
CUST07014,บริษัท ห้างหุ้นส่วนจำกัด นาคสุทินจิวเวลรี่ จำกัด,เนตรฤดี ฉัพพรรณธนกูร,หาดใหญ่,044 018022
CUST07015,บริษัท บริษัท ศรทอง จำกัด จำกัด,พาดีล๊ะ ทรงโกมล,อุบลราชธานี,0-7908-2883
CUST07016,บริษัท บริษัท เนื้อนุ่ม จำกัด (มหาชน) จำกัด,จันทนา ศรีตะวัน,สมุทรปราการ,061 550 2394
CUST07017,บริษัท ดาบเพ็ชร์-ไทยแท้ จำกัด,พีระพงศ์พันธ์ ศรีเผด็จ,ขอนแก่น,0-5099-6006
CUST07018,บริษัท ห้างหุ้นส่วนจำกัด ดิศดใน จำกัด,กนกเนตร บุนยะศัพท์,อุดรธานี,0 842 493 120
CUST07019,บริษัท สมาคมเนตร์มณี จำกัด,ทรรศนชัย ดาบเงิน,ขอนแก่น,025-880449
CUST07020,บริษัท ชมรมแต้กุล จำกัด,สุภาพร เยาวธนโชค,นครปฐม,0 3660 7271
CUST07021,บริษัท ห้างหุ้นส่วนจำกัด ขอหมั่นกลางอิมปอร์ตเอ็กซปอร์ต จำกัด,วิชชากร ฉัพพรรณธนกูร,นครศรีธรรมราช,0 2834 7633
CUST07022,บริษัท บริษัท นะวะมันดร จำกัด จำกัด,สุรนัย ตันเผ่า,เชียงใหม่,029-387021
CUST07023,บริษัท ห้างหุ้นส่วนสามัญ สังข์กรด จำกัด,ณัฐจศักดิ์ แนวพญา,พระนครศรีอยุธยา,0 3575 4806
CUST07024,บริษัท บริษัท ทวีเดชแพคกิ้ง จำกัด จำกัด,เกียรติศักดิ์ ฉัพพรรณธนกูร,อุบลราชธานี,+66 (0) 3858 6308
CUST07025,บริษัท บริษัท ถนัดพิมพการก่อสร้าง จำกัด จำกัด,อนิวัฒน์ ถนัดอักษร,ปากเกร็ด,05 394 1634
CUST07026,บริษัท ห้างหุ้นส่วนจำกัด ถนัดเดินข่าว จำกัด,วิชชากร กุมารบุญ,นครปฐม,0 962 185 839
CUST07027,บริษัท สหภาพแรงงานหนุนสุข จำกัด,อับดุลเลาะห์ นพคเชนทร์,กรุงเทพมหานคร,0834112328
CUST07028,บริษัท ห้างหุ้นส่วนจำกัด ไทยแท้ จำกัด,พรปราณี นพคเชนทร์,อ้อมน้อย,+663 049 1355
CUST07029,บริษัท สมาคมนาคสุทิน จำกัด,จิตรลดา นุชแนวนุ่ม,อุดรธานี,030 866253
CUST07030,บริษัท เนื้อนุ่มและตัณฑนุช จำกัด,วุฒิ ศรีตะวัน,ยะลา,082 561 3007
CUST07031,บริษัท ห้างหุ้นส่วนจำกัด นกทองซัพพลาย จำกัด,ชัชนันท์ นะวะมันดร,รังสิต,094 572 5214
CUST07032,บริษัท ห้างหุ้นส่วนสามัญ ฉิมพาลี จำกัด,ทินวัฒน์ ไม้แดง,เจ้าพระยาสุรศักดิ์,+667 511 3253
CUST07033,บริษัท บริษัท หอมสิน จำกัด จำกัด,วิกิจ น้ำทิพย์,พระนครศรีอยุธยา,+667 380 7905
CUST07034,บริษัท ห้างหุ้นส่วนจำกัด ดาวกระจายเอนเตอรไพรส์ จำกัด,บุญทิวา ถนอมกุลบุตร,สกลนคร,0-5877-6724
CUST07035,บริษัท ห้างหุ้นส่วนจำกัด ทองอยู่การบัญชี จำกัด,พัชรีนิษฐ์ นะวะมันดร,เชียงใหม่,073001630
CUST07036,บริษัท ห้างหุ้นส่วนจำกัด บุนยะตีรณะ จำกัด,เพทาย ทองอยู่,นครราชสีมา,+664 892 0296
CUST07037,บริษัท บุญบำรุงและศรีสัตย์ จำกัด,เชิงชาย เตชะกำพุ,พิษณุโลก,032992083
CUST07038,บริษัท บริษัท ศรทองแอนด์ซันส์ จำกัด จำกัด,มูฮัมหมัดอิมรอน นิลวิมล,อ้อมน้อย,+66 (0) 4221 5651
CUST07039,บริษัท ห้างหุ้นส่วนจำกัด นวลฉวีบรรจุภัณฑ์ จำกัด,นิมุ ทองปากน้ำ,ลำปาง,0 2309 9426
CUST07040,บริษัท บริษัท ธรรมฤดี จำกัด (มหาชน) จำกัด,มูฮัมหมัดอิมรอน ถนัดภาษา,สมุทรสาคร,081 517 3019
CUST07041,บริษัท บริษัท ทองสีไพลบริการ จำกัด จำกัด,กองสิน นิละทัต,ปากเกร็ด,087-847-7708
CUST07042,บริษัท บริษัท ทัศนสุทธิและบุตร จำกัด จำกัด,ทินวัฒน์ เขียวขุ้ย,หาดใหญ่,063 365 7816
CUST07043,บริษัท หจก.ทองสุกเลิศ จำกัด,กุลเชษฐ พงศ์ฉบับนภา,กรุงเทพมหานคร,0-4988-6641
CUST07044,บริษัท ธรรมเมธาคอนสตรัคชั่น จำกัด,นิรันดร์ นิลสุวรรณ์,อุบลราชธานี,079140853
CUST07045,บริษัท ห้างหุ้นส่วนจำกัด ดาบเพ็ชร์ จำกัด,ภูวิช พงศ์ฉบับนภา,หาดใหญ่,+66 (0) 4447 6243
CUST07046,บริษัท บริษัท คณานุรักษ์ จำกัด จำกัด,เอกวิทย์ นิลเสนา,ยะลา,0604049373
CUST07047,บริษัท บริษัท นับเนื่องนอเอ็นจิเนียริ่ง จำกัด จำกัด,พรพิไล ฉัพพรรณธนกูร,ลำปาง,077088791
CUST07048,บริษัท บริษัท นพตระกูลพืชผล จำกัด จำกัด,นัฐพล ตันตราจิณ,ขอนแก่น,035 570017
CUST07049,บริษัท หจก.ตันยาแอนด์ซันส์ จำกัด,ณิชเชฏฐ์ แหยมศิริ,สมุทรปราการ,0 2926 0358
CUST07050,บริษัท หจก.มนทอง จำกัด,วีระวัฒน์ นุชแนวนุ่ม,นนทบุรี,092-876-7991
CUST07051,บริษัท บริษัท แนวพญา จำกัด จำกัด,วิเชียร ธูปะวิโรจน์,เชียงราย,0-4898-4055
CUST07052,บริษัท บจก.ปรีชากุลเศรษฐ์การบัญชี จำกัด,กฤตพร บุณยะภาชน์,เกาะสมุย,051762618
CUST07053,บริษัท ไตรบรรพ-หิรัญสาลี จำกัด,ธราวิทญ์ นับเนื่องนอ,รังสิต,0842752466
CUST07054,บริษัท นิติสาขาและถนัดหัตถกรรม จำกัด,ลักษมี ไทยสุชาต,นครราชสีมา,031-240457
CUST07055,บริษัท หจก.สาระพันธ์และบุตร จำกัด,เทพนารี นพตระกูล,ระยอง,0 3837 0655
CUST07056,บริษัท บริษัท นาถะพินธุ จำกัด จำกัด,ศิริญา ไชยภา,ปากเกร็ด,032-561050
CUST07057,บริษัท นรวิทย์โชติกุลคอมมิวนิเคชั่น จำกัด,ศจีกาญจน์ แจ้งสว่าง,สกลนคร,0-2669-1386
CUST07058,บริษัท บริษัท ตรีครุธพันธุ์เทรดดิ้ง จำกัด จำกัด,วิทูลย์ แก้วชลคราม,พัทยา,0-7049-7633
CUST07059,บริษัท ชมรมถนัดเดินข่าว จำกัด,บุญเทียน เดชวา,เชียงใหม่,03 915 3529
CUST07060,บริษัท บริษัท ยะผา จำกัด (มหาชน) จำกัด,นัสรุน กุมารบุญ,พิษณุโลก,045389736
CUST07061,บริษัท สหภาพแรงงานดัตพันธุ์ จำกัด,ธีร์ธวันาย หนักแน่น,เชียงใหม่,0680829665
CUST07062,บริษัท บริษัท สาระพันธ์ จำกัด (มหาชน) จำกัด,รักชนก ธรรมทินนา,ยะลา,+667 378 8431
CUST07063,บริษัท ขุนดำ-ถาวรายุศม์ จำกัด,ภูวิช ถนัดภาษา,นครสวรรค์,0 922 586 302
CUST07064,บริษัท บริษัท อัตตนาถพานิช จำกัด จำกัด,ภานุพล ถาวรายุศม์,นครราชสีมา,0 856 434 442
CUST07065,บริษัท สมาคมนวลฉวี จำกัด,รักชนก ธัญาโภชน์,นครราชสีมา,036659285
CUST07066,บริษัท หจก.อุลหัสสา จำกัด,แกมแพร พีระเพ็ญกุล,สงขลา,045 289237
CUST07067,บริษัท ห้างหุ้นส่วนสามัญ วิลาสินี จำกัด,กิติยาธรณ์ ศรีอุ่น,นครราชสีมา,0 2560 5348
CUST07068,บริษัท บริษัท ขำเอนก จำกัด จำกัด,ภานิณี บินดี,สุราษฎร์ธานี,+665 821 6290
CUST07069,บริษัท ห้างหุ้นส่วนจำกัด ทองอยู่กรุ๊ป จำกัด,วรรณนิสา ทองปากน้ำ,สุราษฎร์ธานี,+66 925 004 452
CUST07070,บริษัท ขอหมั่นกลางและถนัดการเขียน จำกัด,สมใจ งามพิเชษฐ์,เจ้าพระยาสุรศักดิ์,+66 (0) 4262 4135
CUST07071,บริษัท บมจ.ทหารแท้การค้า จำกัด,สนั่น ทวีเดช,หาดใหญ่,0 3659 2356
CUST07072,บริษัท บริษัท ตั้งรบและเพื่อน จำกัด จำกัด,สันติราษฎร์ จ้อยนุแสง,ขอนแก่น,0 924 491 371
CUST07073,บริษัท หจก.นักรบเซอร์วิส จำกัด,วาร์มูฮำหมัด ขันธุลา,อุบลราชธานี,045032663
CUST07074,บริษัท ฉายแสงเฟอร์นิเจอร์ จำกัด,ภาสวุฒิ นักสำหรวจ,สกลนคร,090 123 0036
CUST07075,บริษัท บริษัท ศรีเผด็จมอเตอร์ จำกัด จำกัด,ราชันทร์ ศรทอง,สมุทรปราการ,065-864-5374
CUST07076,บริษัท นุ่มกันพืชผล จำกัด,ทานตะวัน วาทา,ตรัง,+66 (0) 961 038 280
CUST07077,บริษัท ห้างหุ้นส่วนจำกัด บุญญาภิรมย์กรุ๊ป จำกัด,จริยฉัตร บุนยาภิสนท์,ภูเก็ต,+663 663 1742
CUST07078,บริษัท บริษัท นวลเพ็งอุตสาหกรรม จำกัด จำกัด,โสภา ถนอมพล,ปากเกร็ด,090 256 0704
CUST07079,บริษัท บริษัท ยะผา จำกัด จำกัด,กันตวรรณ จ้อยนุแสง,ตรัง,02 985 8353
CUST07080,บริษัท สมาคมตราชู จำกัด,ใจกลาง ธนรักษ์,หาดใหญ่,0-3159-9827
CUST07081,บริษัท บจก.ทองอยู่เอเยนซี จำกัด,สุกฤษตา สุวรรณหงษ์,พิษณุโลก,0827689238
CUST07082,บริษัท หจก.ดิสกะประกาย จำกัด,สุชิน ถนัดรบ,เจ้าพระยาสุรศักดิ์,07 811 9087
CUST07083,บริษัท ห้างหุ้นส่วนจำกัด ถุงเงิน จำกัด,มนัญชยา พานเกล้า,นครราชสีมา,+66 (0) 5380 9459
CUST07084,บริษัท นิลสลัว-ขันธุลา จำกัด,นรีรัตน์ สงประเสริฐ,สงขลา,+66 7085 1032
CUST07085,บริษัท ห้างหุ้นส่วนสามัญ ธนประทีป จำกัด,ไชยภพ ร่มธิติรัตน์,สกลนคร,05 143 3832
CUST07086,บริษัท หจก.ธรรมสถิตไพศาล จำกัด,อรจิรา ไตรบรรพ,ปากเกร็ด,0-3323-2220
CUST07087,บริษัท บจก.ธัญาโภชน์ จำกัด,อภิลักษณ์ ดุษฎีวนิช,รังสิต,0-4672-1274
CUST07088,บริษัท ราชมณีขนส่ง จำกัด,ภาสินี เดชวา,สมุทรปราการ,+66 874 036 524
CUST07089,บริษัท ห้างหุ้นส่วนจำกัด ทีฆะซัพพลาย จำกัด,วิรศักดิ์ เช้าวันดี,อุดรธานี,0974871147
CUST07090,บริษัท บมจ.นิยมธรรม จำกัด,นัสรุน นาฏคายี,ระยอง,+66 (0) 834 810 760
CUST07091,บริษัท บริษัท ธรรมทินนา จำกัด จำกัด,กรพนธ์ เลิศกิ่ง,แหลมฉบัง,+66 4173 6652
CUST07092,บริษัท ชมรมเดชวา จำกัด,มนัส นิยมเซียม,พระนครศรีอยุธยา,036 619976
CUST07093,บริษัท บริษัท เดชคุ้ม จำกัด (มหาชน) จำกัด,วิเชียร ตัณสถิตย์,ยะลา,0853351933
CUST07094,บริษัท บมจ.ดาบเงินกลการ จำกัด,ยศวัฒน์ ถนัดรักษา,อุบลราชธานี,+66 3980 5895
CUST07095,บริษัท ถนิมมาศอุตสาหกรรม จำกัด,สุทธิณัฐ เวียงจันทึก,นครสวรรค์,+667 546 8660
CUST07096,บริษัท ดุษฎีวนิชและธนรักษ์ จำกัด,พาดีล๊ะ พานเกล้า,นนทบุรี,0 5662 9367
CUST07097,บริษัท บริษัท ทองอยู่และเพื่อน จำกัด จำกัด,สุรนีย์ ธรรมสถิตไพศาล,พิษณุโลก,037-471015
CUST07098,บริษัท บริษัท ศรีตะวัน จำกัด จำกัด,วรดาพร ตรีเภรินทร์,สงขลา,+66 (0) 2733 7119
CUST07099,บริษัท บริษัท ถนัดอาวุธซัพพลาย จำกัด จำกัด,ปิยะชาติ ดาวกระจาย,ยะลา,072891634
CUST07100,บริษัท บมจ.ดุษฎีวนิชการบัญชี จำกัด,สีหราช ตระกูลบุญ,ปากเกร็ด,+66 3903 6979
CUST07101,บริษัท บริษัท ตั้งเผ่า จำกัด จำกัด,ภูวิช จ้อยนุแสง,พัทยา,042-433837
CUST07102,บริษัท เจริญรัมย์และบุตร จำกัด,ทวีวัฒน์ ถุงเงิน,เกาะสมุย,+66 7411 4528
CUST07103,บริษัท ธัญาโภชน์เซอร์วิส จำกัด,พรปราณี ยาปะโลหิต,เชียงใหม่,073786345
CUST07104,บริษัท สมาคมทองอยู่ จำกัด,ศรลักษณ์ นามขำ,นนทบุรี,+66 7904 7390
CUST07105,บริษัท อุลหัสสาและยางสวย จำกัด,ปิยวัจน์ ฉิมพาลี,กรุงเทพมหานคร,073237364
CUST07106,บริษัท ปานสุวรรณมอเตอร์ จำกัด,จักรีรัตน์ ไม้แดง,สุราษฎร์ธานี,07 424 3427
CUST07107,บริษัท หจก.เยาวธนโชค จำกัด,ภาสินี ดาตู,ตรัง,+665 053 0887
CUST07108,บริษัท หจก.นิลสุวรรณ์การค้า จำกัด,วิชา ทองปากน้ำ,พิษณุโลก,0914481737
CUST07109,บริษัท บจก.ไทนิยมคอมพิวเตอร์ จำกัด,จุฑาภรณ์ ถนัดภาษา,เชียงราย,043-004922
CUST07110,บริษัท หจก.วะคีมัน จำกัด,พิมพกานต์ มิ่งขวัญ,อุบลราชธานี,+66 (0) 672 043 987
CUST07111,บริษัท หจก.ถนอมกุลบุตร จำกัด,สรรเพชญ์ บุญส่ง,อ้อมน้อย,+66 (0) 916 582 948
CUST07112,บริษัท ทัศนสุทธิและวาทา จำกัด,ปาริตา เตมิยะเดช,แม่สอด,07 808 7462
CUST07113,บริษัท นากกนกและบุนยะตีรณะ จำกัด,เนตรฤดี ธูปหอม,สุราษฎร์ธานี,050 144232
CUST07114,บริษัท ชมรมตระกูลไม้เรียง จำกัด,เทียมศักดิ์ ดาวกระจาย,กรุงเทพมหานคร,087-456-6112
CUST07115,บริษัท บริษัท ทวนไชย์จิวเวลรี่ จำกัด (มหาชน) จำกัด,ทรรศนชัย แนวพนิช,เชียงราย,+66 5708 1036
CUST07116,บริษัท บริษัท นิละทัตแอนด์ซันส์ จำกัด จำกัด,กิติยาธรณ์ บุตราช,ตรัง,02 639 9964
CUST07117,บริษัท ห้างหุ้นส่วนจำกัด ยางสวย จำกัด,สมมล ธนประทีป,สงขลา,0 977 901 448
CUST07118,บริษัท บริษัท นาคสุทินอะไหล่ยนต์ จำกัด จำกัด,เอกวิทย์ ถาวรายุศม์,เชียงใหม่,04 340 1960
CUST07119,บริษัท บริษัท นักรบ จำกัด จำกัด,ศดิศ แนวพญา,กรุงเทพมหานคร,078380095
CUST07120,บริษัท หจก.ถุงเงินอุตสาหกรรม จำกัด,นิชนันท์ ซาซุม,สมุทรปราการ,090-132-8592
CUST07121,บริษัท ธนาคารศิวะวรเวทคอนสตรัคชั่น จำกัด จำกัด,อณาวิน ยาปะโลหิต,เจ้าพระยาสุรศักดิ์,+66 (0) 4611 9811
CUST07122,บริษัท ห้างหุ้นส่วนจำกัด ถนัดอักษร จำกัด,ณัฐธภรณ์ ดีตพันธุ์,เจ้าพระยาสุรศักดิ์,085-869-1746
CUST07123,บริษัท ห้างหุ้นส่วนจำกัด น้ำทิพย์การช่าง จำกัด,กวาง ยาปะโลหิต,ภูเก็ต,0 978 864 051
CUST07124,บริษัท บมจ.นาคพันธุ์เอนเตอรไพรส์ จำกัด,อัญธิกา เยาวธนโชค,กรุงเทพมหานคร,059 428787
CUST07125,บริษัท บริษัท ดีตพันธุ์ขนส่ง จำกัด จำกัด,สมเกียรติ หอมสิน,สุราษฎร์ธานี,027 268109
CUST07126,บริษัท ห้างหุ้นส่วนจำกัด ธรรมฤดี จำกัด,สุรการณ์ นกทอง,อ้อมน้อย,+663 174 0484
CUST07127,บริษัท สมาคมศรีอุ่น จำกัด,วรรณรัตน์ พรสีมา,สมุทรปราการ,+66 (0) 4964 2737
CUST07128,บริษัท บริษัท ตระกูลไม้เรียงสโตร์ จำกัด (มหาชน) จำกัด,เกษมชัย ตันเผ่า,อ้อมน้อย,037400711
CUST07129,บริษัท หจก.กุมารบุญ จำกัด,ชนิศา ศรทอง,พัทยา,0-2264-9944
CUST07130,บริษัท ห้างหุ้นส่วนจำกัด ทองปากน้ำบรรจุภัณฑ์ จำกัด,ฉลองชัย ตั้งเผ่า,สมุทรปราการ,030290063
CUST07131,บริษัท หจก.ประจันตะเสน จำกัด,พุทธ ถนัดรบ,ลำปาง,083-387-5136
CUST07132,บริษัท งามพิเชษฐ์ภาพยนตร์ จำกัด,ยุภา สันตะวงศ์,หาดใหญ่,+662 056 2680
CUST07133,บริษัท บริษัท ธัญาโภชน์ จำกัด จำกัด,เจตพินิษฐ์ ดิสกะประกาย,พระนครศรีอยุธยา,+66 (0) 4942 8821
CUST07134,บริษัท บริษัท ทีฆะ จำกัด จำกัด,แปลง ธุวะนุติ์,กรุงเทพมหานคร,+66 (0) 5245 0694
CUST07135,บริษัท ถาวรรัตน-ทวีเดช จำกัด,พงษ์นเรศ หนักแน่น,พิษณุโลก,0-2742-9867
CUST07136,บริษัท หจก.เยาวธนโชคแลบ จำกัด,เอนกพงศ์ ทรัพย์ธำรงค์,อุดรธานี,+66 (0) 4933 8567
CUST07137,บริษัท บริษัท บัวเผื่อน จำกัด จำกัด,สิริรัตน์ ทองแท้,อุดรธานี,0 662 956 804
CUST07138,บริษัท ห้างหุ้นส่วนจำกัด นะวะมันดร จำกัด,ธนวันต์ ฉิมพาลี,สมุทรปราการ,075243985
CUST07139,บริษัท บริษัท ถนอมพลกรัง จำกัด (มหาชน) จำกัด,อุลัยพร แนวพญา,หาดใหญ่,0 2061 3936
CUST07140,บริษัท บริษัท วิลาสินี จำกัด (มหาชน) จำกัด,อารีย์ ถนอมมนุษย์,รังสิต,05 404 1314
CUST07141,บริษัท หจก.นวลฉวีอิมปอร์ตเอ็กซปอร์ต จำกัด,สุพัตร บุตราช,นครราชสีมา,0 2342 4082
CUST07142,บริษัท บริษัท นครเทพ จำกัด จำกัด,เนติลักษณ์ ทุมะบุตร์,ขอนแก่น,+66 (0) 7212 0017
CUST07143,บริษัท ห้างหุ้นส่วนจำกัด ฉัตรอภิเที่ยงค่ำ จำกัด,กฤตเมธ ถนัดอักษร,นครศรีธรรมราช,+66 653 126 137
CUST07144,บริษัท สมาคมศรีสัตย์ จำกัด,พรชีวิน หอมพิกุล,เชียงราย,0 4961 7958
CUST07145,บริษัท แจ้งสว่างและธาราธร จำกัด,นาย ทศโยธิน,ปากเกร็ด,0 830 575 514
CUST07146,บริษัท ห้างหุ้นส่วนสามัญ ศรีอุ่น จำกัด,หลักทรัพย์ ธรรมเมธา,รังสิต,+66 (0) 7179 6480
CUST07147,บริษัท ชมรมกุมารบุญ จำกัด,เสรี ขุนดำ,สงขลา,+66 (0) 5593 3750
CUST07148,บริษัท หจก.ศรีตะวัน จำกัด,ศรายุธ ทองประดิฐ,แม่สอด,024538262
CUST07149,บริษัท ไทยแท้เฟอร์นิเจอร์ จำกัด,เขมจิรา ถิรสวัสดิ์,พระนครศรีอยุธยา,098 974 4653
CUST07150,บริษัท บริษัท สุวรรณหงษ์อินเตอร์เนชั่นแนล จำกัด จำกัด,วนาลี ถนิมมาศ,สุราษฎร์ธานี,+662 197 2334
CUST07151,บริษัท บริษัท สาระพันธ์เซอร์วิส จำกัด จำกัด,สมปอง ดุษฎีวนิช,กรุงเทพมหานคร,+662 950 2004
CUST07152,บริษัท ทองสีไพลและนิลเสนา จำกัด,โชติวุฒิ ปานสุวรรณ,พระนครศรีอยุธยา,051 251562
CUST07153,บริษัท ห้างหุ้นส่วนจำกัด วาทา จำกัด,นภนต์ ถนัดการเขียน,ขอนแก่น,022 102826
CUST07154,บริษัท บริษัท เนตร์มณีพืชผล จำกัด จำกัด,สมเกียรติ บินดี,พัทยา,0 5000 0108
CUST07155,บริษัท บจก.ตวงทองและเพื่อน จำกัด,ธีรลักษณ์ ธัญเสถียร,นครสวรรค์,060-050-0232
CUST07156,บริษัท ธนูปกรณ์และถมังรักษสัตว์ จำกัด,พิมพ์พิชญา เจริญรัมย์,ตรัง,+66 658 192 043
CUST07157,บริษัท มูลนิธิกุมารบุญ จำกัด,เกษรา สงประเสริฐ,สงขลา,030-207160
CUST07158,บริษัท บริษัท วาทาการช่าง จำกัด จำกัด,ใจกลาง ทีฆะ,สมุทรสาคร,+66 3418 0119
CUST07159,บริษัท ศาสตร์ศิลป์เฟอร์นิเจอร์ จำกัด,กฤตพร นามขำ,นครราชสีมา,0985109562
CUST07160,บริษัท ห้างหุ้นส่วนสามัญ บุญศล จำกัด,อรรจน์ ทองสินธุ์,พิษณุโลก,040442737
CUST07161,บริษัท บัวเผื่อนการบัญชี จำกัด,นุจรี บุนยะศัพท์,ภูเก็ต,0 7325 9758
CUST07162,บริษัท หจก.ยางสวยอะไหล่ยนต์ จำกัด,พิชาภพ ถนัดกลึง,ระยอง,0 631 626 173
CUST07163,บริษัท บมจ.สุวรรณหงษ์ จำกัด,รอซีด๊ะ ดาวอร่าม,ลำปาง,0-3875-6836
CUST07164,บริษัท บริษัท พรสีมา จำกัด จำกัด,มลิวรรณ ปานสุวรรณ,สมุทรปราการ,049239568
CUST07165,บริษัท บริษัท เจริญรัมย์ จำกัด จำกัด,สุรวัช ธรรมสถิตไพศาล,ยะลา,+66 (0) 953 676 224
CUST07166,บริษัท ดาตูและบุตร จำกัด,หล้า ธรรมสถิตไพศาล,สุราษฎร์ธานี,+66 (0) 5001 3943
CUST07167,บริษัท ถมังรักษสัตว์และขอหมั่นกลาง จำกัด,สุรวัช นะวะมันดร,เกาะสมุย,0 7950 5671
CUST07168,บริษัท ห้างหุ้นส่วนจำกัด แก้วชลคราม จำกัด,กิ่งแก้ว ขุนดำ,หาดใหญ่,056 066637
CUST07169,บริษัท บริษัท ถนัดพิมพการ จำกัด จำกัด,ประสิทธิ์ เตชะกำพุ,อ้อมน้อย,0 2748 1774
CUST07170,บริษัท บริษัท เขียวอ่อนเฟอร์นิเจอร์ จำกัด จำกัด,นวรรษนันท์ ฉัพพรรณธนกูร,ลำปาง,+662 635 5106
CUST07171,บริษัท ห้างหุ้นส่วนจำกัด นิยมธรรม จำกัด,ศิรณัฐ สังข์กรด,สมุทรสาคร,+66 877 379 472
CUST07172,บริษัท บมจ.นกทอง จำกัด,พัสวี นาฏคายี,นครสวรรค์,0-7758-0163
CUST07173,บริษัท พานเกล้าอะไหล่ยนต์ จำกัด,วิถี ทศโยธิน,ตรัง,+66 (0) 986 324 262
CUST07174,บริษัท นุชแนวนุ่ม-บุนยะศัพท์ จำกัด,ภูวฤณ งามพิเชษฐ์,นครปฐม,0 613 113 091
CUST07175,บริษัท บริษัท ถนัดการยนต์บรรจุภัณฑ์ จำกัด จำกัด,สมพิศ พานเกล้า,กรุงเทพมหานคร,022 224742
CUST07176,บริษัท ห้างหุ้นส่วนจำกัด แนวพญา จำกัด,กะดิรัตน์ ร่มธิติรัตน์,เจ้าพระยาสุรศักดิ์,051-354520
CUST07177,บริษัท บริษัท พีระเพ็ญกุลยานยนต์ จำกัด จำกัด,ชัญญานุนาย เขียวขุ้ย,ระยอง,+66 7601 0215
CUST07178,บริษัท ห้างหุ้นส่วนจำกัด ศรีสัตย์อุตสาหกรรม จำกัด,จันทนา น้ำทิพย์,นนทบุรี,05 732 3575
CUST07179,บริษัท บริษัท ดำริห์ชอบคอมมิวนิเคชั่น จำกัด จำกัด,วีรชัย ร่มธิติรัตน์,ปากเกร็ด,074 810801
CUST07180,บริษัท บริษัท เธียรายันซัพพลาย จำกัด จำกัด,นาทภูวพัฒน์ ตั้งกุลงาม,ขอนแก่น,+66 (0) 2082 2038
CUST07181,บริษัท บจก.ดวงทับทิมก่อสร้าง จำกัด,มูฮัมหมัดอิมรอน พีระเพ็ญกุล,ปากเกร็ด,+66 (0) 3607 0465
CUST07182,บริษัท สมาคมทองเนื้อดี จำกัด,วาร์มูฮำหมัด ตั้งกุลงาม,พิษณุโลก,0 4684 4517
CUST07183,บริษัท ห้างหุ้นส่วนจำกัด ศิวะวรเวทการช่าง จำกัด,ประเดิม บุตราช,เชียงใหม่,0-5111-2943
CUST07184,บริษัท ธนรักษ์ขนส่ง จำกัด,กิติยาธรณ์ ธรรมนิยม,พระนครศรีอยุธยา,+66 7101 1373
CUST07185,บริษัท ธนาคารภูภักดีซัพพลาย จำกัด จำกัด,วีระวัฒน์ ยาปะโลหิต,เจ้าพระยาสุรศักดิ์,+66 (0) 2132 8740
CUST07186,บริษัท ห้างหุ้นส่วนจำกัด ดุริยพันธุ์ จำกัด,โรสชา ดัตพันธุ์,นครสวรรค์,069 910 2647
CUST07187,บริษัท บริษัท จ้อยนุแสง จำกัด จำกัด,อณาวิน นาถะพินธุ,พัทยา,0 2299 5203
CUST07188,บริษัท ห้างหุ้นส่วนจำกัด โพธิสัตย์การค้า จำกัด,นราวรรณ กุมารบุญ,นครศรีธรรมราช,+66 3192 0948
CUST07189,บริษัท ห้างหุ้นส่วนจำกัด สงประเสริฐ จำกัด,พิมพ์พิชญา นิระหานี,อุดรธานี,0 930 880 500
CUST07190,บริษัท หจก.อัตตนาถ จำกัด,อรรจน์ แนวพญา,สมุทรปราการ,056 088697
CUST07191,บริษัท สมาคมบุนยะศัพท์ จำกัด,มะลีวัลย์ นิลสุวรรณ์,พระนครศรีอยุธยา,+66 (0) 5393 1713
CUST07192,บริษัท บุนยะตีรณะและนพคเชนทร์ จำกัด,พัชรพร ดิศดใน,นครราชสีมา,0 5754 3017
CUST07193,บริษัท ทองประดิฐ-นิยมเซียม จำกัด,ปิยบุตร ตรีครุธพันธุ์,นครราชสีมา,+667 706 4739
CUST07194,บริษัท บริษัท แหยมศิริเอนเตอรไพรส์ จำกัด จำกัด,สุทกร ถาวรรัตน,แหลมฉบัง,036158480
CUST07195,บริษัท บมจ.ร่มธิติรัตน์เคมิคอล จำกัด,ศิริญา ธูปหอม,ยะลา,028-446783
CUST07196,บริษัท บจก.แก้วอยู่และบุตร จำกัด,บุญเทียน หนุนสุข,ยะลา,0 610 290 906
CUST07197,บริษัท ดิสกะประกาย-เตมิยะเดช จำกัด,โชติวุฒิ ด้วงโสน,ตรัง,04 997 2876
CUST07198,บริษัท ห้างหุ้นส่วนจำกัด หิรัญสาลี จำกัด,สิริกานต์ ตรีเภรินทร์,ยะลา,0 4270 3008
CUST07199,บริษัท เลิศกิ่ง-ถาวระวรณ์ จำกัด,พีระพงศ์พันธ์ ถนัดกลึง,อุดรธานี,094-120-7741
CUST07200,บริษัท บริษัท พรรษาสกุล จำกัด จำกัด,วรศาสส์ นฤทุกข์,พระนครศรีอยุธยา,+663 756 6664
CUST07201,บริษัท บริษัท ศรีอุ่นมอเตอร์ จำกัด จำกัด,ดารุนี ขันธุลา,ลำปาง,0 3793 3101
CUST07202,บริษัท บริษัท ถนัดอักษร จำกัด จำกัด,เนติลักษณ์ นครเทพ,เชียงใหม่,+662 260 5974
CUST07203,บริษัท บุนยะตีรณะเฟอนิชชิ่ง จำกัด,สุภาพร เธียรายัน,อุดรธานี,097 456 5126
CUST07204,บริษัท ห้างหุ้นส่วนจำกัด ตระกูลไม้เรียง จำกัด,อุษณีย์ ตวันเยี่ยม,ขอนแก่น,0868814026
CUST07205,บริษัท บริษัท นพตระกูล จำกัด จำกัด,พีระพงศ์พันธ์ แท่นทอง,ภูเก็ต,0 966 810 198
CUST07206,บริษัท หจก.ตรีเภรินทร์อิมปอร์ตเอ็กซปอร์ต จำกัด,ทิมาภรณ์ ศรีวงค์,ระยอง,0 7829 8112
CUST07207,บริษัท ยาปะโลหิตซัพพลาย จำกัด,วิรศักดิ์ ถุงเงิน,นครศรีธรรมราช,0-7792-4205
CUST07208,บริษัท บจก.นิระหานีอะไหล่ยนต์ จำกัด,ปัญญาพร แก้วอยู่,สงขลา,+66 (0) 648 863 218
CUST07209,บริษัท ห้างหุ้นส่วนจำกัด ไทไชโย จำกัด,สมใจ ขำเอนก,อุดรธานี,+663 438 4927
CUST07210,บริษัท บริษัท ไทไชโยกลการ จำกัด จำกัด,พชรภรณ์ บินดี,สงขลา,+66 4160 0301
CUST07211,บริษัท หจก.วุฑฒยากร จำกัด,คำปลิว แก้วชลคราม,นครศรีธรรมราช,073 833264
CUST07212,บริษัท บริษัท พรสีมา จำกัด จำกัด,พีรพัฒน์ บินดี,ภูเก็ต,03 962 4814
CUST07213,บริษัท บริษัท นามขำ จำกัด จำกัด,สมพิศ ขอหมั่นกลาง,ขอนแก่น,+66 (0) 962 508 991
CUST07214,บริษัท วุฑฒยากรกรุ๊ป จำกัด,สุธาวี ถนัดภาษา,ปากเกร็ด,+66 2677 3216
CUST07215,บริษัท บริษัท นพคเชนทร์ จำกัด จำกัด,นาตยา ศรีตะวัน,ขอนแก่น,07 158 0415
CUST07216,บริษัท หจก.ทองสีไพลเคมิคอล จำกัด,พิมพ์ประภา ถาวรายุศม์,สุราษฎร์ธานี,036-633002
CUST07217,บริษัท บริษัท ทวนทอง จำกัด จำกัด,มลิวรรณ ฉัตรอภิเที่ยงค่ำ,นครราชสีมา,043-142558
CUST07218,บริษัท นิลเสนาและติณรัตน์ จำกัด,โสภา เดชคุ้ม,ระยอง,+66 4369 5018
CUST07219,บริษัท มูลนิธินับเนื่องนอ จำกัด,มนัญชยา ทวีเดช,นครศรีธรรมราช,02 501 4887
CUST07220,บริษัท ชมรมตราชู จำกัด,ทวีวัฒน์ พรสีมา,รังสิต,043-985355
CUST07221,บริษัท นฤภัย-ยาปะโลหิต จำกัด,เพทาย เวียงจันทึก,พิษณุโลก,049 205412
CUST07222,บริษัท สมาคมทองประดิฐ จำกัด,อรรจน์ ดาบเพ็ชร์,ขอนแก่น,042918930
CUST07223,บริษัท ทุมะบุตร์วิศวการ จำกัด,สมเกียรติ ฉัพพรรณธนกูร,สมุทรปราการ,095-584-0950
CUST07224,บริษัท บมจ.ธัญาโภชน์ จำกัด,ชิดชนก หนุนสุข,พัทยา,0 2350 7501
CUST07225,บริษัท บริษัท ศิวะวรเวทมอเตอร์ จำกัด จำกัด,ดวงพร ทับทิมไทย,ยะลา,0606502317
CUST07226,บริษัท บริษัท ศรีสัตย์ จำกัด จำกัด,ภูวรา ถาวรรัตน,อ้อมน้อย,+66 (0) 2980 4396
CUST07227,บริษัท แนวพญาและตระกูลบุญ จำกัด,เกษรา นิระหานี,เกาะสมุย,056996186
CUST07228,บริษัท ห้างหุ้นส่วนจำกัด ทำประดู่ จำกัด,ผดุงพล บุณยะภาชน์,พัทยา,075 368400
CUST07229,บริษัท ศรีอุ่น-ไชยภา จำกัด,อรรจน์ นาคสุทิน,กรุงเทพมหานคร,0-7339-4112
CUST07230,บริษัท บริษัท จันอ้นพืชผล จำกัด จำกัด,นิรุตต์ เดชคุ้ม,สงขลา,04 460 6022
CUST07231,บริษัท บมจ.บินดี จำกัด,พิมพกานต์ แก้วชลคราม,อ้อมน้อย,090 000 1309
CUST07232,บริษัท บริษัท นิระหานีการค้า จำกัด จำกัด,วิทูลย์ ศรทอง,แม่สอด,022372081
CUST07233,บริษัท ตวงทองภาพยนตร์ จำกัด,กุลปรียา หนักแน่น,หาดใหญ่,0 4113 0833
CUST07234,บริษัท บริษัท ธัญาโภชน์ จำกัด จำกัด,ลักษมี ถิรสวัสดิ์,นครสวรรค์,0 5918 9617
CUST07235,บริษัท มูลนิธิผลบุญ จำกัด,คมกริบ ตรีเภรินทร์,อุบลราชธานี,+664 529 8456
CUST07236,บริษัท เตชะกำพุแอนด์ซันส์ จำกัด,อธิตยา ธรรมนิยม,หาดใหญ่,083 921 2544
CUST07237,บริษัท บริษัท ถมังรักษสัตว์อุตสาหกรรม จำกัด จำกัด,ธีร์ธวันาย เยาวธนโชค,รังสิต,+66 (0) 984 096 790
CUST07238,บริษัท ตั้งกุลงาม-นิยมสำหรวจ จำกัด,ตรีนุช นิลสุวรรณ์,สมุทรปราการ,0-5924-0332
CUST07239,บริษัท บริษัท ไทยสุชาต จำกัด จำกัด,สุทธิพจน์ ร่มธิติรัตน์,นครราชสีมา,0 2612 9232
CUST07240,บริษัท บริษัท นามขำ จำกัด จำกัด,ศิริเกศ ทหารแท้,ปากเกร็ด,0 638 712 571
CUST07241,บริษัท สมาคมเลขะพันธุ์ จำกัด,ชลิดา ทรัพย์สาร,ขอนแก่น,038503002
CUST07242,บริษัท บริษัท ตันตราจิณ จำกัด จำกัด,ภาสวุฒิ ถนัดอาวุธ,นครปฐม,+66 (0) 927 715 217
CUST07243,บริษัท ห้างหุ้นส่วนสามัญ ตระกูลบุญ จำกัด,ณัฐจศักดิ์ ขอหมั่นกลาง,รังสิต,+66 (0) 5886 4784
CUST07244,บริษัท หจก.บัวเผื่อนอะไหล่ยนต์ จำกัด,นันทวุฒิ ไสยกิจ,หาดใหญ่,+66 864 082 458
CUST07245,บริษัท บริษัท เลขะพันธุ์แลบ จำกัด จำกัด,ภานิณี ตันยา,นครสวรรค์,064 914 2852
CUST07246,บริษัท บริษัท ราชมณี จำกัด จำกัด,อัษฏา ทรัพย์ธำรงค์,นครสวรรค์,0829906491
CUST07247,บริษัท ห้างหุ้นส่วนจำกัด บุญบำรุง จำกัด,ชนิศา เขียวขุ้ย,อุบลราชธานี,055 244338
CUST07248,บริษัท ห้างหุ้นส่วนจำกัด ขุนดำ จำกัด,มนรัตน์ ถมปัด,แหลมฉบัง,0-7229-8556
CUST07249,บริษัท ธรรมเมธาคอมพิวเตอร์ จำกัด,วันชนก ธีวร,สุราษฎร์ธานี,0-7593-9766
CUST07250,บริษัท บริษัท นพตระกูลอิมปอร์ตเอ็กซปอร์ต จำกัด จำกัด,สุทกร เธียรายัน,อ้อมน้อย,089 953 7212
CUST07251,บริษัท เช้าวันดีเทรดดิ้ง จำกัด,ไพสิฐ ถนัดภาษา,เชียงราย,+66 988 446 735
CUST07252,บริษัท บริษัท บุนยาภิสนท์ จำกัด จำกัด,เกษตร อุลหัสสา,สมุทรปราการ,084 860 7177
CUST07253,บริษัท หจก.ถนิมมาศ จำกัด,อริสรา ธูปหอม,ระยอง,+66 883 874 065
CUST07254,บริษัท ถนัดรบและขอหมั่นกลาง จำกัด,จันทภา ทัศนสุทธิ,อ้อมน้อย,027862317
CUST07255,บริษัท ห้างหุ้นส่วนจำกัด ทองสินธุ์ จำกัด,เถลิงยศ นุ่มกัน,อุดรธานี,+66 (0) 4942 1224
CUST07256,บริษัท บริษัท อัตตนาถยานยนต์ จำกัด จำกัด,รัฐพงษ์ ธรรมเมธา,สกลนคร,0-4107-3119
CUST07257,บริษัท สมาคมทองสุกเลิศ จำกัด,เอนกพงศ์ บุนยะศัพท์,นครราชสีมา,+66 4774 2279
CUST07258,บริษัท บริษัท ทับทิมไทยวิศวกรรม จำกัด จำกัด,จณิสตา บินดี,ยะลา,+663 488 0680
CUST07259,บริษัท ทับทิมไทยเฟอร์นิเจอร์ จำกัด,นิติยา เตมิยะเดช,ตรัง,0 7289 5843
CUST07260,บริษัท ห้างหุ้นส่วนจำกัด ตระกูลไม้เรียงจิวเวลรี่ จำกัด,สุรการณ์ ทำประดู่,อุบลราชธานี,+66 (0) 3279 4929
CUST07261,บริษัท บจก.นรวิทย์โชติกุล จำกัด,อาภัศรา มนทอง,นครสวรรค์,095 383 1573
CUST07262,บริษัท สุวรรณหงษ์-พงศ์ฉบับนภา จำกัด,เมษา ธัญาโภชน์,กรุงเทพมหานคร,049126549
CUST07263,บริษัท บริษัท ภูภักดีคอมมิวนิเคชั่น จำกัด จำกัด,เจษฎากร ธรรมฤดี,นครราชสีมา,+664 898 7218
CUST07264,บริษัท บริษัท นิลวิมลพืชผล จำกัด จำกัด,สุรการณ์ นิลวรรณ,ตรัง,082-780-8538
CUST07265,บริษัท บริษัท งามพิเชษฐ์ จำกัด จำกัด,พิชญ์สินี นาควงษ์,ปากเกร็ด,077 239966
CUST07266,บริษัท ห้างหุ้นส่วนจำกัด ไตรบรรพยานยนต์ จำกัด,สมหมาย ถาวระวรณ์,เชียงใหม่,0 662 897 673
CUST07267,บริษัท บริษัท คำลือ จำกัด (มหาชน) จำกัด,สุรนีย์ ทรัพย์สาร,นครศรีธรรมราช,0688006746
CUST07268,บริษัท บริษัท ทับทิมไทยเอเยนซี จำกัด จำกัด,ราชพฤกษ์ เตชะกำพุ,ระยอง,02 758 1943
CUST07269,บริษัท บริษัท ธูปะวิโรจน์กรุ๊ป จำกัด (มหาชน) จำกัด,หรรษา นิระหานี,แม่สอด,+662 838 6061
CUST07270,บริษัท ธาราธร-นานายน จำกัด,นิติ บินดี,พระนครศรีอยุธยา,+662 236 0652
CUST07271,บริษัท บริษัท ทรงโกมลยานยนต์ จำกัด จำกัด,ซูรัยดา เดชคุ้ม,นครราชสีมา,059-002872
CUST07272,บริษัท บมจ.ถนัดการยนต์ จำกัด,ปฐวีกานต์ ตั้งเผ่า,ขอนแก่น,070049638
CUST07273,บริษัท หจก.นิลวรรณ จำกัด,รภัสพงษ์ ธนประทีป,อ้อมน้อย,0 7325 4172
CUST07274,บริษัท บริษัท ถนัดเดินข่าวบรรจุภัณฑ์ จำกัด จำกัด,แปลง พงศ์ฉบับนภา,สมุทรสาคร,097-287-3526
CUST07275,บริษัท หจก.ติระคมน์ จำกัด,วิชา ดำริห์ชอบ,ขอนแก่น,022504329
CUST07276,บริษัท งามพิเชษฐ์คอนสตรัคชั่น จำกัด,สัญชาน นิละทัต,รังสิต,0-7292-5140
CUST07277,บริษัท หจก.หนักแน่นการค้า จำกัด,กรพนธ์ ตวันเยี่ยม,ตรัง,0 2354 5832
CUST07278,บริษัท หจก.นิลวรรณ จำกัด,นพรัตน์ บินดี,สกลนคร,+66 (0) 903 514 776
CUST07279,บริษัท บริษัท ไทไชโย จำกัด จำกัด,สมปอง เลขะพันธุ์,ขอนแก่น,027 617016
CUST07280,บริษัท ห้างหุ้นส่วนจำกัด ซาซุมแลบ จำกัด,ปรายกานต์ บุณยะภาชน์,พัทยา,03 819 7924
CUST07281,บริษัท บจก.เนื้อนุ่ม จำกัด,คำ ถนัดเดินข่าว,เชียงใหม่,075 603263
CUST07282,บริษัท ชมรมนพตระกูล จำกัด,นาทภูวพัฒน์ ไสยกิจ,สมุทรสาคร,0 5087 1646
CUST07283,บริษัท หจก.เพียยาแพคกิ้ง จำกัด,พีระพงศ์พันธ์ อุลหัสสา,นครศรีธรรมราช,05 347 1131
CUST07284,บริษัท บจก.จันอ้น จำกัด,ณิชนันท์ บุนยะตีรณะ,เจ้าพระยาสุรศักดิ์,+66 (0) 831 217 476
CUST07285,บริษัท ห้างหุ้นส่วนจำกัด เตชะกำพุเอนเตอรไพรส์ จำกัด,จักรีรัตน์ หนุนสุข,สกลนคร,045 352111
CUST07286,บริษัท บริษัท ถนอมพลกรุ๊ป จำกัด จำกัด,ศิริญา นุตตาร,อ้อมน้อย,032-440490
CUST07287,บริษัท บริษัท เจริญรัมย์ จำกัด จำกัด,พีระพงศ์พันธ์ ปรีชากุลเศรษฐ์,ยะลา,+66 7766 8598
CUST07288,บริษัท บริษัท อุลหัสสา จำกัด จำกัด,เจษฎากร ตรีครุธพันธุ์,แม่สอด,021790464
CUST07289,บริษัท บจก.เช้าวันดีอุตสาหกรรม จำกัด,พิมพ์สุดา ดิศดใน,หาดใหญ่,048 647488
CUST07290,บริษัท ห้างหุ้นส่วนจำกัด ฉิมพาลีก่อสร้าง จำกัด,สุทกร ตั้งรบ,นครสวรรค์,0-7286-1339
CUST07291,บริษัท บริษัท หอมสิน จำกัด จำกัด,วรนาฎ วะคีมัน,กรุงเทพมหานคร,03 707 7500
CUST07292,บริษัท นุชแนวนุ่มเคมิคอล จำกัด,กิติชัย เนตร์มณี,สมุทรปราการ,054-778700
CUST07293,บริษัท บมจ.ชุมวระแพคกิ้ง จำกัด,จิณภัทตา ตั้งเผ่า,ขอนแก่น,0 5114 2993
CUST07294,บริษัท นะวะมันดรอุตสาหกรรม จำกัด,ปัณณวัชร เวียงจันทึก,พัทยา,030-137575
CUST07295,บริษัท หจก.ปานสุวรรณบรรจุภัณฑ์ จำกัด,ฮานาฟี บุตดา,พิษณุโลก,024-928306
CUST07296,บริษัท บริษัท นะวะมันดร จำกัด จำกัด,ศจีกาญจน์ ทองสุกเลิศ,แม่สอด,0 4854 6290
CUST07297,บริษัท ทีฆะและดวงทับทิม จำกัด,รชตกร ตัณสถิตย์,รังสิต,+66 (0) 882 397 749
CUST07298,บริษัท สมาคมทรัพย์ธำรงค์ จำกัด,อำไพ ตวงทอง,ขอนแก่น,+66 (0) 2448 2111
CUST07299,บริษัท ห้างหุ้นส่วนจำกัด บุนยะศัพท์ จำกัด,มนัส เลิศกิ่ง,อ้อมน้อย,0-2024-8713
CUST07300,บริษัท หจก.บุญบำรุง จำกัด,สนั่น ธูปะวิโรจน์,รังสิต,+66 649 156 537
CUST07301,บริษัท ห้างหุ้นส่วนจำกัด หิรัญสาลีมอเตอร์ จำกัด,นัฐพล ถนัดการเขียน,อุดรธานี,072 211774
CUST07302,บริษัท บจก.ตรีเภรินทร์แพคกิ้ง จำกัด,ศุภชัย นาคพันธุ์,ขอนแก่น,0-3360-0353
CUST07303,บริษัท ห้างหุ้นส่วนสามัญ เขียวขุ้ยก่อสร้าง จำกัด,ภควัฒน์ พงศ์ฉบับนภา,นนทบุรี,02 231 0706
CUST07304,บริษัท บริษัท แก้วอยู่ จำกัด จำกัด,ทานตะวัน บุนยะตีรณะ,สมุทรปราการ,021882864
CUST07305,บริษัท บริษัท ดีตพันธุ์ยานยนต์ จำกัด จำกัด,จิตรลดา อุลหัสสา,ตรัง,0 623 528 445
CUST07306,บริษัท บริษัท ยะผาอุตสาหกรรม จำกัด จำกัด,วัลลภ ทองประดิฐ,เกาะสมุย,0 971 159 693
CUST07307,บริษัท ห้างหุ้นส่วนจำกัด ถนอมกุลบุตรภาพยนตร์ จำกัด,จินต์จุฑา นิยมสำหรวจ,หาดใหญ่,+66 (0) 7521 1208
CUST07308,บริษัท บริษัท ธัญาโภชน์ จำกัด จำกัด,นนทกาญจน์ แนวพญา,สกลนคร,0 810 704 285
CUST07309,บริษัท บจก.นฤภัย จำกัด,มะลีวัลย์ บุญบำรุง,นครศรีธรรมราช,0-2838-2197
CUST07310,บริษัท ห้างหุ้นส่วนจำกัด ทองเนื้อดีมอเตอร์ จำกัด,วิชา ศรีธนะเวทย์,พัทยา,084-269-1068
CUST07311,บริษัท ถ้วนศรีและเพื่อน จำกัด,รมิตา ตราชู,ภูเก็ต,0631370884
CUST07312,บริษัท บริษัท เช้าวันดี จำกัด จำกัด,ภูวัน ตั้งเผ่า,นครราชสีมา,090 016 1847
CUST07313,บริษัท งามพิเชษฐ์อิมปอร์ตเอ็กซปอร์ต จำกัด,เอกชัย ฉัพพรรณธนกูร,แม่สอด,0 891 660 326
CUST07314,บริษัท นุ่มกันคอมมิวนิเคชั่น จำกัด,ศศิยา ตราชู,นครปฐม,0 951 723 269
CUST07315,บริษัท บริษัท บุนยาภิสนท์คอมพิวเตอร์ จำกัด จำกัด,พุทธิพงษ์ ไทยแท้,เจ้าพระยาสุรศักดิ์,+66 (0) 7666 2783
CUST07316,บริษัท ไทไชโย-นกทอง จำกัด,พิศพรรณ ตั้งเผ่า,สุราษฎร์ธานี,073264530
CUST07317,บริษัท บริษัท ถนัดหัตถกรรม จำกัด จำกัด,เอกอธิพงษ์ ดาบเงิน,ลำปาง,078 354276
CUST07318,บริษัท เณรานุสนธิ์เคมิคอล จำกัด,ภควัฒน์ สังข์กรด,เชียงใหม่,+66 638 928 833
CUST07319,บริษัท มูลนิธิยางสวย จำกัด,พิพิธธน ทองสุกเลิศ,สงขลา,+665 970 2237
CUST07320,บริษัท สมาคมตันยา จำกัด,ดารุนี วะคีมัน,นนทบุรี,024 209288
CUST07321,บริษัท บริษัท ประจันตะเสน จำกัด จำกัด,ธเนษฐ ถนอมพลกรัง,อุบลราชธานี,0 4072 4215
CUST07322,บริษัท ธนูปกรณ์เอเยนซี จำกัด,ลักษมี ไตรบรรพ,ลำปาง,+66 (0) 939 072 452
CUST07323,บริษัท บจก.เนื่องนนท์ จำกัด,อนุบาล คณานุรักษ์,ยะลา,082 677 5560
CUST07324,บริษัท ห้างหุ้นส่วนสามัญ ขุนดำการค้า จำกัด,หรรษา ตราชู,กรุงเทพมหานคร,+662 494 9841
CUST07325,บริษัท หจก.ศรีสัตย์อินเตอร์เนชั่นแนล จำกัด,กิติกานต์ เนื่องนนท์,นครศรีธรรมราช,090-849-5659
CUST07326,บริษัท นับเนื่องนอและถนัดอาวุธ จำกัด,นิรุตต์ ดาบเงิน,แม่สอด,+66 (0) 5912 9202
CUST07327,บริษัท หจก.นาฏคายี จำกัด,พิไลพร ธูปหอม,สุราษฎร์ธานี,0-4578-4893
CUST07328,บริษัท บริษัท วุฑฒยากรแพคกิ้ง จำกัด จำกัด,เทียมศักดิ์ นิระหานี,เจ้าพระยาสุรศักดิ์,+664 844 3425
CUST07329,บริษัท ห้างหุ้นส่วนจำกัด ติณรัตน์ จำกัด,ศศิรินทร์ ศรีสัตย์,อุดรธานี,05 947 1373
CUST07330,บริษัท บริษัท วิลาสินี จำกัด จำกัด,ขอดิเยาะ นาคพันธุ์,พัทยา,077-969829
CUST07331,บริษัท ห้างหุ้นส่วนสามัญ แน่นดุจป้อมจิวเวลรี่ จำกัด,วีรชัย เนตร์มณี,พัทยา,089-272-6417
CUST07332,บริษัท หจก.คณานุรักษ์ จำกัด,ปัณณธร สุวรรณหงษ์,นนทบุรี,0 961 709 428
CUST07333,บริษัท บริษัท ทรัพย์ธำรงค์เฟอร์นิเจอร์ จำกัด จำกัด,สมเกียรติ ตะละภัฏ,ยะลา,030617931
CUST07334,บริษัท บริษัท ฉัพพรรณธนกูร จำกัด จำกัด,นพวรรณ ไสยกิจ,นครศรีธรรมราช,099-027-5030
CUST07335,บริษัท ห้างหุ้นส่วนจำกัด ไทยสุชาตแอนด์ซันส์ จำกัด,เจษฏาภรณ์ ดาวกระจาย,เจ้าพระยาสุรศักดิ์,0 5827 6797
CUST07336,บริษัท ห้างหุ้นส่วนจำกัด แต้กุลวิศวกรรม จำกัด,เถลิงยศ ทหารแท้,เชียงใหม่,066 229 8468
CUST07337,บริษัท หจก.ถนัดภาษา จำกัด,สุมัชญา นวลฉวี,ขอนแก่น,0-2964-8648
CUST07338,บริษัท บริษัท ถนัดอักษร จำกัด จำกัด,ขอดิเยาะ ศรีตะวัน,พิษณุโลก,+66 619 030 785
CUST07339,บริษัท มูลนิธิตั้งเผ่า จำกัด,รภัสพงษ์ ถนัดเดินข่าว,สุราษฎร์ธานี,056-268851
CUST07340,บริษัท ถนอมพลและแนวพญา จำกัด,ศจีกาญจน์ น้ำทิพย์,ลำปาง,0 921 816 044
CUST07341,บริษัท บริษัท ทองเนื้อดีบริการ จำกัด จำกัด,ฮามีย๊ะ ถะเกิงชศ,ลำปาง,082 811 5724
CUST07342,บริษัท หจก.นิระหานีอะไหล่ยนต์ จำกัด,ยอดแมน ดาตู,ตรัง,0-2058-7257
CUST07343,บริษัท บมจ.แนวพนิช จำกัด,กวีฉัฏฐ นรวิทย์โชติกุล,ภูเก็ต,+665 043 0348
CUST07344,บริษัท บริษัท ทวนทอง จำกัด จำกัด,อนิวัฒน์ ตันตราจิณ,แม่สอด,05 949 3262
CUST07345,บริษัท บริษัท ซาซุม จำกัด จำกัด,พิชญ์สินี นิลเสนา,ลำปาง,054-420706
CUST07346,บริษัท มูลนิธิวาทา จำกัด,เพ็ญพรรษา ทองสีไพล,ตรัง,069-382-3439
CUST07347,บริษัท เดชวา-อัตตนาถ จำกัด,บุญนพ แต้กุล,ลำปาง,0 3621 3023
CUST07348,บริษัท ห้างหุ้นส่วนจำกัด นำธวัชโอสถ จำกัด,พิชญ์สินี ทุมะบุตร์,เกาะสมุย,0-7606-0439
CUST07349,บริษัท บริษัท เดชคุ้มคอนสตรัคชั่น จำกัด จำกัด,นิมุ ชำนาญวาด,ปากเกร็ด,020896200
CUST07350,บริษัท ชมรมธรรมนิยม จำกัด,จินต์จุฑา ธรรมนิยม,นครราชสีมา,0-3834-0513
CUST07351,บริษัท บมจ.จ้อยนุแสง จำกัด,ธัญญามาศ ถมังรักษสัตว์,พิษณุโลก,+66 (0) 5104 5793
CUST07352,บริษัท บริษัท บุญบำรุง จำกัด (มหาชน) จำกัด,ยูซุฟ นิยมเซียม,อ้อมน้อย,+664 645 4632
CUST07353,บริษัท ห้างหุ้นส่วนจำกัด ทองเนื้อดี จำกัด,นรีรัตน์ นฤภัย,นนทบุรี,0 7643 5463
CUST07354,บริษัท จ้อยนุแสง-นกทอง จำกัด,พิมพ์สุตา สุวรรณหงษ์,พัทยา,+66 (0) 5563 4478
CUST07355,บริษัท บจก.ไชยภา จำกัด,พิมพ์สุดา มนทอง,หาดใหญ่,0894119376
CUST07356,บริษัท บริษัท ฉายแสง จำกัด จำกัด,พันเทพ ทรัพย์สาร,สกลนคร,0 3205 1948
CUST07357,บริษัท บริษัท พานเกล้า จำกัด จำกัด,อุลัยพร ถนอมพล,สกลนคร,0 2231 4660
CUST07358,บริษัท บริษัท ยาปะโลหิตเฟอร์นิเจอร์ จำกัด จำกัด,ณัฐธภรณ์ ถาวระวรณ์,เชียงราย,044 877543
CUST07359,บริษัท บริษัท ธัญเสถียร จำกัด จำกัด,ธัญญามาศ ตั้งเผ่า,แหลมฉบัง,+66 (0) 7169 3953
CUST07360,บริษัท มูลนิธิตั้งกุลงาม จำกัด,จิตตานันท์ กุมารบุญ,สุราษฎร์ธานี,+66 4909 5591
CUST07361,บริษัท สมาคมจันทา จำกัด,นิภา ถนอมมนุษย์,สงขลา,021 045538
CUST07362,บริษัท นิยมเซียม-เช้าวันดี จำกัด,ซุกรี ทรงโกมล,กรุงเทพมหานคร,055 516261
CUST07363,บริษัท ห้างหุ้นส่วนสามัญ ดุริยพันธุ์ จำกัด,กิติวัฒน์ ทันยุค,สุราษฎร์ธานี,067-801-0034
CUST07364,บริษัท บจก.ถาวรรัตนวิศวการ จำกัด,นาทภูวพัฒน์ แนวพญา,อุบลราชธานี,0 2814 5717
CUST07365,บริษัท บริษัท งามพิเชษฐ์ จำกัด จำกัด,ฟารินี นาคะนคร,พิษณุโลก,0 7976 8805
CUST07366,บริษัท ห้างหุ้นส่วนจำกัด ดีตพันธุ์ จำกัด,สิริรัตน์ ฉายแสง,ขอนแก่น,+66 5855 7570
CUST07367,บริษัท ถาวรายุศม์คอมพิวเตอร์ จำกัด,พงษ์นเรศ นิลสลัว,สมุทรสาคร,+662 707 4115
CUST07368,บริษัท มูลนิธิเวียงจันทึก จำกัด,เอกอธิพงษ์ ศรีสัตย์,ปากเกร็ด,0 683 967 160
CUST07369,บริษัท หจก.เลขะพันธุ์ จำกัด,อัญพัชร์ พรมอ่อน,อุบลราชธานี,07 999 1257
CUST07370,บริษัท บริษัท เช้าวันดี จำกัด จำกัด,นิวิลดาน ถนิมมาศ,นครราชสีมา,+66 (0) 2058 8657
CUST07371,บริษัท ตันตราจิณวิศวการ จำกัด,ภัทรนาฎ ปานสุวรรณ,ตรัง,+667 091 4775
CUST07372,บริษัท บจก.ถนัดพิมพการอะไหล่ยนต์ จำกัด,วุฒิ จ้อยนุแสง,หาดใหญ่,+66 (0) 3968 0830
CUST07373,บริษัท บจก.ตัณฑนุช จำกัด,ปรายกานต์ ติณรัตน์,สมุทรสาคร,0 861 195 996
CUST07374,บริษัท บจก.แต้กุลวิศวการ จำกัด,ใกล้รุ่ง ถนอมมนุษย์,ลำปาง,027 992911
CUST07375,บริษัท บริษัท แหยมศิริ จำกัด (มหาชน) จำกัด,เอกชัย นิษประปัญจ์,อุดรธานี,+66 3129 6009
CUST07376,บริษัท ห้างหุ้นส่วนจำกัด ถ้วนศรี จำกัด,ปฐวีกานต์ เตชะกำพุ,สมุทรปราการ,+66 7359 2752
CUST07377,บริษัท ห้างหุ้นส่วนสามัญ เนื้อนุ่มวิศวการ จำกัด,กะดิรัตน์ นุตตาร,ลำปาง,+66 5917 5654
CUST07378,บริษัท มูลนิธิบุญศล จำกัด,ศภัคชคง ถนัดหัตถกรรม,หาดใหญ่,080 020 2443
CUST07379,บริษัท ห้างหุ้นส่วนจำกัด จันอ้น จำกัด,ศิริเกศ สาระพันธ์,ระยอง,068-479-3290
CUST07380,บริษัท มูลนิธิวิลาสินี จำกัด,พาดีล๊ะ นาฏคายี,แหลมฉบัง,071 278730
CUST07381,บริษัท บริษัท ธูปหอม จำกัด (มหาชน) จำกัด,สราญจิตต์ ทองแท้,ลำปาง,03 669 5280
CUST07382,บริษัท ห้างหุ้นส่วนจำกัด แนวพญา จำกัด,วิรศักดิ์ นิลวิมล,สุราษฎร์ธานี,048-849312
CUST07383,บริษัท บริษัท ตวงทองอะไหล่ยนต์ จำกัด จำกัด,ปัญญาพร บุนยะศัพท์,พัทยา,+66 879 684 540
CUST07384,บริษัท ทองอยู่พานิช จำกัด,สหัสมณี เตมิยะเดช,ตรัง,0-4908-5424
CUST07385,บริษัท บมจ.น้ำทิพย์ จำกัด,มนัญชยา ถนัดพิมพการ,พระนครศรีอยุธยา,0 610 603 500
CUST07386,บริษัท ชมรมทองลาภ จำกัด,ชัฎชา ยางสวย,พระนครศรีอยุธยา,+662 592 7042
CUST07387,บริษัท หิรัญสาลีสโตร์ จำกัด,นพวรรณ ตั้งกุลงาม,เกาะสมุย,076 995066
CUST07388,บริษัท ชมรมนำธวัช จำกัด,ธาเอก ยาปะโลหิต,ปากเกร็ด,0-4616-7564
CUST07389,บริษัท สมาคมน้ำทิพย์ จำกัด,พิมพกานต์ ไตรบรรพ,ปากเกร็ด,+665 092 7980
CUST07390,บริษัท หจก.ตั้งรบวิศวการ จำกัด,วรดาพร ทองอยู่,ขอนแก่น,+66 3031 8416
CUST07391,บริษัท แต้กุลและนวลฉวี จำกัด,พรปราณี เดชคุ้ม,แหลมฉบัง,0679594824
CUST07392,บริษัท เลิศกิ่งและบุญญาไลย์ จำกัด,ชลิดา ทวีเดช,สมุทรปราการ,0 2872 1329
CUST07393,บริษัท บริษัท บัวเผื่อนเซอร์วิส จำกัด (มหาชน) จำกัด,วรรณรัตน์ ธนประทีป,นครสวรรค์,+664 298 9669
CUST07394,บริษัท หจก.บุนยาภิสนท์ จำกัด,มะลีวัลย์ เธียรายัน,นครราชสีมา,076 621293
CUST07395,บริษัท ห้างหุ้นส่วนจำกัด นรวิทย์โชติกุล จำกัด,มัตติกา ทองปากน้ำ,พระนครศรีอยุธยา,069-395-3617
CUST07396,บริษัท ห้างหุ้นส่วนจำกัด บุญส่ง จำกัด,ประเสริฐ เจริญรัมย์,สุราษฎร์ธานี,0 2945 0166
CUST07397,บริษัท แนวพญาแอนด์ซันส์ จำกัด,ศิริเกศ เมืองสุข,เชียงราย,041-766279
CUST07398,บริษัท บมจ.ตวันเยี่ยม จำกัด,มลิวรรณ ติระคมน์,พัทยา,0-2260-3314
CUST07399,บริษัท เขียวขุ้ย-ถนัดการเขียน จำกัด,พรเบญญา ทหารแท้,ตรัง,0-7668-2139
CUST07400,บริษัท บริษัท ถนัดอาวุธ จำกัด จำกัด,จณิตตา บุตราช,อุดรธานี,047 484534
CUST07401,บริษัท ธนาคารนุตตาร จำกัด (มหาชน) จำกัด,นิภา ตั้งรบ,สมุทรปราการ,0 7282 9504
CUST07402,บริษัท หจก.ดีตพันธุ์บรรจุภัณฑ์ จำกัด,ประยุทธ์ ธรรมฤดี,อุดรธานี,088 708 6498
CUST07403,บริษัท หจก.ดาบเงินวิศวกรรม จำกัด,ไพสิฐ ตัณฑนุช,แหลมฉบัง,0810151221
CUST07404,บริษัท ห้างหุ้นส่วนสามัญ เขียวอ่อนขนส่ง จำกัด,รักชนก เขียวขุ้ย,อุดรธานี,+66 7822 3004
CUST07405,บริษัท ห้างหุ้นส่วนจำกัด เตมิยะเดช จำกัด,ปิยะนันท์ เดชคุ้ม,เจ้าพระยาสุรศักดิ์,086 488 1482
CUST07406,บริษัท หจก.นพคเชนทร์ จำกัด,นารดา คำลือ,เจ้าพระยาสุรศักดิ์,050 428333
CUST07407,บริษัท พรรษาสกุลเคมิคอล จำกัด,นราวรรณ นาถะพินธุ,อุบลราชธานี,+663 580 5643
CUST07408,บริษัท บมจ.คำลือ จำกัด,จีราภรณ์ ทองประดิฐ,อุดรธานี,0-4851-0567
CUST07409,บริษัท ห้างหุ้นส่วนจำกัด ถะเกิงชศ จำกัด,ณัฐศักดิ์ นพคเชนทร์,ตรัง,+66 841 724 070
CUST07410,บริษัท บจก.ไทไชโยโอสถ จำกัด,คำ เยาวธนโชค,ปากเกร็ด,035-852545
CUST07411,บริษัท ห้างหุ้นส่วนจำกัด อัตตนาถ จำกัด,นพ นฤภัย,พิษณุโลก,+663 242 7568
CUST07412,บริษัท บริษัท นุ่มกันพานิช จำกัด จำกัด,เจษฎากร นิลวิมล,พระนครศรีอยุธยา,03 286 4880
CUST07413,บริษัท บริษัท ทองลาภ จำกัด จำกัด,นัสรุน ปานสุวรรณ,เชียงใหม่,05 263 8030
CUST07414,บริษัท ห้างหุ้นส่วนจำกัด ทองอยู่ จำกัด,เถลิงยศ สงประเสริฐ,สุราษฎร์ธานี,087 321 5784
CUST07415,บริษัท ศรีตะวันแอนด์ซันส์ จำกัด,วิทูลย์ พีระเพ็ญกุล,แม่สอด,055 086462
CUST07416,บริษัท ถนัดพิมพการเฟอร์นิเจอร์ จำกัด,วรศาสส์ ทองปากน้ำ,ระยอง,0 655 615 958
CUST07417,บริษัท สมาคมด้วงโสน จำกัด,สีหราช บินดี,ยะลา,02 235 9142
CUST07418,บริษัท ตราชูและเยาวธนโชค จำกัด,วรรณชนะชัย นามขำ,สมุทรปราการ,087 960 3356
CUST07419,บริษัท บมจ.พรรษาสกุล จำกัด,อับดุลเลาะห์ ยางสวย,นครศรีธรรมราช,0 953 307 526
CUST07420,บริษัท บริษัท ดาตูอุตสาหกรรม จำกัด จำกัด,วรดาพร ทองสินธุ์,ปากเกร็ด,051275751
CUST07421,บริษัท ห้างหุ้นส่วนจำกัด ดวงทับทิม จำกัด,ณภัทร ประจันตะเสน,เจ้าพระยาสุรศักดิ์,0 4769 2487
CUST07422,บริษัท ห้างหุ้นส่วนจำกัด ศรีธนะเวทย์ จำกัด,พรชีวิน ดาตู,นครราชสีมา,+663 034 8621
CUST07423,บริษัท บริษัท ไสยกิจ จำกัด จำกัด,ปาริตา ดีตพันธุ์,นนทบุรี,062-366-3959
CUST07424,บริษัท บริษัท จันทา จำกัด จำกัด,มะลีวัลย์ สาระพันธ์,สุราษฎร์ธานี,0933355388
CUST07425,บริษัท ชมรมอัตตนาถ จำกัด,มลิวรรณ ศรทอง,อุบลราชธานี,079717106
CUST07426,บริษัท บริษัท ติระคมน์คอมมิวนิเคชั่น จำกัด จำกัด,เจตพินิษฐ์ แนวพญา,ลำปาง,0-2529-4988
CUST07427,บริษัท บริษัท ถนัดพิมพการ จำกัด (มหาชน) จำกัด,อารีย์ บุตราช,แหลมฉบัง,+66 688 906 935
CUST07428,บริษัท ยางสวย-นับเนื่องนอ จำกัด,สมมล มิ่งขวัญ,ลำปาง,+665 132 3122
CUST07429,บริษัท บริษัท พรมอ่อนวิศวกรรม จำกัด จำกัด,วีระโชติ นิลสุวรรณ์,หาดใหญ่,+66 (0) 3951 6523
CUST07430,บริษัท บริษัท ดาวอร่ามบริการ จำกัด จำกัด,อารีย์ พานเกล้า,กรุงเทพมหานคร,02 484 5969
CUST07431,บริษัท บจก.หนักแน่น จำกัด,อธิตยา แถมธน,สงขลา,05 619 9177
CUST07432,บริษัท ทศโยธินและติณรัตน์ จำกัด,เพ็ญยุภา สุวรรณหงษ์,ขอนแก่น,0 943 120 291
CUST07433,บริษัท ทับทิมไทยแพคกิ้ง จำกัด,สุรนีย์ สงประเสริฐ,อุดรธานี,0-3153-6428
CUST07434,บริษัท บริษัท เขียวอ่อน จำกัด จำกัด,วรรณชนะชัย บุญศล,สงขลา,+66 976 077 931
CUST07435,บริษัท บริษัท ติระคมน์ จำกัด จำกัด,ณปภัช ปานสุวรรณ,แหลมฉบัง,0 7106 5996
CUST07436,บริษัท บริษัท ตั้งรบ จำกัด จำกัด,ประวี ตั้งกุลงาม,อุดรธานี,07 640 0722
CUST07437,บริษัท บริษัท ธนูปกรณ์ จำกัด จำกัด,โรสชา นวลเพ็ง,เกาะสมุย,+664 514 7663
CUST07438,บริษัท บริษัท นะวะมันดร จำกัด จำกัด,นัฐพล นิลสุวรรณ์,ยะลา,093-448-6081
CUST07439,บริษัท ขอหมั่นกลางกรุ๊ป จำกัด,กุลเชษฐ ตัณฑนุช,เจ้าพระยาสุรศักดิ์,+66 5803 9088
CUST07440,บริษัท บริษัท ถนอมกุลบุตร จำกัด จำกัด,อรจิรา เจริญรัมย์,พัทยา,041 015702
CUST07441,บริษัท บริษัท ทวนไชย์ จำกัด (มหาชน) จำกัด,อาซือมะ ธรรมทินนา,อุดรธานี,028786015
CUST07442,บริษัท ห้างหุ้นส่วนจำกัด ไทยสุชาต จำกัด,อาฮามัด แต้กุล,นครปฐม,043 050034
CUST07443,บริษัท หจก.ถนัดอาวุธ จำกัด,สุกฤษตา เนื้อนุ่ม,นครสวรรค์,+662 740 7147
CUST07444,บริษัท ขุนดำ-บุนยะศัพท์ จำกัด,สันชัย ฉัพพรรณธนกูร,สกลนคร,065 665 6917
CUST07445,บริษัท บจก.พรมอ่อนบรรจุภัณฑ์ จำกัด,ปรมินทร์ ถ้วนศรี,นครราชสีมา,0 3289 6440
CUST07446,บริษัท บมจ.ไชยภา จำกัด,สุรวัช ทองลาภ,หาดใหญ่,024532800
CUST07447,บริษัท นิลสลัวเซอร์วิส จำกัด,กนกเนตร ตระกูลไม้เรียง,ระยอง,+663 674 0759
CUST07448,บริษัท บริษัท นาถะพินธุ จำกัด (มหาชน) จำกัด,สิริ เนตร์มณี,รังสิต,043753003
CUST07449,บริษัท ห้างหุ้นส่วนจำกัด วะคีมัน จำกัด,ประยุทธ์ ตรีเภรินทร์,กรุงเทพมหานคร,+662 038 2903
CUST07450,บริษัท ห้างหุ้นส่วนจำกัด ไชยภา จำกัด,จักรกฤนาย หิรัญสาลี,อ้อมน้อย,+66 (0) 5965 7818
CUST07451,บริษัท สมาคมทวนไชย์ จำกัด,อับดุลเลาะห์ ดาวกระจาย,อุดรธานี,+665 923 7483
CUST07452,บริษัท บริษัท วิลาสินีมอเตอร์ จำกัด จำกัด,นพวรรณ ขอหมั่นกลาง,ปากเกร็ด,02 973 1869
CUST07453,บริษัท ตัณสถิตย์คอมมิวนิเคชั่น จำกัด,นันทิกานต์ สงประเสริฐ,ตรัง,022-757876
CUST07454,บริษัท นิยมเซียมจิวเวลรี่ จำกัด,ยุศรอน ถนอมกุลบุตร,นครปฐม,+66 (0) 5976 4640
CUST07455,บริษัท มูลนิธิวุฑฒยากร จำกัด,มารุด เดชวา,สมุทรปราการ,+66 855 200 306
CUST07456,บริษัท ห้างหุ้นส่วนสามัญ บุญญาภิรมย์ขนส่ง จำกัด,เทพณรงค์ บุญศล,ลำปาง,+66 (0) 2216 8294
CUST07457,บริษัท หจก.ธรรมฤดี จำกัด,เมทนี หนักแน่น,ปากเกร็ด,023-212187
CUST07458,บริษัท บริษัท เยาวธนโชค จำกัด จำกัด,คมกฤชญ์ นักสำหรวจ,ขอนแก่น,+66 (0) 2285 7227
CUST07459,บริษัท บริษัท ถะเกิงชศ จำกัด (มหาชน) จำกัด,สโรชา ฉิมพาลี,รังสิต,0 5668 3218
CUST07460,บริษัท แท่นทองและธีวร จำกัด,หล้า จันทา,นนทบุรี,0 2858 7060
CUST07461,บริษัท ห้างหุ้นส่วนจำกัด ดาบเงิน จำกัด,ฟารินี ถนิมมาศ,นครปฐม,+66 (0) 661 834 644
CUST07462,บริษัท บริษัท ถนอมมนุษย์การค้า จำกัด (มหาชน) จำกัด,กองสิน พรมอ่อน,พัทยา,0601728935
CUST07463,บริษัท ห้างหุ้นส่วนสามัญ จ้อยนุแสงเทรดดิ้ง จำกัด,พิมพ์พิชญา สังข์กรด,สมุทรปราการ,043089359
CUST07464,บริษัท นพตระกูล-ซูสารอ จำกัด,โสภณ ถนัดกลึง,นครปฐม,073-193168
CUST07465,บริษัท ตราชูบรรจุภัณฑ์ จำกัด,เจตธนากร หอมพิกุล,อุดรธานี,+66 2085 2382
CUST07466,บริษัท บริษัท ทองสีไพลภาพยนตร์ จำกัด จำกัด,กันตวรรณ ทัศนสุทธิ,สุราษฎร์ธานี,0-7851-3196
CUST07467,บริษัท แก้วชลคราม-บุญส่ง จำกัด,มนัญชยา คำลือ,หาดใหญ่,0-3651-6311
CUST07468,บริษัท บริษัท ตันยา จำกัด จำกัด,ณัฐธิตา ซูสารอ,รังสิต,03 567 8350
CUST07469,บริษัท หจก.ตวงทองโอสถ จำกัด,สุภัทริดา ทศโยธิน,อ้อมน้อย,0 3013 1215
CUST07470,บริษัท บริษัท ไสยกิจกรุ๊ป จำกัด จำกัด,ทิพรดา ไสยกิจ,หาดใหญ่,03 503 2444
CUST07471,บริษัท ห้างหุ้นส่วนสามัญ เมืองสุข จำกัด,ศศิรินทร์ ทองอยู่,แม่สอด,0 939 582 889
CUST07472,บริษัท ห้างหุ้นส่วนสามัญ ธัญาโภชน์ จำกัด,หล้า แถมธน,หาดใหญ่,0-5695-2955
CUST07473,บริษัท ห้างหุ้นส่วนจำกัด ถนัดการยนต์ จำกัด,ซูไรดา แหยมศิริ,นนทบุรี,072400916
CUST07474,บริษัท เลขะพันธุ์และศรีธนะเวทย์ จำกัด,มะสูเกียน ไทยสุชาต,เชียงใหม่,+66 4965 8231
CUST07475,บริษัท ตั้งกุลงามและหอมพิกุล จำกัด,ศศิธร แก้วชลคราม,เชียงใหม่,07 677 0966
CUST07476,บริษัท บริษัท นวลฉวี จำกัด จำกัด,สุทธิพจน์ ทศโยธิน,นนทบุรี,05 985 1958
CUST07477,บริษัท บริษัท ธีวร จำกัด จำกัด,มลิวรรณ ถนัดกลึง,นครศรีธรรมราช,0 7531 0919
CUST07478,บริษัท ทหารแท้คอมมิวนิเคชั่น จำกัด,อัญชัญ ถ้วนศรี,นครราชสีมา,+664 059 9999
CUST07479,บริษัท บริษัท ดวงทับทิมคอมพิวเตอร์ จำกัด จำกัด,สุรการณ์ ถนอมกุลบุตร,พัทยา,+66 (0) 7059 5824
CUST07480,บริษัท ห้างหุ้นส่วนสามัญ ขอหมั่นกลางซัพพลาย จำกัด,มาโนชญ์ ตันเผ่า,ภูเก็ต,+66 624 652 692
CUST07481,บริษัท บริษัท ทศโยธิน จำกัด จำกัด,ไชยภพ ธรรมนิยม,สงขลา,0635118462
CUST07482,บริษัท บมจ.ถนอมมนุษย์ จำกัด,เอกอธิพงษ์ นิษประปัญจ์,นครปฐม,+66 (0) 820 376 324
CUST07483,บริษัท บริษัท ศาสตร์ศิลป์ภาพยนตร์ จำกัด จำกัด,สุไฮลัน ไทนิยม,เชียงราย,+66 (0) 5460 4295
CUST07484,บริษัท ห้างหุ้นส่วนสามัญ ซาซุมเอ็นจิเนียริ่ง จำกัด,ปิยวัจน์ นครเทพ,พิษณุโลก,+66 819 068 257
CUST07485,บริษัท ห้างหุ้นส่วนจำกัด ถนัดพิมพการ จำกัด,คมคาย มิ่งขวัญ,พิษณุโลก,+662 131 3603
CUST07486,บริษัท ธรรมนิยม-ยาปะโลหิต จำกัด,พศร ปานสุวรรณ,ยะลา,0927526409
CUST07487,บริษัท บริษัท น้ำทิพย์ จำกัด จำกัด,คำ ตัณสถิตย์,นครราชสีมา,039188161
CUST07488,บริษัท บมจ.ดำริห์ชอบเอเยนซี จำกัด,ศิริเกศ ดัตพันธุ์,นนทบุรี,062-185-6125
CUST07489,บริษัท บริษัท อุ่นอก จำกัด จำกัด,วนาลี ซาซุม,สมุทรสาคร,079 732069
CUST07490,บริษัท บริษัท ถนัดรบ จำกัด จำกัด,รูไกยะฮ์ ศาสตร์ศิลป์,ตรัง,+66 3578 9258
CUST07491,บริษัท ห้างหุ้นส่วนจำกัด โพธิสัตย์อะไหล่ยนต์ จำกัด,วรรณชนะชัย ถุงเงิน,เชียงราย,05 191 9636
CUST07492,บริษัท ห้างหุ้นส่วนจำกัด ธีวรกรุ๊ป จำกัด,อัญชิษฐา นฤทุกข์,พิษณุโลก,+66 (0) 3540 6600
CUST07493,บริษัท ชมรมดาตู จำกัด,วิเชียร ทีฆะ,นครสวรรค์,046-387273
CUST07494,บริษัท บริษัท ทองเนื้อดีเซอร์วิส จำกัด (มหาชน) จำกัด,วัลยา นากกนก,ยะลา,+665 941 3830
CUST07495,บริษัท บริษัท นานายน จำกัด จำกัด,จันทภา ถนัดภาษา,เกาะสมุย,066 502 0267
CUST07496,บริษัท บริษัท สงประเสริฐ จำกัด (มหาชน) จำกัด,บุญทิวา นิยมธรรม,กรุงเทพมหานคร,07 255 0095
CUST07497,บริษัท สมาคมศรีธนะเวทย์ จำกัด,ปัญญาพร วิลาสินี,นครศรีธรรมราช,0 2171 3082
CUST07498,บริษัท ห้างหุ้นส่วนจำกัด ทัศนสุทธิ จำกัด,ศุภนุนาย ถนอมพลกรัง,ลำปาง,+665 897 4697
CUST07499,บริษัท ห้างหุ้นส่วนสามัญ ยะผา จำกัด,จิตตานันท์ ราชมณี,สุราษฎร์ธานี,0 4099 1343
CUST07500,บริษัท บริษัท ถุงเงินพานิช จำกัด จำกัด,บุญทิวา ธูปะวิโรจน์,หาดใหญ่,0-7986-9614
CUST07501,บริษัท ห้างหุ้นส่วนจำกัด ตรีครุธพันธุ์ จำกัด,ธีริสรา นานายน,เชียงใหม่,0985026376
CUST07502,บริษัท ห้างหุ้นส่วนจำกัด แก้วอยู่ จำกัด,กฤตเมธ อัตตนาถ,หาดใหญ่,+66 883 530 970
CUST07503,บริษัท ถนัดภาษา-ดวงทับทิม จำกัด,ภัทรนาฎ ดาบเพ็ชร์,แม่สอด,054932413
CUST07504,บริษัท บริษัท สันตะวงศ์ จำกัด จำกัด,ไชยภพ ธรรมเมธา,แหลมฉบัง,027 157653
CUST07505,บริษัท บริษัท คณานุรักษ์ยานยนต์ จำกัด (มหาชน) จำกัด,ภูวัน ธัญาโภชน์,เจ้าพระยาสุรศักดิ์,082-042-9187
CUST07506,บริษัท หจก.นะวะมันดร จำกัด,วรนาฎ เมืองสุข,เชียงใหม่,067 865 2889
CUST07507,บริษัท หจก.นิษประปัญจ์เซอร์วิส จำกัด,สโรชา ศรีอุ่น,กรุงเทพมหานคร,085-176-7124
CUST07508,บริษัท บริษัท บุญศลอะไหล่ยนต์ จำกัด จำกัด,กนกเนตร ตันยา,ยะลา,068-720-5627
CUST07509,บริษัท ห้างหุ้นส่วนสามัญ พรมอ่อนเซอร์วิส จำกัด,วรศาสส์ พรมอ่อน,อุดรธานี,081-464-6350
CUST07510,บริษัท หจก.นิลสุวรรณ์ จำกัด,อัญพัชร์ เดชวา,เจ้าพระยาสุรศักดิ์,02 950 0330
CUST07511,บริษัท หจก.ทวนทองการบัญชี จำกัด,บุญญามี แน่นดุจป้อม,นครศรีธรรมราช,080 836 9137
CUST07512,บริษัท ติระคมน์และทองแท้ จำกัด,โชติวุฒิ นุชแนวนุ่ม,นครศรีธรรมราช,0-3980-2401
CUST07513,บริษัท บจก.บุญญาไลย์ จำกัด,ยุภา ราชมณี,อ้อมน้อย,07 359 2022
CUST07514,บริษัท ห้างหุ้นส่วนจำกัด ธีวร จำกัด,ภูวิช ขอหมั่นกลาง,อุบลราชธานี,+66 (0) 4032 2396
CUST07515,บริษัท หจก.ดาวกระจาย จำกัด,ยุภา นุชแนวนุ่ม,พิษณุโลก,+66 (0) 4732 1724
CUST07516,บริษัท พรสีมา-ถาวรายุศม์ จำกัด,ปิยบุตร อุลหัสสา,ปากเกร็ด,07 629 7777
CUST07517,บริษัท ดาบเพ็ชร์และทัศนสุทธิ จำกัด,อิสรันดร์ ศรทอง,รังสิต,+66 (0) 4629 5351
CUST07518,บริษัท ตัณฑนุชจิวเวลรี่ จำกัด,ปิ่นบุญญา เดชคุ้ม,นครปฐม,078 765288
CUST07519,บริษัท บริษัท งามพิเชษฐ์ จำกัด จำกัด,วิรชัย พานเกล้า,ขอนแก่น,+66 3178 1924
CUST07520,บริษัท ห้างหุ้นส่วนสามัญ ดิศดใน จำกัด,สรรเพชญ์ ตวันเยี่ยม,แม่สอด,0614788594
CUST07521,บริษัท บริษัท ธีวร จำกัด (มหาชน) จำกัด,นัฐพล เธียรายัน,รังสิต,+664 815 5773
CUST07522,บริษัท บริษัท ทองอยู่ จำกัด จำกัด,คณภรณ์ บุญส่ง,หาดใหญ่,04 181 3098
CUST07523,บริษัท บริษัท บัวเผื่อน จำกัด จำกัด,ศิริญา ตระกูลบุญ,นครสวรรค์,+664 719 6355
CUST07524,บริษัท ทุมะบุตร์-บุตราช จำกัด,ปรายกานต์ ไสยกิจ,สุราษฎร์ธานี,+66 (0) 850 310 120
CUST07525,บริษัท บริษัท ติระคมน์ จำกัด จำกัด,พันเทพ ตั้งกุลงาม,ตรัง,0896276364
CUST07526,บริษัท บริษัท คำลืออินเตอร์เนชั่นแนล จำกัด จำกัด,นพวรรณ ถนัดรบ,เชียงใหม่,02 292 0336
CUST07527,บริษัท บริษัท ถนัดอาวุธ จำกัด (มหาชน) จำกัด,รักชนก นิลสุวรรณ์,ภูเก็ต,+66 4958 9733
CUST07528,บริษัท นากกนกบรรจุภัณฑ์ จำกัด,ศศิรินทร์ นวลฉวี,อุบลราชธานี,093 968 2340
CUST07529,บริษัท แก้วอยู่และสาระพันธ์ จำกัด,ณิชเชฏฐ์ บุตราช,ภูเก็ต,+66 (0) 5445 3194
CUST07530,บริษัท ตัณฑนุชมอเตอร์ จำกัด,สุมัชญา ยาปะโลหิต,อุบลราชธานี,0991239838
CUST07531,บริษัท บจก.ธรรมทินนา จำกัด,มูฮัมหมัดอิมรอน ร่มธิติรัตน์,อุดรธานี,039-629987
CUST07532,บริษัท หจก.ถาวรายุศม์ จำกัด,สิทธิชัย ทวนทอง,รังสิต,0-5742-9845
CUST07533,บริษัท ห้างหุ้นส่วนจำกัด นาควงษ์แพคกิ้ง จำกัด,พิชญ์สินี บุญญาภิรมย์,ขอนแก่น,065 885 2676
CUST07534,บริษัท หจก.ขำเอนก จำกัด,วาร์มูฮำหมัด ทองอยู่,เชียงราย,+66 (0) 872 537 599
CUST07535,บริษัท ถะเกิงชศ-ทรงโกมล จำกัด,เมทนี ตระกูลบุญ,ยะลา,046096928
CUST07536,บริษัท บริษัท ราชมณี จำกัด จำกัด,มารีนี ไทยแท้,เจ้าพระยาสุรศักดิ์,022391576
CUST07537,บริษัท ทองเนื้อดี-ตั้งกุลงาม จำกัด,อุษณีย์ ทองปากน้ำ,หาดใหญ่,0 3572 7974
CUST07538,บริษัท บจก.ติระคมน์เคมิคอล จำกัด,โสภณิตา ตัณฑนุช,เกาะสมุย,060-236-2817
CUST07539,บริษัท บริษัท นิลเสนาการค้า จำกัด จำกัด,ชัชเวศย์ บุนยะศัพท์,นครปฐม,0 5134 5143
CUST07540,บริษัท ทองเนื้อดีและนรวิทย์โชติกุล จำกัด,ภูวฤณ เลขะพันธุ์,สุราษฎร์ธานี,075 210469
CUST07541,บริษัท มูลนิธิถนอมมนุษย์ จำกัด,วิกิจ นามเสวตร,นครศรีธรรมราช,+66 4794 8857
CUST07542,บริษัท หสน.ธนประทีปคอนสตรัคชั่น จำกัด,โชติวุฒิ ภูภักดี,สกลนคร,050-601473
CUST07543,บริษัท คำลืออินเตอร์เนชั่นแนล จำกัด,ภูวัน ประจันตะเสน,เจ้าพระยาสุรศักดิ์,+665 233 1467
CUST07544,บริษัท ศรีวงค์บริการ จำกัด,ภควัฒน์ ดุษฎีวนิช,นครสวรรค์,+66 661 398 172
CUST07545,บริษัท หสน.ธรรมสถิตไพศาลอินเตอร์เนชั่นแนล จำกัด,ธนกิตต์ ผลบุญ,อุดรธานี,+663 639 9273
CUST07546,บริษัท บริษัท นิลวิมล จำกัด จำกัด,พาสุข ธรรมฤดี,แหลมฉบัง,0 4382 6561
CUST07547,บริษัท มูลนิธินาคพันธุ์ จำกัด,รชตกร ปานสุวรรณ,อุบลราชธานี,+66 (0) 7751 4245
CUST07548,บริษัท หจก.นิยมธรรม จำกัด,ฐิติวุฒิ ทันยุค,รังสิต,032 538518
CUST07549,บริษัท นานายนอินเตอร์เนชั่นแนล จำกัด,วรรณรัตน์ ธนประทีป,สมุทรสาคร,0 4263 8655
CUST07550,บริษัท บจก.ดวงทับทิมสโตร์ จำกัด,ปัญญาพร ทองอยู่,พิษณุโลก,0923277541
CUST07551,บริษัท มิ่งขวัญและนักรบ จำกัด,ศิริเกศ ถนัดรักษา,หาดใหญ่,0-2143-4843
CUST07552,บริษัท บจก.ดำริห์ชอบการช่าง จำกัด,อาฮามัด ตวันเยี่ยม,ภูเก็ต,+66 (0) 5151 6864
CUST07553,บริษัท หสน.ตันเผ่า จำกัด,ยูซุฟ ไชยภา,ยะลา,035 850525
CUST07554,บริษัท ห้างหุ้นส่วนสามัญ ไชยภา จำกัด,พิมพกานต์ นาฏคายี,แม่สอด,+66 2871 3650
CUST07555,บริษัท บจก.ตันยาซัพพลาย จำกัด,ขอดิเยาะ นานายน,นครสวรรค์,0858582667
CUST07556,บริษัท ธนาคารสงประเสริฐ จำกัด จำกัด,ใกล้รุ่ง ศรีธนะเวทย์,อุดรธานี,+66 7282 1466
CUST07557,บริษัท บริษัท ดีตพันธุ์ จำกัด จำกัด,พุทธิพงษ์ แก้วชลคราม,ปากเกร็ด,03 792 0337
CUST07558,บริษัท เยาวธนโชค-ทศโยธิน จำกัด,ยุลิน ถิรสวัสดิ์,เกาะสมุย,0 5557 5466
CUST07559,บริษัท บริษัท ถนัดอักษร จำกัด จำกัด,พันเกล้า ตั้งเผ่า,แหลมฉบัง,02 986 5394
CUST07560,บริษัท บริษัท ถุงเงินสโตร์ จำกัด จำกัด,ปฐวีกานต์ ธาราธร,รังสิต,060 314 5882
CUST07561,บริษัท ห้างหุ้นส่วนสามัญ ฉิมพาลีอะไหล่ยนต์ จำกัด,สุภาพร ยางสวย,สมุทรสาคร,094 737 9966
CUST07562,บริษัท บริษัท ถาวระวรณ์คอมมิวนิเคชั่น จำกัด จำกัด,พรเบญญา คำลือ,เกาะสมุย,+663 057 0866
CUST07563,บริษัท บริษัท ชุมวระจิวเวลรี่ จำกัด จำกัด,ดวงพร สุวรรณหงษ์,นครปฐม,074870950
CUST07564,บริษัท ห้างหุ้นส่วนจำกัด ฉิมพาลี จำกัด,อมัด ทศโยธิน,หาดใหญ่,050749900
CUST07565,บริษัท บริษัท นิลวิมล จำกัด จำกัด,สุทธิพจน์ ชำนาญวาด,หาดใหญ่,040375999
CUST07566,บริษัท บริษัท ถะเกิงชศ จำกัด จำกัด,โกวิทย์ ธีวร,นครปฐม,+66 4642 4045
CUST07567,บริษัท บจก.นุ่มกันเคมิคอล จำกัด,สุรการณ์ นาควงษ์,สมุทรสาคร,094-423-2446
CUST07568,บริษัท เมืองสุขแพคกิ้ง จำกัด,ลักษมี ไทยสุชาต,อุบลราชธานี,04 179 6038
CUST07569,บริษัท ห้างหุ้นส่วนสามัญ ถมังรักษสัตว์ จำกัด,คณภรณ์ สันตะวงศ์,เชียงราย,051116604
CUST07570,บริษัท ห้างหุ้นส่วนจำกัด นิลเสนาจิวเวลรี่ จำกัด,จันทนา ทหารแท้,สงขลา,0 670 651 051
CUST07571,บริษัท ห้างหุ้นส่วนสามัญ ตัณฑนุชซัพพลาย จำกัด,บุญเกิด ไทยสุชาต,นนทบุรี,0 968 982 511
CUST07572,บริษัท วิลาสินีการช่าง จำกัด,อัษฏา ทับทิมไทย,พระนครศรีอยุธยา,028-099960
CUST07573,บริษัท บริษัท นพตระกูล จำกัด จำกัด,ฐิติยาพร อุลหัสสา,กรุงเทพมหานคร,0-7949-1551
CUST07574,บริษัท ห้างหุ้นส่วนจำกัด นฤทุกข์ จำกัด,เบญญาทิพย์ ศาสตร์ศิลป์,เกาะสมุย,0 927 917 032
CUST07575,บริษัท ธนประทีปมอเตอร์ จำกัด,ธีรลักษณ์ จ้อยนุแสง,นครศรีธรรมราช,+66 (0) 632 957 112
CUST07576,บริษัท บริษัท นกทองอินเตอร์เนชั่นแนล จำกัด จำกัด,จุฑาภรณ์ นิลสุวรรณ์,ยะลา,+66 (0) 5748 1701
CUST07577,บริษัท ห้างหุ้นส่วนจำกัด ฉิมพาลีอิมปอร์ตเอ็กซปอร์ต จำกัด,มะลีวัลย์ กุมารบุญ,หาดใหญ่,0 2109 9610
CUST07578,บริษัท ธนาคารนักรบ จำกัด (มหาชน) จำกัด,ธารา บุตดา,เชียงราย,0-2108-1084
CUST07579,บริษัท สหภาพแรงงานถนัดภาษา จำกัด,นารดา ทับทิมไทย,สกลนคร,075-629823
CUST07580,บริษัท หจก.อุ่นอก จำกัด,ปภาวรินทร์ ถนอมกุลบุตร,นครศรีธรรมราช,+66 (0) 833 350 073
CUST07581,บริษัท บมจ.บุณยะภาชน์ จำกัด,ผดุงพล ปานสุวรรณ,พระนครศรีอยุธยา,052-283265
CUST07582,บริษัท บริษัท ดิศดใน จำกัด จำกัด,วันฉัตร มิ่งขวัญ,สมุทรสาคร,076366627
CUST07583,บริษัท บริษัท เมืองสุข จำกัด จำกัด,ธารา บุนยะศัพท์,สมุทรสาคร,+66 (0) 7187 7365
CUST07584,บริษัท บริษัท ทหารแท้เอนเตอรไพรส์ จำกัด จำกัด,สุธาวี ยางสวย,สมุทรสาคร,067 062 5468
CUST07585,บริษัท ห้างหุ้นส่วนจำกัด บุญศล จำกัด,สมหมาย บุนยะศัพท์,นครศรีธรรมราช,+662 266 6486
CUST07586,บริษัท บมจ.นิลเสนา จำกัด,ฌาฆีภัตฐ์ ถนัดหัตถกรรม,ปากเกร็ด,0 680 190 758
CUST07587,บริษัท บริษัท ติระคมน์อุตสาหกรรม จำกัด จำกัด,เอกวิทย์ ศรีตะวัน,อุบลราชธานี,02 394 4181
CUST07588,บริษัท บจก.ดัตพันธุ์ จำกัด,ราณี บุนยะตีรณะ,อ้อมน้อย,+66 (0) 994 850 266
CUST07589,บริษัท บริษัท ทุมะบุตร์ จำกัด จำกัด,นันทวรรณ ดำริห์ชอบ,นครราชสีมา,+66 5200 6794
CUST07590,บริษัท บริษัท ยางสวยโอสถ จำกัด (มหาชน) จำกัด,วัลลภ ธรรมทินนา,อุบลราชธานี,089-114-6489
CUST07591,บริษัท ห้างหุ้นส่วนจำกัด ศรีตะวันมอเตอร์ จำกัด,เจตธนากร นุ่มกัน,สงขลา,+66 (0) 652 236 839
CUST07592,บริษัท บริษัท ตะละภัฏภาพยนตร์ จำกัด จำกัด,นิภา ฉิมพาลี,นครราชสีมา,+66 5989 9833
CUST07593,บริษัท บริษัท แท่นทองพืชผล จำกัด จำกัด,เถลิงยศ ธรรมนิยม,เจ้าพระยาสุรศักดิ์,+66 4218 6930
CUST07594,บริษัท สมาคมเวียงจันทึก จำกัด,มาสิตะ เดชคุ้ม,เชียงใหม่,095-532-2789
CUST07595,บริษัท บมจ.พงศ์ฉบับนภา จำกัด,นาทภูวพัฒน์ ดาตู,สุราษฎร์ธานี,+66 691 423 200
CUST07596,บริษัท ห้างหุ้นส่วนจำกัด หิรัญสาลี จำกัด,เขียว ตั้งเผ่า,ยะลา,+66 4420 6668
CUST07597,บริษัท สหภาพแรงงานธีวร จำกัด,ปฐวีกานต์ แถมธน,นครศรีธรรมราช,054-498126
CUST07598,บริษัท บริษัท นุชแนวนุ่ม จำกัด จำกัด,พรชนก วะคีมัน,ปากเกร็ด,093 601 0689
CUST07599,บริษัท ห้างหุ้นส่วนจำกัด นานายนแลบ จำกัด,รภัสพงษ์ ดิสกะประกาย,นนทบุรี,054428774
CUST07600,บริษัท ธนาคารสันตะวงศ์ จำกัด จำกัด,จีราภรณ์ ทองแท้,สมุทรปราการ,027-192702
CUST07601,บริษัท สมาคมนิระหานี จำกัด,ธัชญา ขุนดำ,สมุทรปราการ,052405836
CUST07602,บริษัท บมจ.ตะละภัฏ จำกัด,อณาวิน หอมพิกุล,อ้อมน้อย,+66 7908 4392
CUST07603,บริษัท บริษัท แนวพญาการบัญชี จำกัด จำกัด,พัชรีนิษฐ์ นิลวรรณ,อุบลราชธานี,+667 108 3512
CUST07604,บริษัท อุลหัสสามอเตอร์ จำกัด,ฟารินี พรสีมา,สุราษฎร์ธานี,+66 2880 0800
CUST07605,บริษัท บจก.ราชมณีบรรจุภัณฑ์ จำกัด,เขมจิรา วะคีมัน,รังสิต,031857688
CUST07606,บริษัท บริษัท ยะผา จำกัด จำกัด,เกียรติศักดิ์ ปรีชากุลเศรษฐ์,เจ้าพระยาสุรศักดิ์,03 340 0279
CUST07607,บริษัท บริษัท ถนัดรบ จำกัด จำกัด,ขอดิเยาะ ธีวร,สมุทรปราการ,072-945765
CUST07608,บริษัท สมาคมทองแท้ จำกัด,โชคภาดล มนทอง,เจ้าพระยาสุรศักดิ์,+66 952 685 974
CUST07609,บริษัท บริษัท ทองสุกเลิศ จำกัด จำกัด,กุลภาวลัย แน่นดุจป้อม,สุราษฎร์ธานี,077082221
CUST07610,บริษัท บริษัท เยาวธนโชคอิมปอร์ตเอ็กซปอร์ต จำกัด (มหาชน) จำกัด,พรรณปพร ไทยสุชาต,ลำปาง,020 627696
CUST07611,บริษัท บริษัท พีระเพ็ญกุล จำกัด,ประจิน ไม้แดง,เกาะสมุย,0-5881-4037
CUST07612,บริษัท ห้างหุ้นส่วนสามัญ แต้กุล จำกัด,สุรการณ์ ถาวรรัตน,นครสวรรค์,+66 877 205 929
CUST07613,บริษัท หจก.สันตะวงศ์เฟอร์นิเจอร์ จำกัด,เรืองเกียรติ เลขะพันธุ์,ลำปาง,043 559680
CUST07614,บริษัท หจก.ตั้งกุลงามซัพพลาย จำกัด,ประสิทธิ์ ถนอมพล,เชียงใหม่,044311850
CUST07615,บริษัท หสน.นิลสุวรรณ์ จำกัด,สุภาลินี ถนัดการยนต์,เจ้าพระยาสุรศักดิ์,094 127 4177
CUST07616,บริษัท สมาคมแก้วอยู่ จำกัด,กวาง นฤภัย,พัทยา,02 600 7804
CUST07617,บริษัท ห้างหุ้นส่วนจำกัด คำลือ จำกัด,หรรษธร เนื่องนนท์,นครสวรรค์,040 768986
CUST07618,บริษัท บริษัท ถนอมพลแลบ จำกัด จำกัด,อุษณีย์ หอมพิกุล,เกาะสมุย,0 4442 4041
CUST07619,บริษัท หจก.นิลเสนาก่อสร้าง จำกัด,ประภัทร์สรณ์ ศาสตร์ศิลป์,ระยอง,+66 (0) 7568 1266
CUST07620,บริษัท บมจ.บุตราชเคมิคอล จำกัด,เฉลิมรัตน์ ทรัพย์ธำรงค์,ภูเก็ต,044 005354
CUST07621,บริษัท ห้างหุ้นส่วนจำกัด คำลืออินเตอร์เนชั่นแนล จำกัด,รชตกร ธนประทีป,อุบลราชธานี,+66 4447 1205
CUST07622,บริษัท ห้างหุ้นส่วนจำกัด เลขะพันธุ์ จำกัด,พัชรพร ทองสีไพล,ลำปาง,098-638-1316
CUST07623,บริษัท ห้างหุ้นส่วนจำกัด ศาสตร์ศิลป์ จำกัด,บุญญกัลป์ ดาวกระจาย,กรุงเทพมหานคร,05 822 7198
CUST07624,บริษัท มูลนิธิธรรมนิยม จำกัด,วาสุเทพ ดุษฎีวนิช,สมุทรสาคร,+66 (0) 949 285 998
CUST07625,บริษัท มูลนิธิงามพิเชษฐ์ จำกัด,ปัณณธร สังข์กรด,นครศรีธรรมราช,+662 224 7454
CUST07626,บริษัท บริษัท บุตดาเอ็นจิเนียริ่ง จำกัด จำกัด,จิตตานันท์ บุณยะภาชน์,นครปฐม,+66 (0) 5406 2238
CUST07627,บริษัท ห้างหุ้นส่วนจำกัด นากกนกพานิช จำกัด,เฉลิมรัตน์ ถมปัด,นนทบุรี,0 7942 0918
CUST07628,บริษัท บริษัท นาคสุทิน จำกัด จำกัด,ปิยนุช ดำริห์ชอบ,แม่สอด,0896459959
CUST07629,บริษัท บจก.ตันตราจิณอุตสาหกรรม จำกัด,ธนนนท์ จันอ้น,สมุทรสาคร,048 912166
CUST07630,บริษัท บริษัท ทวนทอง จำกัด (มหาชน) จำกัด,คำ นวลเพ็ง,ภูเก็ต,0 5058 4456
CUST07631,บริษัท บริษัท ทับทิมไทย จำกัด จำกัด,ฐิติยาพร ตรีเภรินทร์,พระนครศรีอยุธยา,0956076365
CUST07632,บริษัท หจก.ธนรักษ์ จำกัด,อชิตะวีร์ เตชะกำพุ,ภูเก็ต,0 618 671 268
CUST07633,บริษัท ธนาคารถนัดรบเทรดดิ้ง จำกัด จำกัด,รวิวาน ตันเผ่า,นนทบุรี,0 930 861 890
CUST07634,บริษัท น้ำทิพย์-เลขะพันธุ์ จำกัด,ปฐวีกานต์ นักสำหรวจ,สกลนคร,074 537711
CUST07635,บริษัท นะวะมันดรและไทยแท้ จำกัด,จิม ตั้งเผ่า,ยะลา,0885855872
CUST07636,บริษัท หจก.นาคสุทินเฟอนิชชิ่ง จำกัด,ศิริเกศ ตันยา,ตรัง,+665 353 0058
CUST07637,บริษัท ชมรมถนัดรบ จำกัด,นิติยา ถุงเงิน,กรุงเทพมหานคร,0 857 630 562
CUST07638,บริษัท บริษัท ทองปากน้ำ จำกัด จำกัด,เทียมศักดิ์ ติณรัตน์,พัทยา,064 671 5131
CUST07639,บริษัท ธรรมเมธา-ทำประดู่ จำกัด,จิม มนทอง,อุบลราชธานี,095-143-3657
CUST07640,บริษัท ห้างหุ้นส่วนสามัญ ซาซุมและบุตร จำกัด,ธนวันต์ ดาตู,แหลมฉบัง,+66 (0) 7033 2068
CUST07641,บริษัท ชมรมธูปหอม จำกัด,กุลปรียา คำลือ,แหลมฉบัง,027 041580
CUST07642,บริษัท บมจ.ยางสวยจิวเวลรี่ จำกัด,กิติชัย ธนูปกรณ์,พิษณุโลก,+66 (0) 4091 7148
CUST07643,บริษัท บริษัท ศรทอง จำกัด จำกัด,พรชีวิน เมืองสุข,ยะลา,04 095 7791
CUST07644,บริษัท หจก.ไม้แดง จำกัด,มนรัตน์ ถนัดการยนต์,กรุงเทพมหานคร,+662 078 5019
CUST07645,บริษัท ห้างหุ้นส่วนสามัญ ตัณฑนุชการช่าง จำกัด,ชรินทร์ทิพย์ ถนอมพล,นครสวรรค์,047 071827
CUST07646,บริษัท ห้างหุ้นส่วนสามัญ เนื้อนุ่มจิวเวลรี่ จำกัด,กฤตพร ทองอยู่,ปากเกร็ด,0-4583-9688
CUST07647,บริษัท ห้างหุ้นส่วนจำกัด วาทา จำกัด,บุญเทียน บุตดา,อ้อมน้อย,+66 5517 6058
CUST07648,บริษัท บริษัท ถนอมพลกรัง จำกัด จำกัด,สุทธิพจน์ ไทนิยม,นนทบุรี,+66 (0) 664 552 206
CUST07649,บริษัท บริษัท ทัศนสุทธิวิศวกรรม จำกัด จำกัด,โชคภาดล ทองประดิฐ,หาดใหญ่,0854311964
CUST07650,บริษัท ชมรมสงประเสริฐ จำกัด,ศุภกรชนา หอมพิกุล,พระนครศรีอยุธยา,+66 877 568 504
CUST07651,บริษัท บจก.ด้วงโสน จำกัด,ธมลพรรณ บุญญาไลย์,อุดรธานี,067-415-4824
CUST07652,บริษัท บริษัท ยางสวยเทรดดิ้ง จำกัด จำกัด,จิรวิทย์ ทองเนื้อดี,พัทยา,0-3364-3607
CUST07653,บริษัท กองทุนรวมถาวระวรณ์ จำกัด จำกัด,วนาลี ตั้งกุลงาม,พัทยา,0-3422-9689
CUST07654,บริษัท บริษัท นุตตาร จำกัด จำกัด,เฉลิมรัตน์ เตชะกำพุ,เจ้าพระยาสุรศักดิ์,0698375590
CUST07655,บริษัท ห้างหุ้นส่วนจำกัด ทวนทองอิมปอร์ตเอ็กซปอร์ต จำกัด,จิม ธูปะวิโรจน์,นครศรีธรรมราช,0-7363-4779
CUST07656,บริษัท บริษัท สุวรรณหงษ์บรรจุภัณฑ์ จำกัด จำกัด,สหัสมณี ทวนทอง,ลำปาง,075-271606
CUST07657,บริษัท บริษัท บุนยะศัพท์ จำกัด (มหาชน) จำกัด,สโรชา นุตตาร,นนทบุรี,061 827 6686
CUST07658,บริษัท บริษัท ดาบเพ็ชร์ จำกัด จำกัด,ภารวี ทองสุกเลิศ,ลำปาง,+66 (0) 623 192 977
CUST07659,บริษัท นฤทุกข์และเพื่อน จำกัด,สุรธัช ตั้งเผ่า,เกาะสมุย,+66 2627 6360
CUST07660,บริษัท บริษัท ทรัพย์สารการช่าง จำกัด จำกัด,ธาเอก บุณยะภาชน์,แม่สอด,0 5253 9686
CUST07661,บริษัท ห้างหุ้นส่วนสามัญ ดุริยพันธุ์ จำกัด,พุทธิพงษ์ ติระคมน์,อุบลราชธานี,0 633 529 219
CUST07662,บริษัท บจก.โพธิสัตย์ จำกัด,โกวิทย์ ทองอยู่,เจ้าพระยาสุรศักดิ์,+66 3327 9436
CUST07663,บริษัท ถนอมมนุษย์-ตั้งเผ่า จำกัด,เกษมชัย จ้อยนุแสง,เชียงใหม่,0851257593
CUST07664,บริษัท นามขำ-ขุนดำ จำกัด,จิณภัทตา บุณยะภาชน์,เชียงใหม่,078057972
CUST07665,บริษัท บมจ.ยาปะโลหิต จำกัด,อณัฐตา บินดี,อ้อมน้อย,+66 2581 5346
CUST07666,บริษัท มูลนิธินิษประปัญจ์ จำกัด,นิภา ฉัตรอภิเที่ยงค่ำ,ปากเกร็ด,049594220
CUST07667,บริษัท สมาคมขอหมั่นกลาง จำกัด,วิพุธ ถนัดเดินข่าว,นครราชสีมา,+66 668 420 630
CUST07668,บริษัท ห้างหุ้นส่วนจำกัด ถนัดพิมพการและเพื่อน จำกัด,จันทนา ตัณฑนุช,ยะลา,0 5305 8493
CUST07669,บริษัท บริษัท กุมารบุญ จำกัด จำกัด,เอกชัย นุตตาร,อุบลราชธานี,+66 673 249 363
CUST07670,บริษัท บริษัท ชำนาญวาด จำกัด จำกัด,เฉลิมรัตน์ อุ่นอก,ขอนแก่น,0965592573
CUST07671,บริษัท หจก.ทองอยู่พานิช จำกัด,ภูวิช ธูปะวิโรจน์,นครปฐม,0 2254 5615
CUST07672,บริษัท บริษัท นานายน จำกัด (มหาชน) จำกัด,นาย ทองอยู่,รังสิต,+66 (0) 963 926 087
CUST07673,บริษัท บริษัท แนวพญาอะไหล่ยนต์ จำกัด จำกัด,คำมั่น ไทไชโย,นครศรีธรรมราช,+66 669 926 511
CUST07674,บริษัท บริษัท ธาราธร จำกัด (มหาชน) จำกัด,จิรวิทย์ ซาซุม,ตรัง,02 340 9437
CUST07675,บริษัท บริษัท ทองสีไพล จำกัด จำกัด,มะสูเกียน ตัณสถิตย์,กรุงเทพมหานคร,0 820 838 433
CUST07676,บริษัท บริษัท ถมังรักษสัตว์ จำกัด จำกัด,นวรรษนันท์ ถมังรักษสัตว์,พระนครศรีอยุธยา,+66 2327 1180
CUST07677,บริษัท ธีวร-หอมสิน จำกัด,ฮามีย๊ะ นามขำ,พัทยา,047927442
CUST07678,บริษัท หจก.ไสยกิจคอมพิวเตอร์ จำกัด,ราชันทร์ นิลวิมล,อ้อมน้อย,+66 (0) 668 360 201
CUST07679,บริษัท บริษัท นพตระกูล จำกัด (มหาชน) จำกัด,วาร์มูฮำหมัด ตะละภัฏ,อุดรธานี,+66 (0) 3906 0290
CUST07680,บริษัท นกทองการค้า จำกัด,ฌาฆีภัตฐ์ ทองอยู่,กรุงเทพมหานคร,+66 653 559 209
CUST07681,บริษัท บริษัท บุณยะภาชน์การบัญชี จำกัด จำกัด,อณาวิน ศรีตะวัน,ยะลา,+66 (0) 619 939 693
CUST07682,บริษัท ถุงเงินและไทยสุชาต จำกัด,คำมั่น บัวเผื่อน,แหลมฉบัง,024 484188
CUST07683,บริษัท หจก.โพธิสัตย์ จำกัด,ศุภนุนาย นักรบ,ตรัง,074354442
CUST07684,บริษัท บริษัท บุนยะตีรณะ จำกัด,นิภา ยะผา,รังสิต,0 4199 8026
CUST07685,บริษัท บริษัท พานเกล้า จำกัด จำกัด,จิราภรณ์ ชำนาญวาด,ตรัง,029 634330
CUST07686,บริษัท บจก.นุตตารอุตสาหกรรม จำกัด,รัฐพงษ์ ศรีธนะเวทย์,เชียงราย,0-2463-3192
CUST07687,บริษัท บริษัท ถนอมกุลบุตรจิวเวลรี่ จำกัด จำกัด,รอกีเย๊าะ ตรีครุธพันธุ์,นครปฐม,068 678 1577
CUST07688,บริษัท อัตตนาถ-นฤทุกข์ จำกัด,วีระวัฒน์ ไม้แดง,เกาะสมุย,0867346365
CUST07689,บริษัท บริษัท พรรษาสกุล จำกัด จำกัด,อรจิรา คณานุรักษ์,อุดรธานี,0 902 119 488
CUST07690,บริษัท ห้างหุ้นส่วนจำกัด บุนยะตีรณะ จำกัด,ชลิดา เลขะพันธุ์,ลำปาง,0 7901 3087
CUST07691,บริษัท หจก.ขุนดำ จำกัด,มนรัตน์ เพียยา,พระนครศรีอยุธยา,071-351251
CUST07692,บริษัท บริษัท นักรบและเพื่อน จำกัด จำกัด,ทิพรดา ประจันตะเสน,ปากเกร็ด,089 596 2791
CUST07693,บริษัท มูลนิธิตะละภัฏ จำกัด,ยอดแมน เช้าวันดี,สกลนคร,022 700759
CUST07694,บริษัท วะคีมันบรรจุภัณฑ์ จำกัด,สุชิน นิลวรรณ,สงขลา,03 094 6005
CUST07695,บริษัท ติระคมน์-แนวพนิช จำกัด,ธารา ธาราธร,สกลนคร,02 845 3433
CUST07696,บริษัท ชมรมศรีสัตย์ จำกัด,อมัด หิรัญสาลี,ระยอง,+663 293 7708
CUST07697,บริษัท ห้างหุ้นส่วนจำกัด ศรีสัตย์ จำกัด,ตรีนุช อุลหัสสา,อุบลราชธานี,+66 883 074 802
CUST07698,บริษัท บริษัท ศรีวงค์ จำกัด จำกัด,โรสชา ศรีธนะเวทย์,เจ้าพระยาสุรศักดิ์,0 941 645 347
CUST07699,บริษัท บมจ.พงศ์ฉบับนภาสโตร์ จำกัด,จินต์จุฑา นกทอง,พระนครศรีอยุธยา,083 750 1010
CUST07700,บริษัท หจก.ดาบเพ็ชร์ จำกัด,ปรายกานต์ พรสีมา,สกลนคร,+66 4182 0002
CUST07701,บริษัท หจก.หอมสินคอมมิวนิเคชั่น จำกัด,ทัตธน ทองแท้,นครศรีธรรมราช,082 878 5223
CUST07702,บริษัท หจก.ธรรมนิยม จำกัด,มูฮัมหมัดอิมรอน ดิศดใน,หาดใหญ่,0-2066-1186
CUST07703,บริษัท นุชแนวนุ่มอุตสาหกรรม จำกัด,ราชันทร์ ฉายแสง,รังสิต,+667 039 8770
CUST07704,บริษัท บริษัท ขำเอนก จำกัด จำกัด,สุพนธ์ นากกนก,อุบลราชธานี,+66 3773 0059
CUST07705,บริษัท บริษัท ทองประดิฐกรุ๊ป จำกัด (มหาชน) จำกัด,จักรีรัตน์ ไทไชโย,นครปฐม,0 974 745 559
CUST07706,บริษัท บริษัท ถนัดกลึงและบุตร จำกัด จำกัด,ฤทธิ์ชกร ซูสารอ,สงขลา,0-7104-6578
CUST07707,บริษัท ตรีเภรินทร์เอเยนซี จำกัด,ฉัตรปรียา ทองสุกเลิศ,แม่สอด,+66 (0) 5594 7556
CUST07708,บริษัท หจก.ศิวะวรเวท จำกัด,วิทูลย์ บุนยะตีรณะ,ลำปาง,+66 (0) 987 666 845
CUST07709,บริษัท บริษัท ไทไชโย จำกัด จำกัด,เกริกพล ปานสุวรรณ,ตรัง,085 954 4025
CUST07710,บริษัท ห้างหุ้นส่วนจำกัด ทีฆะ จำกัด,กฤตพร บินดี,สมุทรสาคร,092-652-9400
CUST07711,บริษัท ดำริห์ชอบและชำนาญวาด จำกัด,ฐิติกุล ทองสินธุ์,นครปฐม,+66 4170 4609
CUST07712,บริษัท บริษัท เดชวาสโตร์ จำกัด (มหาชน) จำกัด,ใกล้รุ่ง ดวงทับทิม,แหลมฉบัง,046 587180
CUST07713,บริษัท บุณยะภาชน์-ทองแท้ จำกัด,สมพิศ ตัณสถิตย์,สมุทรปราการ,0 614 250 805
CUST07714,บริษัท บริษัท ภูภักดีกรุ๊ป จำกัด (มหาชน) จำกัด,ศจีกาญจน์ มนทอง,อุดรธานี,0-5926-5132
CUST07715,บริษัท บริษัท ภูภักดีแพคกิ้ง จำกัด จำกัด,วณัฐดา นวลเพ็ง,นนทบุรี,+66 (0) 5050 0071
CUST07716,บริษัท มูลนิธิชุมวระ จำกัด,อันธิกา เดชวา,รังสิต,+66 7263 4379
CUST07717,บริษัท ถนัดกลึงก่อสร้าง จำกัด,ดิลก ตะละภัฏ,พระนครศรีอยุธยา,039430145
CUST07718,บริษัท บริษัท ร่มธิติรัตน์ขนส่ง จำกัด จำกัด,สหัสมณี ธรรมฤดี,นครราชสีมา,0860924703
CUST07719,บริษัท บริษัท เลิศกิ่ง จำกัด จำกัด,หรรษา ขุนดำ,แม่สอด,0 3501 9263
CUST07720,บริษัท บจก.แก้วชลคราม จำกัด,โสภณิตา ราชมณี,ภูเก็ต,+66 647 684 450
CUST07721,บริษัท ห้างหุ้นส่วนจำกัด ไม้แดง จำกัด,สิริ บุญบำรุง,เจ้าพระยาสุรศักดิ์,+663 236 7060
CUST07722,บริษัท ห้างหุ้นส่วนจำกัด ฉัตรอภิเที่ยงค่ำ จำกัด,อุลัยพร ด้วงโสน,สุราษฎร์ธานี,+66 (0) 919 437 152
CUST07723,บริษัท มูลนิธินพตระกูล จำกัด,บุญพา ศรีธนะเวทย์,สุราษฎร์ธานี,0-4693-2301
CUST07724,บริษัท บริษัท หอมสิน จำกัด จำกัด,ทรรศนชัย พรมอ่อน,เชียงใหม่,+66 829 481 307
CUST07725,บริษัท บริษัท ตันเผ่าการบัญชี จำกัด จำกัด,เกียรติก้อง บุนยาภิสนท์,ตรัง,+66 (0) 634 895 095
CUST07726,บริษัท ห้างหุ้นส่วนสามัญ แท่นทอง จำกัด,เสรี ถนอมกุลบุตร,สมุทรปราการ,0 5896 2368
CUST07727,บริษัท นรวิทย์โชติกุลและแน่นดุจป้อม จำกัด,เยาวรัตน์ ธรรมเมธา,สมุทรสาคร,051478949
CUST07728,บริษัท บริษัท ตวันเยี่ยม จำกัด,นิวิลดาน แน่นดุจป้อม,สงขลา,060-571-5164
CUST07729,บริษัท ตันยา-เมืองสุข จำกัด,มะสูเกียน นิลวรรณ,อุดรธานี,0608880203
CUST07730,บริษัท บริษัท เขียวอ่อน จำกัด จำกัด,จิม ถมปัด,นครราชสีมา,+664 247 6203
CUST07731,บริษัท บริษัท ดุษฎีวนิชโอสถ จำกัด จำกัด,สุทธิพจน์ ทันยุค,หาดใหญ่,0 816 794 960
CUST07732,บริษัท บริษัท นพตระกูล จำกัด จำกัด,วิรศักดิ์ นานายน,สกลนคร,+66 (0) 7932 0622
CUST07733,บริษัท บริษัท ไทนิยม จำกัด จำกัด,สมปอง ยางสวย,ระยอง,+66 (0) 612 109 224
CUST07734,บริษัท ชมรมถนัดเดินข่าว จำกัด,โชคภาดล ไทนิยม,สมุทรปราการ,+66 4724 3540
CUST07735,บริษัท หจก.จันทาพานิช จำกัด,เยาวรัตน์ ศรีอุ่น,สมุทรสาคร,+66 930 649 260
CUST07736,บริษัท บริษัท เตมิยะเดช จำกัด (มหาชน) จำกัด,พงษ์นเรศ บุณยะภาชน์,ระยอง,+66 (0) 3859 0050
CUST07737,บริษัท บริษัท บุญส่ง จำกัด จำกัด,วีร์สุดา นะวะมันดร,นนทบุรี,051525236
CUST07738,บริษัท ห้างหุ้นส่วนจำกัด บุญบำรุงก่อสร้าง จำกัด,มูฮำมัด สงประเสริฐ,สมุทรสาคร,+66 7076 6218
CUST07739,บริษัท บริษัท ทองปากน้ำ จำกัด จำกัด,รัฐพงษ์ ดำริห์ชอบ,ตรัง,03 078 8622
CUST07740,บริษัท ห้างหุ้นส่วนสามัญ พรรษาสกุลอะไหล่ยนต์ จำกัด,ฟารินี ธุวะนุติ์,ยะลา,0-4598-9889
CUST07741,บริษัท หจก.นาถะพินธุ จำกัด,ปัณณวัชร เลขะพันธุ์,พิษณุโลก,091 528 4129
CUST07742,บริษัท บริษัท บุญส่งบริการ จำกัด จำกัด,ฐิติณัฐฐา ยาปะโลหิต,ปากเกร็ด,071 198381
CUST07743,บริษัท บริษัท ทองเนื้อดีขนส่ง จำกัด จำกัด,บุญเอก ถนอมกุลบุตร,ตรัง,0-4941-2397
CUST07744,บริษัท บริษัท เขียวขุ้ย จำกัด จำกัด,วาร์มูฮำหมัด ดิสกะประกาย,พัทยา,086-044-7691
CUST07745,บริษัท หจก.นครเทพ จำกัด,ทับทิม เลิศกิ่ง,เกาะสมุย,0 3871 6614
CUST07746,บริษัท สมาคมนวลเพ็ง จำกัด,วิสาร ทรัพย์ธำรงค์,เจ้าพระยาสุรศักดิ์,+66 (0) 4956 4190
CUST07747,บริษัท ชมรมวาทา จำกัด,บุญเอก นิยมธรรม,อ้อมน้อย,+662 228 6139
CUST07748,บริษัท บริษัท นับเนื่องนอ จำกัด จำกัด,เยาวรัตน์ เดชวา,นครสวรรค์,0 828 438 279
CUST07749,บริษัท หจก.นาควงษ์การค้า จำกัด,กวีฉัฏฐ นาควงษ์,อุดรธานี,0-3566-2102
CUST07750,บริษัท ห้างหุ้นส่วนจำกัด ดีตพันธุ์ จำกัด,พีระพงศ์พันธ์ หนักแน่น,แม่สอด,0 3169 3962
CUST07751,บริษัท นามเสวตร-ศรทอง จำกัด,ราชันทร์ สงประเสริฐ,พัทยา,0 916 337 651
CUST07752,บริษัท ถนิมมาศและนิลสุวรรณ์ จำกัด,ภัทรนาฎ ไทยแท้,นนทบุรี,+66 5551 1698
CUST07753,บริษัท บริษัท เลิศกิ่งแพคกิ้ง จำกัด (มหาชน) จำกัด,สุภัทริดา นวลฉวี,นครปฐม,+66 (0) 7482 9913
CUST07754,บริษัท นวลฉวีจิวเวลรี่ จำกัด,พันเทพ ศิวะวรเวท,อ้อมน้อย,+66 (0) 963 180 905
CUST07755,บริษัท บจก.ศรีเผด็จซัพพลาย จำกัด,พิไลพร นิยมธรรม,นครสวรรค์,+66 7371 1536
CUST07756,บริษัท บริษัท สันตะวงศ์ จำกัด จำกัด,คมกฤชญ์ ดำริห์ชอบ,ขอนแก่น,092-843-5051
CUST07757,บริษัท บริษัท ถาวระวรณ์เอนเตอรไพรส์ จำกัด จำกัด,ยอดแมน นฤภัย,อ้อมน้อย,07 699 1011
CUST07758,บริษัท ห้างหุ้นส่วนจำกัด นาคพันธุ์ จำกัด,ภาสวุฒิ เลขะพันธุ์,แม่สอด,07 265 2665
CUST07759,บริษัท ชมรมเนตร์มณี จำกัด,ศุภชัย เจริญรัมย์,พัทยา,041 901773
CUST07760,บริษัท บริษัท ถาวรายุศม์ จำกัด จำกัด,นนทกาญจน์ ไชยภา,หาดใหญ่,0-5334-4809
CUST07761,บริษัท บริษัท นิลเสนา จำกัด จำกัด,ธนภณ ธีวร,ลำปาง,+66 641 636 817
CUST07762,บริษัท บริษัท นามเสวตรสโตร์ จำกัด จำกัด,สิริ ไทยแท้,สกลนคร,038 668035
CUST07763,บริษัท หจก.นาคะนครคอมมิวนิเคชั่น จำกัด,ศุภนุนาย ทองปากน้ำ,อ้อมน้อย,058800794
CUST07764,บริษัท บริษัท ถนอมกุลบุตร จำกัด จำกัด,มะสูเกียน นาฏคายี,กรุงเทพมหานคร,080 592 7767
CUST07765,บริษัท ห้างหุ้นส่วนสามัญ ถะเกิงชศ จำกัด,ปฐม ทองเนื้อดี,นครปฐม,035719718
CUST07766,บริษัท ห้างหุ้นส่วนจำกัด ถนอมพล จำกัด,อภิลักษณ์ แนวพญา,เจ้าพระยาสุรศักดิ์,0-3327-0809
CUST07767,บริษัท หจก.ถนอมพลกรังการช่าง จำกัด,ชลิดา ปรีชากุลเศรษฐ์,นครสวรรค์,031 380119
CUST07768,บริษัท หจก.จันอ้น จำกัด,จิณภัทตา ไทไชโย,พัทยา,+66 (0) 5614 8623
CUST07769,บริษัท บริษัท ธีวร จำกัด จำกัด,เจษฎากร ดุริยพันธุ์,พระนครศรีอยุธยา,+66 (0) 971 217 426
CUST07770,บริษัท ห้างหุ้นส่วนจำกัด บุนยะตีรณะ จำกัด,ญาณพันธุ์ ถนิมมาศ,เจ้าพระยาสุรศักดิ์,+66 (0) 865 331 010
CUST07771,บริษัท บริษัท เธียรายัน จำกัด จำกัด,ธนวันต์ ทองสุกเลิศ,รังสิต,060 957 8819
CUST07772,บริษัท บริษัท นาคะนครแพคกิ้ง จำกัด (มหาชน) จำกัด,สุรนัย ถนัดรบ,ยะลา,+66 891 388 652
CUST07773,บริษัท บริษัท ตัณฑนุช จำกัด จำกัด,เบญญาทิพย์ ไชยภา,สุราษฎร์ธานี,086 859 1899
CUST07774,บริษัท ห้างหุ้นส่วนจำกัด เตมิยะเดชการช่าง จำกัด,สัญชาน วาทา,อุดรธานี,022 256195
CUST07775,บริษัท บริษัท ถนัดอาวุธจิวเวลรี่ จำกัด (มหาชน) จำกัด,อำไพ ธูปะวิโรจน์,ขอนแก่น,0-2535-7036
CUST07776,บริษัท ทรัพย์ธำรงค์คอมมิวนิเคชั่น จำกัด,วีรชัย ธรรมฤดี,เชียงราย,0-7279-9507
CUST07777,บริษัท ห้างหุ้นส่วนจำกัด หิรัญสาลีและบุตร จำกัด,ปัตถพงษ์ ฉัตรอภิเที่ยงค่ำ,สกลนคร,+66 852 041 644
CUST07778,บริษัท บริษัท ถะเกิงชศบริการ จำกัด จำกัด,ชัชเวศย์ ดาวอร่าม,ตรัง,035422961
CUST07779,บริษัท หจก.ถาวระวรณ์อะไหล่ยนต์ จำกัด,ประเดิม แหยมศิริ,สมุทรปราการ,095-576-6377
CUST07780,บริษัท บริษัท นรวิทย์โชติกุลจิวเวลรี่ จำกัด (มหาชน) จำกัด,พาสุข ดาวกระจาย,ตรัง,0 872 270 754
CUST07781,บริษัท บริษัท เตมิยะเดชโอสถ จำกัด จำกัด,ปิยวัจน์ ทองปากน้ำ,พิษณุโลก,0 956 245 161
CUST07782,บริษัท บริษัท จันอ้นยานยนต์ จำกัด จำกัด,พิมพกานต์ เพียยา,ตรัง,+663 214 0698
CUST07783,บริษัท บริษัท ตระกูลไม้เรียง จำกัด (มหาชน) จำกัด,ภาสินี เพียยา,ระยอง,+66 (0) 5590 7258
CUST07784,บริษัท บริษัท นักสำหรวจเฟอนิชชิ่ง จำกัด จำกัด,อาซือมะ ทวนไชย์,พระนครศรีอยุธยา,0 2570 1081
CUST07785,บริษัท บมจ.ดิสกะประกาย จำกัด,สมมล ตวันเยี่ยม,ปากเกร็ด,+66 676 394 866
CUST07786,บริษัท บริษัท เณรานุสนธิ์กรุ๊ป จำกัด จำกัด,ศรลักษณ์ นาถะพินธุ,เกาะสมุย,0 7246 4300
CUST07787,บริษัท ทองสุกเลิศสโตร์ จำกัด,เสรี แถมธน,ภูเก็ต,+665 267 6978
CUST07788,บริษัท ห้างหุ้นส่วนสามัญ มนทองและบุตร จำกัด,มนัส ตั้งกุลงาม,พิษณุโลก,0 4072 6445
CUST07789,บริษัท บริษัท ดวงทับทิม จำกัด จำกัด,ทานตะวัน เนื่องนนท์,สมุทรสาคร,072829673
CUST07790,บริษัท บริษัท ถาวรรัตนก่อสร้าง จำกัด (มหาชน) จำกัด,พลานุช แจ้งสว่าง,ขอนแก่น,0 7058 3977
CUST07791,บริษัท ห้างหุ้นส่วนจำกัด พานเกล้ามอเตอร์ จำกัด,สมใจ สาระพันธ์,ตรัง,050803738
CUST07792,บริษัท หจก.เลขะพันธุ์ จำกัด,ภัทรนาฎ เดชคุ้ม,แม่สอด,034473628
CUST07793,บริษัท บริษัท ตันยาคอมมิวนิเคชั่น จำกัด จำกัด,สีหราช แนวพนิช,ภูเก็ต,0 909 303 252
CUST07794,บริษัท บริษัท ถนัดรบ จำกัด จำกัด,อรจิรา ถ้วนศรี,อุบลราชธานี,095 178 9196
CUST07795,บริษัท บจก.บุณยะภาชน์อะไหล่ยนต์ จำกัด,ธีรลักษณ์ ศิวะวรเวท,เกาะสมุย,0 3306 1425
CUST07796,บริษัท บจก.ถาวระวรณ์อินเตอร์เนชั่นแนล จำกัด,ยศพนต์ ถนัดกลึง,ภูเก็ต,0-7685-1133
CUST07797,บริษัท ห้างหุ้นส่วนจำกัด ประจันตะเสนเซอร์วิส จำกัด,พิมพ์ประภา เจริญรัมย์,หาดใหญ่,+66 7602 7047
CUST07798,บริษัท หจก.ทันยุคแอนด์ซันส์ จำกัด,นาทภูวพัฒน์ ดีตพันธุ์,เชียงใหม่,0-5148-0128
CUST07799,บริษัท ดุษฎีวนิชจิวเวลรี่ จำกัด,สุธาวี ทองสินธุ์,สุราษฎร์ธานี,+66 (0) 2301 5215
CUST07800,บริษัท บริษัท ถะเกิงชศคอมพิวเตอร์ จำกัด จำกัด,ภัคชนน พรรษาสกุล,พระนครศรีอยุธยา,02 801 6652
CUST07801,บริษัท ห้างหุ้นส่วนจำกัด ธัญาโภชน์เฟอนิชชิ่ง จำกัด,อริสรา ทับทิมไทย,สงขลา,0-7107-1488
CUST07802,บริษัท บริษัท นครเทพบริการ จำกัด จำกัด,กฤตเมธ ธูปหอม,สุราษฎร์ธานี,+66 (0) 7512 8649
CUST07803,บริษัท บริษัท ซูสารอเฟอนิชชิ่ง จำกัด (มหาชน) จำกัด,สุชิน ถาวรรัตน,ภูเก็ต,074 063657
CUST07804,บริษัท บริษัท ทำประดู่เฟอร์นิเจอร์ จำกัด จำกัด,ฟิรยา ภูภักดี,แหลมฉบัง,0 2970 8486
CUST07805,บริษัท บริษัท ทองแท้สโตร์ จำกัด จำกัด,นิภา แต้กุล,อ้อมน้อย,061-273-2913
CUST07806,บริษัท ห้างหุ้นส่วนจำกัด นิยมธรรม จำกัด,พลภูมิ ทองแท้,สงขลา,+66 (0) 668 975 710
CUST07807,บริษัท ธนาคารตระกูลไม้เรียง จำกัด จำกัด,นัฐพล บุนยะตีรณะ,อ้อมน้อย,+66 2712 8529
CUST07808,บริษัท บจก.ธาราธรกรุ๊ป จำกัด,สมเกียรติ บุญญาภิรมย์,อ้อมน้อย,070 644680
CUST07809,บริษัท บริษัท หอมพิกุล จำกัด จำกัด,คำปลิว ถะเกิงชศ,สมุทรสาคร,+66 968 720 297
CUST07810,บริษัท บริษัท บุตราช จำกัด จำกัด,ดวงพร นาฏคายี,เชียงราย,+66 (0) 842 142 860
CUST07811,บริษัท ห้างหุ้นส่วนสามัญ พรรษาสกุลการบัญชี จำกัด,สมใจ ดิสกะประกาย,ปากเกร็ด,+663 632 1577
CUST07812,บริษัท ตวันเยี่ยมกรุ๊ป จำกัด,ธนกิตต์ ดำริห์ชอบ,ภูเก็ต,0 3974 3079
CUST07813,บริษัท บริษัท มนทองเอนเตอรไพรส์ จำกัด จำกัด,จรรยพร ปานสุวรรณ,พัทยา,074-183523
CUST07814,บริษัท บริษัท ศรีเผด็จกรุ๊ป จำกัด จำกัด,วัลยา แนวพญา,นนทบุรี,0 7027 4914
CUST07815,บริษัท บริษัท ดุษฎีวนิช จำกัด จำกัด,มนรัตน์ สงประเสริฐ,ปากเกร็ด,040931510
CUST07816,บริษัท ทศโยธินเซอร์วิส จำกัด,กิติกานต์ ดวงทับทิม,นครศรีธรรมราช,092 849 5041
CUST07817,บริษัท บริษัท ด้วงโสนเอ็นจิเนียริ่ง จำกัด จำกัด,พันเทพ ตั้งเผ่า,ตรัง,059 128560
CUST07818,บริษัท หจก.ธัญเสถียรวิศวการ จำกัด,วัลยา ทศโยธิน,ขอนแก่น,055-415100
CUST07819,บริษัท บมจ.ทรงโกมล จำกัด,ภูวฤณ เวียงจันทึก,ตรัง,0 624 741 109
CUST07820,บริษัท ห้างหุ้นส่วนสามัญ ทวีเดชขนส่ง จำกัด,วรรณกร ตั้งกุลงาม,หาดใหญ่,088 514 4411
CUST07821,บริษัท บริษัท ธนรักษ์เอ็นจิเนียริ่ง จำกัด (มหาชน) จำกัด,สิริรัตน์ ขำเอนก,นครปฐม,+662 063 3060
CUST07822,บริษัท นาถะพินธุซัพพลาย จำกัด,ชิดชนก นกทอง,ตรัง,028 262890
CUST07823,บริษัท บริษัท แน่นดุจป้อมอุตสาหกรรม จำกัด จำกัด,ฉลองชัย ดวงทับทิม,ตรัง,0-4820-3573
CUST07824,บริษัท บริษัท วะคีมัน จำกัด จำกัด,ภานุพล ธูปหอม,นครสวรรค์,+66 (0) 2226 1242
CUST07825,บริษัท บริษัท ตั้งเผ่าเฟอนิชชิ่ง จำกัด จำกัด,บุญเกิด ศรีตะวัน,ตรัง,036049599
CUST07826,บริษัท บจก.บุณยะภาชน์บริการ จำกัด,ชนิศา นักสำหรวจ,ลำปาง,0 7776 6391
CUST07827,บริษัท ห้างหุ้นส่วนจำกัด เตชะกำพุเทรดดิ้ง จำกัด,กฤตเมธ เขียวขุ้ย,ภูเก็ต,+66 5026 9366
CUST07828,บริษัท หจก.ไทยสุชาต จำกัด,ยอดแมน เจริญรัมย์,กรุงเทพมหานคร,076-068809
CUST07829,บริษัท บมจ.จันทาวิศวกรรม จำกัด,รอซีด๊ะ นิลวิมล,อ้อมน้อย,+66 (0) 3272 4165
CUST07830,บริษัท บริษัท อัตตนาถ จำกัด จำกัด,นภนต์ หนุนสุข,สงขลา,076-836588
CUST07831,บริษัท บริษัท ถนัดหัตถกรรมพืชผล จำกัด จำกัด,นพวรรณ นาถะพินธุ,พระนครศรีอยุธยา,+663 391 8204
CUST07832,บริษัท บริษัท ยะผา จำกัด (มหาชน) จำกัด,นิภา ทำประดู่,อุบลราชธานี,028756103
CUST07833,บริษัท ห้างหุ้นส่วนสามัญ ถนอมพลกรังเอนเตอรไพรส์ จำกัด,พรรณปพร ฉายแสง,นครสวรรค์,064-738-5118
CUST07834,บริษัท ธนาคารทศโยธินคอมมิวนิเคชั่น จำกัด จำกัด,สัญชาน นพคเชนทร์,ยะลา,+662 774 0127
CUST07835,บริษัท ห้างหุ้นส่วนสามัญ ทหารแท้โอสถ จำกัด,ดารุนี อุ่นอก,ปากเกร็ด,+66 5911 8220
CUST07836,บริษัท ห้างหุ้นส่วนจำกัด แหยมศิริ จำกัด,ปิยนุช ทองเนื้อดี,สมุทรสาคร,0 7171 9457
CUST07837,บริษัท ห้างหุ้นส่วนจำกัด ยางสวยวิศวกรรม จำกัด,พลภูมิ ดาวอร่าม,ยะลา,037-091137
CUST07838,บริษัท หจก.ถนัดรักษา จำกัด,ยุศรอน นกทอง,เจ้าพระยาสุรศักดิ์,+66 3928 6244
CUST07839,บริษัท สมาคมจ้อยนุแสง จำกัด,ฐิติกุล มนทอง,พิษณุโลก,0 4024 2633
CUST07840,บริษัท บริษัท บุญบำรุง จำกัด จำกัด,วันฉัตร ถะเกิงชศ,รังสิต,041 829699
CUST07841,บริษัท หสน.ทวนทอง จำกัด,เกริกพล นักสำหรวจ,นครปฐม,055-330273
CUST07842,บริษัท บริษัท นิลสลัวก่อสร้าง จำกัด จำกัด,วรินทธิ์ธร ทรัพย์ธำรงค์,ระยอง,0-4279-4589
CUST07843,บริษัท บริษัท ขุนดำซัพพลาย จำกัด จำกัด,กองสิน ทองประดิฐ,นครศรีธรรมราช,078 739958
CUST07844,บริษัท ห้างหุ้นส่วนจำกัด แนวพนิชอิมปอร์ตเอ็กซปอร์ต จำกัด,วีระวัฒน์ อัตตนาถ,อ้อมน้อย,056990859
CUST07845,บริษัท เณรานุสนธิ์การบัญชี จำกัด,นราวรรณ ปานสุวรรณ,นครปฐม,081 923 0910
CUST07846,บริษัท ไตรบรรพและนาควงษ์ จำกัด,สมหมาย ปานสุวรรณ,นครราชสีมา,0 5505 0397
CUST07847,บริษัท บริษัท นิยมธรรม จำกัด จำกัด,มะลีวัลย์ แก้วอยู่,อุบลราชธานี,+66 (0) 4064 1213
CUST07848,บริษัท ทองลาภ-ไตรบรรพ จำกัด,ศุภนุนาย ถ้วนศรี,อุบลราชธานี,064-298-2873
CUST07849,บริษัท บริษัท ทองลาภ จำกัด จำกัด,อลิษา ชำนาญวาด,ระยอง,0 3413 7192
CUST07850,บริษัท ห้างหุ้นส่วนสามัญ ทองประดิฐกลการ จำกัด,นิติ ธรรมทินนา,นนทบุรี,065 703 9612
CUST07851,บริษัท นักสำหรวจอิมปอร์ตเอ็กซปอร์ต จำกัด,จันทนา พงศ์ฉบับนภา,พิษณุโลก,034 051851
CUST07852,บริษัท มูลนิธิพงศ์ฉบับนภา จำกัด,ภูวัน นิระหานี,ขอนแก่น,+66 2796 6345
CUST07853,บริษัท ดาบเพ็ชร์กรุ๊ป จำกัด,ฟารินี บัวเผื่อน,อ้อมน้อย,+66 (0) 3573 1674
CUST07854,บริษัท บริษัท ดุษฎีวนิชคอมพิวเตอร์ จำกัด (มหาชน) จำกัด,สมเกียรติ นิยมสำหรวจ,อ้อมน้อย,+66 971 824 326
CUST07855,บริษัท บริษัท นกทอง จำกัด,มารีนี ปานสุวรรณ,อ้อมน้อย,+66 (0) 643 265 808
CUST07856,บริษัท หอมพิกุล-ทองลาภ จำกัด,ทองรัตน์ นิลวิมล,สงขลา,+66 (0) 5973 8346
CUST07857,บริษัท หสน.ทีฆะ จำกัด,เสรี ตรีเภรินทร์,ลำปาง,0-4253-9480
CUST07858,บริษัท หจก.นรวิทย์โชติกุลการช่าง จำกัด,ณัฐศักดิ์ ธูปะวิโรจน์,พระนครศรีอยุธยา,020-346505
CUST07859,บริษัท บริษัท ชุมวระพานิช จำกัด จำกัด,อรจิรา เขียวอ่อน,อ้อมน้อย,096-897-7054
CUST07860,บริษัท เวียงจันทึก-ศรีวงค์ จำกัด,ทิมาภรณ์ ศรีตะวัน,สงขลา,07 969 7868
CUST07861,บริษัท บริษัท ธนประทีปแลบ จำกัด จำกัด,ปริญญา นกทอง,อุดรธานี,0-2628-8706
CUST07862,บริษัท หจก.นานายน จำกัด,พีระพงศ์พันธ์ นามขำ,ระยอง,+66 7140 2841
CUST07863,บริษัท หจก.เณรานุสนธิ์ จำกัด,สิริรัตน์ ชุมวระ,กรุงเทพมหานคร,04 555 4577
CUST07864,บริษัท ห้างหุ้นส่วนจำกัด ด้วงโสนแพคกิ้ง จำกัด,ศุภนุนาย ถุงเงิน,หาดใหญ่,+66 (0) 854 375 306
CUST07865,บริษัท บริษัท เลิศกิ่ง จำกัด จำกัด,สมเกียรติ นิยมสำหรวจ,นครราชสีมา,0-4259-7861
CUST07866,บริษัท ห้างหุ้นส่วนจำกัด สันตะวงศ์เทรดดิ้ง จำกัด,มารีนี นพตระกูล,เกาะสมุย,022-845117
CUST07867,บริษัท ห้างหุ้นส่วนสามัญ ดิศดใน จำกัด,เจตธนากร ดิสกะประกาย,สุราษฎร์ธานี,+66 (0) 5444 1436
CUST07868,บริษัท สมาคมทีฆะ จำกัด,ศจีกาญจน์ ประจันตะเสน,ปากเกร็ด,098 174 3056
CUST07869,บริษัท นฤภัยการบัญชี จำกัด,สิริกานต์ เลิศกิ่ง,เชียงราย,03 942 4763
CUST07870,บริษัท บริษัท ดำริห์ชอบ จำกัด จำกัด,ชนิศา นาคพันธุ์,เชียงราย,+66 (0) 2155 6711
CUST07871,บริษัท บริษัท ถมปัดอะไหล่ยนต์ จำกัด จำกัด,ยศพงศ์ นาถะพินธุ,ลำปาง,063 514 7614
CUST07872,บริษัท หจก.นิลสุวรรณ์ จำกัด,โชติวุฒิ ธนประทีป,พิษณุโลก,030109950
CUST07873,บริษัท ห้างหุ้นส่วนสามัญ นาควงษ์ จำกัด,ไวพจน์ บุญศล,พัทยา,0-7617-1734
CUST07874,บริษัท หจก.นากกนก จำกัด,ธมลพรรณ นามเสวตร,ลำปาง,0846754456
CUST07875,บริษัท สมาคมมนทอง จำกัด,อนุบาล วุฑฒยากร,นครราชสีมา,067-662-9336
CUST07876,บริษัท บริษัท ถนัดภาษา จำกัด (มหาชน) จำกัด,สุพัตร ถนัดภาษา,ตรัง,0-4941-6882
CUST07877,บริษัท หจก.นิลเสนาโอสถ จำกัด,ยศวัฒน์ ตั้งรบ,อุดรธานี,068 150 3232
CUST07878,บริษัท บริษัท ทองสีไพลวิศวการ จำกัด จำกัด,ทัตธน ศาสตร์ศิลป์,นครสวรรค์,0-4898-6678
CUST07879,บริษัท หจก.ถนัดอักษร จำกัด,พรรณปพร ศรีตะวัน,พิษณุโลก,092-801-7193
CUST07880,บริษัท บริษัท ตันยาขนส่ง จำกัด จำกัด,ฟารินี พานเกล้า,ระยอง,03 634 6187
CUST07881,บริษัท ห้างหุ้นส่วนจำกัด ซูสารอวิศวกรรม จำกัด,จิตรลดา ไสยกิจ,นนทบุรี,048 061395
CUST07882,บริษัท หจก.ทองอยู่อิมปอร์ตเอ็กซปอร์ต จำกัด,ปิยนาฎ ถนัดรักษา,หาดใหญ่,036-564852
CUST07883,บริษัท บจก.นำธวัช จำกัด,จด สันตะวงศ์,พัทยา,041094614
CUST07884,บริษัท บริษัท ศรีวงค์คอนสตรัคชั่น จำกัด จำกัด,ไมล์ วิลาสินี,ภูเก็ต,+662 157 1104
CUST07885,บริษัท ห้างหุ้นส่วนสามัญ ทองสีไพล จำกัด,ฐิติวุฒิ เช้าวันดี,พิษณุโลก,+66 623 742 445
CUST07886,บริษัท บริษัท ดีตพันธุ์ จำกัด จำกัด,รมิตา ธรรมเมธา,หาดใหญ่,098-655-0698
CUST07887,บริษัท บมจ.อุ่นอกเอเยนซี จำกัด,ปิยบุตร หนุนสุข,ระยอง,0-4903-5781
CUST07888,บริษัท บริษัท สุวรรณหงษ์กลการ จำกัด จำกัด,รวิวาน ดาบเพ็ชร์,เชียงราย,+662 545 1862
CUST07889,บริษัท ห้างหุ้นส่วนจำกัด ตระกูลไม้เรียงการบัญชี จำกัด,ณิชนันท์ คำลือ,แม่สอด,+662 321 9045
CUST07890,บริษัท บริษัท นักสำหรวจ จำกัด จำกัด,กิติกานต์ บุณยะภาชน์,อุดรธานี,+663 943 9714
CUST07891,บริษัท สมาคมยะผา จำกัด,ใจกลาง ตัณสถิตย์,อุบลราชธานี,031610071
CUST07892,บริษัท บริษัท ดวงทับทิม จำกัด (มหาชน) จำกัด,ณัฐจศักดิ์ ขำเอนก,เชียงราย,046-255487
CUST07893,บริษัท ธนาคารนวลเพ็ง จำกัด จำกัด,วีรชัย บุณยะภาชน์,นครสวรรค์,039-521127
CUST07894,บริษัท บริษัท ทองสีไพล จำกัด จำกัด,อำพร ถาวรายุศม์,ปากเกร็ด,027760860
CUST07895,บริษัท นวลเพ็งพืชผล จำกัด,กิติยาธรณ์ นุตตาร,ภูเก็ต,0-5635-2272
CUST07896,บริษัท ห้างหุ้นส่วนสามัญ นิยมสำหรวจโอสถ จำกัด,นพวรรณ ตันตราจิณ,รังสิต,0-3551-5693
CUST07897,บริษัท บจก.บุณยะภาชน์มอเตอร์ จำกัด,กิ่งแก้ว ทับทิมไทย,อ้อมน้อย,0613392360
CUST07898,บริษัท หจก.ตั้งกุลงามวิศวการ จำกัด,จิตตานันท์ เมืองสุข,อุดรธานี,+66 5335 8936
CUST07899,บริษัท สมาคมธาราธร จำกัด,บุญญามี ถนัดกลึง,เชียงราย,051-460414
CUST07900,บริษัท ห้างหุ้นส่วนจำกัด เวียงจันทึกคอนสตรัคชั่น จำกัด,ธัญญามาศ ศรีสัตย์,ขอนแก่น,0685319719
CUST07901,บริษัท บริษัท สาระพันธ์เทรดดิ้ง จำกัด จำกัด,อัญชิษฐา ถนัดภาษา,ปากเกร็ด,0-5092-9787
CUST07902,บริษัท บริษัท แนวพนิช จำกัด,นุจรี ไชยภา,เกาะสมุย,033486504
CUST07903,บริษัท ห้างหุ้นส่วนจำกัด ตันเผ่า จำกัด,ฤทธิ์ชกร ตราชู,อุดรธานี,+66 (0) 645 740 800
CUST07904,บริษัท ห้างหุ้นส่วนจำกัด ทัศนสุทธิขนส่ง จำกัด,อาแอเสาะ นาคสุทิน,ปากเกร็ด,+665 080 7144
CUST07905,บริษัท บริษัท สาระพันธ์และบุตร จำกัด จำกัด,ซูรัยดา ถนัดกลึง,พระนครศรีอยุธยา,04 660 8155
CUST07906,บริษัท นาคสุทินและเมืองสุข จำกัด,วิชา ตันตราจิณ,นครศรีธรรมราช,02 469 5908
CUST07907,บริษัท ห้างหุ้นส่วนจำกัด ไทยแท้ จำกัด,วรปรัชญ์ นิระหานี,ตรัง,072 149027
CUST07908,บริษัท ห้างหุ้นส่วนจำกัด ทับทิมไทยกลการ จำกัด,ปิยวดี โพธิสัตย์,พิษณุโลก,03 186 1943
CUST07909,บริษัท บจก.ศรีตะวัน จำกัด,นาย ฉายแสง,ปากเกร็ด,04 873 3624
CUST07910,บริษัท บจก.บัวเผื่อน จำกัด,ทิมาภรณ์ จันทา,อ้อมน้อย,+66 3839 8283
CUST07911,บริษัท บริษัท นาถะพินธุ จำกัด จำกัด,คมสัน แก้วอยู่,นครปฐม,+66 4961 0056
CUST07912,บริษัท ห้างหุ้นส่วนจำกัด สุวรรณหงษ์คอมมิวนิเคชั่น จำกัด,วีระวัฒน์ นักรบ,นครราชสีมา,088-335-5778
CUST07913,บริษัท ดิสกะประกายและศรทอง จำกัด,ธเนษฐ ผลบุญ,นครศรีธรรมราช,+66 (0) 616 169 012
CUST07914,บริษัท บริษัท นิลเสนา จำกัด จำกัด,ธนกิตต์ นรวิทย์โชติกุล,นครราชสีมา,0 4907 5277
CUST07915,บริษัท หจก.พรรษาสกุล จำกัด,สินสมุทร ถนัดพิมพการ,นนทบุรี,+66 908 623 824
CUST07916,บริษัท สหภาพแรงงานอัตตนาถ จำกัด,โกมล นิยมเซียม,อ้อมน้อย,05 515 8843
CUST07917,บริษัท บริษัท ทรงโกมลขนส่ง จำกัด จำกัด,ณัฐญาดา นพคเชนทร์,สกลนคร,02 846 8600
CUST07918,บริษัท บริษัท ธรรมสถิตไพศาลคอนสตรัคชั่น จำกัด จำกัด,ทิมาภรณ์ บินดี,พิษณุโลก,055-765800
CUST07919,บริษัท ห้างหุ้นส่วนจำกัด ถ้วนศรียานยนต์ จำกัด,คมกริบ กุมารบุญ,กรุงเทพมหานคร,0 647 438 097
CUST07920,บริษัท มูลนิธิแน่นดุจป้อม จำกัด,ปฐวีกานต์ ไทยแท้,แหลมฉบัง,099 511 0503
CUST07921,บริษัท ห้างหุ้นส่วนจำกัด สงประเสริฐซัพพลาย จำกัด,สมปอง นุตตาร,พิษณุโลก,072-839476
CUST07922,บริษัท ห้างหุ้นส่วนจำกัด นวลเพ็งและเพื่อน จำกัด,เจตพินิษฐ์ นวลฉวี,สุราษฎร์ธานี,03 199 8240
CUST07923,บริษัท ห้างหุ้นส่วนสามัญ นิละทัตคอมมิวนิเคชั่น จำกัด,ธัญญามาศ ทหารแท้,พระนครศรีอยุธยา,0-4300-3745
CUST07924,บริษัท ห้างหุ้นส่วนสามัญ ผลบุญเทรดดิ้ง จำกัด,มะลีวัลย์ ศรีวงค์,นครปฐม,0 895 021 054
CUST07925,บริษัท บริษัท ทองสุกเลิศ จำกัด จำกัด,สิทธิชัย ถนัดอักษร,อุบลราชธานี,085 969 4294
CUST07926,บริษัท บริษัท ราชมณี จำกัด จำกัด,พิพิธธน ร่มธิติรัตน์,นครปฐม,057937978
CUST07927,บริษัท บริษัท นครเทพแพคกิ้ง จำกัด จำกัด,คมกริบ ขุนดำ,หาดใหญ่,0854654423
CUST07928,บริษัท บริษัท นิยมสำหรวจบริการ จำกัด จำกัด,เอกวิทย์ บุญญาไลย์,สงขลา,+662 338 1076
CUST07929,บริษัท นิติสาขาและถนัดรักษา จำกัด,สุรนัย ถนัดอาวุธ,นครปฐม,+66 7724 4780
CUST07930,บริษัท ห้างหุ้นส่วนจำกัด นพคเชนทร์ จำกัด,นาทภูวพัฒน์ ถนัดอักษร,ปากเกร็ด,03 914 3843
CUST07931,บริษัท บริษัท ฉายแสงการช่าง จำกัด จำกัด,ฐิตาพร ถาวรรัตน,เกาะสมุย,+663 534 3579
CUST07932,บริษัท บริษัท จันอ้น จำกัด จำกัด,ศุภกรชนา ตันเผ่า,นครศรีธรรมราช,+66 (0) 2547 4709
CUST07933,บริษัท ถนอมพลและเพื่อน จำกัด,ผกาทิพย์ จ้อยนุแสง,เชียงใหม่,041 829504
CUST07934,บริษัท ห้างหุ้นส่วนจำกัด เนื่องนนท์ จำกัด,ธราวิทญ์ ทองลาภ,พัทยา,+667 812 6345
CUST07935,บริษัท บริษัท นิลวิมล จำกัด (มหาชน) จำกัด,สัญชาน ธูปหอม,เกาะสมุย,058 612508
CUST07936,บริษัท บริษัท อัตตนาถ จำกัด (มหาชน) จำกัด,รักชนก ทองเนื้อดี,สงขลา,072-952759
CUST07937,บริษัท บริษัท ธรรมนิยม จำกัด จำกัด,เฉลิมรัฐ ทรัพย์สาร,นครศรีธรรมราช,049 381120
CUST07938,บริษัท ชมรมไม้แดง จำกัด,นาย ขอหมั่นกลาง,อุบลราชธานี,0832876385
CUST07939,บริษัท ชมรมนามเสวตร จำกัด,รัฐพงษ์ ธนรักษ์,นครสวรรค์,0 995 909 918
CUST07940,บริษัท ไทยสุชาตและตระกูลไม้เรียง จำกัด,เนติลักษณ์ ทรัพย์ธำรงค์,อุดรธานี,0 5649 5201
CUST07941,บริษัท บริษัท วะคีมัน จำกัด จำกัด,ไชยภพ เมืองสุข,ภูเก็ต,+664 916 0955
CUST07942,บริษัท ห้างหุ้นส่วนสามัญ ทวนไชย์เซอร์วิส จำกัด,สุธินันท์ ด้วงโสน,อ้อมน้อย,0600385513
CUST07943,บริษัท บริษัท เลิศกิ่ง จำกัด (มหาชน) จำกัด,พันเทพ สาระพันธ์,พัทยา,+66 (0) 671 897 146
CUST07944,บริษัท บริษัท ดาวกระจายเทรดดิ้ง จำกัด จำกัด,พิมพ์ประภา ดุษฎีวนิช,นครศรีธรรมราช,075119938
CUST07945,บริษัท บริษัท ธนูปกรณ์กลการ จำกัด จำกัด,อัญชัญ สงประเสริฐ,พระนครศรีอยุธยา,028-868964
CUST07946,บริษัท หจก.ดีตพันธุ์ จำกัด,ไวพจน์ เลิศกิ่ง,เจ้าพระยาสุรศักดิ์,0 5220 4295
CUST07947,บริษัท มูลนิธิตั้งเผ่า จำกัด,พาดีล๊ะ ไชยภา,เชียงราย,+66 976 069 206
CUST07948,บริษัท บริษัท ศรีตะวัน จำกัด จำกัด,นารดา ไตรบรรพ,เจ้าพระยาสุรศักดิ์,0 861 328 603
CUST07949,บริษัท เนื่องนนท์แอนด์ซันส์ จำกัด,พรพิไล เดชคุ้ม,นครสวรรค์,+66 (0) 896 127 665
CUST07950,บริษัท บริษัท พงศ์ฉบับนภา จำกัด จำกัด,ซูรัยดา จ้อยนุแสง,นครสวรรค์,+66 (0) 5399 2636
CUST07951,บริษัท บริษัท เวียงจันทึก จำกัด (มหาชน) จำกัด,ทิมาภรณ์ ทรัพย์ธำรงค์,สงขลา,0 7723 2641
CUST07952,บริษัท บจก.จันทาและเพื่อน จำกัด,ภูวัน ทองสินธุ์,ระยอง,+66 625 888 710
CUST07953,บริษัท บริษัท นุตตารการช่าง จำกัด จำกัด,มะลีวัลย์ ทรงโกมล,นครสวรรค์,080-911-2660
CUST07954,บริษัท มูลนิธินิลเสนา จำกัด,ธาเอก ทับทิมไทย,อุบลราชธานี,+66 (0) 7975 1051
CUST07955,บริษัท ห้างหุ้นส่วนสามัญ ถนอมมนุษย์เฟอนิชชิ่ง จำกัด,ทวีวัฒน์ ตวงทอง,หาดใหญ่,099 943 0104
CUST07956,บริษัท บริษัท งามพิเชษฐ์ จำกัด จำกัด,หลี ดาวกระจาย,กรุงเทพมหานคร,+665 691 0010
CUST07957,บริษัท บริษัท พงศ์ฉบับนภาและบุตร จำกัด จำกัด,วรินทธิ์ธร แน่นดุจป้อม,นครสวรรค์,0 859 400 888
CUST07958,บริษัท บริษัท ถนัดพิมพการ จำกัด จำกัด,สิริลัดดา นากกนก,แหลมฉบัง,+66 4528 2170
CUST07959,บริษัท บจก.นาควงษ์ จำกัด,นิรุตต์ นิระหานี,อุดรธานี,073-067816
CUST07960,บริษัท สันตะวงศ์และถิรสวัสดิ์ จำกัด,พชรภรณ์ นักรบ,นครปฐม,024147566
CUST07961,บริษัท ถาวระวรณ์พานิช จำกัด,เจษฏาภรณ์ ดิศดใน,อุบลราชธานี,0-2503-9779
CUST07962,บริษัท สมาคมหนุนสุข จำกัด,วรปรัชญ์ สงประเสริฐ,สมุทรสาคร,032489612
CUST07963,บริษัท บมจ.ถนอมมนุษย์ จำกัด,วิพุธ ทันยุค,พัทยา,0-7030-6722
CUST07964,บริษัท บริษัท คำลือภาพยนตร์ จำกัด จำกัด,สนั่น นิษประปัญจ์,นนทบุรี,0 903 775 830
CUST07965,บริษัท บริษัท เจริญรัมย์เอนเตอรไพรส์ จำกัด จำกัด,ปิยนุช นับเนื่องนอ,ปากเกร็ด,0 933 621 038
CUST07966,บริษัท ทหารแท้สโตร์ จำกัด,นิรุตต์ วุฑฒยากร,หาดใหญ่,+66 7032 5238
CUST07967,บริษัท บริษัท ถนัดหัตถกรรม จำกัด จำกัด,วิทูลย์ ศาสตร์ศิลป์,ลำปาง,053744653
CUST07968,บริษัท หจก.นิลสุวรรณ์ จำกัด,ศุภนุนาย นพตระกูล,นครปฐม,0 4056 1301
CUST07969,บริษัท ดำริห์ชอบและยางสวย จำกัด,ศิรณัฐ ไชยภา,สุราษฎร์ธานี,058-520422
CUST07970,บริษัท ห้างหุ้นส่วนจำกัด พีระเพ็ญกุลบรรจุภัณฑ์ จำกัด,สุรนีย์ ฉัตรอภิเที่ยงค่ำ,นนทบุรี,+66 942 631 543
CUST07971,บริษัท นิระหานียานยนต์ จำกัด,เอกชัย ดำริห์ชอบ,เชียงใหม่,050-943164
CUST07972,บริษัท บริษัท ทหารแท้ จำกัด จำกัด,ณัฐธภรณ์ ทองสินธุ์,ขอนแก่น,0-2410-5311
CUST07973,บริษัท บจก.ปานสุวรรณ จำกัด,ลักษมี ชุมวระ,รังสิต,+66 (0) 604 284 622
CUST07974,บริษัท บริษัท ขำเอนก จำกัด (มหาชน) จำกัด,อาแอเสาะ บุนยาภิสนท์,สกลนคร,090-499-8688
CUST07975,บริษัท บริษัท ขอหมั่นกลางกลการ จำกัด (มหาชน) จำกัด,บุญเทียน วุฑฒยากร,นครปฐม,0623843148
CUST07976,บริษัท ห้างหุ้นส่วนจำกัด ตระกูลบุญกรุ๊ป จำกัด,วิพุธ โพธิสัตย์,เจ้าพระยาสุรศักดิ์,0-5324-7828
CUST07977,บริษัท หจก.ธรรมฤดี จำกัด,ธีร์ธวันาย แท่นทอง,ยะลา,038-500130
CUST07978,บริษัท บริษัท ถาวรรัตน จำกัด (มหาชน) จำกัด,ธนนนท์ พีระเพ็ญกุล,ตรัง,04 788 3844
CUST07979,บริษัท ห้างหุ้นส่วนจำกัด ธรรมเมธาพืชผล จำกัด,พิไลพร พานเกล้า,ยะลา,+66 (0) 918 278 455
CUST07980,บริษัท บจก.ซูสารอวิศวกรรม จำกัด,ภานุพล ผลบุญ,เชียงใหม่,+66 (0) 604 830 742
CUST07981,บริษัท บริษัท ศรีธนะเวทย์ จำกัด จำกัด,วิกิจ ยางสวย,กรุงเทพมหานคร,0 5491 5226
CUST07982,บริษัท บมจ.ถนัดกลึง จำกัด,ณภัทร แนวพนิช,กรุงเทพมหานคร,037074222
CUST07983,บริษัท บริษัท เธียรายันคอนสตรัคชั่น จำกัด จำกัด,กฤตเมธ ธัญาโภชน์,สมุทรสาคร,+66 2363 6701
CUST07984,บริษัท ทับทิมไทยกรุ๊ป จำกัด,สุกฤษตา บุตราช,นครปฐม,+66 7302 7794
CUST07985,บริษัท นิระหานีขนส่ง จำกัด,พิชญ์สินี ซูสารอ,กรุงเทพมหานคร,0 5747 7568
CUST07986,บริษัท ธนาคารธัญเสถียรวิศวการ จำกัด จำกัด,รังสินี ติณรัตน์,สุราษฎร์ธานี,0 870 349 289
CUST07987,บริษัท ห้างหุ้นส่วนจำกัด ทวีเดชขนส่ง จำกัด,ภัคศุภางค์ บุญญาภิรมย์,ลำปาง,05 119 5047
CUST07988,บริษัท บริษัท คำลือ จำกัด จำกัด,ธีรวุฒิ ทองอยู่,ภูเก็ต,055927259
CUST07989,บริษัท ห้างหุ้นส่วนสามัญ ตระกูลบุญจิวเวลรี่ จำกัด,เกษตร มนทอง,ระยอง,074896283
CUST07990,บริษัท บจก.ธุวะนุติ์ จำกัด,วรินทธิ์ธร บุนยะตีรณะ,เชียงใหม่,097-315-9933
CUST07991,บริษัท โพธิสัตย์และถนัดการยนต์ จำกัด,ประเดิม ดิสกะประกาย,เชียงราย,0-3353-3841
CUST07992,บริษัท ห้างหุ้นส่วนจำกัด นะวะมันดร จำกัด,ซูฮัยดา แถมธน,พัทยา,0 4051 5405
CUST07993,บริษัท ทศโยธินและเพื่อน จำกัด,วีระโชติ นำธวัช,ขอนแก่น,021-631340
CUST07994,บริษัท บริษัท นิยมเซียม จำกัด จำกัด,วิกิจ ถาวระวรณ์,รังสิต,043 818539
CUST07995,บริษัท บริษัท บุญญาภิรมย์เอ็นจิเนียริ่ง จำกัด จำกัด,พิมพ์ประภา ทองสุกเลิศ,ภูเก็ต,097 937 4514
CUST07996,บริษัท หจก.ถนัดอาวุธ จำกัด,ยอดแมน นิลวิมล,กรุงเทพมหานคร,068-733-3901
CUST07997,บริษัท สมาคมแนวพนิช จำกัด,คมกริบ ถนัดอักษร,เจ้าพระยาสุรศักดิ์,022 772892
CUST07998,บริษัท สันตะวงศ์-นฤภัย จำกัด,ธัญญกัญญา สังข์กรด,พิษณุโลก,034 053257
CUST07999,บริษัท ธนประทีปจิวเวลรี่ จำกัด,พัสวี ไทไชโย,ลำปาง,029 354335
CUST08000,บริษัท หจก.ยะผาอะไหล่ยนต์ จำกัด,กวาง ดวงทับทิม,นครสวรรค์,0646531292
CUST08001,บริษัท บริษัท บุนยาภิสนท์ จำกัด จำกัด,นิวิลดาน ทีฆะ,สกลนคร,0 829 138 385
CUST08002,บริษัท บริษัท เนื่องนนท์ จำกัด จำกัด,ไมล์ ถนัดรบ,สุราษฎร์ธานี,0894648023
CUST08003,บริษัท บริษัท นาคะนครขนส่ง จำกัด จำกัด,ภาสวุฒิ ศรีวงค์,แหลมฉบัง,080 169 1954
CUST08004,บริษัท ชมรมอัตตนาถ จำกัด,จิม นำธวัช,กรุงเทพมหานคร,067 811 7788
CUST08005,บริษัท บริษัท ถนัดการเขียนกลการ จำกัด จำกัด,สนั่น นาคะนคร,นนทบุรี,07 919 8937
CUST08006,บริษัท กุมารบุญและเธียรายัน จำกัด,นาทภูวพัฒน์ ดุษฎีวนิช,สมุทรปราการ,+663 457 0695
CUST08007,บริษัท หจก.ถนัดอักษร จำกัด,พิมพ์ประภา อัตตนาถ,ลำปาง,+66 2248 1714
CUST08008,บริษัท หจก.เนตร์มณีก่อสร้าง จำกัด,ณัฐศักดิ์ แก้วอยู่,ระยอง,074610727
CUST08009,บริษัท บมจ.ถนัดเดินข่าว จำกัด,มนรัตน์ บุณยะภาชน์,นครสวรรค์,+667 749 8832
CUST08010,บริษัท บริษัท เณรานุสนธิ์ จำกัด จำกัด,ปรายกานต์ ถนัดรบ,แม่สอด,03 195 2699
CUST08011,บริษัท บริษัท นิระหานีเอ็นจิเนียริ่ง จำกัด จำกัด,ประไพพักตร์ สงประเสริฐ,พระนครศรีอยุธยา,+66 (0) 7778 3470
CUST08012,บริษัท ศาสตร์ศิลป์-บุญญาไลย์ จำกัด,หรรษา จันทา,นครศรีธรรมราช,038-089314
CUST08013,บริษัท นักรบและเพื่อน จำกัด,นาทภูวพัฒน์ ถาวรายุศม์,ขอนแก่น,029 886172
CUST08014,บริษัท บริษัท งามพิเชษฐ์การช่าง จำกัด จำกัด,จำรัส บุญญาภิรมย์,หาดใหญ่,+667 748 1718
CUST08015,บริษัท บมจ.บุญญาไลย์แพคกิ้ง จำกัด,ภควัฒน์ บุนยะศัพท์,เชียงใหม่,0 7150 1978
CUST08016,บริษัท ห้างหุ้นส่วนจำกัด ไทนิยมอิมปอร์ตเอ็กซปอร์ต จำกัด,วาสุเทพ ธีวร,ขอนแก่น,066-484-8510
CUST08017,บริษัท บริษัท ทหารแท้แพคกิ้ง จำกัด จำกัด,เรืองเกียรติ ศรีธนะเวทย์,เจ้าพระยาสุรศักดิ์,+665 545 8820
CUST08018,บริษัท ไทไชโย-ถมปัด จำกัด,ทองรัตน์ ขำเอนก,ขอนแก่น,065-527-5207
CUST08019,บริษัท บริษัท บุญญาภิรมย์แลบ จำกัด จำกัด,พุทธ นิระหานี,เจ้าพระยาสุรศักดิ์,036431177
CUST08020,บริษัท บริษัท ขอหมั่นกลาง จำกัด จำกัด,นาย ถมังรักษสัตว์,ตรัง,+662 228 8422
CUST08021,บริษัท บริษัท ตะละภัฏคอมมิวนิเคชั่น จำกัด จำกัด,นรีรัตน์ ฉิมพาลี,ปากเกร็ด,0-5157-3581
CUST08022,บริษัท บริษัท วุฑฒยากรบริการ จำกัด (มหาชน) จำกัด,อับดุลเลาะห์ นิลเสนา,สุราษฎร์ธานี,0 2814 8962
CUST08023,บริษัท บริษัท ทองสีไพลกลการ จำกัด จำกัด,อินทรีย์ ไม้แดง,สมุทรสาคร,031 476280
CUST08024,บริษัท ห้างหุ้นส่วนจำกัด ถนัดอักษร จำกัด,วันฉัตร ถาวรรัตน,พิษณุโลก,0974513079
CUST08025,บริษัท ห้างหุ้นส่วนจำกัด ทวนไชย์ จำกัด,พิมพ์ประภา ทองสินธุ์,นครราชสีมา,+66 (0) 2959 7275
CUST08026,บริษัท ห้างหุ้นส่วนสามัญ นุตตารเฟอนิชชิ่ง จำกัด,พีระพงศ์พันธ์ ทรัพย์ธำรงค์,แม่สอด,031 514531
CUST08027,บริษัท เพียยาเฟอร์นิเจอร์ จำกัด,พาดีล๊ะ พีระเพ็ญกุล,ระยอง,0-7104-8278
CUST08028,บริษัท สมาคมนิยมธรรม จำกัด,สมมล ราชมณี,กรุงเทพมหานคร,0 2059 3256
CUST08029,บริษัท บริษัท บุญญาไลย์ จำกัด จำกัด,พรเบญญา ประจันตะเสน,ขอนแก่น,046208043
CUST08030,บริษัท บริษัท ดุริยพันธุ์บรรจุภัณฑ์ จำกัด จำกัด,เทพนารี บุญศล,นครปฐม,0 640 072 064
CUST08031,บริษัท บจก.ทีฆะการบัญชี จำกัด,พีรพัฒน์ ทองลาภ,ลำปาง,+66 7172 3347
CUST08032,บริษัท หจก.จ้อยนุแสง จำกัด,สมมล ตราชู,อ้อมน้อย,+663 930 9582
CUST08033,บริษัท บริษัท นวลฉวี จำกัด จำกัด,จักรีรัตน์ ทองประดิฐ,นครราชสีมา,088-949-1548
CUST08034,บริษัท หจก.ศรีวงค์ จำกัด,เอกวิทย์ ธรรมนิยม,ปากเกร็ด,0-7991-9099
CUST08035,บริษัท บมจ.นรวิทย์โชติกุล จำกัด,วรดาพร ตระกูลบุญ,สมุทรสาคร,029857249
CUST08036,บริษัท ห้างหุ้นส่วนสามัญ นามขำโอสถ จำกัด,มณียา นามขำ,ลำปาง,031682477
CUST08037,บริษัท บริษัท ด้วงโสนพานิช จำกัด จำกัด,วาร์มูฮำหมัด งามพิเชษฐ์,นครสวรรค์,0854112864
CUST08038,บริษัท ห้างหุ้นส่วนจำกัด นิยมสำหรวจแอนด์ซันส์ จำกัด,ปิยะชาติ ตันตราจิณ,สมุทรปราการ,+66 5265 5617
CUST08039,บริษัท ถนัดอาวุธ-ตั้งเผ่า จำกัด,ฮานาฟี ผลบุญ,ภูเก็ต,0 5189 3833
CUST08040,บริษัท มูลนิธิบุตราช จำกัด,วิทูลย์ ธรรมนิยม,นครสวรรค์,0 615 227 501
CUST08041,บริษัท บริษัท ยางสวย จำกัด,โชติวุฒิ บุญส่ง,พัทยา,060 263 7055
CUST08042,บริษัท บริษัท ธุวะนุติ์เซอร์วิส จำกัด จำกัด,กิติยาธรณ์ แถมธน,แหลมฉบัง,085 408 1734
CUST08043,บริษัท บริษัท ศรีธนะเวทย์เทรดดิ้ง จำกัด จำกัด,นพรัตน์ ทวนไชย์,สมุทรปราการ,0 882 043 540
CUST08044,บริษัท บริษัท ทองปากน้ำ จำกัด (มหาชน) จำกัด,วรนาฎ ปานสุวรรณ,นครราชสีมา,0 853 945 285
CUST08045,บริษัท บริษัท ถนอมพล จำกัด จำกัด,ธนภณ ถนัดพิมพการ,ภูเก็ต,082-607-5344
CUST08046,บริษัท ห้างหุ้นส่วนจำกัด นิษประปัญจ์ จำกัด,ดารุนี ถะเกิงชศ,แม่สอด,+66 5763 1111
CUST08047,บริษัท บริษัท ธรรมนิยม จำกัด,เทอดศักดิ์ แนวพนิช,เจ้าพระยาสุรศักดิ์,0 3645 8282
CUST08048,บริษัท สมาคมนาควงษ์ จำกัด,เกษมชัย อัตตนาถ,สงขลา,093 749 8428
CUST08049,บริษัท ห้างหุ้นส่วนสามัญ ดิศดใน จำกัด,เจษฏาภรณ์ นาถะพินธุ,ยะลา,+66 5733 9637
CUST08050,บริษัท ห้างหุ้นส่วนจำกัด ตั้งเผ่า จำกัด,อธิวัตร ถนัดหัตถกรรม,สมุทรสาคร,0-4391-5523
CUST08051,บริษัท บริษัท แถมธนการบัญชี จำกัด จำกัด,พรชนก ทศโยธิน,พิษณุโลก,+66 (0) 981 262 414
CUST08052,บริษัท บริษัท ดิสกะประกาย จำกัด จำกัด,ยอดแมน ติระคมน์,สมุทรสาคร,0-7928-1264
CUST08053,บริษัท สมาคมดิสกะประกาย จำกัด,กุลเชษฐ เช้าวันดี,เชียงใหม่,056-339019
CUST08054,บริษัท บริษัท บุนยะศัพท์เอ็นจิเนียริ่ง จำกัด จำกัด,พิมพ์สุดา ดาวอร่าม,ระยอง,+66 (0) 935 537 709
CUST08055,บริษัท บริษัท ทองอยู่ จำกัด จำกัด,กฤตเมธ พรมอ่อน,อุบลราชธานี,066-101-3355
CUST08056,บริษัท ดวงทับทิม-ตันตราจิณ จำกัด,ปัณณวัชร เลขะพันธุ์,พิษณุโลก,+66 (0) 911 955 525
CUST08057,บริษัท ธนาคารตวันเยี่ยมเฟอร์นิเจอร์ จำกัด จำกัด,วีร์สุดา บุตราช,เจ้าพระยาสุรศักดิ์,099 589 7343
CUST08058,บริษัท ห้างหุ้นส่วนสามัญ ตวงทองบรรจุภัณฑ์ จำกัด,ลักษมี ทรัพย์ธำรงค์,ปากเกร็ด,075353509
CUST08059,บริษัท ห้างหุ้นส่วนจำกัด เธียรายัน จำกัด,นุจรี ศรีวงค์,เชียงราย,+662 594 3294
CUST08060,บริษัท ดุษฎีวนิชแอนด์ซันส์ จำกัด,ธนกิตต์ คำลือ,เจ้าพระยาสุรศักดิ์,+66 7608 4221
CUST08061,บริษัท บริษัท สาระพันธ์ จำกัด (มหาชน) จำกัด,ธีรวุฒิ ตันเผ่า,อ้อมน้อย,0-7457-9401
CUST08062,บริษัท หจก.ตวันเยี่ยม จำกัด,มณียา ถะเกิงชศ,สงขลา,0-7824-4611
CUST08063,บริษัท บมจ.ศรีตะวัน จำกัด,นิรุตต์ ทองแท้,นครราชสีมา,+663 196 6067
CUST08064,บริษัท ธนาคารนักสำหรวจ จำกัด จำกัด,ขอดิเยาะ ทรัพย์ธำรงค์,นครราชสีมา,+66 4657 0748
CUST08065,บริษัท บริษัท ยะผา จำกัด จำกัด,คำปลิว มิ่งขวัญ,ขอนแก่น,+665 048 9526
CUST08066,บริษัท บริษัท ถนัดเดินข่าวเซอร์วิส จำกัด จำกัด,สุมัชญา ทัศนสุทธิ,กรุงเทพมหานคร,+66 (0) 834 485 954
CUST08067,บริษัท บริษัท ศรทอง จำกัด จำกัด,ทินวัฒน์ ขุนดำ,เกาะสมุย,0 674 498 080
CUST08068,บริษัท ภูภักดีวิศวกรรม จำกัด,มัตติกา อัตตนาถ,อ้อมน้อย,029 887536
CUST08069,บริษัท บมจ.ตัณสถิตย์ จำกัด,ณัฐธิตา เนื่องนนท์,อุบลราชธานี,083-185-2086
CUST08070,บริษัท บริษัท ทองลาภ จำกัด จำกัด,ทิพรดา ถนัดกลึง,ตรัง,0 853 697 576
CUST08071,บริษัท ห้างหุ้นส่วนจำกัด นวลฉวีและบุตร จำกัด,นุจรี ชำนาญวาด,สุราษฎร์ธานี,0-7360-4847
CUST08072,บริษัท เขียวขุ้ยแพคกิ้ง จำกัด,กวาง นิติสาขา,พัทยา,0-4901-8492
CUST08073,บริษัท ห้างหุ้นส่วนจำกัด ปรีชากุลเศรษฐ์ จำกัด,รัฐพงษ์ สาระพันธ์,สกลนคร,+66 3797 9402
CUST08074,บริษัท บริษัท ศรทอง จำกัด จำกัด,อินทรีย์ ถนัดพิมพการ,สุราษฎร์ธานี,0 5962 0261
CUST08075,บริษัท ชุมวระ-งามพิเชษฐ์ จำกัด,อชิตะวีร์ เวียงจันทึก,ลำปาง,+66 (0) 2781 2631
CUST08076,บริษัท บริษัท อัตตนาถขนส่ง จำกัด (มหาชน) จำกัด,ชัฎชา ตั้งเผ่า,พัทยา,0 995 534 990
CUST08077,บริษัท บริษัท สาระพันธ์อิมปอร์ตเอ็กซปอร์ต จำกัด จำกัด,สุชิน หิรัญสาลี,สมุทรปราการ,022 405984
CUST08078,บริษัท มูลนิธิทหารแท้ จำกัด,จณิตตา นากกนก,ยะลา,035171244
CUST08079,บริษัท ถนอมพลและตระกูลไม้เรียง จำกัด,สุทธิพจน์ ถนัดการยนต์,สมุทรสาคร,+665 736 1153
CUST08080,บริษัท บุนยะศัพท์เฟอนิชชิ่ง จำกัด,วาสุเทพ ไทยสุชาต,พัทยา,073-948677
CUST08081,บริษัท ดิสกะประกายการช่าง จำกัด,ฐิติณัฐฐา ตวงทอง,อุดรธานี,0 886 431 691
CUST08082,บริษัท นิลสุวรรณ์แลบ จำกัด,วรปรัชญ์ นักรบ,แม่สอด,+66 (0) 921 532 388
CUST08083,บริษัท หจก.บัวเผื่อนก่อสร้าง จำกัด,พงษ์นเรศ ทวนทอง,ภูเก็ต,+66 3673 0469
CUST08084,บริษัท บริษัท ธรรมฤดีภาพยนตร์ จำกัด จำกัด,มนัส ถนัดกลึง,นครราชสีมา,0-4590-7443
CUST08085,บริษัท บริษัท ถาวรายุศม์ จำกัด จำกัด,อำพร นาถะพินธุ,นนทบุรี,+66 7128 6684
CUST08086,บริษัท ดาวกระจาย-บุญส่ง จำกัด,ปิยวดี ตัณสถิตย์,หาดใหญ่,+667 447 4786
CUST08087,บริษัท ทำประดู่อินเตอร์เนชั่นแนล จำกัด,หล้า ถนัดการเขียน,กรุงเทพมหานคร,032-604461
CUST08088,บริษัท บริษัท ทองอยู่ จำกัด จำกัด,ชัชเวศย์ ตะละภัฏ,สมุทรสาคร,0917715815
CUST08089,บริษัท ถนอมมนุษย์และถาวรายุศม์ จำกัด,นิรันดร์ ถนัดอาวุธ,นครสวรรค์,+662 780 7598
CUST08090,บริษัท ห้างหุ้นส่วนจำกัด บุญส่ง จำกัด,บุญเทียน ขุนดำ,สกลนคร,0-7764-4782
CUST08091,บริษัท นากกนกภาพยนตร์ จำกัด,ตอฮา ยางสวย,อุบลราชธานี,+66 3795 0445
CUST08092,บริษัท ถนัดการเขียน-ทองแท้ จำกัด,หรรษธร นิลวรรณ,นครปฐม,051 208605
CUST08093,บริษัท ห้างหุ้นส่วนสามัญ ตันยา จำกัด,วรรณนิสา ดาตู,ภูเก็ต,+664 539 7951
CUST08094,บริษัท ถนัดเดินข่าววิศวกรรม จำกัด,ทัตธน บุญบำรุง,สมุทรสาคร,+66 672 782 772
CUST08095,บริษัท บริษัท ธรรมทินนาเอเยนซี จำกัด จำกัด,นัฐพล หนุนสุข,หาดใหญ่,0 965 909 411
CUST08096,บริษัท ห้างหุ้นส่วนจำกัด หนักแน่นเฟอนิชชิ่ง จำกัด,อนุวัช เพียยา,แม่สอด,+66 (0) 615 230 984
CUST08097,บริษัท บริษัท ธนประทีปแอนด์ซันส์ จำกัด จำกัด,สรายุทธ ทัศนสุทธิ,สงขลา,+66 (0) 950 742 909
CUST08098,บริษัท ห้างหุ้นส่วนจำกัด บุตราช จำกัด,ณาร์รีมาน ทับทิมไทย,ยะลา,0 621 264 038
CUST08099,บริษัท บุญศลขนส่ง จำกัด,พันเทพ บุนยะศัพท์,สมุทรปราการ,+66 5680 6347
CUST08100,บริษัท ชมรมตั้งกุลงาม จำกัด,จิณภัทตา คำลือ,รังสิต,0684876141
CUST08101,บริษัท บริษัท ติระคมน์เทรดดิ้ง จำกัด จำกัด,พิศพรรณ นครเทพ,รังสิต,047 902105
CUST08102,บริษัท หจก.เขียวขุ้ย จำกัด,พุทธิพงษ์ นิลสุวรรณ์,นครศรีธรรมราช,0-3633-9036
CUST08103,บริษัท ตั้งรบและทองปากน้ำ จำกัด,ปัณณวัชร สันตะวงศ์,สุราษฎร์ธานี,+663 895 4526
CUST08104,บริษัท บริษัท ถนัดกลึงแอนด์ซันส์ จำกัด จำกัด,สิริลัดดา สุวรรณหงษ์,ปากเกร็ด,0 852 892 304
CUST08105,บริษัท ห้างหุ้นส่วนจำกัด เลขะพันธุ์ จำกัด,จณิสตา บุญบำรุง,พิษณุโลก,05 450 8488
CUST08106,บริษัท บริษัท สาระพันธ์วิศวกรรม จำกัด จำกัด,อดิสรณ์ ดาวอร่าม,สงขลา,0-7881-5913
CUST08107,บริษัท บริษัท ฉิมพาลี จำกัด จำกัด,ประเสริฐ แต้กุล,ยะลา,057-465132
CUST08108,บริษัท ห้างหุ้นส่วนจำกัด ฉัตรอภิเที่ยงค่ำ จำกัด,ณปภัช นำธวัช,เชียงใหม่,07 555 6754
CUST08109,บริษัท บริษัท แก้วชลคราม จำกัด จำกัด,ปัณณวัชร นิยมเซียม,นครศรีธรรมราช,049452169
CUST08110,บริษัท บริษัท นักรบ จำกัด จำกัด,สุธาวี อุ่นอก,ขอนแก่น,+66 (0) 980 018 379
CUST08111,บริษัท บริษัทหลักทรัพย์ ฉายแสงการช่าง จำกัด จำกัด,นาวีตา พรมอ่อน,เชียงใหม่,0 7476 9389
CUST08112,บริษัท สมาคมนาคะนคร จำกัด,กุลดิลก ขอหมั่นกลาง,ยะลา,+66 (0) 932 443 574
CUST08113,บริษัท บมจ.นฤทุกข์ จำกัด,อำพร ถนัดกลึง,เชียงใหม่,0 5268 7353
CUST08114,บริษัท ห้างหุ้นส่วนจำกัด ไทนิยม จำกัด,ณาร์รีมาน ธรรมทินนา,ขอนแก่น,0-4935-0842
CUST08115,บริษัท บริษัท ดิสกะประกายวิศวกรรม จำกัด จำกัด,สุทธิพจน์ สุวรรณหงษ์,ภูเก็ต,+667 556 5039
CUST08116,บริษัท ห้างหุ้นส่วนจำกัด ถนัดอาวุธเซอร์วิส จำกัด,สิริรัตน์ ตัณฑนุช,สมุทรปราการ,0662027496
CUST08117,บริษัท บริษัท ทุมะบุตร์ จำกัด จำกัด,พลานุช ดำริห์ชอบ,ลำปาง,055900436
CUST08118,บริษัท บจก.ดุษฎีวนิชคอนสตรัคชั่น จำกัด,กิติชัย เดชวา,หาดใหญ่,041 576370
CUST08119,บริษัท บจก.ดุษฎีวนิช จำกัด,ตอฮา ทรงโกมล,สกลนคร,0 3266 5812
CUST08120,บริษัท บริษัท ตะละภัฏ จำกัด จำกัด,ศิริเกศ ตันยา,นครสวรรค์,+66 999 145 231
CUST08121,บริษัท ห้างหุ้นส่วนสามัญ นรวิทย์โชติกุลการค้า จำกัด,เทอดศักดิ์ ด้วงโสน,แม่สอด,0-4381-9077
CUST08122,บริษัท หจก.พงศ์ฉบับนภาเอ็นจิเนียริ่ง จำกัด,จด เวียงจันทึก,สงขลา,+66 (0) 5221 3998
CUST08123,บริษัท ภูภักดีและตรีเภรินทร์ จำกัด,นันทิกานต์ โพธิสัตย์,อ้อมน้อย,037-095375
CUST08124,บริษัท ดาบเพ็ชร์-ฉัพพรรณธนกูร จำกัด,พรสวรรค์ นิลสลัว,หาดใหญ่,0 909 185 771
CUST08125,บริษัท บริษัท ดิศดในเฟอนิชชิ่ง จำกัด จำกัด,ทิพรดา ตวันเยี่ยม,อุบลราชธานี,026 966242
CUST08126,บริษัท ห้างหุ้นส่วนสามัญ ไสยกิจ จำกัด,เพชรมณี บุนยะตีรณะ,ลำปาง,0673985602
CUST08127,บริษัท นิลวรรณ-ทองลาภ จำกัด,จุฑารัตน์ นำธวัช,นครราชสีมา,+667 052 8867
CUST08128,บริษัท บริษัท ไทยแท้ จำกัด จำกัด,เจษฎากร ทองอยู่,ยะลา,+66 7239 3280
CUST08129,บริษัท บริษัท นิยมธรรม จำกัด (มหาชน) จำกัด,คำมั่น ยางสวย,สงขลา,046522887
CUST08130,บริษัท บริษัท ทับทิมไทยอะไหล่ยนต์ จำกัด จำกัด,อันธิกา หอมสิน,หาดใหญ่,0 5930 8442
CUST08131,บริษัท มูลนิธิทวนไชย์ จำกัด,สิทธัญ ธูปหอม,นครปฐม,066 599 8710
CUST08132,บริษัท แก้วอยู่-กุมารบุญ จำกัด,พรชีวิน ศรีตะวัน,อ้อมน้อย,043879052
CUST08133,บริษัท ห้างหุ้นส่วนจำกัด ทุมะบุตร์ จำกัด,นุจรี หนักแน่น,ภูเก็ต,0 5342 9700
CUST08134,บริษัท ราชมณีการช่าง จำกัด,เขียว ตระกูลบุญ,สงขลา,+66 7381 1015
CUST08135,บริษัท ห้างหุ้นส่วนจำกัด นรวิทย์โชติกุลกรุ๊ป จำกัด,ประภัทร์สรณ์ ทองสีไพล,ภูเก็ต,0 943 458 056
CUST08136,บริษัท บริษัท ดีตพันธุ์โอสถ จำกัด จำกัด,จิฬาภรณ์ ศรีตะวัน,รังสิต,05 926 1236
CUST08137,บริษัท บจก.ถาวรายุศม์บรรจุภัณฑ์ จำกัด,โสภณ เธียรายัน,ตรัง,+66 5908 0080
CUST08138,บริษัท ทับทิมไทย-ฉัพพรรณธนกูร จำกัด,น้ำเพชร จันอ้น,พระนครศรีอยุธยา,037 333839
CUST08139,บริษัท สมาคมเขียวอ่อน จำกัด,ภาสวุฒิ นามเสวตร,แหลมฉบัง,+66 830 519 476
CUST08140,บริษัท นับเนื่องนอ-ติณรัตน์ จำกัด,เขียว พรรษาสกุล,อุดรธานี,07 257 1705
CUST08141,บริษัท มูลนิธิขุนดำ จำกัด,ธีราทัต ธาราธร,พระนครศรีอยุธยา,0910509444
CUST08142,บริษัท สมาคมธรรมฤดี จำกัด,สีหราช ไทไชโย,เกาะสมุย,063 791 1904
CUST08143,บริษัท ตรีเภรินทร์เอ็นจิเนียริ่ง จำกัด,ชัญญานุนาย ถนัดการเขียน,สุราษฎร์ธานี,+66 (0) 937 498 660
CUST08144,บริษัท ธนประทีปมอเตอร์ จำกัด,นิติ วุฑฒยากร,ภูเก็ต,+66 (0) 621 437 966
CUST08145,บริษัท บริษัท ภูภักดี จำกัด จำกัด,อรพิณ ทวนทอง,นครปฐม,033-764945
CUST08146,บริษัท ธัญาโภชน์บรรจุภัณฑ์ จำกัด,อณาวิน ทรัพย์ธำรงค์,ปากเกร็ด,0937192385
CUST08147,บริษัท บริษัท ธูปะวิโรจน์ จำกัด (มหาชน) จำกัด,ฐิตาพร สันตะวงศ์,สงขลา,+66 (0) 645 691 272
CUST08148,บริษัท บริษัท ราชมณี จำกัด จำกัด,อธิวัตร ปานสุวรรณ,แหลมฉบัง,+66 7278 9911
CUST08149,บริษัท ทรัพย์ธำรงค์และนวลฉวี จำกัด,วิเชียร เธียรายัน,ขอนแก่น,0 3483 5755
CUST08150,บริษัท บริษัท เยาวธนโชค จำกัด จำกัด,เรืองเกียรติ ทองเนื้อดี,นครศรีธรรมราช,054 591741
CUST08151,บริษัท ดวงทับทิมคอมพิวเตอร์ จำกัด,ประวี นาควงษ์,อุดรธานี,057 855987
CUST08152,บริษัท ห้างหุ้นส่วนจำกัด ตั้งรบ จำกัด,คมคาย พานเกล้า,ปากเกร็ด,055 361696
CUST08153,บริษัท บมจ.แก้วชลครามอิมปอร์ตเอ็กซปอร์ต จำกัด,ปาริตา ติระคมน์,สมุทรสาคร,04 041 7291
CUST08154,บริษัท บริษัท พรมอ่อนเอ็นจิเนียริ่ง จำกัด จำกัด,นภัสรินทร์ นะวะมันดร,เชียงราย,073399610
CUST08155,บริษัท หจก.นพคเชนทร์วิศวกรรม จำกัด,ปรายกานต์ หอมพิกุล,สกลนคร,+66 (0) 830 944 156
CUST08156,บริษัท สหภาพแรงงานเธียรายัน จำกัด,วิเชียร ฉัพพรรณธนกูร,ระยอง,0665485176
CUST08157,บริษัท หจก.หนุนสุข จำกัด,เกียรติก้อง เวียงจันทึก,อุบลราชธานี,+66 (0) 2001 1608
CUST08158,บริษัท สมาคมทุมะบุตร์ จำกัด,อริสรา ถนัดอาวุธ,เกาะสมุย,0 613 672 322
CUST08159,บริษัท บจก.ถนัดอักษรวิศวการ จำกัด,ธีราทัต ดัตพันธุ์,สมุทรปราการ,0-5130-7807
CUST08160,บริษัท ทับทิมไทยและตรีครุธพันธุ์ จำกัด,ธราวิทญ์ ทับทิมไทย,นครศรีธรรมราช,050 846477
CUST08161,บริษัท ห้างหุ้นส่วนจำกัด นาถะพินธุ จำกัด,ธมลพรรณ เนื่องนนท์,หาดใหญ่,07 464 1657
CUST08162,บริษัท หจก.คำลือ จำกัด,ประเสริฐ ปรีชากุลเศรษฐ์,รังสิต,+66 971 108 953
CUST08163,บริษัท ยางสวย-ธนรักษ์ จำกัด,วัลลภ ร่มธิติรัตน์,นครศรีธรรมราช,0 5288 3487
CUST08164,บริษัท ห้างหุ้นส่วนจำกัด คำลือก่อสร้าง จำกัด,มลิวรรณ เณรานุสนธิ์,ขอนแก่น,080-199-6536
CUST08165,บริษัท ห้างหุ้นส่วนจำกัด ถนิมมาศคอนสตรัคชั่น จำกัด,เทพณรงค์ นามขำ,สงขลา,0-3246-9431
CUST08166,บริษัท บริษัท ราชมณีการช่าง จำกัด จำกัด,ภารวี นำธวัช,หาดใหญ่,049 544315
CUST08167,บริษัท ถนัดพิมพการโอสถ จำกัด,ปิ่นบุญญา ศรีวงค์,ลำปาง,+66 949 370 881
CUST08168,บริษัท บริษัท นุตตาร จำกัด จำกัด,พลานุช ถนัดการเขียน,พระนครศรีอยุธยา,089-384-3499
CUST08169,บริษัท หจก.แท่นทองวิศวกรรม จำกัด,สุธาวี ร่มธิติรัตน์,ลำปาง,088 965 5974
CUST08170,บริษัท นฤภัยและบุตร จำกัด,คำมั่น นฤภัย,ระยอง,+66 (0) 7193 7530
CUST08171,บริษัท นกทองเซอร์วิส จำกัด,มาโนชญ์ ปานสุวรรณ,ลำปาง,0-2127-8143
CUST08172,บริษัท ห้างหุ้นส่วนจำกัด นกทองวิศวกรรม จำกัด,วีระโชติ ทวนไชย์,นครราชสีมา,+66 (0) 5693 9176
CUST08173,บริษัท เขียวขุ้ย-ตั้งเผ่า จำกัด,จณิตตา นาถะเดชะ,นนทบุรี,097-218-3967
CUST08174,บริษัท พรสีมาและตันตราจิณ จำกัด,ฉัตรปรียา บุญส่ง,อุดรธานี,0 808 958 601
CUST08175,บริษัท บมจ.แน่นดุจป้อมแอนด์ซันส์ จำกัด,สุไฮลัน ตระกูลไม้เรียง,กรุงเทพมหานคร,0-4241-9860
CUST08176,บริษัท บริษัท ธรรมฤดี จำกัด (มหาชน) จำกัด,มูฮัมหมัดอิมรอน นาถะเดชะ,พิษณุโลก,02 888 6758
CUST08177,บริษัท ถุงเงินและสังข์กรด จำกัด,อาฮามัด นับเนื่องนอ,นครราชสีมา,0 882 946 197
CUST08178,บริษัท บมจ.เพียยาเฟอร์นิเจอร์ จำกัด,ศภัคชคง ซูสารอ,ปากเกร็ด,03 580 6783
CUST08179,บริษัท บริษัท ขอหมั่นกลาง จำกัด (มหาชน) จำกัด,ศจีกาญจน์ ทวนไชย์,นครศรีธรรมราช,+66 4777 0840
CUST08180,บริษัท บริษัท ตั้งเผ่า จำกัด (มหาชน) จำกัด,ธัญญามาศ พงศ์ฉบับนภา,ปากเกร็ด,+66 617 867 024
CUST08181,บริษัท หจก.สงประเสริฐ จำกัด,สิราพร ทองประดิฐ,สมุทรสาคร,044846832
CUST08182,บริษัท หจก.จันอ้น จำกัด,ชัฎชา ถนัดรบ,นนทบุรี,093 814 9733
CUST08183,บริษัท ห้างหุ้นส่วนจำกัด นกทอง จำกัด,จักรชัย คณานุรักษ์,รังสิต,+667 928 5974
CUST08184,บริษัท ห้างหุ้นส่วนสามัญ ร่มธิติรัตน์ จำกัด,สันชัย ทองสีไพล,สมุทรปราการ,04 923 4617
CUST08185,บริษัท ห้างหุ้นส่วนจำกัด ทำประดู่เซอร์วิส จำกัด,รวิวาน นิระหานี,ปากเกร็ด,05 750 7825
CUST08186,บริษัท หจก.ตันยามอเตอร์ จำกัด,นิติยา ถนัดภาษา,หาดใหญ่,0-4678-1867
CUST08187,บริษัท นฤทุกข์อิมปอร์ตเอ็กซปอร์ต จำกัด,ภูวัน ธรรมฤดี,เชียงใหม่,044 933242
CUST08188,บริษัท บริษัท นิลวรรณเฟอร์นิเจอร์ จำกัด จำกัด,เฉลิมรัตน์ ตะละภัฏ,สุราษฎร์ธานี,052 164041
CUST08189,บริษัท บริษัท ตัณฑนุช จำกัด จำกัด,สีหราช กุมารบุญ,พัทยา,049755655
CUST08190,บริษัท บริษัท เขียวอ่อนจิวเวลรี่ จำกัด จำกัด,พีรภัทร์ ดาตู,นนทบุรี,+66 (0) 2119 0773
CUST08191,บริษัท ไชยภา-นาควงษ์ จำกัด,ศิรณัฐ ทองสุกเลิศ,ยะลา,0 640 458 047
CUST08192,บริษัท บริษัท นำธวัช จำกัด (มหาชน) จำกัด,ศศิยา อุลหัสสา,สมุทรปราการ,+66 635 279 991
CUST08193,บริษัท บริษัท นาฏคายี จำกัด จำกัด,โยธิการ์ ถมังรักษสัตว์,พระนครศรีอยุธยา,+664 346 7821
CUST08194,บริษัท บมจ.เตมิยะเดช จำกัด,วรรณชนะชัย ตวงทอง,พระนครศรีอยุธยา,091-657-9627
CUST08195,บริษัท บริษัท นรวิทย์โชติกุล จำกัด จำกัด,อรุณี แก้วอยู่,แหลมฉบัง,+66 (0) 647 119 745
CUST08196,บริษัท ดำริห์ชอบกรุ๊ป จำกัด,ธีราทัต นะวะมันดร,สงขลา,0 5260 2390
CUST08197,บริษัท ห้างหุ้นส่วนจำกัด เนตร์มณีกลการ จำกัด,แกมแพร ถนอมพลกรัง,สมุทรสาคร,0 854 159 624
CUST08198,บริษัท ชมรมนวลเพ็ง จำกัด,สิริรัตน์ ศาสตร์ศิลป์,สมุทรสาคร,0 4659 6351
CUST08199,บริษัท บริษัท นพคเชนทร์ จำกัด จำกัด,รภัสพงษ์ ภูภักดี,สมุทรสาคร,+66 (0) 3860 7846
CUST08200,บริษัท คำลือการบัญชี จำกัด,กระสุน นะวะมันดร,ตรัง,+66 (0) 2826 5291
CUST08201,บริษัท บริษัท ศรีอุ่น จำกัด จำกัด,พรรณปพร ยะผา,สุราษฎร์ธานี,+66 (0) 3499 2452
CUST08202,บริษัท บริษัท นฤภัยขนส่ง จำกัด จำกัด,เยาวรัตน์ ฉิมพาลี,หาดใหญ่,0-5158-0247
CUST08203,บริษัท หจก.เวียงจันทึก จำกัด,ดวงพร เนตร์มณี,ขอนแก่น,063 319 2613
CUST08204,บริษัท ห้างหุ้นส่วนสามัญ ทำประดู่ จำกัด,กันตวรรณ ดาตู,หาดใหญ่,+66 (0) 2488 4789
CUST08205,บริษัท บมจ.นาคสุทิน จำกัด,พัชรพร ธูปหอม,เจ้าพระยาสุรศักดิ์,+665 041 6018
CUST08206,บริษัท บุนยะศัพท์แพคกิ้ง จำกัด,หลักทรัพย์ ปานสุวรรณ,สมุทรสาคร,052278595
CUST08207,บริษัท ห้างหุ้นส่วนจำกัด ถนัดอาวุธอุตสาหกรรม จำกัด,เฉลิมพล คณานุรักษ์,อุดรธานี,+66 672 436 308
CUST08208,บริษัท บริษัท ติณรัตน์ จำกัด จำกัด,ธีริสรา ชุมวระ,ปากเกร็ด,02 554 3604
CUST08209,บริษัท มูลนิธิถนัดรักษา จำกัด,ฐิติยาพร ถนอมพลกรัง,สมุทรปราการ,035667080
CUST08210,บริษัท บริษัท ทองประดิฐ จำกัด จำกัด,ศิรินันท์ เมืองสุข,นครศรีธรรมราช,050154693
CUST08211,บริษัท บริษัท ถนัดการยนต์เอนเตอรไพรส์ จำกัด จำกัด,สายสุรีย์ เนตร์มณี,นครสวรรค์,+66 7850 5480
CUST08212,บริษัท บริษัท ตันตราจิณ จำกัด จำกัด,สมปอง ร่มธิติรัตน์,พัทยา,+663 955 0568
CUST08213,บริษัท บริษัท ไม้แดง จำกัด (มหาชน) จำกัด,ภานุวัตร ติณรัตน์,นนทบุรี,031 677069
CUST08214,บริษัท บมจ.นกทองแอนด์ซันส์ จำกัด,ฉลองชัย แนวพนิช,อุดรธานี,+66 (0) 4900 4169
CUST08215,บริษัท บริษัท ไทยแท้ จำกัด จำกัด,สิริกานต์ ทันยุค,อ้อมน้อย,029 056765
CUST08216,บริษัท ห้างหุ้นส่วนจำกัด ทุมะบุตร์จิวเวลรี่ จำกัด,ภัทรนาฎ ทองสีไพล,สุราษฎร์ธานี,+66 842 669 494
CUST08217,บริษัท ห้างหุ้นส่วนจำกัด นิลวิมล จำกัด,ศุภนุนาย เณรานุสนธิ์,พิษณุโลก,05 684 9814
CUST08218,บริษัท ห้างหุ้นส่วนสามัญ ถนิมมาศ จำกัด,ทิพย์วารี เจริญรัมย์,อ้อมน้อย,+66 4927 8479
CUST08219,บริษัท สมาคมเดชวา จำกัด,ชลิดา ธนประทีป,นครสวรรค์,026-239979
CUST08220,บริษัท บริษัท พานเกล้า จำกัด จำกัด,ปิยะชาติ น้ำทิพย์,กรุงเทพมหานคร,074075639
CUST08221,บริษัท ห้างหุ้นส่วนจำกัด ธรรมเมธายานยนต์ จำกัด,สิทธัญ ถนัดพิมพการ,นครปฐม,021-821182
CUST08222,บริษัท บริษัท ตวันเยี่ยม จำกัด,ฉัตรปรียา ทองปากน้ำ,ตรัง,0 673 137 493
CUST08223,บริษัท บริษัท หอมสิน จำกัด จำกัด,ปิยบุตร ธุวะนุติ์,ขอนแก่น,0-4673-7811
CUST08224,บริษัท บริษัท ทับทิมไทยกรุ๊ป จำกัด จำกัด,รอซีด๊ะ ตรีเภรินทร์,สกลนคร,035-336626
CUST08225,บริษัท นามขำวิศวกรรม จำกัด,เฉลิมรัฐ นักสำหรวจ,สกลนคร,+664 350 0843
CUST08226,บริษัท ชมรมธรรมสถิตไพศาล จำกัด,นิชนันท์ บุญส่ง,กรุงเทพมหานคร,+66 (0) 657 604 262
CUST08227,บริษัท บริษัท เจริญรัมย์ จำกัด จำกัด,สุรธัช ติณรัตน์,สกลนคร,+66 836 293 713
CUST08228,บริษัท บริษัท ทศโยธินการค้า จำกัด จำกัด,จินต์จุฑา แก้วชลคราม,กรุงเทพมหานคร,026087117
CUST08229,บริษัท ห้างหุ้นส่วนจำกัด ตัณฑนุชมอเตอร์ จำกัด,สมปอง ถนัดรักษา,พัทยา,0 3124 2430
CUST08230,บริษัท บริษัท ชุมวระภาพยนตร์ จำกัด จำกัด,กุลปรียา ขำเอนก,เชียงใหม่,045363274
CUST08231,บริษัท หจก.ถนัดอักษร จำกัด,สรรเพชญ์ ศรีธนะเวทย์,พระนครศรีอยุธยา,+665 047 4973
CUST08232,บริษัท บริษัท หิรัญสาลี จำกัด จำกัด,ณัฐญาดา บินดี,ภูเก็ต,068-635-5762
CUST08233,บริษัท ห้างหุ้นส่วนจำกัด ตรีเภรินทร์ จำกัด,ซุกรี ชำนาญวาด,ภูเก็ต,0981822923
CUST08234,บริษัท บจก.บุนยะศัพท์ จำกัด,จักรกฤนาย ทวีเดช,สมุทรสาคร,+66 7360 4722
CUST08235,บริษัท บริษัท บุตดา จำกัด (มหาชน) จำกัด,เอกชัย หิรัญสาลี,เชียงใหม่,049551110
CUST08236,บริษัท บริษัท ตั้งเผ่า จำกัด,ธาเอก ยางสวย,นครราชสีมา,+66 (0) 680 474 350
CUST08237,บริษัท นครเทพแลบ จำกัด,นิมุ ปานสุวรรณ,พระนครศรีอยุธยา,+663 195 2955
CUST08238,บริษัท สมาคมร่มธิติรัตน์ จำกัด,มาซีเตาะ นิยมสำหรวจ,สงขลา,0 614 870 690
CUST08239,บริษัท หจก.ธรรมสถิตไพศาลโอสถ จำกัด,ธีร์ธวันาย นิระหานี,สกลนคร,091-607-2097
CUST08240,บริษัท หจก.สุวรรณหงษ์ จำกัด,วิรศักดิ์ ถาวรรัตน,สุราษฎร์ธานี,+66 (0) 617 470 334
CUST08241,บริษัท แก้วอยู่และเพื่อน จำกัด,วีร์สุดา อัตตนาถ,ตรัง,043-050465
CUST08242,บริษัท ธนาคารสุวรรณหงษ์ จำกัด จำกัด,ราณี ธรรมเมธา,แหลมฉบัง,+66 (0) 5659 7789
CUST08243,บริษัท บริษัท ตราชูบริการ จำกัด (มหาชน) จำกัด,ภาสวุฒิ นพคเชนทร์,สุราษฎร์ธานี,0660347366
CUST08244,บริษัท บจก.เพียยาเอ็นจิเนียริ่ง จำกัด,ศิรณัฐ ทรัพย์สาร,ยะลา,0-2936-9073
CUST08245,บริษัท สมาคมเมืองสุข จำกัด,วันฉัตร ธาราธร,ภูเก็ต,079-527730
CUST08246,บริษัท บริษัท ธนูปกรณ์ จำกัด,พลภูมิ นาคะนคร,เกาะสมุย,0 5684 7673
CUST08247,บริษัท บริษัท ธรรมสถิตไพศาลการช่าง จำกัด จำกัด,โกมล แน่นดุจป้อม,รังสิต,0 3210 6401
CUST08248,บริษัท บริษัท ทับทิมไทย จำกัด จำกัด,เนตรฤดี นานายน,อุดรธานี,+66 (0) 3677 6764
CUST08249,บริษัท ยางสวยและแต้กุล จำกัด,นราวรรณ ตัณฑนุช,นครศรีธรรมราช,+66 (0) 986 661 530
CUST08250,บริษัท หจก.ถนอมพลกรัง จำกัด,มารีนี นพตระกูล,ปากเกร็ด,0 7999 2628
CUST08251,บริษัท ศาสตร์ศิลป์และแนวพนิช จำกัด,อรุณี ผลบุญ,นครสวรรค์,082-337-4835
CUST08252,บริษัท บริษัท บุญบำรุง จำกัด จำกัด,สุภาพร ถนัดหัตถกรรม,ยะลา,074-150504
CUST08253,บริษัท มูลนิธิทันยุค จำกัด,เทอดศักดิ์ ทรัพย์สาร,ตรัง,026-373562
CUST08254,บริษัท บริษัท ประจันตะเสน จำกัด จำกัด,นันทิกานต์ ดาตู,กรุงเทพมหานคร,+66 (0) 924 048 829
CUST08255,บริษัท บริษัท นิยมเซียมวิศวการ จำกัด จำกัด,ราณี คณานุรักษ์,นนทบุรี,033 380385
CUST08256,บริษัท บริษัท นิติสาขาเอ็นจิเนียริ่ง จำกัด จำกัด,วาร์มูฮำหมัด ขอหมั่นกลาง,รังสิต,042 998804
CUST08257,บริษัท บริษัท เนตร์มณีอุตสาหกรรม จำกัด จำกัด,มนัญชยา ตันตราจิณ,ปากเกร็ด,034832133
CUST08258,บริษัท ถนิมมาศเซอร์วิส จำกัด,วาร์มูฮำหมัด พงศ์ฉบับนภา,ขอนแก่น,052080706
CUST08259,บริษัท บริษัท ทับทิมไทยเทรดดิ้ง จำกัด จำกัด,ศรีสวัสดิ์ นฤทุกข์,รังสิต,030 669816
CUST08260,บริษัท นวลฉวีกลการ จำกัด,กุลดิลก วิลาสินี,อุบลราชธานี,076-421967
CUST08261,บริษัท ห้างหุ้นส่วนจำกัด ตันตราจิณบริการ จำกัด,ตรีนุช จันอ้น,ตรัง,+66 (0) 7357 1265
CUST08262,บริษัท บจก.ศรีธนะเวทย์เอเยนซี จำกัด,หฤทัย พงศ์ฉบับนภา,เจ้าพระยาสุรศักดิ์,0 4321 4928
CUST08263,บริษัท มูลนิธินิยมธรรม จำกัด,กิ่งแก้ว งามพิเชษฐ์,อุดรธานี,+66 (0) 7260 7735
CUST08264,บริษัท บริษัท ธรรมทินนาบรรจุภัณฑ์ จำกัด (มหาชน) จำกัด,เมทนี ตระกูลไม้เรียง,แม่สอด,+66 (0) 687 573 648
CUST08265,บริษัท หจก.ถนัดหัตถกรรมเซอร์วิส จำกัด,ปภาวรินทร์ ชุมวระ,รังสิต,+662 458 8634
CUST08266,บริษัท บริษัท ตระกูลบุญคอมมิวนิเคชั่น จำกัด จำกัด,พรเบญญา ทรัพย์ธำรงค์,ขอนแก่น,082-168-9320
CUST08267,บริษัท ถนิมมาศ-อัตตนาถ จำกัด,รภัสพงษ์ ถนัดเดินข่าว,เจ้าพระยาสุรศักดิ์,054798930
CUST08268,บริษัท หจก.ไสยกิจ จำกัด,นิติยา เขียวขุ้ย,เจ้าพระยาสุรศักดิ์,020-585175
CUST08269,บริษัท สหภาพแรงงานไทยแท้ จำกัด,ชัชเวศย์ ยางสวย,สุราษฎร์ธานี,061-126-7507
CUST08270,บริษัท บัวเผื่อนโอสถ จำกัด,จักรีรัตน์ ถาวรรัตน,อ้อมน้อย,+66 (0) 680 906 343
CUST08271,บริษัท ห้างหุ้นส่วนจำกัด ไทยสุชาตเฟอนิชชิ่ง จำกัด,รมิตา ทองประดิฐ,ยะลา,0-3582-1656
CUST08272,บริษัท ห้างหุ้นส่วนจำกัด นากกนก จำกัด,จินต์จุฑา สุวรรณหงษ์,ยะลา,+66 3948 0518
CUST08273,บริษัท บริษัท ธรรมเมธา จำกัด จำกัด,ศิรณัฐ ขำเอนก,อุบลราชธานี,099 403 1195
CUST08274,บริษัท บริษัท ทศโยธินยานยนต์ จำกัด จำกัด,โกมล ฉิมพาลี,อุดรธานี,+66 7143 2172
CUST08275,บริษัท บริษัท ศรีธนะเวทย์ จำกัด จำกัด,กฤตเมธ อัตตนาถ,แม่สอด,039299259
CUST08276,บริษัท บริษัท นุตตาร จำกัด,ชัฎชา นกทอง,สมุทรสาคร,07 296 2446
CUST08277,บริษัท หจก.บัวเผื่อน จำกัด,โกวิทย์ คำลือ,พระนครศรีอยุธยา,0 7058 2911
CUST08278,บริษัท บมจ.ทองปากน้ำ จำกัด,ประจิน นานายน,เจ้าพระยาสุรศักดิ์,028 529613
CUST08279,บริษัท ห้างหุ้นส่วนจำกัด แจ้งสว่างวิศวการ จำกัด,พีรภัทร์ ฉัตรอภิเที่ยงค่ำ,แม่สอด,0-4048-8178
CUST08280,บริษัท ห้างหุ้นส่วนสามัญ ดาตูอุตสาหกรรม จำกัด,อณัฐตา ถนอมพลกรัง,ภูเก็ต,0-3233-4454
CUST08281,บริษัท ดาวกระจายและพงศ์ฉบับนภา จำกัด,ศรลักษณ์ ดาบเงิน,นครราชสีมา,072-124878
CUST08282,บริษัท บริษัท ถนอมกุลบุตร จำกัด จำกัด,สมหมาย เลิศกิ่ง,อุบลราชธานี,094-904-5387
CUST08283,บริษัท ห้างหุ้นส่วนจำกัด เนื่องนนท์ จำกัด,นารดา นาคสุทิน,สุราษฎร์ธานี,+66 3049 1416
CUST08284,บริษัท แนวพญาเฟอร์นิเจอร์ จำกัด,วรินทธิ์ธร ตั้งเผ่า,นครสวรรค์,021-011824
CUST08285,บริษัท ห้างหุ้นส่วนจำกัด ทีฆะ จำกัด,รูไกยะฮ์ ทศโยธิน,เจ้าพระยาสุรศักดิ์,03 176 6313
CUST08286,บริษัท บริษัท ถนอมมนุษย์วิศวการ จำกัด จำกัด,นพรัตน์ ถาวระวรณ์,แม่สอด,053378773
CUST08287,บริษัท พรสีมาและดัตพันธุ์ จำกัด,รังสินี ราชมณี,พระนครศรีอยุธยา,0 803 914 896
CUST08288,บริษัท ห้างหุ้นส่วนจำกัด นักรบ จำกัด,เทพนารี ทับทิมไทย,หาดใหญ่,+663 576 0769
CUST08289,บริษัท บริษัท เธียรายัน จำกัด จำกัด,วรรณาต ทวนไชย์,รังสิต,0901908992
CUST08290,บริษัท บริษัท หอมพิกุลเอนเตอรไพรส์ จำกัด จำกัด,จักรกฤนาย นาควงษ์,เกาะสมุย,0-4596-0713
CUST08291,บริษัท นากกนกบริการ จำกัด,อนิวัฒน์ นามเสวตร,พิษณุโลก,05 104 4152
CUST08292,บริษัท บริษัท ดีตพันธุ์ จำกัด จำกัด,นันทวรรณ นาถะเดชะ,แม่สอด,+66 (0) 671 117 117
CUST08293,บริษัท ห้างหุ้นส่วนจำกัด ดิสกะประกาย จำกัด,ฤทธิ์ชกร เพียยา,อ้อมน้อย,0-4063-4995
CUST08294,บริษัท พรสีมา-ทรงโกมล จำกัด,สิริกานต์ ทองสินธุ์,ตรัง,0 7657 8344
CUST08295,บริษัท มูลนิธิถนอมมนุษย์ จำกัด,ปิ่นบุญญา ตระกูลบุญ,เชียงราย,+66 7213 9858
CUST08296,บริษัท หจก.ขันธุลาเอนเตอรไพรส์ จำกัด,ปัณณวัชร คำลือ,ระยอง,0928241995
CUST08297,บริษัท ซาซุม-ทุมะบุตร์ จำกัด,ทิพย์วารี แต้กุล,กรุงเทพมหานคร,+66 (0) 618 814 016
CUST08298,บริษัท บริษัท ถุงเงิน จำกัด (มหาชน) จำกัด,ฮามีย๊ะ นาคสุทิน,ตรัง,+66 2313 5277
CUST08299,บริษัท บริษัท เตชะกำพุบริการ จำกัด จำกัด,ธนกิตต์ ขุนดำ,รังสิต,+66 990 445 645
CUST08300,บริษัท ห้างหุ้นส่วนจำกัด เนตร์มณี จำกัด,สุภัทริดา วาทา,เชียงราย,0 2750 4418
CUST08301,บริษัท นกทองอุตสาหกรรม จำกัด,ปิ่นบุญญา นามขำ,นครราชสีมา,0 5867 9716
CUST08302,บริษัท มูลนิธิศรีตะวัน จำกัด,วีรชัย นิลเสนา,นครราชสีมา,0995260447
CUST08303,บริษัท ห้างหุ้นส่วนจำกัด ทวนทองการบัญชี จำกัด,ประวี ตรีครุธพันธุ์,สกลนคร,061 267 3498
CUST08304,บริษัท บริษัท ยะผาเอ็นจิเนียริ่ง จำกัด จำกัด,วีรชัย ไชยภา,ยะลา,0-7424-6599
CUST08305,บริษัท วะคีมันก่อสร้าง จำกัด,บุญนพ ถนัดรบ,นครราชสีมา,+662 580 8877
CUST08306,บริษัท ห้างหุ้นส่วนสามัญ เวียงจันทึกการบัญชี จำกัด,วรรณนิสา แก้วชลคราม,สุราษฎร์ธานี,046-729801
CUST08307,บริษัท ธนาคารตันตราจิณ จำกัด จำกัด,วัลยา เวียงจันทึก,ลำปาง,+66 (0) 3341 9173
CUST08308,บริษัท ห้างหุ้นส่วนจำกัด นวลเพ็งและเพื่อน จำกัด,วิพุธ ซูสารอ,พิษณุโลก,023422402
CUST08309,บริษัท บริษัท ตระกูลบุญขนส่ง จำกัด จำกัด,ธมน ทวีเดช,ภูเก็ต,+66 2253 0267
CUST08310,บริษัท บริษัท ดาบเพ็ชร์อะไหล่ยนต์ จำกัด จำกัด,วรปรัชญ์ นฤภัย,สมุทรปราการ,0-3292-6283
CUST08311,บริษัท ห้างหุ้นส่วนสามัญ สงประเสริฐอุตสาหกรรม จำกัด,สมเกียรติ ถนัดอักษร,อ้อมน้อย,058637265
CUST08312,บริษัท ห้างหุ้นส่วนจำกัด ทองสุกเลิศ จำกัด,ไมล์ เขียวขุ้ย,สงขลา,078 136793
CUST08313,บริษัท ห้างหุ้นส่วนจำกัด ศรทอง จำกัด,อรุณี วาทา,แม่สอด,066 032 9753
CUST08314,บริษัท คณานุรักษ์จิวเวลรี่ จำกัด,ปิยวัจน์ ธนูปกรณ์,สุราษฎร์ธานี,0 937 244 814
CUST08315,บริษัท บจก.นำธวัชแอนด์ซันส์ จำกัด,อดิสรณ์ ตั้งเผ่า,ปากเกร็ด,+66 (0) 837 632 815
CUST08316,บริษัท บมจ.มิ่งขวัญ จำกัด,สรรเพชญ์ ดาบเงิน,เจ้าพระยาสุรศักดิ์,0893083326
CUST08317,บริษัท ห้างหุ้นส่วนจำกัด ขันธุลา จำกัด,สุภาลินี ตวันเยี่ยม,นครราชสีมา,+663 580 7120
CUST08318,บริษัท บริษัท วุฑฒยากร จำกัด จำกัด,นพวรรณ ยาปะโลหิต,รังสิต,0 604 897 324
CUST08319,บริษัท บจก.นานายน จำกัด,ชัชนันท์ ตรีครุธพันธุ์,นครปฐม,+662 665 3235
CUST08320,บริษัท มูลนิธิทหารแท้ จำกัด,ปริญญา นิยมธรรม,สมุทรสาคร,+66 994 978 951
CUST08321,บริษัท บมจ.งามพิเชษฐ์ จำกัด,อิสรันดร์ ดาบเงิน,อุดรธานี,+662 437 8461
CUST08322,บริษัท ไตรบรรพแพคกิ้ง จำกัด,ธมน บุตดา,ตรัง,049 722218
CUST08323,บริษัท บริษัท ปรีชากุลเศรษฐ์ จำกัด จำกัด,สหัสมณี ศรทอง,ยะลา,063 139 6738
CUST08324,บริษัท หจก.ร่มธิติรัตน์ จำกัด,ศศิธร ดาวกระจาย,นนทบุรี,061-700-7612
CUST08325,บริษัท นักรบบรรจุภัณฑ์ จำกัด,ภควัฒน์ ไตรบรรพ,แม่สอด,+664 867 4880
CUST08326,บริษัท หจก.ธัญาโภชน์ จำกัด,วรินทธิ์ธร ขอหมั่นกลาง,กรุงเทพมหานคร,027 816613
CUST08327,บริษัท บริษัท ถุงเงินอิมปอร์ตเอ็กซปอร์ต จำกัด จำกัด,ชัชเวศย์ น้ำทิพย์,นครสวรรค์,0858879464
CUST08328,บริษัท ยางสวย-นฤภัย จำกัด,ภานิณี ทวนไชย์,ลำปาง,038-947165
CUST08329,บริษัท บจก.ภูภักดี จำกัด,ไมล์ ธรรมสถิตไพศาล,นครราชสีมา,05 978 7505
CUST08330,บริษัท บริษัท ผลบุญการช่าง จำกัด จำกัด,โอภาส ทองอยู่,ลำปาง,+66 (0) 635 414 860
CUST08331,บริษัท ห้างหุ้นส่วนจำกัด เตชะกำพุ จำกัด,อัญธิกา นามขำ,สมุทรสาคร,055 563026
CUST08332,บริษัท หจก.บุนยะตีรณะจิวเวลรี่ จำกัด,ราชันทร์ ไม้แดง,เจ้าพระยาสุรศักดิ์,039-061664
CUST08333,บริษัท บมจ.ดาบเงินการช่าง จำกัด,สิราพร ไทยแท้,แม่สอด,0 969 040 043
CUST08334,บริษัท บริษัท บุนยาภิสนท์พานิช จำกัด จำกัด,ณิชนันท์ หอมพิกุล,นนทบุรี,0 3865 2812
CUST08335,บริษัท บริษัท ถนัดหัตถกรรมซัพพลาย จำกัด จำกัด,เทียมศักดิ์ เยาวธนโชค,หาดใหญ่,093 921 6317
CUST08336,บริษัท ไทยแท้และศรีวงค์ จำกัด,นัฐพล ดาตู,หาดใหญ่,047-767030
CUST08337,บริษัท ทองเนื้อดีแอนด์ซันส์ จำกัด,ธราวิทญ์ ตั้งเผ่า,ปากเกร็ด,+66 (0) 678 960 310
CUST08338,บริษัท บริษัท พรมอ่อนจิวเวลรี่ จำกัด จำกัด,วีระวัฒน์ ธรรมฤดี,อุดรธานี,+66 (0) 5532 6182
CUST08339,บริษัท ห้างหุ้นส่วนจำกัด นวลฉวีกรุ๊ป จำกัด,ธนกิตต์ ถนัดรบ,กรุงเทพมหานคร,03 914 5449
CUST08340,บริษัท เขียวอ่อน-ทองแท้ จำกัด,นันทวรรณ ด้วงโสน,ขอนแก่น,04 528 0040
CUST08341,บริษัท ห้างหุ้นส่วนสามัญ โพธิสัตย์ จำกัด,ซูรัยดา ขุนดำ,อุดรธานี,036861179
CUST08342,บริษัท ตัณสถิตย์และเยาวธนโชค จำกัด,นาวีตา ถนอมกุลบุตร,อุบลราชธานี,+66 4230 4282
CUST08343,บริษัท บริษัท นพคเชนทร์ จำกัด (มหาชน) จำกัด,ดวงสมร สงประเสริฐ,รังสิต,0 2007 8715
CUST08344,บริษัท บริษัท ปรีชากุลเศรษฐ์ จำกัด (มหาชน) จำกัด,ประวี ธูปะวิโรจน์,อุดรธานี,0 4922 6091
CUST08345,บริษัท ชมรมถาวรรัตน จำกัด,จิฬาภรณ์ ทวีเดช,อ้อมน้อย,07 324 3299
CUST08346,บริษัท ห้างหุ้นส่วนจำกัด ศรีอุ่น จำกัด,กิติชัย ธัญาโภชน์,นครราชสีมา,+66 4432 4187
CUST08347,บริษัท ห้างหุ้นส่วนจำกัด ไทยแท้วิศวการ จำกัด,ปภาวรินทร์ นิยมสำหรวจ,เชียงราย,035 808721
CUST08348,บริษัท ห้างหุ้นส่วนจำกัด ถมปัดสโตร์ จำกัด,ผดุงชาติ นิละทัต,นครปฐม,0 971 073 409
CUST08349,บริษัท บริษัท ไทนิยม จำกัด จำกัด,พิชาภพ ปรีชากุลเศรษฐ์,รังสิต,02 723 1141
CUST08350,บริษัท หสน.ถนัดการเขียนซัพพลาย จำกัด,นิรันดร์ เขียวขุ้ย,แหลมฉบัง,088 432 9112
CUST08351,บริษัท หจก.นฤทุกข์ จำกัด,กรพนธ์ แท่นทอง,ลำปาง,071-287248
CUST08352,บริษัท สมาคมสุวรรณหงษ์ จำกัด,เมทนี นาฏคายี,สงขลา,081-528-2391
CUST08353,บริษัท หจก.เนตร์มณีขนส่ง จำกัด,บุญเทียน คำลือ,อุบลราชธานี,+66 4435 7942
CUST08354,บริษัท หจก.วิลาสินีและบุตร จำกัด,เกศรา ทองสุกเลิศ,ระยอง,077 465737
CUST08355,บริษัท สมาคมนรวิทย์โชติกุล จำกัด,สโรชา ธนประทีป,พิษณุโลก,0 4749 4502
CUST08356,บริษัท งามพิเชษฐ์กลการ จำกัด,ทินพร ศิวะวรเวท,นครสวรรค์,+663 480 4899
CUST08357,บริษัท หจก.ตั้งกุลงามขนส่ง จำกัด,โกวิทย์ ทศโยธิน,ตรัง,+66 (0) 5256 3716
CUST08358,บริษัท เนตร์มณีและวุฑฒยากร จำกัด,ธีราทัต บุณยะภาชน์,สมุทรสาคร,056-601553
CUST08359,บริษัท บริษัท นพตระกูล จำกัด จำกัด,บุญเทียน พีระเพ็ญกุล,ปากเกร็ด,087-740-6791
CUST08360,บริษัท ห้างหุ้นส่วนจำกัด ฉัพพรรณธนกูรพืชผล จำกัด,ทิมาภรณ์ บุนยะตีรณะ,ลำปาง,+66 935 407 644
CUST08361,บริษัท บริษัท ธีวรพานิช จำกัด จำกัด,มะสูเกียน ถนัดหัตถกรรม,เชียงใหม่,+66 (0) 3034 5838
CUST08362,บริษัท ศรีสัตย์-นาฏคายี จำกัด,บุญนพ บัวเผื่อน,กรุงเทพมหานคร,+66 973 755 588
CUST08363,บริษัท บริษัท เลิศกิ่งแลบ จำกัด จำกัด,นารดา นิยมเซียม,นครสวรรค์,0828282486
CUST08364,บริษัท บุตราชและบุตร จำกัด,มาโนชญ์ ดาตู,นครสวรรค์,051-436535
CUST08365,บริษัท บริษัท พรรษาสกุลและบุตร จำกัด จำกัด,ภูวรา ศรีตะวัน,ระยอง,024-104984
CUST08366,บริษัท ชมรมนฤทุกข์ จำกัด,จรรยพร ตระกูลไม้เรียง,พัทยา,0 688 279 563
CUST08367,บริษัท ธัญเสถียร-นิยมสำหรวจ จำกัด,พิมพ์สุดา นามขำ,สมุทรสาคร,0-4177-6559
CUST08368,บริษัท บุนยะศัพท์โอสถ จำกัด,อลิษา หิรัญสาลี,อ้อมน้อย,0-3644-2533
CUST08369,บริษัท ตระกูลไม้เรียงวิศวการ จำกัด,ณิชเชฏฐ์ ธรรมฤดี,ลำปาง,0-7196-0987
CUST08370,บริษัท สมาคมดวงทับทิม จำกัด,นันทิกานต์ ซูสารอ,นครศรีธรรมราช,079 263816
CUST08371,บริษัท ห้างหุ้นส่วนจำกัด อุ่นอก จำกัด,อลิษา ฉัพพรรณธนกูร,รังสิต,0898995842
CUST08372,บริษัท ห้างหุ้นส่วนสามัญ นพคเชนทร์คอนสตรัคชั่น จำกัด,พรปราณี ธรรมฤดี,นนทบุรี,043-340815
CUST08373,บริษัท ห้างหุ้นส่วนจำกัด หิรัญสาลีพานิช จำกัด,อภิลักษณ์ ถุงเงิน,นครราชสีมา,097-681-3898
CUST08374,บริษัท บริษัท ศรีธนะเวทย์ จำกัด จำกัด,สุภาลินี ฉัตรอภิเที่ยงค่ำ,เกาะสมุย,+66 7259 3201
CUST08375,บริษัท บริษัท เขียวขุ้ยพืชผล จำกัด จำกัด,ฤทธิ์ชกร ธูปะวิโรจน์,นครปฐม,035-213631
CUST08376,บริษัท บริษัท ถนัดพิมพการซัพพลาย จำกัด จำกัด,ธาเอก แถมธน,แม่สอด,+662 890 5776
CUST08377,บริษัท บริษัท บินดีก่อสร้าง จำกัด จำกัด,หรรษา เมืองสุข,พระนครศรีอยุธยา,+66 (0) 5971 9399
CUST08378,บริษัท มูลนิธิเดชวา จำกัด,ยอดแมน บุนยะตีรณะ,สกลนคร,+66 5379 0841
CUST08379,บริษัท ทองปากน้ำ-นับเนื่องนอ จำกัด,พงษ์นเรศ เขียวอ่อน,สงขลา,+66 4827 2986
CUST08380,บริษัท วะคีมันและทหารแท้ จำกัด,อรุณี ทับทิมไทย,นครศรีธรรมราช,+66 (0) 7121 5323
CUST08381,บริษัท บริษัท ไม้แดง จำกัด จำกัด,สิทธัญ ธนูปกรณ์,ภูเก็ต,078-181371
CUST08382,บริษัท บริษัท นาควงษ์เซอร์วิส จำกัด จำกัด,ไพสิฐ เวียงจันทึก,สุราษฎร์ธานี,0 7698 7741
CUST08383,บริษัท หจก.ดิศดใน จำกัด,กิติกานต์ ตราชู,พระนครศรีอยุธยา,075530405
CUST08384,บริษัท มูลนิธิธรรมฤดี จำกัด,อัษฏา บุตราช,สมุทรปราการ,+66 (0) 2017 1509
CUST08385,บริษัท ห้างหุ้นส่วนจำกัด ชุมวระ จำกัด,ศรลักษณ์ เขียวขุ้ย,ยะลา,+66 (0) 614 131 606
CUST08386,บริษัท วาทาเทรดดิ้ง จำกัด,ประจิน ตวันเยี่ยม,ภูเก็ต,0 659 168 523
CUST08387,บริษัท บริษัท หอมพิกุล จำกัด จำกัด,ณัฐธภรณ์ ไทยแท้,ขอนแก่น,+66 960 455 011
CUST08388,บริษัท บริษัท นวลฉวี จำกัด จำกัด,กฤตเมธ เนื่องนนท์,ภูเก็ต,04 864 0417
CUST08389,บริษัท บริษัท ตั้งรบเฟอร์นิเจอร์ จำกัด จำกัด,เยาวรัตน์ จ้อยนุแสง,รังสิต,0 3138 5616
CUST08390,บริษัท บริษัท ตั้งกุลงาม จำกัด จำกัด,อรพิณ นิยมเซียม,นนทบุรี,+664 234 2891
CUST08391,บริษัท บริษัท นครเทพวิศวการ จำกัด จำกัด,อุดมลักษณ์ ดุริยพันธุ์,เจ้าพระยาสุรศักดิ์,+66 (0) 2604 0591
CUST08392,บริษัท บมจ.เช้าวันดี จำกัด,อนุบาล นิยมเซียม,หาดใหญ่,04 769 7705
CUST08393,บริษัท ชมรมดาวกระจาย จำกัด,วุฒิ นิษประปัญจ์,ปากเกร็ด,0 2466 4737
CUST08394,บริษัท ดาวอร่ามบรรจุภัณฑ์ จำกัด,ประภัทร์สรณ์ ทองแท้,สุราษฎร์ธานี,055-975288
CUST08395,บริษัท ห้างหุ้นส่วนจำกัด พงศ์ฉบับนภาการช่าง จำกัด,เกียรติศักดิ์ นิติสาขา,ยะลา,083-728-8662
CUST08396,บริษัท บริษัท นาคะนครเอ็นจิเนียริ่ง จำกัด จำกัด,สิริ ยะผา,ลำปาง,+66 (0) 688 172 080
CUST08397,บริษัท กองทุนรวมตราชู จำกัด,สมใจ ยาปะโลหิต,นครปฐม,+665 240 3031
CUST08398,บริษัท บริษัท ทำประดู่ จำกัด จำกัด,รชตกร ธูปะวิโรจน์,ยะลา,+66 2388 0704
CUST08399,บริษัท บริษัท ทองอยู่สโตร์ จำกัด จำกัด,กิติกานต์ ดุริยพันธุ์,สกลนคร,028 562822
CUST08400,บริษัท ธนาคารภูภักดีคอมพิวเตอร์ จำกัด จำกัด,จิณภัทตา ทันยุค,กรุงเทพมหานคร,0978268706
CUST08401,บริษัท บริษัท ตวงทองอุตสาหกรรม จำกัด (มหาชน) จำกัด,สุรนีย์ ผลบุญ,สมุทรปราการ,03 628 1980
CUST08402,บริษัท บริษัท ธุวะนุติ์ จำกัด จำกัด,ยศพนต์ ยะผา,นครศรีธรรมราช,083-113-7501
CUST08403,บริษัท บมจ.พรสีมา จำกัด,อาซือมะ ถมปัด,อุดรธานี,044-672494
CUST08404,บริษัท บริษัท ธรรมเมธา จำกัด จำกัด,นุจรี พงศ์ฉบับนภา,แม่สอด,0-5929-3858
CUST08405,บริษัท บริษัท ปรีชากุลเศรษฐ์กรุ๊ป จำกัด (มหาชน) จำกัด,สุไฮลัน ทองเนื้อดี,กรุงเทพมหานคร,+66 3751 3938
CUST08406,บริษัท ถนัดหัตถกรรมการช่าง จำกัด,อรุณี นิษประปัญจ์,พัทยา,0 811 206 537
CUST08407,บริษัท ห้างหุ้นส่วนสามัญ ตระกูลบุญ จำกัด,เมษา ถมปัด,เกาะสมุย,043461480
CUST08408,บริษัท บจก.ถนัดอาวุธกรุ๊ป จำกัด,นารดา ถนัดภาษา,พระนครศรีอยุธยา,+665 062 7623
CUST08409,บริษัท หจก.ทองอยู่ จำกัด,ฐิติกุล แก้วอยู่,เจ้าพระยาสุรศักดิ์,+66 (0) 3778 6322
CUST08410,บริษัท สหภาพแรงงานจ้อยนุแสง จำกัด,วิพุธ ตรีครุธพันธุ์,ภูเก็ต,056 546374
CUST08411,บริษัท ห้างหุ้นส่วนสามัญ อุลหัสสา จำกัด,ศิรณัฐ ตั้งรบ,ตรัง,+66 3046 1988
CUST08412,บริษัท ธนาคารนิลวิมลจิวเวลรี่ จำกัด จำกัด,วัลลภ ดัตพันธุ์,แม่สอด,070277561
CUST08413,บริษัท หจก.พรสีมา จำกัด,นิรุตต์ สังข์กรด,นนทบุรี,+664 491 7027
CUST08414,บริษัท บริษัท นรวิทย์โชติกุลเซอร์วิส จำกัด จำกัด,เมทนี เจริญรัมย์,เชียงราย,+663 224 1733
CUST08415,บริษัท บริษัท นวลฉวีเฟอนิชชิ่ง จำกัด จำกัด,สมปอง ซาซุม,เชียงราย,082-362-8640
CUST08416,บริษัท หจก.นามขำ จำกัด,ลัดดา ศาสตร์ศิลป์,เชียงราย,063 300 2098
CUST08417,บริษัท บริษัท เช้าวันดีแลบ จำกัด จำกัด,กษิดิฐ ทวนทอง,นครศรีธรรมราช,080-609-7931
CUST08418,บริษัท บริษัท ตันเผ่า จำกัด จำกัด,ลักษมี เจริญรัมย์,ตรัง,023268055
CUST08419,บริษัท บริษัท คำลือบรรจุภัณฑ์ จำกัด จำกัด,ปริญญา เขียวอ่อน,ยะลา,+66 3667 4219
CUST08420,บริษัท บริษัท ธรรมฤดี จำกัด จำกัด,กรพนธ์ โพธิสัตย์,อุบลราชธานี,+665 900 5926
CUST08421,บริษัท พรมอ่อนและบุตดา จำกัด,ศิริญา บุนยาภิสนท์,กรุงเทพมหานคร,04 810 8253
CUST08422,บริษัท ธรรมฤดียานยนต์ จำกัด,พุทธ นักรบ,สมุทรสาคร,0 5982 1041
CUST08423,บริษัท บริษัท นาถะเดชะกรุ๊ป จำกัด จำกัด,ธมลพรรณ นุชแนวนุ่ม,นครปฐม,087-607-5399
CUST08424,บริษัท หจก.ตวันเยี่ยม จำกัด,อนุบาล ถาวรรัตน,เชียงราย,022027262
CUST08425,บริษัท บริษัท คณานุรักษ์อุตสาหกรรม จำกัด จำกัด,แกมแพร ตรีครุธพันธุ์,อ้อมน้อย,0 802 385 277
CUST08426,บริษัท บจก.จ้อยนุแสง จำกัด,ภัทราวุธ ชำนาญวาด,นครสวรรค์,029040497
CUST08427,บริษัท บริษัท ถิรสวัสดิ์อุตสาหกรรม จำกัด จำกัด,โชติวุฒิ ไทนิยม,สุราษฎร์ธานี,064 358 7119
CUST08428,บริษัท ห้างหุ้นส่วนจำกัด กุมารบุญ จำกัด,เอกวิทย์ ติระคมน์,พระนครศรีอยุธยา,059-605495
CUST08429,บริษัท บริษัท ติณรัตน์ จำกัด (มหาชน) จำกัด,กิ่งแก้ว ทรัพย์ธำรงค์,อุบลราชธานี,054 595534
CUST08430,บริษัท หจก.เนื่องนนท์ จำกัด,สุรการณ์ บุญศล,ขอนแก่น,+66 (0) 5758 0754
CUST08431,บริษัท สมาคมนิลวรรณ จำกัด,พิมพ์ประภา ทองลาภ,แม่สอด,044-573984
CUST08432,บริษัท หจก.ฉัพพรรณธนกูร จำกัด,มะลีวัลย์ ทองอยู่,เชียงราย,0983560887
CUST08433,บริษัท บริษัท ผลบุญพืชผล จำกัด จำกัด,ยนงคราญ วะคีมัน,พิษณุโลก,0 7223 9113
CUST08434,บริษัท ถาวระวรณ์กรุ๊ป จำกัด,กิติกานต์ ทรงโกมล,เจ้าพระยาสุรศักดิ์,+66 (0) 989 720 944
CUST08435,บริษัท หจก.ราชมณีเคมิคอล จำกัด,คำมั่น บินดี,ยะลา,022 704790
CUST08436,บริษัท บริษัท ธรรมสถิตไพศาล จำกัด จำกัด,มะสูเกียน นักรบ,อุบลราชธานี,0 4177 3490
CUST08437,บริษัท บริษัท นำธวัช จำกัด จำกัด,ภานุวัตร ทวนทอง,ระยอง,07 934 6670
CUST08438,บริษัท บริษัท นับเนื่องนอก่อสร้าง จำกัด จำกัด,เยาวรัตน์ ยะผา,นนทบุรี,0-3652-8468
CUST08439,บริษัท หจก.นิละทัตสโตร์ จำกัด,กิติยาธรณ์ ไทไชโย,แหลมฉบัง,+66 (0) 2373 6868
CUST08440,บริษัท ห้างหุ้นส่วนสามัญ บุนยะตีรณะและเพื่อน จำกัด,ตอฮา เพียยา,ระยอง,+66 3183 5591
CUST08441,บริษัท วิลาสินีและขอหมั่นกลาง จำกัด,เกษตร เตชะกำพุ,พัทยา,0-3288-7269
CUST08442,บริษัท ห้างหุ้นส่วนจำกัด ทองสินธุ์เอนเตอรไพรส์ จำกัด,สิริกานต์ สงประเสริฐ,เจ้าพระยาสุรศักดิ์,+66 638 167 115
CUST08443,บริษัท บริษัท แนวพญา จำกัด จำกัด,นพรัตน์ นครเทพ,หาดใหญ่,029-149813
CUST08444,บริษัท ศรีตะวันยานยนต์ จำกัด,ดวงพร ถนัดรบ,อุดรธานี,026-199021
CUST08445,บริษัท ห้างหุ้นส่วนสามัญ ถะเกิงชศ จำกัด,ปิยนุช ทำประดู่,สงขลา,04 315 8286
CUST08446,บริษัท บมจ.ดิศดใน จำกัด,ชัฎชา ยาปะโลหิต,เชียงราย,+66 3053 8761
CUST08447,บริษัท บริษัท ศิวะวรเวทอะไหล่ยนต์ จำกัด จำกัด,มารีนี ธีวร,ระยอง,040 065196
CUST08448,บริษัท ห้างหุ้นส่วนสามัญ หอมพิกุล จำกัด,เทพนารี มนทอง,รังสิต,039-100250
CUST08449,บริษัท ชมรมดาบเพ็ชร์ จำกัด,ลักษมี แนวพนิช,เชียงราย,059-967901
CUST08450,บริษัท บริษัท ขอหมั่นกลาง จำกัด จำกัด,เทพนารี นามขำ,ขอนแก่น,0-3963-7305
CUST08451,บริษัท หจก.ตระกูลบุญคอมมิวนิเคชั่น จำกัด,วรินทธิ์ธร สุวรรณหงษ์,เชียงใหม่,0-7438-4137
CUST08452,บริษัท บริษัท นิลสุวรรณ์เอเยนซี จำกัด (มหาชน) จำกัด,ศิรณัฐ นาควงษ์,แม่สอด,099 701 9718
CUST08453,บริษัท บริษัท ฉัพพรรณธนกูรเคมิคอล จำกัด จำกัด,อภิลักษณ์ ถนัดการเขียน,สมุทรสาคร,+66 (0) 3541 9245
CUST08454,บริษัท ชุมวระ-คณานุรักษ์ จำกัด,บุญทิวา ศรีอุ่น,นครศรีธรรมราช,0-2298-9558
CUST08455,บริษัท มูลนิธิถาวรายุศม์ จำกัด,สุทธิณัฐ เตมิยะเดช,เจ้าพระยาสุรศักดิ์,+66 (0) 670 023 082
CUST08456,บริษัท หจก.นาคสุทินการค้า จำกัด,กิติชัย ทองอยู่,สมุทรปราการ,+66 660 332 198
CUST08457,บริษัท บริษัท เณรานุสนธิ์ จำกัด จำกัด,นาย ขันธุลา,สงขลา,0 7530 7578
CUST08458,บริษัท ห้างหุ้นส่วนจำกัด บุตราช จำกัด,ณัฐศักดิ์ วาทา,ปากเกร็ด,0-7627-5283
CUST08459,บริษัท บริษัท หิรัญสาลีมอเตอร์ จำกัด จำกัด,วิรชัย ตันเผ่า,อ้อมน้อย,+66 (0) 4470 0524
CUST08460,บริษัท ปานสุวรรณวิศวกรรม จำกัด,พีรพัฒน์ ทศโยธิน,นครราชสีมา,+66 5844 4452
CUST08461,บริษัท ห้างหุ้นส่วนจำกัด ตั้งเผ่า จำกัด,สีหราช นากกนก,อ้อมน้อย,070285794
CUST08462,บริษัท หจก.นรวิทย์โชติกุล จำกัด,ภัทรนาฎ อุลหัสสา,ปากเกร็ด,+66 927 839 811
CUST08463,บริษัท สมาคมนิยมเซียม จำกัด,สันชัย เณรานุสนธิ์,พัทยา,03 814 3080
CUST08464,บริษัท บริษัท นรวิทย์โชติกุล จำกัด จำกัด,สนั่น ราชมณี,สุราษฎร์ธานี,0 7205 6267
CUST08465,บริษัท บริษัท ขอหมั่นกลางแลบ จำกัด จำกัด,ชัฎชา ตรีครุธพันธุ์,อุบลราชธานี,046364141
CUST08466,บริษัท บริษัท ถนัดหัตถกรรมยานยนต์ จำกัด จำกัด,อำพร นิละทัต,เจ้าพระยาสุรศักดิ์,042551815
CUST08467,บริษัท บริษัท ศรีอุ่น จำกัด จำกัด,ประเดิม ถนัดกลึง,สมุทรสาคร,0802357756
CUST08468,บริษัท บจก.เณรานุสนธิ์ จำกัด,นรีกานต์ ศรีสัตย์,นครศรีธรรมราช,048 295891
CUST08469,บริษัท บมจ.ธรรมนิยม จำกัด,ทรรศนชัย ผลบุญ,แม่สอด,050328190
CUST08470,บริษัท หจก.นรวิทย์โชติกุล จำกัด,ธีราทัต หิรัญสาลี,เกาะสมุย,02 437 3159
CUST08471,บริษัท บริษัท นามขำ จำกัด จำกัด,พุทธ กุมารบุญ,สมุทรปราการ,+66 (0) 2153 8151
CUST08472,บริษัท บริษัท คณานุรักษ์ จำกัด จำกัด,มนรัตน์ สังข์กรด,สุราษฎร์ธานี,+66 (0) 4330 5417
CUST08473,บริษัท บจก.นำธวัช จำกัด,อธิวัตร ด้วงโสน,เชียงใหม่,0 970 401 539
CUST08474,บริษัท ห้างหุ้นส่วนสามัญ ถนัดพิมพการเฟอร์นิเจอร์ จำกัด,นิชนันท์ ทีฆะ,นครปฐม,029 474179
CUST08475,บริษัท ไชยภาเฟอนิชชิ่ง จำกัด,สุรธัช ตั้งรบ,ยะลา,049191579
CUST08476,บริษัท สหภาพแรงงานพรรษาสกุล จำกัด,ธนกิตต์ บุนยะศัพท์,แหลมฉบัง,084 137 1264
CUST08477,บริษัท บริษัท ธุวะนุติ์วิศวกรรม จำกัด จำกัด,รชตกร นามขำ,ลำปาง,0841452426
CUST08478,บริษัท บจก.ทองลาภวิศวการ จำกัด,วีระโชติ ราชมณี,ปากเกร็ด,040 906657
CUST08479,บริษัท นิลวิมลและฉัตรอภิเที่ยงค่ำ จำกัด,จักรีรัตน์ ถาวรรัตน,เจ้าพระยาสุรศักดิ์,03 912 6168
CUST08480,บริษัท หจก.นับเนื่องนอ จำกัด,ณัฐญาดา ธนประทีป,สมุทรสาคร,+66 (0) 823 762 797
CUST08481,บริษัท งามพิเชษฐ์อิมปอร์ตเอ็กซปอร์ต จำกัด,อุดมลักษณ์ ตวันเยี่ยม,ตรัง,+66 (0) 2565 2716
CUST08482,บริษัท ห้างหุ้นส่วนจำกัด ศรีอุ่นจิวเวลรี่ จำกัด,สรายุทธ ปรีชากุลเศรษฐ์,พัทยา,+66 4462 8941
CUST08483,บริษัท ติระคมน์กลการ จำกัด,ธมน ทองประดิฐ,ลำปาง,+66 (0) 809 331 978
CUST08484,บริษัท บจก.นาคสุทิน จำกัด,เพียงกมล ดาตู,แหลมฉบัง,+66 (0) 3000 2613
CUST08485,บริษัท ห้างหุ้นส่วนจำกัด นวลเพ็ง จำกัด,พาสุข ทองสินธุ์,กรุงเทพมหานคร,03 184 4493
CUST08486,บริษัท เช้าวันดีขนส่ง จำกัด,อิสรันดร์ ทองประดิฐ,ตรัง,0 4950 1314
CUST08487,บริษัท ธนาคารนิยมธรรม จำกัด (มหาชน) จำกัด,ชรินทร์ทิพย์ ตรีเภรินทร์,อุบลราชธานี,0 7647 9273
CUST08488,บริษัท หนักแน่นอินเตอร์เนชั่นแนล จำกัด,นภนต์ แท่นทอง,อุดรธานี,+66 (0) 4964 1242
CUST08489,บริษัท ทองอยู่เซอร์วิส จำกัด,ฤทธิ์ชกร ถนอมพลกรัง,ภูเก็ต,0872101254
CUST08490,บริษัท บริษัท ดวงทับทิม จำกัด จำกัด,ปวีณ ถุงเงิน,พระนครศรีอยุธยา,0 5436 2409
CUST08491,บริษัท น้ำทิพย์-ถนอมกุลบุตร จำกัด,จริยฉัตร พีระเพ็ญกุล,แหลมฉบัง,+66 930 054 738
CUST08492,บริษัท ห้างหุ้นส่วนจำกัด เยาวธนโชคซัพพลาย จำกัด,ณัฐจศักดิ์ ธรรมฤดี,ปากเกร็ด,+66 (0) 638 134 523
CUST08493,บริษัท บริษัท ถมปัด จำกัด (มหาชน) จำกัด,รชตกร นวลฉวี,สมุทรปราการ,085-911-4954
CUST08494,บริษัท ห้างหุ้นส่วนสามัญ ตรีครุธพันธุ์ยานยนต์ จำกัด,เนติลักษณ์ นามเสวตร,อุดรธานี,0-2502-6097
CUST08495,บริษัท กองทุนรวมทองประดิฐการช่าง จำกัด จำกัด,อนิวัฒน์ นพคเชนทร์,ภูเก็ต,045 654739
CUST08496,บริษัท นิลวรรณเอนเตอรไพรส์ จำกัด,อินทรีย์ ฉัตรอภิเที่ยงค่ำ,นครราชสีมา,+66 987 606 302
CUST08497,บริษัท ห้างหุ้นส่วนสามัญ เดชคุ้ม จำกัด,วาร์มูฮำหมัด บุณยะภาชน์,หาดใหญ่,095 596 3437
CUST08498,บริษัท บริษัท ถาวรายุศม์ จำกัด จำกัด,อรุณี นามขำ,ปากเกร็ด,046669681
CUST08499,บริษัท ห้างหุ้นส่วนจำกัด ศรทองเทรดดิ้ง จำกัด,สิทธิชัย นักสำหรวจ,เชียงราย,0 935 842 377
CUST08500,บริษัท บริษัท วุฑฒยากร จำกัด จำกัด,วสิตา นิลสลัว,อ้อมน้อย,0 3729 0057
CUST08501,บริษัท บริษัท นาคพันธุ์กรุ๊ป จำกัด จำกัด,อำพร ธรรมฤดี,อ้อมน้อย,036 978800
CUST08502,บริษัท บริษัท แก้วชลครามพืชผล จำกัด (มหาชน) จำกัด,วีระโชติ หนุนสุข,ปากเกร็ด,+66 4184 8741
CUST08503,บริษัท หจก.ทีฆะ จำกัด,จักรีรัตน์ ถนัดการเขียน,แหลมฉบัง,+66 (0) 826 331 516
CUST08504,บริษัท บริษัท นามขำ จำกัด จำกัด,ซูฮัยดา ทุมะบุตร์,อ้อมน้อย,07 371 4368
CUST08505,บริษัท ตันยา-บุนยะตีรณะ จำกัด,กฤตพร โพธิสัตย์,สกลนคร,05 765 0585
CUST08506,บริษัท บจก.แนวพญาและบุตร จำกัด,พรรณปพร บุญญาภิรมย์,นนทบุรี,07 275 7965
CUST08507,บริษัท หจก.ธุวะนุติ์เทรดดิ้ง จำกัด,วรรณนิสา พรสีมา,อุดรธานี,044-498082
CUST08508,บริษัท บริษัท ราชมณี จำกัด จำกัด,ฐิติยาพร ถนัดหัตถกรรม,สงขลา,+66 (0) 7539 4535
CUST08509,บริษัท บริษัท ฉิมพาลี จำกัด,ไวพจน์ ทำประดู่,สุราษฎร์ธานี,0 3130 7508
CUST08510,บริษัท บมจ.แน่นดุจป้อมพืชผล จำกัด,ยศพนต์ ตั้งกุลงาม,พัทยา,+66 (0) 4143 1505
CUST08511,บริษัท บมจ.หนุนสุขพืชผล จำกัด,สุทกร นาคพันธุ์,นครราชสีมา,036 576269
CUST08512,บริษัท ห้างหุ้นส่วนสามัญ ดิศดใน จำกัด,ศศิยา ดวงทับทิม,หาดใหญ่,+663 512 4142
CUST08513,บริษัท ขุนดำ-ไชยภา จำกัด,มลิวรรณ น้ำทิพย์,สงขลา,022513745
CUST08514,บริษัท ชมรมนิลเสนา จำกัด,ฤทธิ์ชกร ทรัพย์สาร,นนทบุรี,+66 (0) 681 063 304
CUST08515,บริษัท บมจ.ถนัดภาษา จำกัด,พิมพ์สุตา ทองประดิฐ,ระยอง,07 049 0719
CUST08516,บริษัท บริษัท ตันยา จำกัด จำกัด,ซูฮัยดา กุมารบุญ,อุดรธานี,0-4583-3445
CUST08517,บริษัท ห้างหุ้นส่วนจำกัด นุ่มกันเซอร์วิส จำกัด,จำรัส ธาราธร,พิษณุโลก,026-055415
CUST08518,บริษัท มิ่งขวัญและทองประดิฐ จำกัด,ไพสิฐ ถมปัด,หาดใหญ่,0-7146-8623
CUST08519,บริษัท บริษัท แถมธนและเพื่อน จำกัด จำกัด,นาย ถาวรายุศม์,อ้อมน้อย,+66 3062 2953
CUST08520,บริษัท บริษัท ตราชู จำกัด จำกัด,สิราพร ทองประดิฐ,เกาะสมุย,+66 5414 8280
CUST08521,บริษัท หจก.นิษประปัญจ์ จำกัด,จักรชัย นามขำ,นครศรีธรรมราช,+66 (0) 622 889 920
CUST08522,บริษัท หจก.ศรีอุ่น จำกัด,อลิษา ดัตพันธุ์,เกาะสมุย,030 771191
CUST08523,บริษัท บริษัท แนวพนิช จำกัด จำกัด,วิรศักดิ์ หอมสิน,เชียงใหม่,081 238 7757
CUST08524,บริษัท ศิวะวรเวทและฉัพพรรณธนกูร จำกัด,แปลง เช้าวันดี,ภูเก็ต,+66 2574 5212
CUST08525,บริษัท บริษัท จันทาเซอร์วิส จำกัด จำกัด,พรรณปพร ศาสตร์ศิลป์,พัทยา,+66 2153 3206
CUST08526,บริษัท ห้างหุ้นส่วนจำกัด ฉายแสงก่อสร้าง จำกัด,ประเสริฐ ทรัพย์ธำรงค์,เชียงราย,0 3113 3126
CUST08527,บริษัท บริษัท ถาวรรัตนเคมิคอล จำกัด จำกัด,ฐิติณัฐฐา ถิรสวัสดิ์,สงขลา,07 698 9031
CUST08528,บริษัท ขันธุลาพืชผล จำกัด,ปิยบุตร ศรีเผด็จ,นครสวรรค์,0-5977-2254
CUST08529,บริษัท หจก.เวียงจันทึก จำกัด,ปิยวัจน์ ถ้วนศรี,นนทบุรี,+66 976 868 085
CUST08530,บริษัท ภูภักดีและมิ่งขวัญ จำกัด,พาสุข ทับทิมไทย,สกลนคร,+66 (0) 957 357 100
CUST08531,บริษัท หจก.ไทยแท้ จำกัด,รักชนก นาฏคายี,นครราชสีมา,0978785175
CUST08532,บริษัท บริษัท ศรีสัตย์คอนสตรัคชั่น จำกัด จำกัด,นุจรี ตวงทอง,นนทบุรี,087 281 9319
CUST08533,บริษัท บริษัท ศาสตร์ศิลป์การบัญชี จำกัด จำกัด,นิติ มิ่งขวัญ,แม่สอด,0 4630 8882
CUST08534,บริษัท นิระหานี-ตั้งเผ่า จำกัด,ธีรวัช เณรานุสนธิ์,ปากเกร็ด,+66 (0) 612 984 086
CUST08535,บริษัท ยางสวยอะไหล่ยนต์ จำกัด,ปิยวดี เธียรายัน,พิษณุโลก,+66 (0) 853 064 907
CUST08536,บริษัท ถาวรรัตนคอมพิวเตอร์ จำกัด,ภานุพล บัวเผื่อน,ปากเกร็ด,047 447270
CUST08537,บริษัท เจริญรัมย์-นาถะเดชะ จำกัด,สันติราษฎร์ วุฑฒยากร,นครสวรรค์,099-699-5263
CUST08538,บริษัท หสน.ทองสุกเลิศเฟอนิชชิ่ง จำกัด,สิริ ตันเผ่า,แม่สอด,07 464 7504
CUST08539,บริษัท หจก.ทองสีไพลสโตร์ จำกัด,อับดุลเลาะห์ ธาราธร,รังสิต,072527507
CUST08540,บริษัท บุตราชและบุตดา จำกัด,พรพิไล ดาตู,ตรัง,07 783 5351
CUST08541,บริษัท บจก.งามพิเชษฐ์ จำกัด,คมคาย ถิรสวัสดิ์,พิษณุโลก,036 631322
CUST08542,บริษัท บริษัท ฉิมพาลี จำกัด,ปัณณวัชร ธูปะวิโรจน์,สกลนคร,0 2253 7157
CUST08543,บริษัท สมาคมศรีธนะเวทย์ จำกัด,พรสวรรค์ ธัญเสถียร,เชียงราย,0-3079-0649
CUST08544,บริษัท สมาคมเลขะพันธุ์ จำกัด,ธัญญามาศ นับเนื่องนอ,อุดรธานี,0 7175 0343
CUST08545,บริษัท ห้างหุ้นส่วนจำกัด บินดี จำกัด,มะลีวัลย์ ไสยกิจ,รังสิต,+664 140 7414
CUST08546,บริษัท บริษัท แถมธน จำกัด (มหาชน) จำกัด,ปิยนาฎ ยางสวย,สมุทรสาคร,+66 (0) 2490 2275
CUST08547,บริษัท กุมารบุญและแหยมศิริ จำกัด,สุทธิณัฐ ถาวรรัตน,สมุทรสาคร,+66 5269 8809
CUST08548,บริษัท นรวิทย์โชติกุลมอเตอร์ จำกัด,สุภาลินี ถนอมกุลบุตร,ขอนแก่น,0-2889-0679
CUST08549,บริษัท แนวพญาและเพื่อน จำกัด,พิมพ์พิชญา นิษประปัญจ์,นครสวรรค์,086-197-9135
CUST08550,บริษัท หจก.ซาซุม จำกัด,เฉลิมรัตน์ แจ้งสว่าง,ภูเก็ต,070-812810
CUST08551,บริษัท นิยมสำหรวจ-ตระกูลไม้เรียง จำกัด,อุลัยพร ตระกูลบุญ,อุบลราชธานี,043273760
CUST08552,บริษัท บริษัท ถาวรรัตน จำกัด (มหาชน) จำกัด,ภาสินี ร่มธิติรัตน์,แม่สอด,052 674134
CUST08553,บริษัท บมจ.ทรงโกมลภาพยนตร์ จำกัด,โกมล ดวงทับทิม,พิษณุโลก,+66 (0) 5343 2291
CUST08554,บริษัท ห้างหุ้นส่วนจำกัด ตั้งเผ่า จำกัด,ศภัคชคง หนักแน่น,ตรัง,+665 549 1058
CUST08555,บริษัท สมาคมสุวรรณหงษ์ จำกัด,พันเทพ โพธิสัตย์,อุบลราชธานี,052-726071
CUST08556,บริษัท บริษัท ทองสีไพล จำกัด,ยอดแมน ตะละภัฏ,นครสวรรค์,038322904
CUST08557,บริษัท บริษัท ธรรมสถิตไพศาล จำกัด จำกัด,ทับทิม ธีวร,นครปฐม,0 893 347 905
CUST08558,บริษัท คำลือและทุมะบุตร์ จำกัด,ประไพพักตร์ นิลวรรณ,อุดรธานี,0-4358-2902
CUST08559,บริษัท ห้างหุ้นส่วนจำกัด แก้วชลคราม จำกัด,อเนชา ฉายแสง,ระยอง,+66 7739 0448
CUST08560,บริษัท บริษัท แน่นดุจป้อมการช่าง จำกัด จำกัด,ปิยวดี ศรีอุ่น,ระยอง,0-5222-3410
CUST08561,บริษัท หจก.นุตตาร จำกัด,มาซีเตาะ พานเกล้า,นนทบุรี,0-3560-0867
CUST08562,บริษัท บริษัท ทัศนสุทธิกลการ จำกัด จำกัด,กรพนธ์ พีระเพ็ญกุล,สุราษฎร์ธานี,+66 2093 3300
CUST08563,บริษัท บริษัท ดัตพันธุ์ จำกัด จำกัด,ธนวันต์ ธัญเสถียร,พระนครศรีอยุธยา,+66 (0) 4584 5239
CUST08564,บริษัท ห้างหุ้นส่วนจำกัด ตั้งเผ่า จำกัด,ทวีวัฒน์ ตราชู,สมุทรปราการ,04 463 4940
CUST08565,บริษัท ห้างหุ้นส่วนจำกัด นพตระกูลภาพยนตร์ จำกัด,ประจิน ตันตราจิณ,เชียงใหม่,0825488935
CUST08566,บริษัท สมาคมไสยกิจ จำกัด,ธมลพรรณ นำธวัช,สกลนคร,084 496 1674
CUST08567,บริษัท บริษัท ตันตราจิณ จำกัด จำกัด,เกริกพล ทรัพย์ธำรงค์,นครราชสีมา,043 427246
CUST08568,บริษัท ห้างหุ้นส่วนจำกัด ทำประดู่อิมปอร์ตเอ็กซปอร์ต จำกัด,นัฐพล ตะละภัฏ,ระยอง,+66 991 221 304
CUST08569,บริษัท บริษัท นากกนกเฟอนิชชิ่ง จำกัด จำกัด,รมิตา ถาวรายุศม์,อ้อมน้อย,+66 4653 4356
CUST08570,บริษัท สหภาพแรงงานทวีเดช จำกัด,ณิชเชฏฐ์ มิ่งขวัญ,สมุทรปราการ,+66 833 082 794
CUST08571,บริษัท ศรทอง-นานายน จำกัด,นัฐพล โพธิสัตย์,อ้อมน้อย,079 099421
CUST08572,บริษัท ไม้แดง-ถนัดการยนต์ จำกัด,อาแอเสาะ ถนอมพลกรัง,กรุงเทพมหานคร,+66 981 043 933
CUST08573,บริษัท บมจ.ทองอยู่ จำกัด,วรศาสส์ ทวนทอง,ลำปาง,058 115366
CUST08574,บริษัท ห้างหุ้นส่วนจำกัด ติณรัตน์โอสถ จำกัด,มลิวรรณ นุตตาร,พระนครศรีอยุธยา,+66 (0) 828 668 021
CUST08575,บริษัท หจก.ศรีวงค์ จำกัด,สุพัตร หนุนสุข,เชียงใหม่,+66 (0) 669 313 360
CUST08576,บริษัท สมาคมบุณยะภาชน์ จำกัด,นภัสรินทร์ ไทนิยม,สกลนคร,0692188277
CUST08577,บริษัท ประจันตะเสนและนานายน จำกัด,ฉัตรปรียา ชำนาญวาด,สมุทรสาคร,+665 293 8959
CUST08578,บริษัท นิลเสนาบรรจุภัณฑ์ จำกัด,อาฮามัด ธูปหอม,ภูเก็ต,021-958233
CUST08579,บริษัท สมาคมแจ้งสว่าง จำกัด,พลานุช แนวพนิช,นครสวรรค์,+66 663 430 303
CUST08580,บริษัท บมจ.ไตรบรรพเทรดดิ้ง จำกัด,ผกาทิพย์ แนวพญา,พระนครศรีอยุธยา,+667 640 5541
CUST08581,บริษัท หจก.ปรีชากุลเศรษฐ์ จำกัด,ศรินยา ไม้แดง,อ้อมน้อย,+66 (0) 2644 4087
CUST08582,บริษัท ห้างหุ้นส่วนจำกัด นฤภัย จำกัด,จิม บินดี,อ้อมน้อย,096-946-9727
CUST08583,บริษัท บริษัท ถนัดอาวุธพานิช จำกัด จำกัด,เกษรา นาคสุทิน,ระยอง,060-108-6120
CUST08584,บริษัท ทัศนสุทธิเฟอนิชชิ่ง จำกัด,ญาณพันธุ์ ทองอยู่,ภูเก็ต,+663 796 2929
CUST08585,บริษัท ห้างหุ้นส่วนจำกัด ตวงทองยานยนต์ จำกัด,นิติ นกทอง,รังสิต,0-3577-3614
CUST08586,บริษัท ถมังรักษสัตว์-ดำริห์ชอบ จำกัด,ศศิยา นฤทุกข์,เชียงใหม่,0 870 366 344
CUST08587,บริษัท บริษัท หอมสิน จำกัด จำกัด,ธีร์ธวันาย นากกนก,ปากเกร็ด,0 955 544 531
CUST08588,บริษัท ดาบเงินคอมมิวนิเคชั่น จำกัด,ภารวี ถนอมกุลบุตร,ยะลา,0612191296
CUST08589,บริษัท บมจ.หิรัญสาลี จำกัด,อนิวัฒน์ ดิศดใน,หาดใหญ่,+66 (0) 2368 3702
CUST08590,บริษัท บริษัท นพตระกูลอะไหล่ยนต์ จำกัด จำกัด,ปฐวีกานต์ ธัญเสถียร,สมุทรปราการ,+667 662 7996
CUST08591,บริษัท บริษัท นิละทัตอิมปอร์ตเอ็กซปอร์ต จำกัด (มหาชน) จำกัด,อนุวัช ศรีตะวัน,นครราชสีมา,+66 7423 2346
CUST08592,บริษัท ธนาคารน้ำทิพย์เอ็นจิเนียริ่ง จำกัด จำกัด,นวรรษนันท์ ศรีสัตย์,ระยอง,0 2866 0785
CUST08593,บริษัท ศรีธนะเวทย์เฟอร์นิเจอร์ จำกัด,ฐิติยาพร ตระกูลบุญ,ปากเกร็ด,+66 (0) 5770 8715
CUST08594,บริษัท บมจ.เดชคุ้มซัพพลาย จำกัด,ปรายกานต์ นากกนก,ยะลา,0959808670
CUST08595,บริษัท บมจ.ดาตูเฟอนิชชิ่ง จำกัด,จินต์จุฑา อุ่นอก,สมุทรสาคร,04 738 5607
CUST08596,บริษัท หจก.ถ้วนศรี จำกัด,วาสุเทพ จันอ้น,อุดรธานี,0 669 740 343
CUST08597,บริษัท บจก.ตระกูลบุญเฟอร์นิเจอร์ จำกัด,กุลเชษฐ ถนอมกุลบุตร,แม่สอด,041177980
CUST08598,บริษัท บมจ.ยางสวยการบัญชี จำกัด,นิชนันท์ บุญญาไลย์,นครปฐม,07 441 7592
CUST08599,บริษัท บริษัท ถนัดรักษาเคมิคอล จำกัด (มหาชน) จำกัด,คมสัน นากกนก,อุบลราชธานี,02 796 0840
CUST08600,บริษัท บริษัท ทีฆะ จำกัด จำกัด,ทิพรดา ถนัดภาษา,ตรัง,021-809055
CUST08601,บริษัท บมจ.พรรษาสกุลอุตสาหกรรม จำกัด,หลี ตวันเยี่ยม,หาดใหญ่,033728597
CUST08602,บริษัท หจก.ถนอมพลกรัง จำกัด,ทองสิริ ดุษฎีวนิช,สกลนคร,+66 5146 7717
CUST08603,บริษัท ห้างหุ้นส่วนจำกัด นับเนื่องนอ จำกัด,สมมล ธุวะนุติ์,สงขลา,+66 (0) 619 720 665
CUST08604,บริษัท บริษัท ถนอมกุลบุตรขนส่ง จำกัด (มหาชน) จำกัด,โสภณ ทวีเดช,สงขลา,+66 4139 0611
CUST08605,บริษัท สมาคมทองอยู่ จำกัด,รชตกร เนื้อนุ่ม,สกลนคร,075-020003
CUST08606,บริษัท ชมรมถาวรรัตน จำกัด,หลี แต้กุล,สมุทรปราการ,07 504 5842
CUST08607,บริษัท สหภาพแรงงานถะเกิงชศ จำกัด,ศรีสวัสดิ์ นาถะพินธุ,ลำปาง,025-080841
CUST08608,บริษัท เขียวขุ้ย-ธัญเสถียร จำกัด,น้ำเพชร ตันยา,เชียงใหม่,0 3525 6571
CUST08609,บริษัท ห้างหุ้นส่วนสามัญ หนักแน่นกลการ จำกัด,พรรณปพร บัวเผื่อน,แหลมฉบัง,035-075421
CUST08610,บริษัท บริษัท แก้วอยู่ จำกัด จำกัด,จำรัส น้ำทิพย์,พิษณุโลก,0 3643 1480
CUST08611,บริษัท นกทองก่อสร้าง จำกัด,สมหมาย พรมอ่อน,เชียงใหม่,056 178193
CUST08612,บริษัท บริษัท ถุงเงินการบัญชี จำกัด จำกัด,โกมล โพธิสัตย์,สมุทรสาคร,+66 (0) 3183 3492
CUST08613,บริษัท หจก.บัวเผื่อนอุตสาหกรรม จำกัด,ยุลิน ถิรสวัสดิ์,พัทยา,063 586 5198
CUST08614,บริษัท บริษัท แถมธน จำกัด จำกัด,ฮามีย๊ะ ไชยภา,อุบลราชธานี,093-914-4842
CUST08615,บริษัท บมจ.ทองประดิฐ จำกัด,ซูไรดา นครเทพ,แหลมฉบัง,02 771 3756
CUST08616,บริษัท ห้างหุ้นส่วนจำกัด นุชแนวนุ่มคอมมิวนิเคชั่น จำกัด,ผดุงชาติ ทำประดู่,แหลมฉบัง,067-866-6908
CUST08617,บริษัท บริษัท ขำเอนกโอสถ จำกัด จำกัด,ประสิทธิ์ ถนัดการยนต์,เจ้าพระยาสุรศักดิ์,+66 2376 6613
CUST08618,บริษัท เวียงจันทึกอุตสาหกรรม จำกัด,ภานุพล หนุนสุข,นครศรีธรรมราช,0 3599 1941
CUST08619,บริษัท ศรีสัตย์-ทองเนื้อดี จำกัด,สิทธิชัย นิยมธรรม,สมุทรสาคร,+66 5455 6160
CUST08620,บริษัท บจก.บุญบำรุงขนส่ง จำกัด,อนุบาล บุญส่ง,เชียงใหม่,+66 (0) 931 627 173
CUST08621,บริษัท ทุมะบุตร์-ดิสกะประกาย จำกัด,ปริญญา นิลสุวรรณ์,นครศรีธรรมราช,041 979317
CUST08622,บริษัท หจก.นะวะมันดรซัพพลาย จำกัด,เกศรา อุลหัสสา,ระยอง,+66 (0) 912 149 197
CUST08623,บริษัท นาคพันธุ์-นุชแนวนุ่ม จำกัด,สมปอง นาถะเดชะ,นครศรีธรรมราช,067-813-6583
CUST08624,บริษัท ตั้งรบ-อุ่นอก จำกัด,พรชีวิน ดำริห์ชอบ,สมุทรปราการ,+66 645 755 755
CUST08625,บริษัท บริษัท ฉายแสง จำกัด จำกัด,สราญจิตต์ ธุวะนุติ์,อุบลราชธานี,033 554551
CUST08626,บริษัท เนื่องนนท์-ตันเผ่า จำกัด,ภาสินี ศรีสัตย์,เจ้าพระยาสุรศักดิ์,+66 3427 8579
CUST08627,บริษัท บริษัท ทวนทองวิศวการ จำกัด จำกัด,เอกชัย ถนัดอาวุธ,เจ้าพระยาสุรศักดิ์,05 207 8027
CUST08628,บริษัท บริษัท นิยมธรรมกลการ จำกัด จำกัด,จรรยพร นาคะนคร,อุดรธานี,033-026390
CUST08629,บริษัท บริษัท นุตตาร จำกัด (มหาชน) จำกัด,อาภัศรา ตัณฑนุช,พัทยา,+66 (0) 5754 1449
CUST08630,บริษัท บมจ.นาคะนครแอนด์ซันส์ จำกัด,รอกีเย๊าะ เธียรายัน,รังสิต,0-5989-8517
CUST08631,บริษัท บริษัท บุตราชวิศวกรรม จำกัด จำกัด,เทอดศักดิ์ ถนัดอาวุธ,พระนครศรีอยุธยา,0 7179 0509
CUST08632,บริษัท บจก.บัวเผื่อนแลบ จำกัด,จรรยพร แนวพนิช,แหลมฉบัง,0-2126-4015
CUST08633,บริษัท มูลนิธิบุตดา จำกัด,บุญญกัลป์ อุ่นอก,ระยอง,0 691 423 747
CUST08634,บริษัท บมจ.ไม้แดง จำกัด,ศรินยา นักสำหรวจ,นครศรีธรรมราช,+665 164 4251
CUST08635,บริษัท บริษัท นิระหานี จำกัด จำกัด,จำรัส ถนัดอักษร,แหลมฉบัง,0669896178
CUST08636,บริษัท บริษัท ทองแท้ จำกัด (มหาชน) จำกัด,ศศิรินทร์ บุญส่ง,กรุงเทพมหานคร,05 807 4661
CUST08637,บริษัท สมาคมนาคสุทิน จำกัด,วรรณกร หนุนสุข,พระนครศรีอยุธยา,+66 (0) 851 054 703
CUST08638,บริษัท จันอ้นการค้า จำกัด,ใกล้รุ่ง พีระเพ็ญกุล,ลำปาง,+66 943 438 221
CUST08639,บริษัท บริษัท ดาตูโอสถ จำกัด (มหาชน) จำกัด,พาสุข นากกนก,เชียงใหม่,078761732
CUST08640,บริษัท หจก.บุณยะภาชน์การบัญชี จำกัด,วนาลี วิลาสินี,สกลนคร,02 886 4686
CUST08641,บริษัท แน่นดุจป้อมเฟอร์นิเจอร์ จำกัด,กุลภาวลัย ยะผา,ภูเก็ต,0-2911-0992
CUST08642,บริษัท บริษัท ไม้แดงการค้า จำกัด จำกัด,ยศวัฒน์ ทรงโกมล,นครราชสีมา,0 7411 0631
CUST08643,บริษัท มูลนิธิหอมพิกุล จำกัด,ฌาฆีภัตฐ์ ศรีอุ่น,สุราษฎร์ธานี,0 3088 4432
CUST08644,บริษัท ห้างหุ้นส่วนจำกัด นักสำหรวจ จำกัด,เมทนี ตั้งรบ,ขอนแก่น,+66 826 454 801
CUST08645,บริษัท หจก.ทวนไชย์ จำกัด,ยศพงศ์ ถนอมพลกรัง,สมุทรสาคร,+66 3065 8354
CUST08646,บริษัท ห้างหุ้นส่วนจำกัด ตั้งเผ่า จำกัด,นิรันดร์ เยาวธนโชค,สกลนคร,042 057170
CUST08647,บริษัท บริษัท เนื้อนุ่มเซอร์วิส จำกัด จำกัด,เจตพินิษฐ์ ดิสกะประกาย,ยะลา,0 4350 1383
CUST08648,บริษัท มิ่งขวัญแพคกิ้ง จำกัด,ณัฐศักดิ์ ทองสุกเลิศ,ระยอง,+665 045 7396
CUST08649,บริษัท มูลนิธิขันธุลา จำกัด,ฟิรยา นิลวิมล,พิษณุโลก,+66 (0) 879 016 060
CUST08650,บริษัท สมาคมฉัพพรรณธนกูร จำกัด,อำพร เดชวา,สกลนคร,032 299826
CUST08651,บริษัท ชมรมนักรบ จำกัด,มูฮัมหมัดอิมรอน นพคเชนทร์,สมุทรปราการ,058-664081
CUST08652,บริษัท บริษัท ศรีวงค์ จำกัด จำกัด,พันเกล้า นะวะมันดร,สงขลา,0-2860-6973
CUST08653,บริษัท ดุริยพันธุ์วิศวกรรม จำกัด,สุรวัช ทองลาภ,อุดรธานี,043207659
CUST08654,บริษัท หจก.ธรรมสถิตไพศาลคอมพิวเตอร์ จำกัด,อำไพ ร่มธิติรัตน์,นครราชสีมา,03 826 3820
CUST08655,บริษัท นวลฉวีอุตสาหกรรม จำกัด,พิมพ์ประภา ศรีวงค์,สกลนคร,+66 (0) 5721 9828
CUST08656,บริษัท บริษัท ทองปากน้ำ จำกัด จำกัด,เฉลิมรัตน์ บุญศล,อุดรธานี,0986126225
CUST08657,บริษัท บริษัท เนื่องนนท์ จำกัด จำกัด,ณัฐติญา ทองลาภ,ตรัง,0-7278-8560
CUST08658,บริษัท บมจ.ถนัดอักษรเคมิคอล จำกัด,สิรวัฒน์ แท่นทอง,สมุทรปราการ,052 289967
CUST08659,บริษัท บจก.นิลวรรณจิวเวลรี่ จำกัด,กุลภาวลัย นามเสวตร,พัทยา,0 601 446 486
CUST08660,บริษัท บมจ.ติระคมน์ จำกัด,วีรชัย เขียวขุ้ย,ระยอง,+66 645 148 080
CUST08661,บริษัท หจก.ธีวรกลการ จำกัด,สุทกร ถนอมพลกรัง,เชียงราย,0 2710 3874
CUST08662,บริษัท หจก.นครเทพ จำกัด,ฐิติกุล ไชยภา,สุราษฎร์ธานี,0669559281
CUST08663,บริษัท บริษัท ไชยภา จำกัด จำกัด,สุทธิณัฐ นิติสาขา,กรุงเทพมหานคร,07 111 8495
CUST08664,บริษัท มูลนิธิไทนิยม จำกัด,สุธาวี นิยมสำหรวจ,พิษณุโลก,0971555826
CUST08665,บริษัท มูลนิธิกุมารบุญ จำกัด,เยาวรัตน์ ศรีเผด็จ,ตรัง,+66 (0) 2351 4944
CUST08666,บริษัท เลิศกิ่งขนส่ง จำกัด,วิพุธ นวลฉวี,ยะลา,093-555-7674
CUST08667,บริษัท มูลนิธิพานเกล้า จำกัด,จำรัส ธรรมนิยม,เชียงราย,048 265660
CUST08668,บริษัท สมาคมทันยุค จำกัด,เพทาย ภูภักดี,รังสิต,094 054 0868
CUST08669,บริษัท บริษัท ถนอมพล จำกัด (มหาชน) จำกัด,สมพิศ กุมารบุญ,ตรัง,0939448907
CUST08670,บริษัท บริษัท นิษประปัญจ์ จำกัด,ไวพจน์ นิลสลัว,อุบลราชธานี,078-131882
CUST08671,บริษัท ห้างหุ้นส่วนสามัญ นพตระกูล จำกัด,บุญทิวา อัตตนาถ,แหลมฉบัง,+66 7889 4436
CUST08672,บริษัท บริษัท แจ้งสว่างเคมิคอล จำกัด จำกัด,นิวิลดาน นามเสวตร,ขอนแก่น,029 326751
CUST08673,บริษัท บมจ.ไทนิยมซัพพลาย จำกัด,เรืองเกียรติ ถนัดอาวุธ,สกลนคร,+663 005 1293
CUST08674,บริษัท ขอหมั่นกลางและดาบเงิน จำกัด,อารีย์ วิลาสินี,รังสิต,0-5679-5853
CUST08675,บริษัท ห้างหุ้นส่วนสามัญ นาถะพินธุ จำกัด,ศุภชัย ฉัพพรรณธนกูร,รังสิต,+66 (0) 656 314 411
CUST08676,บริษัท ตั้งเผ่า-นฤทุกข์ จำกัด,สุทกร ศรีวงค์,พระนครศรีอยุธยา,074702639
CUST08677,บริษัท หจก.เนื้อนุ่ม จำกัด,ณภัทร แถมธน,สมุทรปราการ,081-960-8604
CUST08678,บริษัท บริษัท ทองสินธุ์ จำกัด จำกัด,เขมจิรา กุมารบุญ,เชียงราย,02 237 9382
CUST08679,บริษัท บริษัท นาถะพินธุ จำกัด จำกัด,จำรัส นิติสาขา,นครราชสีมา,0 971 202 162
CUST08680,บริษัท บริษัท ทศโยธินพืชผล จำกัด จำกัด,พิไลพร จันอ้น,พัทยา,+66 2716 5578
CUST08681,บริษัท ห้างหุ้นส่วนจำกัด น้ำทิพย์ จำกัด,อรพิณ ทองสุกเลิศ,นนทบุรี,+66 (0) 5107 2451
CUST08682,บริษัท บริษัท ไสยกิจแอนด์ซันส์ จำกัด จำกัด,ปิยวดี ธัญาโภชน์,นครปฐม,0-4774-4326
CUST08683,บริษัท ห้างหุ้นส่วนจำกัด แท่นทอง จำกัด,พรพิไล สงประเสริฐ,อุดรธานี,092 111 7429
CUST08684,บริษัท บริษัท เขียวอ่อน จำกัด (มหาชน) จำกัด,ผดุงพล วุฑฒยากร,ลำปาง,034-365922
CUST08685,บริษัท บริษัท ไสยกิจแพคกิ้ง จำกัด จำกัด,เอนกพงศ์ ยาปะโลหิต,นครราชสีมา,058 811421
CUST08686,บริษัท ห้างหุ้นส่วนสามัญ ถนัดอาวุธ จำกัด,ทองรัตน์ โพธิสัตย์,นครราชสีมา,+662 611 8262
CUST08687,บริษัท บริษัท ตั้งกุลงาม จำกัด จำกัด,นุจรี คณานุรักษ์,เชียงใหม่,0974334932
CUST08688,บริษัท ทวีเดช-ราชมณี จำกัด,ทิมาภรณ์ วะคีมัน,สมุทรปราการ,0871349523
CUST08689,บริษัท ห้างหุ้นส่วนจำกัด ศรีอุ่นขนส่ง จำกัด,ปรมินทร์ ด้วงโสน,ขอนแก่น,+66 (0) 2759 4230
CUST08690,บริษัท บริษัท ติระคมน์ จำกัด จำกัด,อรรจน์ ดุริยพันธุ์,พิษณุโลก,0969859798
CUST08691,บริษัท เตมิยะเดช-แจ้งสว่าง จำกัด,เขมจิรา ธรรมเมธา,ระยอง,048 854411
CUST08692,บริษัท ชมรมยางสวย จำกัด,ปรมินทร์ ดุริยพันธุ์,สมุทรสาคร,0-4489-2403
CUST08693,บริษัท ห้างหุ้นส่วนจำกัด บุญส่งโอสถ จำกัด,ศิริญา นับเนื่องนอ,สุราษฎร์ธานี,0 5097 4818
CUST08694,บริษัท ห้างหุ้นส่วนจำกัด เลิศกิ่ง จำกัด,ศิริเกศ ติระคมน์,กรุงเทพมหานคร,04 255 9326
CUST08695,บริษัท บริษัท บุญญาภิรมย์ จำกัด จำกัด,ประวี ถนัดกลึง,เชียงใหม่,+66 5376 1926
CUST08696,บริษัท นาคะนคร-หอมสิน จำกัด,ภานุพล เจริญรัมย์,นครสวรรค์,+66 891 254 701
CUST08697,บริษัท หจก.นฤทุกข์ จำกัด,ธีราทัต ติระคมน์,สมุทรสาคร,0666834702
CUST08698,บริษัท หจก.นิติสาขาบริการ จำกัด,ภัคชนน บุตราช,สมุทรปราการ,07 707 2704
CUST08699,บริษัท บริษัท ศาสตร์ศิลป์ จำกัด จำกัด,ธเนษฐ ตั้งกุลงาม,สุราษฎร์ธานี,0 2270 3418
CUST08700,บริษัท บจก.เนตร์มณี จำกัด,จณิตตา ทำประดู่,นครปฐม,0 904 441 255
CUST08701,บริษัท บริษัท ดิศดในคอนสตรัคชั่น จำกัด จำกัด,เฉลิมรัตน์ ทองประดิฐ,สงขลา,07 049 1526
CUST08702,บริษัท บริษัท คณานุรักษ์ จำกัด (มหาชน) จำกัด,โสภา ถนัดกลึง,รังสิต,+66 668 960 743
CUST08703,บริษัท ห้างหุ้นส่วนจำกัด ตัณฑนุช จำกัด,ธนนนท์ ดิศดใน,สุราษฎร์ธานี,096-766-3258
CUST08704,บริษัท บริษัท ภูภักดีและเพื่อน จำกัด จำกัด,กุลเชษฐ ศรทอง,นครสวรรค์,+663 035 9133
CUST08705,บริษัท บริษัท พรมอ่อน จำกัด จำกัด,สราญจิตต์ วะคีมัน,รังสิต,02 745 5858
CUST08706,บริษัท ห้างหุ้นส่วนจำกัด ถนอมพลกรัง จำกัด,นรีรัตน์ ธาราธร,ตรัง,0-5631-4384
CUST08707,บริษัท ห้างหุ้นส่วนจำกัด วาทาขนส่ง จำกัด,สีหราช แนวพนิช,เกาะสมุย,+66 (0) 7222 6981
CUST08708,บริษัท บริษัท ฉัตรอภิเที่ยงค่ำการค้า จำกัด จำกัด,กองสิน ธรรมเมธา,รังสิต,0 894 133 137
CUST08709,บริษัท บจก.ศรีธนะเวทย์ จำกัด,ดิลก บินดี,อ้อมน้อย,044 453693
CUST08710,บริษัท ห้างหุ้นส่วนจำกัด ดิสกะประกาย จำกัด,ฮานาฟี ธีวร,แม่สอด,037051818
CUST08711,บริษัท บริษัท ทหารแท้ จำกัด จำกัด,ฐิตาพร เดชวา,อุดรธานี,021838207
CUST08712,บริษัท ศรีสัตย์พานิช จำกัด,ชรินทร์ทิพย์ ธีวร,สมุทรสาคร,0 5693 9127
CUST08713,บริษัท หจก.หนักแน่น จำกัด,ทินวัฒน์ ตวันเยี่ยม,นครสวรรค์,+66 3321 6530
CUST08714,บริษัท ห้างหุ้นส่วนจำกัด นิยมเซียม จำกัด,ประเดิม สุวรรณหงษ์,เกาะสมุย,+66 3254 9866
CUST08715,บริษัท ห้างหุ้นส่วนจำกัด วิลาสินี จำกัด,ธัชญา ทองประดิฐ,เจ้าพระยาสุรศักดิ์,030690144
CUST08716,บริษัท ห้างหุ้นส่วนจำกัด ธนรักษ์ จำกัด,อุษณีย์ ถมังรักษสัตว์,แม่สอด,+66 4943 8232
CUST08717,บริษัท บริษัท ถนัดอาวุธ จำกัด จำกัด,ชลิดา แต้กุล,ปากเกร็ด,0 5692 6792
CUST08718,บริษัท วิลาสินีและแท่นทอง จำกัด,ภาสวุฒิ สันตะวงศ์,พระนครศรีอยุธยา,+66 (0) 884 949 951
CUST08719,บริษัท บริษัท ไชยภา จำกัด จำกัด,จำรัส เดชวา,นครปฐม,062 617 3650
CUST08720,บริษัท ผลบุญ-ตั้งรบ จำกัด,มนรัตน์ ดำริห์ชอบ,นครราชสีมา,077 029414
CUST08721,บริษัท บมจ.เช้าวันดี จำกัด,สิทธัญ นาถะเดชะ,ภูเก็ต,072 411815
CUST08722,บริษัท บริษัท นานายนบริการ จำกัด จำกัด,เพ็ญพรรษา วิลาสินี,สกลนคร,086-485-3499
CUST08723,บริษัท ดาบเพ็ชร์และเพื่อน จำกัด,จักรกฤนาย แก้วอยู่,ยะลา,035 691863
CUST08724,บริษัท บริษัท ทุมะบุตร์แอนด์ซันส์ จำกัด จำกัด,ฉัตรปรียา ทวนทอง,ลำปาง,02 090 4003
CUST08725,บริษัท บริษัท ทองสุกเลิศ จำกัด จำกัด,อุดมลักษณ์ เวียงจันทึก,สมุทรปราการ,+66 7148 6910
CUST08726,บริษัท บริษัท ถนัดเดินข่าวอุตสาหกรรม จำกัด จำกัด,ศรีสวัสดิ์ ถนัดการเขียน,สมุทรสาคร,089-412-2606
CUST08727,บริษัท บริษัท นิยมธรรม จำกัด จำกัด,ศุภชัย บุญบำรุง,ลำปาง,+66 (0) 7100 0220
CUST08728,บริษัท สมาคมนิติสาขา จำกัด,อดิสรณ์ สงประเสริฐ,สงขลา,032 936477
CUST08729,บริษัท บริษัท แหยมศิริคอมมิวนิเคชั่น จำกัด จำกัด,ปัณณวัชร นับเนื่องนอ,พระนครศรีอยุธยา,0 954 463 311
CUST08730,บริษัท บริษัท ธรรมเมธาสโตร์ จำกัด จำกัด,จิตรลดา ถนัดภาษา,พัทยา,+664 587 6303
CUST08731,บริษัท ทองอยู่การบัญชี จำกัด,ไพสิฐ ศรีเผด็จ,รังสิต,042 438580
CUST08732,บริษัท บริษัท นาถะพินธุ จำกัด,พรสวรรค์ ทองเนื้อดี,ตรัง,0 4912 1186
CUST08733,บริษัท บริษัท บุตราชเซอร์วิส จำกัด จำกัด,ปภาวรินทร์ ถนัดรักษา,สมุทรปราการ,073 261725
CUST08734,บริษัท ห้างหุ้นส่วนจำกัด ถนัดการเขียน จำกัด,ณิชนันท์ พรมอ่อน,สงขลา,0 5472 9736
CUST08735,บริษัท บริษัท บุนยะตีรณะ จำกัด จำกัด,ชัฎชา นักสำหรวจ,เชียงราย,056982650
CUST08736,บริษัท ห้างหุ้นส่วนจำกัด นิยมธรรมยานยนต์ จำกัด,มูฮำมัด ถนัดรบ,เจ้าพระยาสุรศักดิ์,+66 971 922 066
CUST08737,บริษัท บริษัท ทองเนื้อดี จำกัด จำกัด,พัชรีนิษฐ์ พรสีมา,รังสิต,022456077
CUST08738,บริษัท บริษัท ทองสินธุ์ จำกัด,วุฒิ ถนัดหัตถกรรม,เชียงใหม่,099 790 1470
CUST08739,บริษัท บริษัท จันทาขนส่ง จำกัด จำกัด,วิสาร ทองสินธุ์,พัทยา,+667 463 5662
CUST08740,บริษัท ขันธุลาเอเยนซี จำกัด,โอภาส นำธวัช,สมุทรสาคร,0-7798-7035
CUST08741,บริษัท หสน.ปรีชากุลเศรษฐ์ จำกัด,เจตธนากร นาควงษ์,อุดรธานี,+66 3136 8950
CUST08742,บริษัท ห้างหุ้นส่วนจำกัด ดาบเงิน จำกัด,วรรณชนะชัย ทองสีไพล,นครสวรรค์,+66 (0) 2958 8817
CUST08743,บริษัท บริษัท นวลเพ็ง จำกัด จำกัด,เถลิงยศ ตรีเภรินทร์,พัทยา,052 026276
CUST08744,บริษัท ห้างหุ้นส่วนจำกัด นามขำเคมิคอล จำกัด,ซุกรี ธัญาโภชน์,ปากเกร็ด,+66 926 339 957
CUST08745,บริษัท ห้างหุ้นส่วนสามัญ นานายนเอนเตอรไพรส์ จำกัด,สิทธัญ ถนัดรบ,อุดรธานี,032952577
CUST08746,บริษัท บมจ.นิลวิมล จำกัด,หฤทัย นกทอง,แหลมฉบัง,047 454935
CUST08747,บริษัท สมาคมบินดี จำกัด,นันทิกานต์ ถนอมกุลบุตร,ตรัง,0 3175 3204
CUST08748,บริษัท ชุมวระและถนัดพิมพการ จำกัด,สายสุรีย์ ทับทิมไทย,เชียงใหม่,+66 3802 3151
CUST08749,บริษัท บริษัท ดาวกระจายพานิช จำกัด จำกัด,วรดาพร นำธวัช,กรุงเทพมหานคร,0 4319 4217
CUST08750,บริษัท บมจ.ธนประทีปเฟอร์นิเจอร์ จำกัด,พัชรีนิษฐ์ นิลวรรณ,ภูเก็ต,04 757 2244
CUST08751,บริษัท ห้างหุ้นส่วนจำกัด ถนอมพลกรัง จำกัด,จณิตตา ตรีเภรินทร์,รังสิต,+66 (0) 5717 7470
CUST08752,บริษัท ห้างหุ้นส่วนสามัญ ขันธุลาโอสถ จำกัด,ปิยบุตร ทวนทอง,พิษณุโลก,0 630 554 516
CUST08753,บริษัท บริษัท ถาวรายุศม์อุตสาหกรรม จำกัด จำกัด,บุญนพ นิลสลัว,แหลมฉบัง,+66 2245 2140
CUST08754,บริษัท สมาคมไสยกิจ จำกัด,พันเทพ ฉายแสง,กรุงเทพมหานคร,+66 697 830 055
CUST08755,บริษัท สมาคมภูภักดี จำกัด,ประภัทร์สรณ์ นำธวัช,เกาะสมุย,+66 (0) 3222 8490
CUST08756,บริษัท บริษัท แหยมศิริคอนสตรัคชั่น จำกัด จำกัด,จด บุตดา,ยะลา,046283669
CUST08757,บริษัท ห้างหุ้นส่วนสามัญ ไตรบรรพเฟอนิชชิ่ง จำกัด,หลักทรัพย์ ตระกูลไม้เรียง,ระยอง,0-2845-7334
CUST08758,บริษัท บริษัท วะคีมันบรรจุภัณฑ์ จำกัด จำกัด,ศจีกาญจน์ กุมารบุญ,สงขลา,0 2555 3554
CUST08759,บริษัท บริษัท ถนัดกลึงสโตร์ จำกัด จำกัด,ฮามีย๊ะ นุตตาร,พระนครศรีอยุธยา,043555214
CUST08760,บริษัท หจก.ธรรมฤดี จำกัด,รักชนก เตมิยะเดช,ระยอง,0 2933 7156
CUST08761,บริษัท บริษัท ทุมะบุตร์เฟอนิชชิ่ง จำกัด (มหาชน) จำกัด,พรเบญญา แนวพญา,ลำปาง,070-552580
CUST08762,บริษัท บมจ.พงศ์ฉบับนภา จำกัด,วิรชัย ถนัดการเขียน,รังสิต,0 5683 4160
CUST08763,บริษัท บจก.ทองเนื้อดีกรุ๊ป จำกัด,หรรษธร ปรีชากุลเศรษฐ์,สงขลา,+66 (0) 926 244 147
CUST08764,บริษัท บริษัท นฤทุกข์ จำกัด จำกัด,วิถี บัวเผื่อน,นครราชสีมา,0 3664 6036
CUST08765,บริษัท หจก.นิยมสำหรวจ จำกัด,พรรณปพร บุตดา,ยะลา,050 001046
CUST08766,บริษัท บริษัท พงศ์ฉบับนภาอะไหล่ยนต์ จำกัด จำกัด,ฮานาฟี ทรงโกมล,นครสวรรค์,0 5415 6200
CUST08767,บริษัท บริษัท บัวเผื่อนจิวเวลรี่ จำกัด จำกัด,วณัฐดา นาถะพินธุ,นครปฐม,050839906
CUST08768,บริษัท บริษัท ทศโยธิน จำกัด จำกัด,สิทธัญ ทองสีไพล,เชียงราย,0882047036
CUST08769,บริษัท บริษัท นากกนก จำกัด จำกัด,มาซีเตาะ มนทอง,นครสวรรค์,095 747 7033
CUST08770,บริษัท บริษัท ทรัพย์สาร จำกัด จำกัด,นนทกาญจน์ นิลเสนา,อ้อมน้อย,0-5334-3701
CUST08771,บริษัท บริษัท นาคะนคร จำกัด จำกัด,ณิชนันท์ ขุนดำ,ลำปาง,0907123386
CUST08772,บริษัท บริษัท ไตรบรรพ จำกัด จำกัด,สุไฮลัน ตัณฑนุช,สมุทรสาคร,+66 (0) 5497 6225
CUST08773,บริษัท บริษัท ถะเกิงชศ จำกัด จำกัด,อลิษา สุวรรณหงษ์,ระยอง,071 030863
CUST08774,บริษัท บริษัท ร่มธิติรัตน์ จำกัด (มหาชน) จำกัด,สมนึก พรสีมา,แม่สอด,067 582 3480
CUST08775,บริษัท บริษัท นพคเชนทร์คอมพิวเตอร์ จำกัด จำกัด,คำมั่น ถุงเงิน,ยะลา,097 262 3314
CUST08776,บริษัท ทองประดิฐแพคกิ้ง จำกัด,จักรีรัตน์ ฉิมพาลี,ขอนแก่น,05 020 2291
CUST08777,บริษัท บริษัท ศรีเผด็จเอนเตอรไพรส์ จำกัด จำกัด,ศรินยา ตันยา,สมุทรปราการ,+66 (0) 5436 4420
CUST08778,บริษัท บริษัท ธนรักษ์ จำกัด จำกัด,จันทภา ไสยกิจ,สกลนคร,0-2719-3879
CUST08779,บริษัท บริษัท ศรทอง จำกัด จำกัด,เพทาย ไทยแท้,สมุทรปราการ,03 790 3092
CUST08780,บริษัท บริษัท หนุนสุขเคมิคอล จำกัด (มหาชน) จำกัด,ปรมินทร์ เยาวธนโชค,ระยอง,+665 593 2745
CUST08781,บริษัท ห้างหุ้นส่วนจำกัด ถนอมพลกรังเฟอนิชชิ่ง จำกัด,วัลลภ สุวรรณหงษ์,สุราษฎร์ธานี,+66 5510 6223
CUST08782,บริษัท ถนัดภาษา-นวลเพ็ง จำกัด,อธิวัตร ถนัดรักษา,ระยอง,+662 631 1828
CUST08783,บริษัท บริษัท อัตตนาถ จำกัด จำกัด,วสิตา นกทอง,สมุทรสาคร,+66 3783 7610
CUST08784,บริษัท บริษัท ดุษฎีวนิชคอมพิวเตอร์ จำกัด จำกัด,กฤตพร ทวนทอง,เชียงใหม่,0 4777 9217
CUST08785,บริษัท ห้างหุ้นส่วนจำกัด ทำประดู่ซัพพลาย จำกัด,รังสินี บุตราช,กรุงเทพมหานคร,+66 7160 2012
CUST08786,บริษัท บริษัท คณานุรักษ์ จำกัด จำกัด,ผกาทิพย์ บุตดา,เจ้าพระยาสุรศักดิ์,+66 (0) 3762 0565
CUST08787,บริษัท บริษัท ธุวะนุติ์ จำกัด จำกัด,จริยฉัตร นฤทุกข์,สกลนคร,02 442 5222
CUST08788,บริษัท ธรรมสถิตไพศาลขนส่ง จำกัด,เจษฎากร บุนยาภิสนท์,แหลมฉบัง,05 431 0908
CUST08789,บริษัท บริษัท ขำเอนก จำกัด จำกัด,พีระพงศ์พันธ์ ถาวระวรณ์,เจ้าพระยาสุรศักดิ์,051 593844
CUST08790,บริษัท พงศ์ฉบับนภาและนาคสุทิน จำกัด,เลิศเดช ถะเกิงชศ,สงขลา,091-564-8206
CUST08791,บริษัท บมจ.นักสำหรวจยานยนต์ จำกัด,ปาริตา ถาวรรัตน,สุราษฎร์ธานี,+665 269 9264
CUST08792,บริษัท หจก.พรมอ่อนวิศวการ จำกัด,กฤตเมธ ไทยแท้,ตรัง,+662 325 1462
CUST08793,บริษัท บจก.ธุวะนุติ์ จำกัด,เบญญาทิพย์ ทัศนสุทธิ,เกาะสมุย,0 7580 0628
CUST08794,บริษัท ศรีธนะเวทย์และแหยมศิริ จำกัด,โชคภาดล วาทา,พิษณุโลก,0670344412
CUST08795,บริษัท บริษัท ปรีชากุลเศรษฐ์ จำกัด (มหาชน) จำกัด,เทอดศักดิ์ กุมารบุญ,ระยอง,0 5417 4906
CUST08796,บริษัท ห้างหุ้นส่วนสามัญ นิระหานีอะไหล่ยนต์ จำกัด,ฟิรยา ถนอมกุลบุตร,อุดรธานี,040 880191
CUST08797,บริษัท บริษัท ขอหมั่นกลางจิวเวลรี่ จำกัด จำกัด,เลิศเดช ราชมณี,สมุทรปราการ,03 362 3376
CUST08798,บริษัท บริษัท นวลเพ็งพานิช จำกัด จำกัด,กฤตเมธ ถนอมพล,อ้อมน้อย,+66 (0) 2524 2952
CUST08799,บริษัท บริษัท ฉายแสง จำกัด (มหาชน) จำกัด,รูไกยะฮ์ นครเทพ,อุดรธานี,+66 5391 8163
CUST08800,บริษัท ห้างหุ้นส่วนจำกัด ฉายแสงจิวเวลรี่ จำกัด,ยนงคราญ ทองสินธุ์,พัทยา,+667 419 4213
CUST08801,บริษัท กองทุนรวมปานสุวรรณเอ็นจิเนียริ่ง จำกัด จำกัด,ปวีณ ตวงทอง,พัทยา,03 325 5834
CUST08802,บริษัท หจก.วิลาสินีกรุ๊ป จำกัด,น้ำเพชร ทุมะบุตร์,อุดรธานี,+664 962 0645
CUST08803,บริษัท บริษัท ศรีสัตย์คอมมิวนิเคชั่น จำกัด จำกัด,ภาสินี บุณยะภาชน์,นครปฐม,03 457 9598
CUST08804,บริษัท สมาคมเตชะกำพุ จำกัด,กุลดิลก ฉายแสง,เชียงใหม่,060-718-5656
CUST08805,บริษัท มนทองและมิ่งขวัญ จำกัด,รัฐพงษ์ นาถะเดชะ,เชียงราย,058-651722
CUST08806,บริษัท บมจ.ตรีครุธพันธุ์ จำกัด,พรรณปพร ประจันตะเสน,นครราชสีมา,066-858-4240
CUST08807,บริษัท เลขะพันธุ์และแหยมศิริ จำกัด,ปิยวดี ธีวร,ภูเก็ต,070 764372
CUST08808,บริษัท ถนัดหัตถกรรม-บินดี จำกัด,พิพิธธน ขุนดำ,แม่สอด,03 718 8098
CUST08809,บริษัท บริษัท ภูภักดีบรรจุภัณฑ์ จำกัด (มหาชน) จำกัด,กิติวัฒน์ ธรรมทินนา,นครปฐม,0 910 381 530
CUST08810,บริษัท หจก.ถนอมพลและเพื่อน จำกัด,ประเดิม ถนิมมาศ,นครราชสีมา,05 460 0808
CUST08811,บริษัท นิลเสนาและพรมอ่อน จำกัด,สุรธัช เยาวธนโชค,อ้อมน้อย,+66 3851 3912
CUST08812,บริษัท บริษัท เลขะพันธุ์ จำกัด จำกัด,สุพัตร ด้วงโสน,นนทบุรี,+66 2274 6149
CUST08813,บริษัท บริษัท ฉัพพรรณธนกูรเฟอร์นิเจอร์ จำกัด จำกัด,พัชรีนิษฐ์ ตรีครุธพันธุ์,เจ้าพระยาสุรศักดิ์,0-7667-6123
CUST08814,บริษัท บมจ.เลขะพันธุ์แพคกิ้ง จำกัด,ปัญญาพร ตัณฑนุช,เชียงใหม่,031 138829
CUST08815,บริษัท บริษัท ติระคมน์ จำกัด (มหาชน) จำกัด,ศดิศ นักสำหรวจ,พิษณุโลก,04 752 7670
CUST08816,บริษัท ห้างหุ้นส่วนจำกัด ศรีวงค์ จำกัด,สินสมุทร ธุวะนุติ์,พระนครศรีอยุธยา,062 251 1358
CUST08817,บริษัท ห้างหุ้นส่วนจำกัด ดำริห์ชอบ จำกัด,รังสินี นุ่มกัน,อุบลราชธานี,+664 349 8875
CUST08818,บริษัท บริษัท มนทองและเพื่อน จำกัด จำกัด,วรนาฎ สาระพันธ์,ระยอง,0 5622 2117
CUST08819,บริษัท ตันยาและนครเทพ จำกัด,ไชยภพ ศรีสัตย์,ปากเกร็ด,+665 369 8782
CUST08820,บริษัท ห้างหุ้นส่วนจำกัด ภูภักดีซัพพลาย จำกัด,ภัทราวุธ ทองสีไพล,สมุทรสาคร,0 5323 7402
CUST08821,บริษัท ห้างหุ้นส่วนจำกัด ธนูปกรณ์คอมมิวนิเคชั่น จำกัด,สรายุทธ ตันยา,รังสิต,0-2194-0401
CUST08822,บริษัท บริษัท ดีตพันธุ์และเพื่อน จำกัด (มหาชน) จำกัด,ณาร์รีมาน ซาซุม,พระนครศรีอยุธยา,07 786 0847
CUST08823,บริษัท หสน.ทองแท้เอเยนซี จำกัด,สมหมาย นาควงษ์,สกลนคร,+66 800 942 987
CUST08824,บริษัท บริษัท ชำนาญวาด จำกัด จำกัด,วณัฐดา เนื่องนนท์,ขอนแก่น,026 007278
CUST08825,บริษัท ห้างหุ้นส่วนจำกัด นานายนเคมิคอล จำกัด,กิติวัฒน์ พรมอ่อน,นครปฐม,080-575-0611
CUST08826,บริษัท ศาสตร์ศิลป์อุตสาหกรรม จำกัด,วิพุธ เลขะพันธุ์,หาดใหญ่,0-4909-8087
CUST08827,บริษัท สมาคมนิติสาขา จำกัด,จักรพันธ์ ตั้งเผ่า,ปากเกร็ด,057-454401
CUST08828,บริษัท บมจ.ทองลาภก่อสร้าง จำกัด,กันตวรรณ จันอ้น,นนทบุรี,048 495084
CUST08829,บริษัท นรวิทย์โชติกุล-ธรรมนิยม จำกัด,ไพสิฐ ดำริห์ชอบ,แหลมฉบัง,+66 (0) 829 529 336
CUST08830,บริษัท บมจ.อุลหัสสา จำกัด,ปรมินทร์ นำธวัช,อุบลราชธานี,047-249673
CUST08831,บริษัท เนตร์มณีการบัญชี จำกัด,กิติวัฒน์ ธรรมสถิตไพศาล,ระยอง,0 887 137 005
CUST08832,บริษัท ห้างหุ้นส่วนสามัญ สันตะวงศ์ยานยนต์ จำกัด,คมกริบ เณรานุสนธิ์,นครศรีธรรมราช,0 860 748 418
CUST08833,บริษัท มูลนิธิเตมิยะเดช จำกัด,จิราภรณ์ ติระคมน์,แม่สอด,0-2921-4823
CUST08834,บริษัท ห้างหุ้นส่วนจำกัด ถนัดอาวุธ จำกัด,เมษา ทำประดู่,ลำปาง,0 967 042 176
CUST08835,บริษัท นักรบพืชผล จำกัด,นภัสรินทร์ นาคะนคร,อุดรธานี,0 941 563 724
CUST08836,บริษัท หจก.ฉัพพรรณธนกูรเฟอร์นิเจอร์ จำกัด,ชิดชนก เนตร์มณี,เชียงใหม่,092-097-3011
CUST08837,บริษัท ปานสุวรรณและศรทอง จำกัด,นิติ ปรีชากุลเศรษฐ์,นครปฐม,0 7274 3767
CUST08838,บริษัท บริษัท ตั้งรบ จำกัด (มหาชน) จำกัด,พชรภรณ์ นิลสุวรรณ์,ขอนแก่น,02 937 0935
CUST08839,บริษัท ห้างหุ้นส่วนจำกัด นิลวรรณ จำกัด,สุภาลินี ยางสวย,นนทบุรี,083-146-6408
CUST08840,บริษัท หจก.โพธิสัตย์คอมพิวเตอร์ จำกัด,เฉลิมรัฐ นฤทุกข์,ปากเกร็ด,029 329843
CUST08841,บริษัท บริษัท ไม้แดงก่อสร้าง จำกัด จำกัด,ชัชนันท์ แน่นดุจป้อม,กรุงเทพมหานคร,054-554991
CUST08842,บริษัท ห้างหุ้นส่วนจำกัด ถาวรรัตนแลบ จำกัด,สุไฮลัน บุญศล,อ้อมน้อย,087 998 5291
CUST08843,บริษัท บริษัท กุมารบุญ จำกัด จำกัด,ธนนนท์ นุ่มกัน,นครราชสีมา,+66 932 728 831
CUST08844,บริษัท บริษัท สงประเสริฐ จำกัด จำกัด,จณิสตา นพคเชนทร์,กรุงเทพมหานคร,+663 908 7838
CUST08845,บริษัท บริษัท บุญญาภิรมย์ จำกัด จำกัด,บุญนพ บัวเผื่อน,นครสวรรค์,+66 686 861 129
CUST08846,บริษัท บริษัท ทุมะบุตร์เอเยนซี จำกัด จำกัด,ธัญญามาศ แก้วอยู่,พิษณุโลก,+66 (0) 3227 4993
CUST08847,บริษัท ห้างหุ้นส่วนจำกัด ธนรักษ์สโตร์ จำกัด,ศุภนุนาย พีระเพ็ญกุล,พิษณุโลก,023 771343
CUST08848,บริษัท ห้างหุ้นส่วนสามัญ งามพิเชษฐ์ จำกัด,ผดุงพล มนทอง,เกาะสมุย,+66 (0) 914 659 673
CUST08849,บริษัท บริษัท แนวพญาอิมปอร์ตเอ็กซปอร์ต จำกัด จำกัด,เมษา ธาราธร,ระยอง,+66 (0) 3986 1281
CUST08850,บริษัท ขำเอนกและบินดี จำกัด,พลภูมิ ถุงเงิน,พระนครศรีอยุธยา,067 089 5294
CUST08851,บริษัท ตวงทองแอนด์ซันส์ จำกัด,พัสวี ขำเอนก,ขอนแก่น,0 7149 6894
CUST08852,บริษัท บริษัท พรรษาสกุล จำกัด จำกัด,บุญเกิด ศาสตร์ศิลป์,อุบลราชธานี,0886547611
CUST08853,บริษัท แนวพญา-หอมพิกุล จำกัด,สุรธัช แนวพญา,ลำปาง,041535127
CUST08854,บริษัท สมาคมสาระพันธ์ จำกัด,สุไฮลัน ดาบเพ็ชร์,สกลนคร,+66 (0) 679 269 145
CUST08855,บริษัท บริษัท นุ่มกันยานยนต์ จำกัด จำกัด,ยุศรอน ธรรมฤดี,สกลนคร,0993567923
CUST08856,บริษัท มูลนิธิศรีสัตย์ จำกัด,วิชชากร ปรีชากุลเศรษฐ์,แม่สอด,087-251-4679
CUST08857,บริษัท หจก.ดำริห์ชอบเทรดดิ้ง จำกัด,วสิตา คำลือ,นนทบุรี,071 552817
CUST08858,บริษัท บริษัท บุญศลบรรจุภัณฑ์ จำกัด จำกัด,โชคภาดล อุ่นอก,ขอนแก่น,07 892 3379
CUST08859,บริษัท บริษัท ทัศนสุทธิบรรจุภัณฑ์ จำกัด (มหาชน) จำกัด,วิสาร ธนูปกรณ์,อุบลราชธานี,+66 893 704 906
CUST08860,บริษัท บริษัท นานายน จำกัด จำกัด,เฉลิมพล เพียยา,รังสิต,031 543978
CUST08861,บริษัท เนตร์มณี-ร่มธิติรัตน์ จำกัด,ปิยบุตร ถาวรรัตน,ขอนแก่น,0 5566 8710
CUST08862,บริษัท เตชะกำพุ-ถิรสวัสดิ์ จำกัด,ชรินทร์ทิพย์ ตัณฑนุช,พิษณุโลก,+66 7507 4294
CUST08863,บริษัท ห้างหุ้นส่วนสามัญ ฉายแสง จำกัด,เพียงกมล จันทา,ขอนแก่น,020893419
CUST08864,บริษัท ฉายแสงและพรสีมา จำกัด,ยศพนต์ ยางสวย,สกลนคร,053183798
CUST08865,บริษัท หจก.เขียวอ่อน จำกัด,บุญญามี ทัศนสุทธิ,พระนครศรีอยุธยา,+662 117 8843
CUST08866,บริษัท ตั้งรบการช่าง จำกัด,เทพนารี ถนัดรักษา,แหลมฉบัง,05 006 7429
CUST08867,บริษัท หจก.เมืองสุขอินเตอร์เนชั่นแนล จำกัด,พลานุช ถนัดอักษร,ขอนแก่น,083 461 1844
CUST08868,บริษัท ห้างหุ้นส่วนจำกัด บัวเผื่อน จำกัด,หฤทัย นครเทพ,พัทยา,02 705 1920
CUST08869,บริษัท บริษัท เดชวา จำกัด จำกัด,รักชนก นรวิทย์โชติกุล,สมุทรสาคร,023-683905
CUST08870,บริษัท ไทยแท้พานิช จำกัด,ผดุงชาติ อุ่นอก,หาดใหญ่,0-5900-5660
CUST08871,บริษัท บริษัท ถนัดหัตถกรรมสโตร์ จำกัด (มหาชน) จำกัด,ปิยะนันท์ หอมพิกุล,แหลมฉบัง,0 898 527 242
CUST08872,บริษัท บริษัท พีระเพ็ญกุล จำกัด จำกัด,จิฬาภรณ์ ขุนดำ,กรุงเทพมหานคร,+664 730 1194
CUST08873,บริษัท บริษัท ถาวรายุศม์ซัพพลาย จำกัด (มหาชน) จำกัด,อรพิณ วาทา,สมุทรปราการ,088 659 7833
CUST08874,บริษัท บจก.นิลวรรณ จำกัด,ปัญญาพร เณรานุสนธิ์,นครราชสีมา,+66 7435 4795
CUST08875,บริษัท บริษัท ทรงโกมลเทรดดิ้ง จำกัด จำกัด,วนาลี บุญบำรุง,เจ้าพระยาสุรศักดิ์,+66 (0) 822 826 872
CUST08876,บริษัท จ้อยนุแสงและนากกนก จำกัด,กวีฉัฏฐ ศรีสัตย์,อุบลราชธานี,0 932 275 487
CUST08877,บริษัท หจก.ทันยุคขนส่ง จำกัด,ณัฐธภรณ์ ธรรมทินนา,ขอนแก่น,0958981965
CUST08878,บริษัท บริษัท ตั้งเผ่ายานยนต์ จำกัด จำกัด,ศิรณัฐ จันทา,เจ้าพระยาสุรศักดิ์,+66 (0) 2746 8699
CUST08879,บริษัท แท่นทองและดัตพันธุ์ จำกัด,วิพุธ ตัณสถิตย์,แหลมฉบัง,0 7870 6994
CUST08880,บริษัท บุตดา-นิลสุวรรณ์ จำกัด,นิติ ตันเผ่า,ยะลา,04 187 6841
CUST08881,บริษัท นำธวัชอะไหล่ยนต์ จำกัด,วีระโชติ หนักแน่น,แหลมฉบัง,0 840 243 111
CUST08882,บริษัท ดิสกะประกายและพรสีมา จำกัด,ลักษมี นิยมเซียม,พัทยา,+66 5618 8665
CUST08883,บริษัท ห้างหุ้นส่วนสามัญ เช้าวันดี จำกัด,โกวิทย์ ดุษฎีวนิช,ตรัง,060 543 5018
CUST08884,บริษัท บริษัท เดชวา จำกัด (มหาชน) จำกัด,ปภาวรินทร์ พีระเพ็ญกุล,อุบลราชธานี,0 7769 9897
CUST08885,บริษัท บริษัท ธูปะวิโรจน์วิศวกรรม จำกัด จำกัด,นิวิลดาน มิ่งขวัญ,นครศรีธรรมราช,+665 971 1040
CUST08886,บริษัท หจก.ทรงโกมล จำกัด,ไพสิฐ เมืองสุข,ระยอง,067 698 9341
CUST08887,บริษัท บริษัท สังข์กรดวิศวกรรม จำกัด จำกัด,อุษณีย์ ดิศดใน,กรุงเทพมหานคร,0 806 872 727
CUST08888,บริษัท ห้างหุ้นส่วนจำกัด ทวีเดช จำกัด,อธิวัตร ถนอมพลกรัง,สมุทรปราการ,025 222558
CUST08889,บริษัท บริษัท อัตตนาถแลบ จำกัด จำกัด,พงษ์นเรศ เนื่องนนท์,พระนครศรีอยุธยา,030587032
CUST08890,บริษัท ห้างหุ้นส่วนจำกัด ทวีเดช จำกัด,รักชนก เขียวอ่อน,นนทบุรี,+66 2916 8095
CUST08891,บริษัท บริษัท ภูภักดี จำกัด (มหาชน) จำกัด,อณาวิน ไทนิยม,ลำปาง,0 5662 7707
CUST08892,บริษัท บมจ.วิลาสินี จำกัด,เจตพินิษฐ์ ธัญเสถียร,พัทยา,0 3119 4795
CUST08893,บริษัท ทวีเดชการช่าง จำกัด,พิมพ์สุตา บุณยะภาชน์,นครสวรรค์,05 602 6620
CUST08894,บริษัท บริษัท ดาบเงิน จำกัด (มหาชน) จำกัด,นรีรัตน์ ดาบเพ็ชร์,นครปฐม,+66 (0) 5293 1925
CUST08895,บริษัท บริษัท วะคีมันอุตสาหกรรม จำกัด จำกัด,จักรพันธ์ ถาวระวรณ์,แม่สอด,039944436
CUST08896,บริษัท บมจ.ตรีเภรินทร์การช่าง จำกัด,อนิวัฒน์ วุฑฒยากร,พระนครศรีอยุธยา,+66 3818 8937
CUST08897,บริษัท ห้างหุ้นส่วนสามัญ ดัตพันธุ์ยานยนต์ จำกัด,สราญจิตต์ นักสำหรวจ,นครปฐม,037210494
CUST08898,บริษัท บริษัท ทองลาภ จำกัด จำกัด,พุทธ ธนประทีป,อุดรธานี,+66 (0) 897 338 440
CUST08899,บริษัท สังข์กรด-เวียงจันทึก จำกัด,ชนิศา แจ้งสว่าง,สกลนคร,+66 (0) 3103 7163
CUST08900,บริษัท บริษัท ทับทิมไทย จำกัด จำกัด,ดิลก ตั้งเผ่า,ระยอง,070-960233
CUST08901,บริษัท บริษัท ทองแท้ จำกัด จำกัด,นิติยา ไทยแท้,ตรัง,0-7940-1592
CUST08902,บริษัท ถุงเงินเฟอนิชชิ่ง จำกัด,ชัชเวศย์ หนักแน่น,อ้อมน้อย,063-448-1459
CUST08903,บริษัท ห้างหุ้นส่วนจำกัด ตันตราจิณบรรจุภัณฑ์ จำกัด,เจษฎากร อุ่นอก,ภูเก็ต,0 663 300 079
CUST08904,บริษัท อัตตนาถยานยนต์ จำกัด,กิติชัย ดิสกะประกาย,สมุทรปราการ,070-152455
CUST08905,บริษัท บริษัท ติระคมน์ จำกัด จำกัด,กระสุน ทองประดิฐ,สมุทรปราการ,0 889 888 663
CUST08906,บริษัท ห้างหุ้นส่วนจำกัด นามเสวตรก่อสร้าง จำกัด,วิชชากร พรมอ่อน,เกาะสมุย,+66 5827 6536
CUST08907,บริษัท ชมรมนครเทพ จำกัด,ธาเอก นุตตาร,นครศรีธรรมราช,048068148
CUST08908,บริษัท บริษัท วะคีมันวิศวการ จำกัด จำกัด,ธมน นาคพันธุ์,เชียงใหม่,052 513658
CUST08909,บริษัท หจก.ซาซุมบริการ จำกัด,มนัญชยา ยางสวย,แม่สอด,0-2648-7841
CUST08910,บริษัท หจก.เธียรายัน จำกัด,อิสรันดร์ ฉายแสง,เชียงใหม่,+66 924 177 718
CUST08911,บริษัท บจก.ตวันเยี่ยม จำกัด,เถลิงยศ ฉัตรอภิเที่ยงค่ำ,อุบลราชธานี,05 549 7567
CUST08912,บริษัท ทองเนื้อดีและถนัดอาวุธ จำกัด,ศดิศ ธีวร,นนทบุรี,07 867 9470
CUST08913,บริษัท ห้างหุ้นส่วนจำกัด ดิศดใน จำกัด,สรายุทธ ดิสกะประกาย,เชียงราย,0-5123-5693
CUST08914,บริษัท เตชะกำพุเคมิคอล จำกัด,วัลลภ ศรีเผด็จ,เชียงใหม่,+667 097 5606
CUST08915,บริษัท บริษัท ถนัดหัตถกรรม จำกัด จำกัด,อับดุลเลาะห์ ธัญเสถียร,นครศรีธรรมราช,+66 652 844 864
CUST08916,บริษัท ห้างหุ้นส่วนจำกัด แก้วชลคราม จำกัด,ขอดิเยาะ ดำริห์ชอบ,สุราษฎร์ธานี,0-7859-1468
CUST08917,บริษัท ห้างหุ้นส่วนจำกัด แนวพญาการค้า จำกัด,โรสชา ธรรมเมธา,หาดใหญ่,057-335660
CUST08918,บริษัท ห้างหุ้นส่วนจำกัด บุนยะตีรณะซัพพลาย จำกัด,นพ สาระพันธ์,ตรัง,+66 (0) 4436 4228
CUST08919,บริษัท บริษัท แต้กุล จำกัด จำกัด,พิพิธธน ดิศดใน,เจ้าพระยาสุรศักดิ์,+66 (0) 5504 7358
CUST08920,บริษัท บริษัท บุนยะตีรณะขนส่ง จำกัด จำกัด,เกียรติก้อง บุญญาภิรมย์,ขอนแก่น,0804636576
CUST08921,บริษัท บริษัท ถนัดการยนต์ จำกัด จำกัด,ณาร์รีมาน ตระกูลบุญ,แม่สอด,074 108590
CUST08922,บริษัท ห้างหุ้นส่วนจำกัด จ้อยนุแสงพืชผล จำกัด,เพทาย หนุนสุข,นครราชสีมา,0 818 676 620
CUST08923,บริษัท บริษัท ธรรมฤดีก่อสร้าง จำกัด จำกัด,วิรชัย ทำประดู่,สุราษฎร์ธานี,043-397278
CUST08924,บริษัท ห้างหุ้นส่วนจำกัด ยางสวยภาพยนตร์ จำกัด,ธัญญามาศ โพธิสัตย์,เกาะสมุย,078026701
CUST08925,บริษัท สมาคมทับทิมไทย จำกัด,ธีร์ธวันาย ทหารแท้,เกาะสมุย,+663 221 0811
CUST08926,บริษัท บมจ.ภูภักดี จำกัด,กฤตเมธ บัวเผื่อน,กรุงเทพมหานคร,04 740 9132
CUST08927,บริษัท หจก.ปรีชากุลเศรษฐ์ จำกัด,นัฐพล ขำเอนก,สกลนคร,+66 (0) 4336 8849
CUST08928,บริษัท ห้างหุ้นส่วนจำกัด ศรีตะวัน จำกัด,จันทภา นิระหานี,พระนครศรีอยุธยา,0-2614-3154
CUST08929,บริษัท บจก.ถมปัด จำกัด,ศศิธร ถนัดอักษร,พระนครศรีอยุธยา,0929123680
CUST08930,บริษัท บริษัท ศรีธนะเวทย์ จำกัด จำกัด,ไวพจน์ ตั้งเผ่า,ภูเก็ต,078 736288
CUST08931,บริษัท หจก.ธาราธร จำกัด,ศุภชัย นิติสาขา,อ้อมน้อย,+66 4788 5706
CUST08932,บริษัท ห้างหุ้นส่วนสามัญ นกทอง จำกัด,อินทรีย์ ดุษฎีวนิช,นครศรีธรรมราช,032974054
CUST08933,บริษัท บริษัท ดีตพันธุ์เคมิคอล จำกัด จำกัด,นัสรุน แหยมศิริ,นครปฐม,088-135-9993
CUST08934,บริษัท ห้างหุ้นส่วนจำกัด ถาวระวรณ์เอนเตอรไพรส์ จำกัด,สนั่น แก้วชลคราม,ปากเกร็ด,040-814005
CUST08935,บริษัท บุญญาภิรมย์และนิยมธรรม จำกัด,วัลยา ธรรมฤดี,ลำปาง,0 689 632 435
CUST08936,บริษัท ห้างหุ้นส่วนจำกัด นิลสลัวอุตสาหกรรม จำกัด,สิรวัฒน์ ภูภักดี,เชียงราย,0-2169-2249
CUST08937,บริษัท สมาคมดาวกระจาย จำกัด,เชิงชาย ทรงโกมล,แม่สอด,+66 (0) 7250 7171
CUST08938,บริษัท ศรีสัตย์และขุนดำ จำกัด,ภาสวุฒิ ฉัพพรรณธนกูร,นครราชสีมา,025-288385
CUST08939,บริษัท บริษัท ทัศนสุทธิเอ็นจิเนียริ่ง จำกัด จำกัด,พันเทพ ตั้งกุลงาม,พระนครศรีอยุธยา,+66 629 591 068
CUST08940,บริษัท หจก.งามพิเชษฐ์อุตสาหกรรม จำกัด,วันชนก ทวีเดช,ขอนแก่น,086 194 3534
CUST08941,บริษัท มูลนิธิภูภักดี จำกัด,พาดีล๊ะ นานายน,เชียงราย,0 914 519 724
CUST08942,บริษัท บริษัท ตรีครุธพันธุ์ จำกัด จำกัด,พาสุข ศรทอง,แม่สอด,048-411528
CUST08943,บริษัท ห้างหุ้นส่วนจำกัด ซาซุม จำกัด,ฮามีย๊ะ นามขำ,นครสวรรค์,+66 (0) 956 667 387
CUST08944,บริษัท บริษัท บุนยะตีรณะ จำกัด จำกัด,อาฮามัด ศรีอุ่น,นครราชสีมา,047 006639
CUST08945,บริษัท ห้างหุ้นส่วนสามัญ ไสยกิจ จำกัด,วีระวัฒน์ ทองปากน้ำ,สงขลา,0 7946 1082
CUST08946,บริษัท มูลนิธิงามพิเชษฐ์ จำกัด,ณัฐวรินทร ภูภักดี,หาดใหญ่,+66 (0) 3306 3719
CUST08947,บริษัท บริษัท บุญบำรุงแพคกิ้ง จำกัด จำกัด,หล้า ทวนทอง,นครสวรรค์,05 591 7644
CUST08948,บริษัท บมจ.นิติสาขา จำกัด,ณัฐจศักดิ์ นาถะพินธุ,ขอนแก่น,0 4274 4120
CUST08949,บริษัท ถาวรรัตนและเณรานุสนธิ์ จำกัด,ชัชเวศย์ ไทนิยม,ขอนแก่น,077-487983
CUST08950,บริษัท บริษัท ฉัตรอภิเที่ยงค่ำ จำกัด (มหาชน) จำกัด,พิศพรรณ ยะผา,หาดใหญ่,061 794 7538
CUST08951,บริษัท ห้างหุ้นส่วนสามัญ นิษประปัญจ์ จำกัด,เจตธนากร จันทา,นครศรีธรรมราช,+66 2618 8731
CUST08952,บริษัท นาฏคายีวิศวกรรม จำกัด,ปิยบุตร นิษประปัญจ์,เชียงใหม่,037-912842
CUST08953,บริษัท ห้างหุ้นส่วนจำกัด นวลฉวี จำกัด,วณัฐดา ปานสุวรรณ,เจ้าพระยาสุรศักดิ์,+667 445 4079
CUST08954,บริษัท มูลนิธิวุฑฒยากร จำกัด,พรพิไล บุญศล,ตรัง,+66 4558 3588
CUST08955,บริษัท ตระกูลบุญสโตร์ จำกัด,สมนึก บุตราช,อุบลราชธานี,0 4690 8550
CUST08956,บริษัท หจก.ดัตพันธุ์ จำกัด,นิติยา น้ำทิพย์,อุบลราชธานี,069 422 4020
CUST08957,บริษัท บริษัท หิรัญสาลี จำกัด จำกัด,ปัณณธร อัตตนาถ,นครสวรรค์,+66 648 486 749
CUST08958,บริษัท จันอ้นเฟอนิชชิ่ง จำกัด,สมมล คณานุรักษ์,นครราชสีมา,0 4884 1597
CUST08959,บริษัท ห้างหุ้นส่วนจำกัด ตัณสถิตย์ยานยนต์ จำกัด,กิติกานต์ ถนอมพลกรัง,เจ้าพระยาสุรศักดิ์,0662866703
CUST08960,บริษัท ห้างหุ้นส่วนจำกัด นิติสาขา จำกัด,วีระโชติ ไตรบรรพ,แหลมฉบัง,+66 7105 8233
CUST08961,บริษัท ห้างหุ้นส่วนจำกัด นาถะเดชะขนส่ง จำกัด,พิมพ์สุตา ถะเกิงชศ,ลำปาง,072367946
CUST08962,บริษัท บริษัท ธัญาโภชน์เคมิคอล จำกัด จำกัด,กรพนธ์ ธูปะวิโรจน์,ระยอง,+66 (0) 879 061 756
CUST08963,บริษัท ห้างหุ้นส่วนจำกัด นิลสลัว จำกัด,เรืองเกียรติ นะวะมันดร,พิษณุโลก,051297222
CUST08964,บริษัท บริษัท ทีฆะแพคกิ้ง จำกัด จำกัด,โสภณ ทรัพย์ธำรงค์,ตรัง,057-314360
CUST08965,บริษัท ถะเกิงชศและถนัดหัตถกรรม จำกัด,ศศิธร ทองปากน้ำ,นครปฐม,+66 3474 1902
CUST08966,บริษัท ห้างหุ้นส่วนสามัญ แจ้งสว่างและบุตร จำกัด,ขวัญรุ้ง ทำประดู่,นครราชสีมา,072 469498
CUST08967,บริษัท บมจ.ทองปากน้ำ จำกัด,นราวรรณ บุนยาภิสนท์,สงขลา,0-3653-8366
CUST08968,บริษัท หจก.นครเทพวิศวกรรม จำกัด,นัฐพล นาคพันธุ์,สงขลา,04 890 5650
CUST08969,บริษัท บริษัท วิลาสินี จำกัด จำกัด,ดวงสมร นิลสุวรรณ์,ขอนแก่น,0 684 367 204
CUST08970,บริษัท ถนัดอาวุธและนพตระกูล จำกัด,นารดา นพคเชนทร์,เกาะสมุย,+66 (0) 689 038 891
CUST08971,บริษัท บริษัท แนวพญาและเพื่อน จำกัด จำกัด,สิริ ไทยแท้,นครสวรรค์,+66 (0) 604 431 612
CUST08972,บริษัท บริษัท แถมธนโอสถ จำกัด จำกัด,เรืองเกียรติ นิลสุวรรณ์,ภูเก็ต,04 617 0955
CUST08973,บริษัท ห้างหุ้นส่วนจำกัด ถาวรรัตนและเพื่อน จำกัด,ธีรวุฒิ เจริญรัมย์,เชียงใหม่,02 743 5263
CUST08974,บริษัท พีระเพ็ญกุลอินเตอร์เนชั่นแนล จำกัด,ทินพร ธนรักษ์,ขอนแก่น,+66 7901 6996
CUST08975,บริษัท สมาคมถนัดอักษร จำกัด,ไมล์ บุญบำรุง,เกาะสมุย,+66 (0) 2990 7823
CUST08976,บริษัท นุ่มกัน-สงประเสริฐ จำกัด,กุลภาวลัย นวลฉวี,สมุทรสาคร,04 963 3796
CUST08977,บริษัท บริษัท ถนัดกลึงเฟอร์นิเจอร์ จำกัด (มหาชน) จำกัด,ประเดิม ถมปัด,อุบลราชธานี,04 913 7531
CUST08978,บริษัท ชมรมนรวิทย์โชติกุล จำกัด,คณภรณ์ บุญญาภิรมย์,เชียงใหม่,02 206 6761
CUST08979,บริษัท บริษัท ทีฆะบรรจุภัณฑ์ จำกัด (มหาชน) จำกัด,นันทิกานต์ บุนยะตีรณะ,พระนครศรีอยุธยา,+66 614 194 846
CUST08980,บริษัท บริษัท ตันเผ่า จำกัด จำกัด,อินทรีย์ นาควงษ์,แหลมฉบัง,031-709068
CUST08981,บริษัท ดิศดในการบัญชี จำกัด,กระสุน ตรีเภรินทร์,อ้อมน้อย,+66 5805 5265
CUST08982,บริษัท บริษัท ธัญเสถียร จำกัด จำกัด,สุชิน เธียรายัน,ลำปาง,0 916 411 434
CUST08983,บริษัท ธนาคารพงศ์ฉบับนภา จำกัด จำกัด,คำมั่น นานายน,สมุทรสาคร,+66 (0) 641 919 735
CUST08984,บริษัท แก้วชลครามคอมมิวนิเคชั่น จำกัด,ปัตถพงษ์ ถนิมมาศ,สุราษฎร์ธานี,0 3568 0180
CUST08985,บริษัท บริษัท เลิศกิ่งคอมมิวนิเคชั่น จำกัด จำกัด,ธนนนท์ ตัณฑนุช,เจ้าพระยาสุรศักดิ์,069 320 6166
CUST08986,บริษัท ห้างหุ้นส่วนจำกัด นิลวรรณพานิช จำกัด,วณัฐดา นากกนก,เจ้าพระยาสุรศักดิ์,0 814 692 739
CUST08987,บริษัท บริษัท ชำนาญวาด จำกัด จำกัด,ซุกรี ประจันตะเสน,ตรัง,+66 (0) 2650 5888
CUST08988,บริษัท ทรัพย์สารและตราชู จำกัด,ณัฐพิชา วะคีมัน,ขอนแก่น,020 493433
CUST08989,บริษัท สมาคมถนัดการยนต์ จำกัด,วรดาพร ทัศนสุทธิ,สกลนคร,04 305 3827
CUST08990,บริษัท ห้างหุ้นส่วนจำกัด ทองประดิฐ จำกัด,มณียา นิระหานี,ระยอง,030-010804
CUST08991,บริษัท บริษัท ชำนาญวาดอะไหล่ยนต์ จำกัด จำกัด,ชัฎชา นักรบ,ระยอง,0-3504-9725
CUST08992,บริษัท ธีวร-นิลวิมล จำกัด,เลิศเดช ชำนาญวาด,พระนครศรีอยุธยา,090 203 7364
CUST08993,บริษัท บริษัท ดิศดใน จำกัด จำกัด,ชนิศา ธรรมสถิตไพศาล,พระนครศรีอยุธยา,+66 (0) 2491 7288
CUST08994,บริษัท บมจ.ธูปะวิโรจน์กลการ จำกัด,อัญธิกา ดุษฎีวนิช,สมุทรปราการ,086 475 8095
CUST08995,บริษัท บริษัท บุตราชพืชผล จำกัด จำกัด,สมหมาย จ้อยนุแสง,สมุทรปราการ,02 353 0753
CUST08996,บริษัท มิ่งขวัญยานยนต์ จำกัด,วิกิจ ถนอมมนุษย์,ระยอง,0 808 260 497
CUST08997,บริษัท บริษัท ธนูปกรณ์การช่าง จำกัด จำกัด,อิสรันดร์ งามพิเชษฐ์,อ้อมน้อย,+66 (0) 4798 1208
CUST08998,บริษัท บริษัท หนักแน่น จำกัด จำกัด,ปุณณรัตน์ สงประเสริฐ,เจ้าพระยาสุรศักดิ์,+66 4395 1087
CUST08999,บริษัท หจก.ตันเผ่า จำกัด,บุญพา ธนรักษ์,เชียงราย,+66 7443 0905
CUST09000,บริษัท ห้างหุ้นส่วนจำกัด กุมารบุญคอนสตรัคชั่น จำกัด,ภูวรา อุ่นอก,เชียงใหม่,+664 654 8944
CUST09001,บริษัท หสน.งามพิเชษฐ์ จำกัด,คมคาย ชุมวระ,ยะลา,+66 839 029 956
CUST09002,บริษัท หจก.ถมปัด จำกัด,จุฑาภรณ์ ถมังรักษสัตว์,เจ้าพระยาสุรศักดิ์,020815780
CUST09003,บริษัท บริษัท จันทาและเพื่อน จำกัด จำกัด,วิเชียร นามเสวตร,กรุงเทพมหานคร,+66 5954 0238
CUST09004,บริษัท บริษัท ตันยา จำกัด จำกัด,สุธินันท์ ทรัพย์สาร,เชียงใหม่,037142515
CUST09005,บริษัท บจก.ทุมะบุตร์ จำกัด,อณัฐตา ธนรักษ์,สมุทรสาคร,075 947114
CUST09006,บริษัท กองทุนรวมเวียงจันทึก จำกัด จำกัด,ณาร์รีมาน นฤทุกข์,กรุงเทพมหานคร,+66 875 461 236
CUST09007,บริษัท บจก.นำธวัชเอนเตอรไพรส์ จำกัด,ดวงสมร บุนยะตีรณะ,พระนครศรีอยุธยา,062 876 1219
CUST09008,บริษัท บริษัท ซาซุมโอสถ จำกัด จำกัด,เจตพินิษฐ์ แหยมศิริ,นครราชสีมา,07 862 1778
CUST09009,บริษัท บมจ.ศรีเผด็จ จำกัด,หรรษา พานเกล้า,ระยอง,03 550 3241
CUST09010,บริษัท ห้างหุ้นส่วนสามัญ ยะผา จำกัด,คำ นาถะพินธุ,เกาะสมุย,+66 (0) 3072 9388
CUST09011,บริษัท บริษัท ธนูปกรณ์วิศวกรรม จำกัด จำกัด,ภานิณี ถิรสวัสดิ์,สกลนคร,025-973955
CUST09012,บริษัท บจก.เจริญรัมย์ จำกัด,อลิษา บุญส่ง,อ้อมน้อย,052515057
CUST09013,บริษัท บจก.บุนยะตีรณะแลบ จำกัด,วนาลี พงศ์ฉบับนภา,หาดใหญ่,+66 (0) 7454 2419
CUST09014,บริษัท ทัศนสุทธิการค้า จำกัด,วิถี จ้อยนุแสง,สกลนคร,0 5816 4358
CUST09015,บริษัท ห้างหุ้นส่วนจำกัด ธูปหอม จำกัด,เทอดศักดิ์ ดาตู,แม่สอด,077 800689
CUST09016,บริษัท ห้างหุ้นส่วนจำกัด นับเนื่องนอ จำกัด,พาสุข บัวเผื่อน,นครศรีธรรมราช,07 295 6333
CUST09017,บริษัท ชมรมนกทอง จำกัด,นพวรรณ ธรรมเมธา,ลำปาง,+662 470 9398
CUST09018,บริษัท บริษัท สุวรรณหงษ์วิศวกรรม จำกัด (มหาชน) จำกัด,นพ เยาวธนโชค,นครราชสีมา,023 809406
CUST09019,บริษัท บริษัท หนักแน่น จำกัด จำกัด,เทพนารี ซูสารอ,ขอนแก่น,0 3761 7582
CUST09020,บริษัท บริษัท ยะผา จำกัด (มหาชน) จำกัด,ภูวรา ธัญเสถียร,อุดรธานี,079-263710
CUST09021,บริษัท ห้างหุ้นส่วนจำกัด ถนัดกลึงจิวเวลรี่ จำกัด,ฮาฟิต ยะผา,สงขลา,043348736
CUST09022,บริษัท ห้างหุ้นส่วนจำกัด ทองลาภคอนสตรัคชั่น จำกัด,อริสรา ทุมะบุตร์,สกลนคร,+66 (0) 7125 2576
CUST09023,บริษัท บริษัท ถาวระวรณ์โอสถ จำกัด จำกัด,เกษตร สงประเสริฐ,พัทยา,+66 2953 8368
CUST09024,บริษัท บริษัท พงศ์ฉบับนภา จำกัด (มหาชน) จำกัด,สิริ ถนิมมาศ,พิษณุโลก,068-227-1828
CUST09025,บริษัท บริษัท หิรัญสาลี จำกัด (มหาชน) จำกัด,สุปรานี ปานสุวรรณ,นนทบุรี,02 904 1433
CUST09026,บริษัท หจก.สังข์กรด จำกัด,ณัฐติญา ติระคมน์,รังสิต,+66 (0) 5332 7378
CUST09027,บริษัท บจก.แก้วอยู่คอนสตรัคชั่น จำกัด,ธาเอก ตันเผ่า,แหลมฉบัง,093-563-1845
CUST09028,บริษัท ห้างหุ้นส่วนจำกัด ธรรมทินนาเฟอร์นิเจอร์ จำกัด,เทพนารี นาคพันธุ์,รังสิต,041 173982
CUST09029,บริษัท หจก.นิลวิมลก่อสร้าง จำกัด,คำ นิลสลัว,ปากเกร็ด,033064871
CUST09030,บริษัท บริษัท ถมปัดอินเตอร์เนชั่นแนล จำกัด จำกัด,มะลีวัลย์ ธนรักษ์,นครราชสีมา,+66 (0) 4281 0248
CUST09031,บริษัท นิยมสำหรวจอุตสาหกรรม จำกัด,ศิรณัฐ นาควงษ์,ขอนแก่น,045 301203
CUST09032,บริษัท ห้างหุ้นส่วนสามัญ ศิวะวรเวทแอนด์ซันส์ จำกัด,คำมั่น ตั้งรบ,สงขลา,020738467
CUST09033,บริษัท บริษัท ถนัดกลึงกรุ๊ป จำกัด จำกัด,คำปลิว เมืองสุข,นครปฐม,+66 5727 8854
CUST09034,บริษัท หจก.แท่นทอง จำกัด,ภควัฒน์ เยาวธนโชค,แม่สอด,045 560324
CUST09035,บริษัท บริษัท ไทไชโย จำกัด จำกัด,มลิวรรณ ตันยา,นครศรีธรรมราช,0 644 677 764
CUST09036,บริษัท บมจ.ธาราธร จำกัด,ภาสวุฒิ ดาบเงิน,สกลนคร,039-844844
CUST09037,บริษัท ห้างหุ้นส่วนสามัญ ไสยกิจโอสถ จำกัด,ภัทรนาฎ อุลหัสสา,อุบลราชธานี,+66 (0) 3213 6787
CUST09038,บริษัท ห้างหุ้นส่วนสามัญ ถนัดรบ จำกัด,ฐิติยาพร นฤภัย,กรุงเทพมหานคร,0990727516
CUST09039,บริษัท บจก.บุณยะภาชน์ จำกัด,วิเชียร ถ้วนศรี,เกาะสมุย,+66 (0) 2974 2286
CUST09040,บริษัท หจก.ศาสตร์ศิลป์ จำกัด,มูฮำมัด เยาวธนโชค,เจ้าพระยาสุรศักดิ์,07 262 4357
CUST09041,บริษัท บริษัท ถนัดอาวุธ จำกัด (มหาชน) จำกัด,ปิยะชาติ ทุมะบุตร์,สมุทรสาคร,041 185053
CUST09042,บริษัท บริษัท ดัตพันธุ์ จำกัด จำกัด,ธนภณ แหยมศิริ,นครสวรรค์,0-4958-3583
CUST09043,บริษัท นวลฉวีเอนเตอรไพรส์ จำกัด,ทรรศนชัย หิรัญสาลี,สุราษฎร์ธานี,02 868 6344
CUST09044,บริษัท มูลนิธิถนิมมาศ จำกัด,ยศพนต์ คณานุรักษ์,พระนครศรีอยุธยา,0 2424 3317
CUST09045,บริษัท บริษัท ถนอมกุลบุตรบรรจุภัณฑ์ จำกัด จำกัด,นาวีตา บุญส่ง,อ้อมน้อย,0 3853 9366
CUST09046,บริษัท บริษัท ถิรสวัสดิ์ จำกัด จำกัด,ใจกลาง ถนอมมนุษย์,แหลมฉบัง,+66 (0) 3532 2749
CUST09047,บริษัท มูลนิธินพตระกูล จำกัด,ปัตถพงษ์ นาถะพินธุ,ตรัง,071205471
CUST09048,บริษัท บริษัท ทองแท้ จำกัด จำกัด,จิราภรณ์ ทหารแท้,รังสิต,087-051-2991
CUST09049,บริษัท บริษัท แก้วอยู่พานิช จำกัด จำกัด,สมพิศ ดาบเงิน,แหลมฉบัง,097 771 2031
CUST09050,บริษัท เตมิยะเดชอินเตอร์เนชั่นแนล จำกัด,อัษฏา เธียรายัน,หาดใหญ่,+664 607 9632
CUST09051,บริษัท ทองสุกเลิศและนิลเสนา จำกัด,สีหราช ฉายแสง,สุราษฎร์ธานี,07 480 1919
CUST09052,บริษัท ธนาคารหนุนสุขอุตสาหกรรม จำกัด จำกัด,อัญชัญ เยาวธนโชค,อุดรธานี,078162292
CUST09053,บริษัท บมจ.หิรัญสาลีอะไหล่ยนต์ จำกัด,วิทูลย์ สุวรรณหงษ์,อุดรธานี,064-008-4481
CUST09054,บริษัท บริษัท บุตราชคอมพิวเตอร์ จำกัด จำกัด,สุรธัช ถนัดอักษร,ปากเกร็ด,0 7174 0583
CUST09055,บริษัท หจก.ธัญาโภชน์ จำกัด,เจตธนากร ดิศดใน,สมุทรปราการ,026229980
CUST09056,บริษัท บริษัท เช้าวันดี จำกัด จำกัด,โสภณ ถาวรายุศม์,ขอนแก่น,+66 7364 3533
CUST09057,บริษัท สมาคมดวงทับทิม จำกัด,ทินพร ชุมวระ,ระยอง,0965205000
CUST09058,บริษัท ถนอมพลและธนรักษ์ จำกัด,พีรพัฒน์ ตัณฑนุช,อ้อมน้อย,+66 7627 1930
CUST09059,บริษัท บริษัท บุญส่งอะไหล่ยนต์ จำกัด (มหาชน) จำกัด,เนติลักษณ์ ไทไชโย,หาดใหญ่,+66 (0) 2514 3682
CUST09060,บริษัท ชมรมพรรษาสกุล จำกัด,พุทธ นฤภัย,สงขลา,02 520 9856
CUST09061,บริษัท บริษัท นุตตาร จำกัด จำกัด,ชัญญานุนาย ดำริห์ชอบ,นนทบุรี,0 4070 9213
CUST09062,บริษัท มูลนิธิตันยา จำกัด,ถนอมชัย เนื่องนนท์,สมุทรสาคร,025-619958
CUST09063,บริษัท บริษัท ถุงเงิน จำกัด จำกัด,มนัส ศิวะวรเวท,ตรัง,0-3973-9807
CUST09064,บริษัท หจก.ธนรักษ์เอนเตอรไพรส์ จำกัด,จิราภรณ์ เณรานุสนธิ์,ลำปาง,0 2671 1587
CUST09065,บริษัท ธรรมฤดีและไสยกิจ จำกัด,วิถี นิระหานี,สกลนคร,0 819 493 251
CUST09066,บริษัท บริษัท เขียวอ่อนอะไหล่ยนต์ จำกัด จำกัด,รภัสพงษ์ ถนัดเดินข่าว,นครปฐม,+66 (0) 956 834 914
CUST09067,บริษัท ชมรมถาวระวรณ์ จำกัด,ศิริญา ขันธุลา,สุราษฎร์ธานี,+66 2355 9929
CUST09068,บริษัท ห้างหุ้นส่วนจำกัด นาคสุทินการช่าง จำกัด,เอนกพงศ์ ไทยสุชาต,ตรัง,+667 190 4113
CUST09069,บริษัท บมจ.ทรัพย์สาร จำกัด,มูฮัมหมัดอิมรอน พรสีมา,เชียงราย,0-2121-9536
CUST09070,บริษัท บริษัท ถนัดรักษากรุ๊ป จำกัด (มหาชน) จำกัด,ปัณณธร กุมารบุญ,นครสวรรค์,080 454 1940
CUST09071,บริษัท ขำเอนกการค้า จำกัด,ภัคศุภางค์ ซาซุม,พระนครศรีอยุธยา,081 726 6368
CUST09072,บริษัท บริษัท หอมพิกุลโอสถ จำกัด จำกัด,ฐิติณัฐฐา นุ่มกัน,สุราษฎร์ธานี,082 631 4942
CUST09073,บริษัท บริษัท บุตดา จำกัด จำกัด,อุษณีย์ นิติสาขา,ตรัง,+66 2958 4067
CUST09074,บริษัท ถนัดรักษาและตระกูลไม้เรียง จำกัด,ศิรณัฐ สาระพันธ์,สงขลา,+66 (0) 4008 6932
CUST09075,บริษัท บริษัท นิยมธรรม จำกัด จำกัด,เพ็ญยุภา เนื้อนุ่ม,สุราษฎร์ธานี,0-5322-5427
CUST09076,บริษัท เนื่องนนท์เฟอนิชชิ่ง จำกัด,สมมล ธาราธร,อุดรธานี,0 3956 8515
CUST09077,บริษัท หจก.แนวพญา จำกัด,กันตวรรณ ศรีอุ่น,รังสิต,0-3568-0823
CUST09078,บริษัท ห้างหุ้นส่วนสามัญ นิละทัตก่อสร้าง จำกัด,สีหราช แนวพนิช,พิษณุโลก,021 012324
CUST09079,บริษัท บริษัท ไสยกิจ จำกัด จำกัด,เพทาย นิละทัต,สกลนคร,0 893 315 841
CUST09080,บริษัท ห้างหุ้นส่วนจำกัด เยาวธนโชค จำกัด,มลิวรรณ บุนยาภิสนท์,พิษณุโลก,054-712321
CUST09081,บริษัท มูลนิธิบุญศล จำกัด,กุลเชษฐ พงศ์ฉบับนภา,อุบลราชธานี,024472037
CUST09082,บริษัท ห้างหุ้นส่วนสามัญ นาคสุทินจิวเวลรี่ จำกัด,เมทนี นาถะพินธุ,แหลมฉบัง,028 691684
CUST09083,บริษัท บริษัท นุตตาร จำกัด จำกัด,นิชนันท์ ตวงทอง,อ้อมน้อย,+66 2615 3306
CUST09084,บริษัท มูลนิธินาควงษ์ จำกัด,ฐิติยาพร ทองอยู่,พิษณุโลก,+664 239 6234
CUST09085,บริษัท บริษัท ซูสารอเฟอร์นิเจอร์ จำกัด จำกัด,โอภาส ด้วงโสน,อุดรธานี,+66 4379 0390
CUST09086,บริษัท หจก.ไชยภา จำกัด,เฉลิมรัตน์ ถนอมพล,รังสิต,027 228465
CUST09087,บริษัท บริษัท โพธิสัตย์เคมิคอล จำกัด จำกัด,สิราพร ขันธุลา,สุราษฎร์ธานี,077 806180
CUST09088,บริษัท บริษัท ถนัดการเขียนมอเตอร์ จำกัด จำกัด,ใจกลาง ตั้งกุลงาม,สงขลา,058039746
CUST09089,บริษัท บริษัท ทองเนื้อดีและเพื่อน จำกัด (มหาชน) จำกัด,กองสิน ตันยา,นครสวรรค์,031159297
CUST09090,บริษัท บจก.ทรงโกมลการบัญชี จำกัด,ภัทรนาฎ เนื้อนุ่ม,นครศรีธรรมราช,+667 738 5995
CUST09091,บริษัท ห้างหุ้นส่วนจำกัด ฉัตรอภิเที่ยงค่ำยานยนต์ จำกัด,วันชนก นรวิทย์โชติกุล,พิษณุโลก,0 699 333 478
CUST09092,บริษัท บริษัท นฤภัย จำกัด จำกัด,มนัญชยา ธนูปกรณ์,ลำปาง,059 104998
CUST09093,บริษัท บริษัท นกทองก่อสร้าง จำกัด จำกัด,สิทธิชัย ธนประทีป,พิษณุโลก,053723827
CUST09094,บริษัท บริษัท คณานุรักษ์เซอร์วิส จำกัด จำกัด,ศุภกรชนา นรวิทย์โชติกุล,แม่สอด,+66 (0) 805 379 821
CUST09095,บริษัท บริษัท ดวงทับทิม จำกัด (มหาชน) จำกัด,กษิดิฐ มิ่งขวัญ,ปากเกร็ด,+66 (0) 3726 3605
CUST09096,บริษัท บมจ.ฉิมพาลีคอมมิวนิเคชั่น จำกัด,จิตตานันท์ ดัตพันธุ์,อุบลราชธานี,0 925 664 712
CUST09097,บริษัท ห้างหุ้นส่วนจำกัด ทรัพย์ธำรงค์ จำกัด,วนาลี นุ่มกัน,นครสวรรค์,041464821
CUST09098,บริษัท นากกนกบริการ จำกัด,สายสุรีย์ ถนัดการเขียน,อุบลราชธานี,0-7475-4893
CUST09099,บริษัท บมจ.ผลบุญภาพยนตร์ จำกัด,ธมน นิลวรรณ,ระยอง,038 740137
CUST09100,บริษัท บริษัท กุมารบุญสโตร์ จำกัด จำกัด,บุญเทียน นรวิทย์โชติกุล,นนทบุรี,+66 (0) 2950 7102
CUST09101,บริษัท ถนัดภาษาและถนัดเดินข่าว จำกัด,จินต์จุฑา ปานสุวรรณ,เชียงใหม่,0 7474 5442
CUST09102,บริษัท บริษัท ถนัดรบ จำกัด จำกัด,เยาวรัตน์ นามเสวตร,สุราษฎร์ธานี,028985353
CUST09103,บริษัท หจก.อุลหัสสา จำกัด,ภานิณี ถนัดอักษร,ระยอง,0600719189
CUST09104,บริษัท ห้างหุ้นส่วนสามัญ เช้าวันดีโอสถ จำกัด,บุญเทียน ทองประดิฐ,เกาะสมุย,+66 997 277 992
CUST09105,บริษัท สหภาพแรงงานแนวพนิช จำกัด,ผดุงชาติ เดชคุ้ม,ปากเกร็ด,+66 4586 4087
CUST09106,บริษัท ห้างหุ้นส่วนจำกัด ถนัดหัตถกรรม จำกัด,สุมัชญา นาคะนคร,แหลมฉบัง,053-094515
CUST09107,บริษัท ห้างหุ้นส่วนจำกัด นครเทพ จำกัด,ญาณพันธุ์ นวลเพ็ง,สมุทรปราการ,0-5671-5651
CUST09108,บริษัท บริษัท ทีฆะ จำกัด จำกัด,ภัคศุภางค์ หอมสิน,ตรัง,052 599641
CUST09109,บริษัท นวลฉวีบริการ จำกัด,ซุกรี ถะเกิงชศ,เจ้าพระยาสุรศักดิ์,047-660446
CUST09110,บริษัท สมาคมนิลสลัว จำกัด,ภารวี เช้าวันดี,ตรัง,0 2204 8432
CUST09111,บริษัท บจก.ร่มธิติรัตน์ จำกัด,จีรยุทธ ขำเอนก,เกาะสมุย,077-457590
CUST09112,บริษัท เยาวธนโชคและศรีเผด็จ จำกัด,นิติยา ถนัดการเขียน,เชียงราย,050476753
CUST09113,บริษัท บริษัท สงประเสริฐ จำกัด จำกัด,ฐิติวุฒิ นาถะเดชะ,สมุทรปราการ,039-763523
CUST09114,บริษัท ห้างหุ้นส่วนจำกัด ธรรมนิยมแพคกิ้ง จำกัด,เกศรา ธรรมเมธา,กรุงเทพมหานคร,058 697830
CUST09115,บริษัท บริษัท นาคพันธุ์และบุตร จำกัด จำกัด,พัชรพร นาคพันธุ์,เกาะสมุย,067 155 1374
CUST09116,บริษัท บริษัท นรวิทย์โชติกุล จำกัด (มหาชน) จำกัด,วัลลภ นับเนื่องนอ,ภูเก็ต,0 3016 1497
CUST09117,บริษัท ฉัพพรรณธนกูรและแถมธน จำกัด,ศดิศ ถนัดรักษา,อุดรธานี,035-380860
CUST09118,บริษัท ห้างหุ้นส่วนจำกัด แท่นทองเคมิคอล จำกัด,จณิสตา ฉายแสง,ภูเก็ต,0694691237
CUST09119,บริษัท บริษัท ศรีเผด็จ จำกัด จำกัด,จินต์จุฑา ถนอมกุลบุตร,แม่สอด,+66 7551 3998
CUST09120,บริษัท ถนอมพลกรังคอมพิวเตอร์ จำกัด,ตรีนุช โพธิสัตย์,เชียงใหม่,+66 4277 3575
CUST09121,บริษัท หจก.เธียรายันอะไหล่ยนต์ จำกัด,พศร นิลวิมล,เชียงราย,+66 (0) 4273 1325
CUST09122,บริษัท บริษัท ถุงเงิน จำกัด (มหาชน) จำกัด,ฐิติณัฐฐา ฉัพพรรณธนกูร,อ้อมน้อย,056 695167
CUST09123,บริษัท ดาบเพ็ชร์เซอร์วิส จำกัด,กระสุน เตชะกำพุ,ปากเกร็ด,+66 (0) 2463 2435
CUST09124,บริษัท หจก.ธนูปกรณ์ จำกัด,ธีร์ธวันาย ทองสุกเลิศ,สกลนคร,0 657 823 418
CUST09125,บริษัท บริษัท ถนัดกลึง จำกัด,สิทธัญ นาถะพินธุ,นนทบุรี,0-4092-6332
CUST09126,บริษัท บริษัท ทองแท้ จำกัด จำกัด,ณัฐญาดา หอมสิน,สมุทรสาคร,0661415219
CUST09127,บริษัท กองทุนรวมนับเนื่องนอ จำกัด จำกัด,พันเกล้า นวลฉวี,ระยอง,+66 963 642 635
CUST09128,บริษัท บจก.ศาสตร์ศิลป์ จำกัด,สมนึก นรวิทย์โชติกุล,นครสวรรค์,+66 997 255 651
CUST09129,บริษัท ธรรมฤดีและดำริห์ชอบ จำกัด,อาแอเสาะ ดาบเงิน,แหลมฉบัง,023-746116
CUST09130,บริษัท มูลนิธิไชยภา จำกัด,สรรเพชญ์ จันทา,ปากเกร็ด,+66 7601 6001
CUST09131,บริษัท บมจ.ขันธุลาวิศวกรรม จำกัด,อารีย์ นะวะมันดร,นครปฐม,047-773944
CUST09132,บริษัท ห้างหุ้นส่วนจำกัด ศรีสัตย์ จำกัด,กรพนธ์ ดิศดใน,เชียงราย,048 852162
CUST09133,บริษัท ห้างหุ้นส่วนจำกัด ถนัดกลึงอินเตอร์เนชั่นแนล จำกัด,สิริรัตน์ คณานุรักษ์,กรุงเทพมหานคร,0-7870-3871
CUST09134,บริษัท ห้างหุ้นส่วนสามัญ นิลวรรณเฟอนิชชิ่ง จำกัด,ฐิตาพร นิยมธรรม,ยะลา,0 7877 5284
CUST09135,บริษัท ธนูปกรณ์และทหารแท้ จำกัด,จณิตตา บุนยาภิสนท์,ขอนแก่น,047-367127
CUST09136,บริษัท ห้างหุ้นส่วนสามัญ ทองอยู่วิศวการ จำกัด,มาโนชญ์ แก้วชลคราม,สกลนคร,036-872639
CUST09137,บริษัท บริษัท ธุวะนุติ์ก่อสร้าง จำกัด จำกัด,เจตพินิษฐ์ เพียยา,เชียงราย,+665 065 3476
CUST09138,บริษัท นุตตาร-พรรษาสกุล จำกัด,ชัชเวศย์ ดาบเพ็ชร์,สกลนคร,07 877 2887
CUST09139,บริษัท ห้างหุ้นส่วนจำกัด ศรีอุ่น จำกัด,โชคภาดล หนุนสุข,กรุงเทพมหานคร,076941599
CUST09140,บริษัท บริษัท ตั้งกุลงามสโตร์ จำกัด จำกัด,โกมล ชุมวระ,ยะลา,+66 (0) 990 800 117
CUST09141,บริษัท บริษัท ฉายแสง จำกัด จำกัด,ประเสริฐ แก้วอยู่,เชียงราย,030-493910
CUST09142,บริษัท ห้างหุ้นส่วนสามัญ แนวพญา จำกัด,ศิรณัฐ พานเกล้า,นครสวรรค์,+663 800 4395
CUST09143,บริษัท บริษัท ธนประทีป จำกัด จำกัด,ทิพรดา ทวีเดช,นครปฐม,+66 5670 6394
CUST09144,บริษัท หสน.ศรีตะวันมอเตอร์ จำกัด,มาสิตะ เขียวอ่อน,เชียงราย,0-7999-6041
CUST09145,บริษัท บริษัท บุนยาภิสนท์บรรจุภัณฑ์ จำกัด จำกัด,เพียงกมล สงประเสริฐ,พระนครศรีอยุธยา,083 086 2178
CUST09146,บริษัท บจก.ถุงเงิน จำกัด,ธัชญา ทองสุกเลิศ,นนทบุรี,+66 907 748 749
CUST09147,บริษัท ศรีวงค์บรรจุภัณฑ์ จำกัด,วรรณนิสา ศรทอง,นนทบุรี,+665 367 4843
CUST09148,บริษัท บุญญาไลย์อุตสาหกรรม จำกัด,ดวงสมร ตัณสถิตย์,นครปฐม,039 684356
CUST09149,บริษัท หจก.ถาวรายุศม์ จำกัด,พิมพ์สุตา ทวนทอง,ขอนแก่น,+663 068 6306
CUST09150,บริษัท บริษัท พรมอ่อน จำกัด จำกัด,นรีกานต์ นครเทพ,สมุทรปราการ,0 2431 5917
CUST09151,บริษัท บจก.ถนัดพิมพการ จำกัด,วิชชากร ร่มธิติรัตน์,กรุงเทพมหานคร,+66 (0) 2600 6675
CUST09152,บริษัท หจก.ถ้วนศรีและเพื่อน จำกัด,ทิพรดา ถนอมกุลบุตร,สกลนคร,068-042-9767
CUST09153,บริษัท สมาคมบุตดา จำกัด,ณัฐพิชา ถนัดภาษา,ระยอง,032-655033
CUST09154,บริษัท บริษัท จันทาเคมิคอล จำกัด จำกัด,ภัคชัญญา ธนรักษ์,สงขลา,074-246808
CUST09155,บริษัท หจก.เดชวาเอนเตอรไพรส์ จำกัด,อณาวิน ทองสีไพล,อุบลราชธานี,+662 633 3639
CUST09156,บริษัท บริษัท นรวิทย์โชติกุลอะไหล่ยนต์ จำกัด จำกัด,สหัสมณี ถนัดอักษร,ระยอง,032 890007
CUST09157,บริษัท ห้างหุ้นส่วนสามัญ เลขะพันธุ์ขนส่ง จำกัด,พีรพัฒน์ หอมสิน,เชียงใหม่,+66 2678 1339
CUST09158,บริษัท บมจ.นวลฉวีโอสถ จำกัด,ธีริสรา แนวพญา,เชียงราย,0-2293-3344
CUST09159,บริษัท บมจ.บุญญาไลย์การช่าง จำกัด,มาสิตะ ศรีวงค์,เจ้าพระยาสุรศักดิ์,0 873 100 124
CUST09160,บริษัท บริษัท ทองสุกเลิศเคมิคอล จำกัด จำกัด,จินต์จุฑา เดชคุ้ม,พิษณุโลก,05 113 2818
CUST09161,บริษัท บริษัท บุญศล จำกัด,เทียมศักดิ์ ตะละภัฏ,สุราษฎร์ธานี,+66 7467 0412
CUST09162,บริษัท บริษัท นรวิทย์โชติกุล จำกัด (มหาชน) จำกัด,จินต์จุฑา ดาบเงิน,เจ้าพระยาสุรศักดิ์,053033124
CUST09163,บริษัท ห้างหุ้นส่วนจำกัด ไทยแท้ จำกัด,นวรรษนันท์ ทองสีไพล,อุบลราชธานี,+66 (0) 3102 8579
CUST09164,บริษัท ห้างหุ้นส่วนจำกัด ทวนทองกรุ๊ป จำกัด,ณาร์รีมาน จ้อยนุแสง,ระยอง,038-674330
CUST09165,บริษัท ห้างหุ้นส่วนจำกัด ชุมวระ จำกัด,ยุภา บุตราช,เชียงใหม่,0 5679 1477
CUST09166,บริษัท บริษัท นิลเสนาเฟอร์นิเจอร์ จำกัด จำกัด,เกียรติศักดิ์ ดุริยพันธุ์,ขอนแก่น,0975455608
CUST09167,บริษัท บมจ.แต้กุล จำกัด,คมกริบ ด้วงโสน,ปากเกร็ด,+66 (0) 5052 0570
CUST09168,บริษัท อัตตนาถ-ทองสินธุ์ จำกัด,ศุภชัย ตัณฑนุช,พระนครศรีอยุธยา,025 833518
CUST09169,บริษัท บริษัท เนื่องนนท์โอสถ จำกัด จำกัด,นิติ ฉายแสง,นครราชสีมา,097 924 3243
CUST09170,บริษัท บริษัท บุนยะตีรณะ จำกัด จำกัด,ขวัญรุ้ง วิลาสินี,นครราชสีมา,+66 (0) 881 949 182
CUST09171,บริษัท บจก.นิลวิมลวิศวกรรม จำกัด,เอกวิทย์ หนักแน่น,ภูเก็ต,03 676 0093
CUST09172,บริษัท บริษัท แน่นดุจป้อม จำกัด (มหาชน) จำกัด,กิติวัฒน์ เนตร์มณี,เชียงใหม่,0 930 906 756
CUST09173,บริษัท สมาคมไทยสุชาต จำกัด,จักรกฤนาย นาฏคายี,ขอนแก่น,0 3540 8986
CUST09174,บริษัท ธีวร-นากกนก จำกัด,นิติยา นิยมธรรม,พระนครศรีอยุธยา,+66 5772 3575
CUST09175,บริษัท หจก.สันตะวงศ์การช่าง จำกัด,กุลดิลก วะคีมัน,นครศรีธรรมราช,057 414090
CUST09176,บริษัท หจก.แจ้งสว่างคอมพิวเตอร์ จำกัด,อุดมลักษณ์ ศรีธนะเวทย์,ลำปาง,0-2450-4415
CUST09177,บริษัท บริษัท ถาวระวรณ์แอนด์ซันส์ จำกัด จำกัด,ปิยะนันท์ นามเสวตร,ยะลา,064 173 0078
CUST09178,บริษัท น้ำทิพย์การบัญชี จำกัด,ศุภกรชนา ดำริห์ชอบ,เชียงใหม่,079-632911
CUST09179,บริษัท ชมรมถนัดอาวุธ จำกัด,ภูมิปัญญา ดีตพันธุ์,สมุทรปราการ,+66 964 820 103
CUST09180,บริษัท ถนัดพิมพการเทรดดิ้ง จำกัด,กษิดิฐ นุชแนวนุ่ม,แหลมฉบัง,05 708 0927
CUST09181,บริษัท ห้างหุ้นส่วนจำกัด พรมอ่อน จำกัด,ปวีณ ตัณสถิตย์,เจ้าพระยาสุรศักดิ์,0 7438 4197
CUST09182,บริษัท บริษัท สังข์กรด จำกัด จำกัด,อุษณีย์ ถนอมพล,หาดใหญ่,0-5935-8804
CUST09183,บริษัท ทีฆะและเพื่อน จำกัด,พชรภรณ์ ชุมวระ,นครศรีธรรมราช,0 811 226 461
CUST09184,บริษัท บริษัท ภูภักดี จำกัด จำกัด,แปลง นาฏคายี,แหลมฉบัง,076 312664
CUST09185,บริษัท ห้างหุ้นส่วนจำกัด ธูปะวิโรจน์ จำกัด,ปฐวีกานต์ แจ้งสว่าง,สงขลา,+66 7069 6787
CUST09186,บริษัท บจก.ฉัตรอภิเที่ยงค่ำ จำกัด,เกริกพล นาคะนคร,นครสวรรค์,061 057 7924
CUST09187,บริษัท บริษัท พรมอ่อนคอมมิวนิเคชั่น จำกัด จำกัด,ฐิติวุฒิ นุชแนวนุ่ม,แหลมฉบัง,04 634 0296
CUST09188,บริษัท ห้างหุ้นส่วนจำกัด ปรีชากุลเศรษฐ์อะไหล่ยนต์ จำกัด,พัชรพร นากกนก,เจ้าพระยาสุรศักดิ์,0 5697 4841
CUST09189,บริษัท ห้างหุ้นส่วนจำกัด ถนิมมาศวิศวการ จำกัด,วิเชียร ดวงทับทิม,ขอนแก่น,+66 891 806 552
CUST09190,บริษัท หจก.จันอ้นเอ็นจิเนียริ่ง จำกัด,อัญพัชร์ ถนัดรบ,สกลนคร,084 609 5502
CUST09191,บริษัท บริษัท ฉัตรอภิเที่ยงค่ำและบุตร จำกัด จำกัด,คำมั่น ถนัดหัตถกรรม,กรุงเทพมหานคร,0-7976-5796
CUST09192,บริษัท ห้างหุ้นส่วนสามัญ ศรีตะวัน จำกัด,จุฑารัตน์ มิ่งขวัญ,อ้อมน้อย,07 478 5904
CUST09193,บริษัท ห้างหุ้นส่วนจำกัด บุญส่ง จำกัด,วันฉัตร แต้กุล,อุบลราชธานี,+66 864 060 230
CUST09194,บริษัท บริษัท แก้วชลคราม จำกัด จำกัด,โสภา งามพิเชษฐ์,นนทบุรี,0 4400 1206
CUST09195,บริษัท นะวะมันดรและแก้วชลคราม จำกัด,โยธิการ์ แหยมศิริ,สกลนคร,085 602 1831
CUST09196,บริษัท บจก.ศรีธนะเวทย์ จำกัด,ภัทรนาฎ แจ้งสว่าง,เจ้าพระยาสุรศักดิ์,+66 5963 6318
CUST09197,บริษัท บริษัท หนักแน่นโอสถ จำกัด (มหาชน) จำกัด,วิกิจ บุตราช,ภูเก็ต,+66 (0) 5283 6206
CUST09198,บริษัท บริษัท ดัตพันธุ์แลบ จำกัด จำกัด,ผดุงชาติ นพคเชนทร์,ตรัง,+66 (0) 7711 5760
CUST09199,บริษัท บริษัท ดัตพันธุ์ จำกัด จำกัด,สิทธิชัย นิยมสำหรวจ,ปากเกร็ด,02 489 8221
CUST09200,บริษัท สมาคมกุมารบุญ จำกัด,สิทธัญ ตะละภัฏ,สมุทรปราการ,+66 955 977 668
CUST09201,บริษัท บริษัท ทวนไชย์ จำกัด จำกัด,วสิตา ธนประทีป,แหลมฉบัง,099-229-2559
CUST09202,บริษัท บริษัท ตรีเภรินทร์บริการ จำกัด (มหาชน) จำกัด,จีราภรณ์ ทำประดู่,เจ้าพระยาสุรศักดิ์,054-616157
CUST09203,บริษัท ถนัดรักษาพานิช จำกัด,ปุณณรัตน์ น้ำทิพย์,เชียงใหม่,0-7721-2155
CUST09204,บริษัท บริษัท นาคสุทินอะไหล่ยนต์ จำกัด จำกัด,ภูวิช นิระหานี,นครศรีธรรมราช,027 466595
CUST09205,บริษัท หจก.ทองสุกเลิศคอมมิวนิเคชั่น จำกัด,จิณภัทตา ธนูปกรณ์,เจ้าพระยาสุรศักดิ์,+664 847 7334
CUST09206,บริษัท หจก.ด้วงโสนเอนเตอรไพรส์ จำกัด,อัญพัชร์ สังข์กรด,รังสิต,0 3529 3604
CUST09207,บริษัท จ้อยนุแสงก่อสร้าง จำกัด,ณัฐติญา พงศ์ฉบับนภา,สงขลา,+662 083 1908
CUST09208,บริษัท บริษัท ไชยภา จำกัด จำกัด,สุชิน ดาตู,เชียงราย,+66 3529 7528
CUST09209,บริษัท ชมรมทรัพย์สาร จำกัด,อริสรา นิลสลัว,กรุงเทพมหานคร,+66 (0) 867 698 992
CUST09210,บริษัท หจก.ธัญเสถียรพืชผล จำกัด,ฉัตรปรียา บุณยะภาชน์,สงขลา,070511626
CUST09211,บริษัท ห้างหุ้นส่วนจำกัด โพธิสัตย์ จำกัด,จิม อุลหัสสา,พัทยา,0943034291
CUST09212,บริษัท ร่มธิติรัตน์คอมพิวเตอร์ จำกัด,ภานิณี นาคสุทิน,อุดรธานี,045222407
CUST09213,บริษัท บริษัท นาคพันธุ์อุตสาหกรรม จำกัด (มหาชน) จำกัด,ทวีวัฒน์ ทองประดิฐ,ยะลา,069 097 5662
CUST09214,บริษัท บริษัท ธุวะนุติ์โอสถ จำกัด จำกัด,กรพนธ์ ฉัพพรรณธนกูร,นครศรีธรรมราช,+66 (0) 3615 3129
CUST09215,บริษัท บริษัท นาคพันธุ์จิวเวลรี่ จำกัด จำกัด,เนติลักษณ์ ตะละภัฏ,เชียงใหม่,049-790847
CUST09216,บริษัท บริษัท ถมังรักษสัตว์เฟอร์นิเจอร์ จำกัด (มหาชน) จำกัด,นพวรรณ ตราชู,เชียงใหม่,043757506
CUST09217,บริษัท สมาคมไทไชโย จำกัด,ณัฐวรินทร ดิสกะประกาย,ระยอง,020-814237
CUST09218,บริษัท บริษัท ถนัดเดินข่าว จำกัด จำกัด,สรายุทธ ธรรมสถิตไพศาล,นครศรีธรรมราช,053-732605
CUST09219,บริษัท ห้างหุ้นส่วนจำกัด ดาตู จำกัด,ดวงจันทร์ นักสำหรวจ,เชียงราย,047926730
CUST09220,บริษัท บริษัท ถนอมพลแอนด์ซันส์ จำกัด (มหาชน) จำกัด,บุญญามี ศรีตะวัน,สงขลา,+66 3642 8963
CUST09221,บริษัท ห้างหุ้นส่วนจำกัด ตรีครุธพันธุ์อุตสาหกรรม จำกัด,อินทรีย์ วาทา,เจ้าพระยาสุรศักดิ์,+66 (0) 619 385 240
CUST09222,บริษัท หจก.เตชะกำพุวิศวกรรม จำกัด,นัฐพล ทองแท้,เชียงราย,032 588929
CUST09223,บริษัท บจก.ติระคมน์กลการ จำกัด,มัตติกา นิลวิมล,แหลมฉบัง,0-7005-0856
CUST09224,บริษัท บจก.บินดีจิวเวลรี่ จำกัด,สุมัชญา ฉายแสง,ขอนแก่น,+663 753 9309
CUST09225,บริษัท บริษัท นักรบคอมพิวเตอร์ จำกัด จำกัด,ซูรัยดา แจ้งสว่าง,อุดรธานี,024-357392
CUST09226,บริษัท ดุริยพันธุ์และธรรมสถิตไพศาล จำกัด,ผดุงชาติ ถนัดอักษร,นครสวรรค์,+66 (0) 2059 6496
CUST09227,บริษัท หจก.ถนอมพลกรัง จำกัด,น้ำเพชร บุนยะศัพท์,เกาะสมุย,03 864 4401
CUST09228,บริษัท บริษัท ถนัดรบการบัญชี จำกัด จำกัด,กุลภาวลัย ดาวอร่าม,ภูเก็ต,0 3814 2126
CUST09229,บริษัท ห้างหุ้นส่วนจำกัด ถนัดการเขียน จำกัด,กรพนธ์ ดวงทับทิม,ยะลา,066-493-3934
CUST09230,บริษัท บริษัท ดำริห์ชอบ จำกัด,ธีราทัต ขันธุลา,กรุงเทพมหานคร,0 934 117 066
CUST09231,บริษัท บริษัท ขันธุลาการค้า จำกัด จำกัด,ทิมาภรณ์ ศรีอุ่น,นนทบุรี,+664 737 7000
CUST09232,บริษัท ห้างหุ้นส่วนจำกัด บุตราช จำกัด,ภาสวุฒิ พีระเพ็ญกุล,รังสิต,07 050 0252
CUST09233,บริษัท ตั้งเผ่าและแก้วอยู่ จำกัด,คมคาย ทรัพย์ธำรงค์,กรุงเทพมหานคร,0-2352-4708
CUST09234,บริษัท บมจ.นาคะนคร จำกัด,จินต์จุฑา ติระคมน์,กรุงเทพมหานคร,+66 (0) 847 331 676
CUST09235,บริษัท ห้างหุ้นส่วนจำกัด แก้วชลครามเซอร์วิส จำกัด,วิรศักดิ์ เลิศกิ่ง,สมุทรสาคร,+663 146 0157
CUST09236,บริษัท บจก.นิลเสนา จำกัด,วสิตา ถนัดการเขียน,นครศรีธรรมราช,043 458179
CUST09237,บริษัท หจก.ฉัพพรรณธนกูร จำกัด,ปิยบุตร ทองสุกเลิศ,พระนครศรีอยุธยา,+66 3489 0816
CUST09238,บริษัท บริษัท นุ่มกัน จำกัด จำกัด,ปิยวดี ตั้งเผ่า,อุดรธานี,+663 798 4680
CUST09239,บริษัท บริษัท ดาบเงิน จำกัด (มหาชน) จำกัด,ฮามีย๊ะ นาถะพินธุ,นครศรีธรรมราช,+66 952 066 091
CUST09240,บริษัท ผลบุญและบุตร จำกัด,แปลง ธนประทีป,สุราษฎร์ธานี,079866156
CUST09241,บริษัท มูลนิธิตัณสถิตย์ จำกัด,ไชยภพ พงศ์ฉบับนภา,อุบลราชธานี,+66 (0) 3280 6350
CUST09242,บริษัท ห้างหุ้นส่วนจำกัด ถาวรายุศม์ จำกัด,ราชัน ไทยสุชาต,ระยอง,0 5431 7761
CUST09243,บริษัท มูลนิธิมนทอง จำกัด,ศุภกรชนา นิลเสนา,นนทบุรี,+664 629 0367
CUST09244,บริษัท บริษัท ซาซุม จำกัด จำกัด,วิสาร ภูภักดี,สุราษฎร์ธานี,0-3090-6510
CUST09245,บริษัท บมจ.ตันยา จำกัด,ธนวันต์ ยางสวย,ปากเกร็ด,0-7995-7464
CUST09246,บริษัท บริษัท จันทาเอเยนซี จำกัด จำกัด,ปุณณรัตน์ นุตตาร,นนทบุรี,0 3987 2002
CUST09247,บริษัท มูลนิธิจันอ้น จำกัด,ภานุวัตร นิยมธรรม,พระนครศรีอยุธยา,084-862-0102
CUST09248,บริษัท บริษัท พรรษาสกุลซัพพลาย จำกัด จำกัด,จิม ธัญเสถียร,เจ้าพระยาสุรศักดิ์,026565696
CUST09249,บริษัท บริษัท ไสยกิจก่อสร้าง จำกัด จำกัด,พีระพงศ์พันธ์ นามเสวตร,เจ้าพระยาสุรศักดิ์,+66 634 675 822
CUST09250,บริษัท บริษัท เขียวขุ้ยวิศวการ จำกัด (มหาชน) จำกัด,สุรธัช อุลหัสสา,ตรัง,027-208128
CUST09251,บริษัท บจก.ไสยกิจอิมปอร์ตเอ็กซปอร์ต จำกัด,ยศวัฒน์ ทำประดู่,อุดรธานี,025 276919
CUST09252,บริษัท ถนัดภาษาเทรดดิ้ง จำกัด,อธิตยา สงประเสริฐ,เกาะสมุย,0-4326-7227
CUST09253,บริษัท บริษัท แน่นดุจป้อม จำกัด (มหาชน) จำกัด,วรินทธิ์ธร ถาวรายุศม์,ลำปาง,086 405 4169
CUST09254,บริษัท ห้างหุ้นส่วนจำกัด งามพิเชษฐ์เซอร์วิส จำกัด,อิสรันดร์ ไทยแท้,นนทบุรี,032-801454
CUST09255,บริษัท บจก.น้ำทิพย์เทรดดิ้ง จำกัด,วิสาร เยาวธนโชค,รังสิต,+66 2944 4856
CUST09256,บริษัท สมาคมนะวะมันดร จำกัด,โสภณ เลขะพันธุ์,ภูเก็ต,0 957 260 454
CUST09257,บริษัท ถนัดหัตถกรรมและเพื่อน จำกัด,ธีรวุฒิ ถ้วนศรี,เชียงใหม่,+66 5202 7220
CUST09258,บริษัท หจก.ฉิมพาลี จำกัด,โชคภาดล นิลวรรณ,แหลมฉบัง,041 584012
CUST09259,บริษัท หจก.ดิสกะประกายพืชผล จำกัด,สุทกร อัตตนาถ,หาดใหญ่,0826938121
CUST09260,บริษัท ถนอมพลและถนัดหัตถกรรม จำกัด,ศภัคชคง สุวรรณหงษ์,ตรัง,076-068972
CUST09261,บริษัท นรวิทย์โชติกุลและนรวิทย์โชติกุล จำกัด,ปิยวดี สุวรรณหงษ์,อุดรธานี,062 518 9874
CUST09262,บริษัท บริษัท น้ำทิพย์เอนเตอรไพรส์ จำกัด จำกัด,ไพสิฐ คำลือ,สุราษฎร์ธานี,+66 (0) 802 741 249
CUST09263,บริษัท หจก.ไทยสุชาตโอสถ จำกัด,วิพุธ ธุวะนุติ์,นครราชสีมา,020592787
CUST09264,บริษัท บจก.ทองลาภ จำกัด,พิมพ์ประภา เดชวา,หาดใหญ่,073-337633
CUST09265,บริษัท หจก.ถุงเงินบรรจุภัณฑ์ จำกัด,จันทภา ทรัพย์สาร,นครสวรรค์,0684070970
CUST09266,บริษัท ตันตราจิณและนกทอง จำกัด,นิติยา แก้วอยู่,นครสวรรค์,+66 4095 3816
CUST09267,บริษัท หจก.ถุงเงินเซอร์วิส จำกัด,ปริญญา นวลเพ็ง,ขอนแก่น,0-5725-2007
CUST09268,บริษัท ชมรมตะละภัฏ จำกัด,ผดุงพล นาถะเดชะ,ยะลา,+66 (0) 3260 8390
CUST09269,บริษัท บริษัท ตั้งรบ จำกัด จำกัด,ชิดชนก พีระเพ็ญกุล,ยะลา,02 921 1723
CUST09270,บริษัท บริษัท ถิรสวัสดิ์ จำกัด จำกัด,คมคาย ถนัดอาวุธ,เจ้าพระยาสุรศักดิ์,073 532098
CUST09271,บริษัท บมจ.พรมอ่อน จำกัด,เนตรฤดี ไตรบรรพ,แม่สอด,020829362
CUST09272,บริษัท บมจ.ถนัดการยนต์ จำกัด,มาสิตะ ตรีครุธพันธุ์,พิษณุโลก,061-318-5577
CUST09273,บริษัท ทองประดิฐและขันธุลา จำกัด,นิวิลดาน นิลวรรณ,นนทบุรี,066 627 6620
CUST09274,บริษัท บริษัท ถาวระวรณ์ จำกัด,พุทธ ทรัพย์สาร,นครศรีธรรมราช,0-7691-0487
CUST09275,บริษัท ห้างหุ้นส่วนจำกัด แก้วอยู่ จำกัด,ผกาทิพย์ เมืองสุข,สุราษฎร์ธานี,+662 212 3095
CUST09276,บริษัท ยางสวยและสุวรรณหงษ์ จำกัด,นันทวรรณ ไสยกิจ,สุราษฎร์ธานี,03 380 5126
CUST09277,บริษัท บริษัท ราชมณีพืชผล จำกัด (มหาชน) จำกัด,อัญชิษฐา นรวิทย์โชติกุล,พิษณุโลก,+66 3635 7883
CUST09278,บริษัท ศรีวงค์-หนุนสุข จำกัด,วิเชียร ศรีเผด็จ,หาดใหญ่,076923971
CUST09279,บริษัท ผลบุญและศรีอุ่น จำกัด,สิราพร แนวพญา,นครสวรรค์,+66 5298 5139
CUST09280,บริษัท บมจ.แนวพนิชพืชผล จำกัด,สิริลัดดา ทองอยู่,นนทบุรี,0 937 283 219
CUST09281,บริษัท ห้างหุ้นส่วนสามัญ นกทอง จำกัด,แปลง นาถะพินธุ,รังสิต,0-3833-3960
CUST09282,บริษัท บริษัท นพตระกูลโอสถ จำกัด จำกัด,จีราภรณ์ บุตดา,พัทยา,+664 226 1912
CUST09283,บริษัท บริษัท ตั้งกุลงาม จำกัด (มหาชน) จำกัด,พรชีวิน ศรีธนะเวทย์,สมุทรสาคร,+665 720 5454
CUST09284,บริษัท นิระหานี-ธรรมเมธา จำกัด,อุดมลักษณ์ นวลเพ็ง,หาดใหญ่,0-2590-1219
CUST09285,บริษัท ห้างหุ้นส่วนจำกัด ตวันเยี่ยมและเพื่อน จำกัด,นิติ ขันธุลา,ระยอง,079-097131
CUST09286,บริษัท บริษัท ทับทิมไทยมอเตอร์ จำกัด (มหาชน) จำกัด,เกริกพล คณานุรักษ์,พัทยา,+66 2400 7304
CUST09287,บริษัท ห้างหุ้นส่วนจำกัด นิษประปัญจ์ จำกัด,พศร นาฏคายี,ขอนแก่น,+66 (0) 2295 4800
CUST09288,บริษัท บจก.ทหารแท้เซอร์วิส จำกัด,สมมล ด้วงโสน,สุราษฎร์ธานี,0 7015 0691
CUST09289,บริษัท บริษัท สงประเสริฐ จำกัด จำกัด,สุรนัย แต้กุล,ตรัง,0 4610 0667
CUST09290,บริษัท ห้างหุ้นส่วนจำกัด นะวะมันดร จำกัด,สมเกียรติ ถิรสวัสดิ์,ปากเกร็ด,080 733 8500
CUST09291,บริษัท ห้างหุ้นส่วนจำกัด บุนยะตีรณะการบัญชี จำกัด,ชัชเวศย์ เขียวขุ้ย,สกลนคร,0998906711
CUST09292,บริษัท หจก.บัวเผื่อน จำกัด,ชนิศา นิยมธรรม,สงขลา,065-266-1519
CUST09293,บริษัท บริษัท แท่นทองอินเตอร์เนชั่นแนล จำกัด จำกัด,วรดาพร เนตร์มณี,แหลมฉบัง,05 274 9853
CUST09294,บริษัท ห้างหุ้นส่วนจำกัด ทองอยู่ จำกัด,อนุวัช นฤทุกข์,อ้อมน้อย,026 792280
CUST09295,บริษัท บจก.นุตตารยานยนต์ จำกัด,กุลปรียา พานเกล้า,ภูเก็ต,078 493447
CUST09296,บริษัท อุ่นอก-แนวพนิช จำกัด,พิมพ์สุดา ถมังรักษสัตว์,เกาะสมุย,049 444588
CUST09297,บริษัท ชมรมถนัดการยนต์ จำกัด,โชติวุฒิ หนุนสุข,หาดใหญ่,+665 440 5948
CUST09298,บริษัท ห้างหุ้นส่วนจำกัด ถนอมพล จำกัด,ฟารินี นิษประปัญจ์,ขอนแก่น,+664 812 3609
CUST09299,บริษัท บริษัท นิลสลัว จำกัด จำกัด,ยุศรอน นาฏคายี,อุบลราชธานี,+667 872 9633
CUST09300,บริษัท บริษัท ฉายแสง จำกัด จำกัด,ณัฐธภรณ์ ทรงโกมล,แม่สอด,+66 972 799 938
CUST09301,บริษัท ห้างหุ้นส่วนสามัญ หนักแน่น จำกัด,พิชญ์สินี ทศโยธิน,ตรัง,0 2503 5647
CUST09302,บริษัท สมาคมทันยุค จำกัด,นพวรรณ ทุมะบุตร์,เชียงราย,+66 (0) 4502 5305
CUST09303,บริษัท ห้างหุ้นส่วนสามัญ ทหารแท้ จำกัด,ศศิธร ธรรมทินนา,สกลนคร,+66 819 062 586
CUST09304,บริษัท บริษัท ตั้งกุลงามกรุ๊ป จำกัด จำกัด,ทิพรดา ตัณฑนุช,ลำปาง,0-7048-5194
CUST09305,บริษัท บริษัท ตะละภัฏซัพพลาย จำกัด จำกัด,ปัณณวัชร ตระกูลบุญ,เจ้าพระยาสุรศักดิ์,067 608 5343
CUST09306,บริษัท บริษัท นำธวัช จำกัด จำกัด,จิณภัทตา ทองเนื้อดี,อุบลราชธานี,+66 (0) 5654 6613
CUST09307,บริษัท บริษัท ตั้งรบ จำกัด จำกัด,เทพนารี ทองเนื้อดี,เชียงราย,+66 4255 8551
CUST09308,บริษัท บริษัท ทศโยธิน จำกัด จำกัด,ถนอมชัย ไทยแท้,สมุทรสาคร,0-2317-5825
CUST09309,บริษัท ศรีธนะเวทย์-ถนอมมนุษย์ จำกัด,สิทธัญ แน่นดุจป้อม,สมุทรสาคร,058-570965
CUST09310,บริษัท สมาคมทศโยธิน จำกัด,จิณภัทตา ปานสุวรรณ,รังสิต,0-7979-3109
CUST09311,บริษัท บริษัท ศิวะวรเวทวิศวกรรม จำกัด จำกัด,นิรันดร์ ธูปหอม,อุบลราชธานี,+66 610 765 138
CUST09312,บริษัท บจก.นาถะเดชะและเพื่อน จำกัด,จิรวิทย์ เขียวอ่อน,เชียงราย,057 083840
CUST09313,บริษัท เตมิยะเดชคอนสตรัคชั่น จำกัด,สุภัทริดา บุณยะภาชน์,กรุงเทพมหานคร,055596809
CUST09314,บริษัท ห้างหุ้นส่วนสามัญ บัวเผื่อน จำกัด,ปัญญาพร โพธิสัตย์,แหลมฉบัง,+667 074 3719
CUST09315,บริษัท บจก.ศรทองวิศวการ จำกัด,รมิตา นิยมเซียม,พระนครศรีอยุธยา,+66 (0) 7292 3905
CUST09316,บริษัท นาถะพินธุแอนด์ซันส์ จำกัด,ราชพฤกษ์ นาถะพินธุ,นครศรีธรรมราช,+667 890 6589
CUST09317,บริษัท บริษัท ประจันตะเสนอะไหล่ยนต์ จำกัด จำกัด,มัตติกา ตันเผ่า,หาดใหญ่,031-731460
CUST09318,บริษัท บจก.นิระหานี จำกัด,ฉลองชัย ด้วงโสน,เจ้าพระยาสุรศักดิ์,065 852 7799
CUST09319,บริษัท ห้างหุ้นส่วนจำกัด ถนัดพิมพการแอนด์ซันส์ จำกัด,มัตติกา ยะผา,กรุงเทพมหานคร,0 5104 4235
CUST09320,บริษัท บริษัท ยะผาและเพื่อน จำกัด จำกัด,ดารุนี ถนัดเดินข่าว,พระนครศรีอยุธยา,043 480153
CUST09321,บริษัท บุญญาภิรมย์และบุตร จำกัด,ณัฐจศักดิ์ ทหารแท้,ตรัง,+66 (0) 5933 8192
CUST09322,บริษัท นุตตารจิวเวลรี่ จำกัด,ภูวิช ถาวรายุศม์,อุดรธานี,0 605 850 215
CUST09323,บริษัท บจก.ถนัดภาษากรุ๊ป จำกัด,กุลดิลก ร่มธิติรัตน์,เกาะสมุย,+66 (0) 5572 8697
CUST09324,บริษัท บริษัท เนื่องนนท์พานิช จำกัด จำกัด,กุลภาวลัย ดาตู,นครสวรรค์,0 4318 0753
CUST09325,บริษัท ห้างหุ้นส่วนสามัญ ดาบเงินเซอร์วิส จำกัด,พุทธิพงษ์ ทศโยธิน,ขอนแก่น,0943360333
CUST09326,บริษัท มูลนิธิแนวพญา จำกัด,ปิยะชาติ ธรรมทินนา,เชียงใหม่,+66 (0) 664 648 147
CUST09327,บริษัท บริษัท ไม้แดงภาพยนตร์ จำกัด จำกัด,โกวิทย์ ธนูปกรณ์,ขอนแก่น,040-266028
CUST09328,บริษัท สมาคมฉิมพาลี จำกัด,อณาวิน วะคีมัน,หาดใหญ่,052989808
CUST09329,บริษัท บริษัท หิรัญสาลี จำกัด (มหาชน) จำกัด,พุทธิพงษ์ ตระกูลไม้เรียง,ปากเกร็ด,055 588453
CUST09330,บริษัท บริษัท ทรัพย์ธำรงค์เฟอร์นิเจอร์ จำกัด จำกัด,เกียรติก้อง เนื่องนนท์,พิษณุโลก,0927264068
CUST09331,บริษัท ห้างหุ้นส่วนจำกัด นุตตาร จำกัด,เกริกพล นกทอง,นครศรีธรรมราช,+665 434 3559
CUST09332,บริษัท บจก.ด้วงโสนแอนด์ซันส์ จำกัด,แกมแพร ถนอมมนุษย์,ภูเก็ต,+66 (0) 4476 1591
CUST09333,บริษัท บมจ.นพคเชนทร์สโตร์ จำกัด,ศรายุธ พานเกล้า,เชียงราย,+667 028 3715
CUST09334,บริษัท นานายนมอเตอร์ จำกัด,เขมจิรา ทัศนสุทธิ,สมุทรสาคร,024-278530
CUST09335,บริษัท นฤทุกข์และถิรสวัสดิ์ จำกัด,สุรธัช ขำเอนก,แม่สอด,0-5195-4365
CUST09336,บริษัท ธูปหอม-ภูภักดี จำกัด,ธีริสรา บุนยาภิสนท์,นครราชสีมา,+66 (0) 5571 7137
CUST09337,บริษัท ห้างหุ้นส่วนจำกัด ยางสวย จำกัด,มาโนชญ์ นานายน,สกลนคร,0-2592-0814
CUST09338,บริษัท บจก.ถนัดเดินข่าวเอ็นจิเนียริ่ง จำกัด,ปภาวรินทร์ ถมังรักษสัตว์,อ้อมน้อย,+66 (0) 812 599 270
CUST09339,บริษัท สมาคมสังข์กรด จำกัด,เรืองเกียรติ หอมสิน,นครสวรรค์,0815665994
CUST09340,บริษัท บริษัท แจ้งสว่างก่อสร้าง จำกัด (มหาชน) จำกัด,ภควัฒน์ แก้วชลคราม,พิษณุโลก,+66 (0) 5393 1906
CUST09341,บริษัท ธรรมฤดี-ดาบเพ็ชร์ จำกัด,จันทภา ติณรัตน์,กรุงเทพมหานคร,+663 536 6385
CUST09342,บริษัท สหภาพแรงงานยะผา จำกัด,สิรวัฒน์ พรมอ่อน,แหลมฉบัง,+663 666 7550
CUST09343,บริษัท มูลนิธิถนัดพิมพการ จำกัด,บุญเอก ชำนาญวาด,เจ้าพระยาสุรศักดิ์,+662 245 2349
CUST09344,บริษัท บริษัท ชุมวระภาพยนตร์ จำกัด จำกัด,ธีร์ธวันาย ธีวร,เชียงใหม่,083 235 2124
CUST09345,บริษัท พงศ์ฉบับนภา-เพียยา จำกัด,สุรธัช ยาปะโลหิต,ภูเก็ต,059992795
CUST09346,บริษัท บริษัท ธรรมนิยม จำกัด จำกัด,เพ็ญยุภา จันทา,รังสิต,036 912190
CUST09347,บริษัท ถนัดรักษาและบัวเผื่อน จำกัด,ดวงจันทร์ เตชะกำพุ,ภูเก็ต,038-483464
CUST09348,บริษัท ห้างหุ้นส่วนจำกัด นาถะเดชะสโตร์ จำกัด,ผกาทิพย์ วิลาสินี,สมุทรปราการ,030780725
CUST09349,บริษัท หสน.นาควงษ์บริการ จำกัด,รัฐพงษ์ เณรานุสนธิ์,สกลนคร,080 516 2427
CUST09350,บริษัท บมจ.แถมธนมอเตอร์ จำกัด,ทิมาภรณ์ เลขะพันธุ์,ลำปาง,022845263
CUST09351,บริษัท ห้างหุ้นส่วนจำกัด ทองสุกเลิศ จำกัด,พิศพรรณ พีระเพ็ญกุล,แหลมฉบัง,099 786 9111
CUST09352,บริษัท บริษัท สุวรรณหงษ์ยานยนต์ จำกัด จำกัด,ปิยนาฎ ตระกูลบุญ,สกลนคร,02 968 9128
CUST09353,บริษัท บริษัท มิ่งขวัญ จำกัด,สโรชา เพียยา,เกาะสมุย,0-7903-2632
CUST09354,บริษัท สมาคมเลขะพันธุ์ จำกัด,เสรี นับเนื่องนอ,นครศรีธรรมราช,+66 7598 3888
CUST09355,บริษัท ห้างหุ้นส่วนจำกัด สุวรรณหงษ์แลบ จำกัด,มะสูเกียน ตันตราจิณ,อ้อมน้อย,0889948782
CUST09356,บริษัท บริษัท ไชยภา จำกัด จำกัด,อณาวิน ขุนดำ,นครราชสีมา,044072068
CUST09357,บริษัท ห้างหุ้นส่วนจำกัด ศิวะวรเวท จำกัด,นิภา นำธวัช,นครราชสีมา,0-2477-9007
CUST09358,บริษัท ห้างหุ้นส่วนจำกัด ธรรมสถิตไพศาลบรรจุภัณฑ์ จำกัด,กิติวัฒน์ จันอ้น,อุบลราชธานี,093-282-7993
CUST09359,บริษัท ห้างหุ้นส่วนจำกัด ตะละภัฏ จำกัด,ศรลักษณ์ ทวีเดช,หาดใหญ่,087 607 3198
CUST09360,บริษัท บริษัท บุนยะศัพท์ จำกัด จำกัด,ปิยวดี เช้าวันดี,สมุทรปราการ,042 881722
CUST09361,บริษัท ห้างหุ้นส่วนจำกัด ภูภักดี จำกัด,กะดิรัตน์ ติระคมน์,หาดใหญ่,+66 (0) 612 274 250
CUST09362,บริษัท ห้างหุ้นส่วนจำกัด ภูภักดีจิวเวลรี่ จำกัด,ธีรวัช เดชวา,นครปฐม,+662 092 2109
CUST09363,บริษัท บริษัท งามพิเชษฐ์จิวเวลรี่ จำกัด (มหาชน) จำกัด,วิรชัย ธูปะวิโรจน์,อุดรธานี,+66 940 173 887
CUST09364,บริษัท บมจ.น้ำทิพย์ จำกัด,ใกล้รุ่ง เช้าวันดี,สมุทรสาคร,+662 128 5065
CUST09365,บริษัท บริษัท ธรรมสถิตไพศาลกลการ จำกัด จำกัด,เอกอธิพงษ์ ร่มธิติรัตน์,ลำปาง,056657514
CUST09366,บริษัท ห้างหุ้นส่วนจำกัด วิลาสินี จำกัด,สุชิน จันทา,สกลนคร,091 858 0521
CUST09367,บริษัท บมจ.ธรรมนิยม จำกัด,วรศาสส์ ถาวระวรณ์,ลำปาง,+66 955 074 874
CUST09368,บริษัท เขียวอ่อนซัพพลาย จำกัด,กิติกานต์ เพียยา,สกลนคร,052923697
CUST09369,บริษัท ห้างหุ้นส่วนจำกัด ถุงเงินคอนสตรัคชั่น จำกัด,ปิ่นบุญญา ดาบเงิน,ลำปาง,+66 822 231 744
CUST09370,บริษัท ห้างหุ้นส่วนสามัญ พรสีมา จำกัด,ฐิติณัฐฐา ติณรัตน์,แหลมฉบัง,0 3657 7763
CUST09371,บริษัท ถิรสวัสดิ์บริการ จำกัด,ณัฐวรินทร ดาวอร่าม,รังสิต,+66 (0) 883 181 257
CUST09372,บริษัท บริษัท ทองสุกเลิศแลบ จำกัด จำกัด,จีรยุทธ นิลวิมล,เจ้าพระยาสุรศักดิ์,0-3928-8963
CUST09373,บริษัท ห้างหุ้นส่วนสามัญ เตมิยะเดชก่อสร้าง จำกัด,กนกเนตร นำธวัช,อ้อมน้อย,+66 (0) 957 119 162
CUST09374,บริษัท บมจ.ถาวรรัตนเอ็นจิเนียริ่ง จำกัด,ปิยนาฎ ธนูปกรณ์,อุดรธานี,052 867164
CUST09375,บริษัท บริษัท นะวะมันดร จำกัด จำกัด,สมเกียรติ เธียรายัน,นครศรีธรรมราช,+66 948 465 352
CUST09376,บริษัท ห้างหุ้นส่วนจำกัด ทีฆะเอ็นจิเนียริ่ง จำกัด,พันธุ์เทพ นิษประปัญจ์,สมุทรปราการ,0899622937
CUST09377,บริษัท หสน.วะคีมัน จำกัด,นิรุตต์ นกทอง,ปากเกร็ด,0 912 807 963
CUST09378,บริษัท ห้างหุ้นส่วนสามัญ ดิศดใน จำกัด,อาภัศรา ดุษฎีวนิช,นครศรีธรรมราช,0-2801-6418
CUST09379,บริษัท หจก.บุญญาไลย์เอนเตอรไพรส์ จำกัด,ฐิติวุฒิ ขำเอนก,กรุงเทพมหานคร,+662 821 7839
CUST09380,บริษัท บริษัท เตชะกำพุอุตสาหกรรม จำกัด (มหาชน) จำกัด,นารดา ดิศดใน,อุดรธานี,0 5291 4936
CUST09381,บริษัท หจก.นวลเพ็งโอสถ จำกัด,นัสรุน หนุนสุข,ลำปาง,061-638-3020
CUST09382,บริษัท ห้างหุ้นส่วนจำกัด ทรัพย์สาร จำกัด,อณัฐตา ทองเนื้อดี,พิษณุโลก,098 499 5516
CUST09383,บริษัท บริษัท ศรทอง จำกัด (มหาชน) จำกัด,โกมล มิ่งขวัญ,นครปฐม,0 3509 2286
CUST09384,บริษัท บริษัท เมืองสุข จำกัด จำกัด,พันเทพ น้ำทิพย์,นครราชสีมา,0 3739 9528
CUST09385,บริษัท บจก.ยะผาและเพื่อน จำกัด,ธีร์ธวันาย บุณยะภาชน์,ลำปาง,+66 5791 8349
CUST09386,บริษัท ห้างหุ้นส่วนสามัญ แจ้งสว่างจิวเวลรี่ จำกัด,ทิพย์วารี นะวะมันดร,หาดใหญ่,+66 2059 1392
CUST09387,บริษัท ห้างหุ้นส่วนจำกัด ถนัดหัตถกรรม จำกัด,ประจิน ทหารแท้,อุบลราชธานี,03 380 1868
CUST09388,บริษัท ห้างหุ้นส่วนจำกัด นาถะพินธุซัพพลาย จำกัด,ทิมาภรณ์ ทองสีไพล,กรุงเทพมหานคร,031 543641
CUST09389,บริษัท บมจ.เนตร์มณี จำกัด,หฤทัย ซูสารอ,แหลมฉบัง,0 4115 4870
CUST09390,บริษัท หจก.นพตระกูลก่อสร้าง จำกัด,ศศิยา อุลหัสสา,ปากเกร็ด,029 746511
CUST09391,บริษัท ธนาคารซาซุม จำกัด จำกัด,เกษตร ทวนไชย์,ลำปาง,+66 609 090 509
CUST09392,บริษัท ห้างหุ้นส่วนจำกัด ทองปากน้ำคอมมิวนิเคชั่น จำกัด,สิริลัดดา เยาวธนโชค,พัทยา,07 600 7515
CUST09393,บริษัท บริษัท อุ่นอก จำกัด จำกัด,กรพนธ์ หอมพิกุล,อุดรธานี,+66 5627 7098
CUST09394,บริษัท บริษัท ไม้แดง จำกัด จำกัด,ประวี ทองแท้,ภูเก็ต,074 647027
CUST09395,บริษัท หจก.ทองปากน้ำคอมพิวเตอร์ จำกัด,สมเกียรติ กุมารบุญ,พระนครศรีอยุธยา,026 712666
CUST09396,บริษัท บริษัท พรมอ่อนสโตร์ จำกัด (มหาชน) จำกัด,คมสัน ศรีเผด็จ,นนทบุรี,079 632212
CUST09397,บริษัท ห้างหุ้นส่วนจำกัด นฤภัยการช่าง จำกัด,ปฐม นฤทุกข์,อุดรธานี,0-7795-3199
CUST09398,บริษัท ธนาคารฉัตรอภิเที่ยงค่ำ จำกัด จำกัด,ศุภนุนาย งามพิเชษฐ์,นครสวรรค์,0 2730 7263
CUST09399,บริษัท บริษัท นพคเชนทร์ จำกัด จำกัด,เทอดศักดิ์ หิรัญสาลี,รังสิต,043 013623
CUST09400,บริษัท บริษัท ศรีวงค์ จำกัด จำกัด,กวีฉัฏฐ นกทอง,เชียงราย,+66 (0) 4320 5232
CUST09401,บริษัท บจก.จันทา จำกัด,ศิริญา ทองสีไพล,นครปฐม,+66 5412 8672
CUST09402,บริษัท บริษัท ถนัดอาวุธขนส่ง จำกัด จำกัด,พศร นรวิทย์โชติกุล,สงขลา,098-091-4618
CUST09403,บริษัท บริษัท ทันยุคกลการ จำกัด (มหาชน) จำกัด,ภูมิปัญญา เนื่องนนท์,ลำปาง,+667 627 9258
CUST09404,บริษัท บริษัท ศรีอุ่น จำกัด (มหาชน) จำกัด,นพรัตน์ สาระพันธ์,เกาะสมุย,+66 641 609 834
CUST09405,บริษัท หสน.เณรานุสนธิ์การช่าง จำกัด,มูฮัมหมัดอิมรอน นาควงษ์,สกลนคร,021 406414
CUST09406,บริษัท บจก.ถาวรายุศม์แพคกิ้ง จำกัด,ดารุนี นิติสาขา,เชียงราย,+66 630 049 191
CUST09407,บริษัท มูลนิธิไสยกิจ จำกัด,ฤทธิ์ชกร หอมพิกุล,เชียงใหม่,0810418686
CUST09408,บริษัท บริษัท นุตตาร จำกัด จำกัด,ประภัทร์สรณ์ ขุนดำ,ปากเกร็ด,+66 4620 5935
CUST09409,บริษัท ห้างหุ้นส่วนสามัญ ทองปากน้ำ จำกัด,สุภัทริดา หนุนสุข,นครราชสีมา,+662 812 4928
CUST09410,บริษัท บริษัท ทองลาภกรุ๊ป จำกัด จำกัด,โสภณ ไสยกิจ,แม่สอด,0 4600 0693
CUST09411,บริษัท หจก.มนทองแอนด์ซันส์ จำกัด,ศศิรินทร์ บุนยะตีรณะ,ตรัง,046 010113
CUST09412,บริษัท บริษัท ถมังรักษสัตว์จิวเวลรี่ จำกัด จำกัด,กนกเนตร แต้กุล,เกาะสมุย,+66 (0) 4816 5099
CUST09413,บริษัท บริษัท ดัตพันธุ์ซัพพลาย จำกัด (มหาชน) จำกัด,เรืองเกียรติ ถมังรักษสัตว์,สุราษฎร์ธานี,+664 468 5344
CUST09414,บริษัท ธนาคารขุนดำคอมพิวเตอร์ จำกัด จำกัด,กองสิน ตั้งกุลงาม,ลำปาง,044 552515
CUST09415,บริษัท บริษัท ดุริยพันธุ์เฟอร์นิเจอร์ จำกัด จำกัด,นิภา นาควงษ์,อ้อมน้อย,0954306876
CUST09416,บริษัท บริษัท ถมปัด จำกัด จำกัด,อดิสรณ์ ถนัดรักษา,แม่สอด,078-096007
CUST09417,บริษัท บริษัท ตระกูลไม้เรียงขนส่ง จำกัด (มหาชน) จำกัด,ณภัทร ด้วงโสน,นนทบุรี,+664 110 4817
CUST09418,บริษัท จันทา-ทวีเดช จำกัด,ฮานาฟี ตรีเภรินทร์,กรุงเทพมหานคร,072 636547
CUST09419,บริษัท นุ่มกันและถนัดรบ จำกัด,พาดีล๊ะ อุลหัสสา,นครปฐม,072 210229
CUST09420,บริษัท บริษัท นิลวรรณ จำกัด จำกัด,เทียมศักดิ์ มนทอง,ตรัง,082-998-7883
CUST09421,บริษัท ดาบเงิน-บุญญาภิรมย์ จำกัด,พิไลพร ราชมณี,สงขลา,07 847 9972
CUST09422,บริษัท ตวงทองภาพยนตร์ จำกัด,ชัชเวศย์ ขันธุลา,นครปฐม,0836552853
CUST09423,บริษัท ห้างหุ้นส่วนจำกัด ตรีครุธพันธุ์กรุ๊ป จำกัด,ประยุทธ์ นวลฉวี,เกาะสมุย,042753599
CUST09424,บริษัท ห้างหุ้นส่วนจำกัด ธัญาโภชน์คอนสตรัคชั่น จำกัด,ศรีสวัสดิ์ ซูสารอ,หาดใหญ่,+66 (0) 658 598 632
CUST09425,บริษัท บริษัท บุญญาไลย์ จำกัด จำกัด,ศศิยา บุนยะศัพท์,ยะลา,+667 398 1567
CUST09426,บริษัท บริษัท นพตระกูลการช่าง จำกัด จำกัด,อาแอเสาะ นับเนื่องนอ,แม่สอด,0-7612-1806
CUST09427,บริษัท บุตดา-ติระคมน์ จำกัด,เอกวิทย์ ยาปะโลหิต,ปากเกร็ด,043838271
CUST09428,บริษัท ชมรมร่มธิติรัตน์ จำกัด,วรรณนิสา ไตรบรรพ,สุราษฎร์ธานี,+663 198 0668
CUST09429,บริษัท หจก.น้ำทิพย์ จำกัด,ภานุพล ทองลาภ,ภูเก็ต,058836328
CUST09430,บริษัท ติระคมน์พานิช จำกัด,เขียว ดาบเพ็ชร์,อ้อมน้อย,+66 (0) 931 059 168
CUST09431,บริษัท เลิศกิ่ง-บุญบำรุง จำกัด,เจตพินิษฐ์ เขียวขุ้ย,ขอนแก่น,035918026
CUST09432,บริษัท นิลวิมลกลการ จำกัด,ฐิติกุล ติณรัตน์,สมุทรสาคร,021491809
CUST09433,บริษัท บริษัท ดุริยพันธุ์ซัพพลาย จำกัด จำกัด,ปัตถพงษ์ ถุงเงิน,เจ้าพระยาสุรศักดิ์,048 840075
CUST09434,บริษัท หจก.เณรานุสนธิ์ จำกัด,ศุภชัย นำธวัช,ภูเก็ต,+66 691 544 017
CUST09435,บริษัท บมจ.นุตตาร จำกัด,กวาง มนทอง,สมุทรสาคร,+66 5109 1219
CUST09436,บริษัท บริษัท นรวิทย์โชติกุลบรรจุภัณฑ์ จำกัด จำกัด,ธมลพรรณ ทองเนื้อดี,เชียงใหม่,0-5223-6676
CUST09437,บริษัท เธียรายันสโตร์ จำกัด,ฮาฟิต พีระเพ็ญกุล,อ้อมน้อย,+66 (0) 918 505 319
CUST09438,บริษัท บริษัท เวียงจันทึกวิศวการ จำกัด (มหาชน) จำกัด,อรจิรา เช้าวันดี,ขอนแก่น,+66 4458 9124
CUST09439,บริษัท ธนาคารนวลเพ็ง จำกัด จำกัด,อิสรันดร์ ศรีวงค์,สุราษฎร์ธานี,0 886 128 223
CUST09440,บริษัท บริษัท นครเทพคอมพิวเตอร์ จำกัด จำกัด,เฉลิมรัตน์ นุ่มกัน,นครสวรรค์,0-4237-2905
CUST09441,บริษัท สหภาพแรงงานถนัดภาษา จำกัด,เชิงชาย ทองอยู่,ตรัง,0 867 305 441
CUST09442,บริษัท บริษัท สันตะวงศ์ จำกัด จำกัด,ทวีวัฒน์ ฉัพพรรณธนกูร,อ้อมน้อย,050-904733
CUST09443,บริษัท หสน.นาคพันธุ์พืชผล จำกัด,หรรษา หิรัญสาลี,อ้อมน้อย,093 512 7646
CUST09444,บริษัท หจก.นกทอง จำกัด,พรชนก ทองสินธุ์,แม่สอด,049 264594
CUST09445,บริษัท ห้างหุ้นส่วนสามัญ พงศ์ฉบับนภาการช่าง จำกัด,เนติลักษณ์ ไทไชโย,สกลนคร,028-960997
CUST09446,บริษัท ห้างหุ้นส่วนจำกัด นาคพันธุ์ จำกัด,ณัฐธภรณ์ นฤทุกข์,สมุทรสาคร,+66 (0) 952 478 743
CUST09447,บริษัท บริษัท ธัญาโภชน์ จำกัด จำกัด,ประวี เตชะกำพุ,สมุทรสาคร,073-426442
CUST09448,บริษัท พานเกล้า-แนวพนิช จำกัด,ธีร์ธวันาย ศรีสัตย์,นครสวรรค์,+664 226 6315
CUST09449,บริษัท ธนรักษ์-ถนัดพิมพการ จำกัด,กฤตพร ทองสีไพล,สงขลา,026258051
CUST09450,บริษัท บริษัท เมืองสุข จำกัด,จรรยพร นิยมเซียม,รังสิต,078208796
CUST09451,บริษัท บริษัท บุญญาภิรมย์แลบ จำกัด จำกัด,อัญธิกา นานายน,พัทยา,071 782304
CUST09452,บริษัท บริษัท ธนูปกรณ์ จำกัด จำกัด,ภูมิปัญญา เนื่องนนท์,นนทบุรี,04 355 8606
CUST09453,บริษัท ห้างหุ้นส่วนจำกัด นิยมเซียม จำกัด,จันทภา ธรรมสถิตไพศาล,สกลนคร,+66 868 910 843
CUST09454,บริษัท ชมรมซาซุม จำกัด,ภัทราวุธ บุญญาไลย์,ระยอง,+66 3056 0942
CUST09455,บริษัท บจก.นิษประปัญจ์ จำกัด,ทานตะวัน ดวงทับทิม,นครปฐม,+66 4832 1634
CUST09456,บริษัท บริษัท เตชะกำพุ จำกัด จำกัด,บุญพา ไทนิยม,ขอนแก่น,029 212740
CUST09457,บริษัท เณรานุสนธิ์เอเยนซี จำกัด,ไมล์ ติระคมน์,ภูเก็ต,082 949 6639
CUST09458,บริษัท ทุมะบุตร์วิศวการ จำกัด,ภัคชัญญา พานเกล้า,อุบลราชธานี,0608633289
CUST09459,บริษัท หจก.ถนอมมนุษย์ จำกัด,วรศาสส์ ไทนิยม,พัทยา,0922364521
CUST09460,บริษัท บริษัท คำลือ จำกัด จำกัด,สุมัชญา นามเสวตร,เจ้าพระยาสุรศักดิ์,042 049229
CUST09461,บริษัท หจก.ตั้งเผ่ากลการ จำกัด,ณัฐญาดา ทีฆะ,กรุงเทพมหานคร,026724043
CUST09462,บริษัท ห้างหุ้นส่วนจำกัด ธัญาโภชน์ จำกัด,เรืองเกียรติ ถมังรักษสัตว์,แหลมฉบัง,0-5328-4867
CUST09463,บริษัท บริษัท ทวนไชย์ จำกัด,สุไฮลัน งามพิเชษฐ์,สงขลา,0 917 025 491
CUST09464,บริษัท ห้างหุ้นส่วนจำกัด ถาวระวรณ์ จำกัด,อำไพ ภูภักดี,สกลนคร,+66 5900 9716
CUST09465,บริษัท หจก.เจริญรัมย์ จำกัด,สหัสมณี เวียงจันทึก,สุราษฎร์ธานี,0932086120
CUST09466,บริษัท หจก.ศรีสัตย์ จำกัด,เทียมศักดิ์ ธูปะวิโรจน์,สกลนคร,0962343263
CUST09467,บริษัท ตระกูลบุญยานยนต์ จำกัด,นิภา นามขำ,สุราษฎร์ธานี,035778951
CUST09468,บริษัท บริษัท เนื้อนุ่มคอมมิวนิเคชั่น จำกัด จำกัด,คำมั่น แถมธน,นครศรีธรรมราช,0 4544 5891
CUST09469,บริษัท สมาคมจ้อยนุแสง จำกัด,มารีนี ยางสวย,สุราษฎร์ธานี,+66 2341 5541
CUST09470,บริษัท บจก.ตรีเภรินทร์แพคกิ้ง จำกัด,รอกีเย๊าะ มิ่งขวัญ,ภูเก็ต,049267232
CUST09471,บริษัท หจก.นักรบ จำกัด,ณัฐญาดา นาคสุทิน,พัทยา,0 806 721 555
CUST09472,บริษัท ศรทอง-ตั้งรบ จำกัด,ภูวฤณ ไทนิยม,รังสิต,+667 977 5851
CUST09473,บริษัท หจก.นาคพันธุ์คอนสตรัคชั่น จำกัด,เรืองเกียรติ ถุงเงิน,อ้อมน้อย,+667 973 7493
CUST09474,บริษัท ห้างหุ้นส่วนสามัญ กุมารบุญ จำกัด,พีรภัทร์ ดาบเงิน,นนทบุรี,023-971810
CUST09475,บริษัท ห้างหุ้นส่วนสามัญ ติณรัตน์ จำกัด,กวีฉัฏฐ แน่นดุจป้อม,นครศรีธรรมราช,+66 5293 4998
CUST09476,บริษัท บริษัท นาคสุทินอุตสาหกรรม จำกัด จำกัด,สุภาลินี บุตราช,พระนครศรีอยุธยา,+66 (0) 3549 7949
CUST09477,บริษัท ชมรมถนัดเดินข่าว จำกัด,เอกอธิพงษ์ ทำประดู่,พิษณุโลก,091 877 3497
CUST09478,บริษัท นิยมเซียมวิศวกรรม จำกัด,ภัคศุภางค์ ธุวะนุติ์,นครสวรรค์,0 5912 2897
CUST09479,บริษัท ห้างหุ้นส่วนสามัญ พงศ์ฉบับนภา จำกัด,เลิศเดช ติระคมน์,ภูเก็ต,0 3774 7345
CUST09480,บริษัท บริษัท ขันธุลา จำกัด จำกัด,พิมพ์ประภา ฉายแสง,นครสวรรค์,021 413818
CUST09481,บริษัท ห้างหุ้นส่วนจำกัด นิลวิมลแอนด์ซันส์ จำกัด,ประไพพักตร์ ธรรมนิยม,ปากเกร็ด,0-7747-9962
CUST09482,บริษัท บจก.นาคะนครคอมพิวเตอร์ จำกัด,นรีกานต์ ถนอมกุลบุตร,ยะลา,030-099341
CUST09483,บริษัท นกทองและธัญเสถียร จำกัด,ทัตธน ประจันตะเสน,อ้อมน้อย,0 2770 5035
CUST09484,บริษัท บมจ.ธัญาโภชน์ จำกัด,วิกิจ แนวพญา,เจ้าพระยาสุรศักดิ์,0 4179 9119
CUST09485,บริษัท บริษัท ชำนาญวาดอะไหล่ยนต์ จำกัด จำกัด,พันเกล้า นิยมธรรม,ตรัง,065 969 3999
CUST09486,บริษัท บุนยะตีรณะภาพยนตร์ จำกัด,อธิวัตร บุญศล,เจ้าพระยาสุรศักดิ์,0-3474-8339
CUST09487,บริษัท หจก.ตระกูลบุญแลบ จำกัด,ณัฐศักดิ์ บุตดา,แหลมฉบัง,036708575
CUST09488,บริษัท นามขำแลบ จำกัด,บุญทิวา นิยมเซียม,สมุทรสาคร,0883965499
CUST09489,บริษัท บริษัท ขอหมั่นกลาง จำกัด จำกัด,จักรกฤนาย ทันยุค,อุดรธานี,059 477199
CUST09490,บริษัท บัวเผื่อน-นับเนื่องนอ จำกัด,อัญธิกา ธรรมสถิตไพศาล,อุบลราชธานี,095-739-0904
CUST09491,บริษัท บริษัท ถนัดการเขียน จำกัด (มหาชน) จำกัด,ซูไรดา พรมอ่อน,นครสวรรค์,065-581-0328
CUST09492,บริษัท ดำริห์ชอบจิวเวลรี่ จำกัด,นาทภูวพัฒน์ แก้วชลคราม,กรุงเทพมหานคร,07 238 1567
CUST09493,บริษัท ห้างหุ้นส่วนจำกัด ยาปะโลหิตและเพื่อน จำกัด,โสภา วาทา,เจ้าพระยาสุรศักดิ์,0 917 940 048
CUST09494,บริษัท หจก.ซูสารอ จำกัด,พันธุ์เทพ ศรีธนะเวทย์,เชียงราย,+66 7315 9999
CUST09495,บริษัท ห้างหุ้นส่วนจำกัด นุชแนวนุ่ม จำกัด,วรรณรัตน์ โพธิสัตย์,นครราชสีมา,07 878 9889
CUST09496,บริษัท มูลนิธิไทยสุชาต จำกัด,โอภาส ทวีเดช,ขอนแก่น,0 7793 3093
CUST09497,บริษัท ตระกูลบุญ-สาระพันธ์ จำกัด,วาร์มูฮำหมัด นุตตาร,สกลนคร,+664 807 6976
CUST09498,บริษัท บริษัท บุญบำรุงแลบ จำกัด จำกัด,เกียรติก้อง นำธวัช,เกาะสมุย,0980600290
CUST09499,บริษัท ห้างหุ้นส่วนจำกัด ติระคมน์แพคกิ้ง จำกัด,ธาเอก นกทอง,เชียงใหม่,084 957 6525
CUST09500,บริษัท ห้างหุ้นส่วนจำกัด มิ่งขวัญคอมพิวเตอร์ จำกัด,พีรพัฒน์ ทุมะบุตร์,อุดรธานี,+66 3276 8168
CUST09501,บริษัท หสน.ทองลาภการค้า จำกัด,สิทธิชัย นิยมธรรม,ปากเกร็ด,047705322
CUST09502,บริษัท บริษัท ปรีชากุลเศรษฐ์โอสถ จำกัด จำกัด,ศุภนุนาย บุนยะศัพท์,ปากเกร็ด,+66 2737 3197
CUST09503,บริษัท หจก.ทวนทอง จำกัด,กุลดิลก ธาราธร,ปากเกร็ด,0613429415
CUST09504,บริษัท หจก.คณานุรักษ์อะไหล่ยนต์ จำกัด,พัชรพร นามเสวตร,แม่สอด,+66 (0) 3858 2648
CUST09505,บริษัท นิลวรรณคอมมิวนิเคชั่น จำกัด,ชรินทร์ทิพย์ ร่มธิติรัตน์,ขอนแก่น,07 398 2903
CUST09506,บริษัท ธรรมนิยมคอมพิวเตอร์ จำกัด,ธเนษฐ ทับทิมไทย,สุราษฎร์ธานี,02 322 0976
CUST09507,บริษัท ห้างหุ้นส่วนสามัญ ฉายแสง จำกัด,หลี ธาราธร,สกลนคร,+66 4461 4191
CUST09508,บริษัท สมาคมปรีชากุลเศรษฐ์ จำกัด,บุญเกิด ร่มธิติรัตน์,แหลมฉบัง,+662 025 6376
CUST09509,บริษัท หจก.ขำเอนก จำกัด,วรรณนิสา ทวีเดช,ตรัง,045-580611
CUST09510,บริษัท บริษัท นาฏคายีสโตร์ จำกัด จำกัด,วรดาพร นิละทัต,เกาะสมุย,090 419 5048
CUST09511,บริษัท หจก.เดชคุ้ม จำกัด,ถนอมชัย ตะละภัฏ,ลำปาง,0962409247
CUST09512,บริษัท ห้างหุ้นส่วนจำกัด บุนยะศัพท์กรุ๊ป จำกัด,ณภัทร ซูสารอ,ยะลา,035 885371
CUST09513,บริษัท สมาคมเดชคุ้ม จำกัด,กระสุน ศรทอง,เชียงใหม่,0-7472-0503
CUST09514,บริษัท บริษัท ทับทิมไทยเอเยนซี จำกัด (มหาชน) จำกัด,ศศินา ขุนดำ,ยะลา,+66 (0) 4446 6202
CUST09515,บริษัท ดุริยพันธุ์มอเตอร์ จำกัด,บุญทิวา เขียวอ่อน,เชียงใหม่,+667 190 2314
CUST09516,บริษัท ห้างหุ้นส่วนสามัญ ธรรมสถิตไพศาลแลบ จำกัด,พัสวี งามพิเชษฐ์,หาดใหญ่,+66 (0) 4276 3704
CUST09517,บริษัท บริษัท นกทองจิวเวลรี่ จำกัด จำกัด,อุลัยพร ถนัดเดินข่าว,หาดใหญ่,0-2547-9616
CUST09518,บริษัท ห้างหุ้นส่วนจำกัด ไม้แดง จำกัด,ดิลก ทับทิมไทย,สงขลา,098 417 9931
CUST09519,บริษัท แถมธนและดวงทับทิม จำกัด,นันทิกานต์ เขียวอ่อน,ขอนแก่น,043204156
CUST09520,บริษัท ยะผาแอนด์ซันส์ จำกัด,คมคาย ดุริยพันธุ์,ปากเกร็ด,03 516 0605
CUST09521,บริษัท บริษัท กุมารบุญแอนด์ซันส์ จำกัด จำกัด,อินทรีย์ แนวพนิช,อุบลราชธานี,0-4565-0664
CUST09522,บริษัท ห้างหุ้นส่วนจำกัด ทองลาภ จำกัด,รังสินี ถาวรรัตน,หาดใหญ่,0 3871 9826
CUST09523,บริษัท บริษัท นกทองอินเตอร์เนชั่นแนล จำกัด จำกัด,อุดมลักษณ์ ธุวะนุติ์,ปากเกร็ด,+662 500 6612
CUST09524,บริษัท บริษัท ดำริห์ชอบ จำกัด จำกัด,ทัตธน ไสยกิจ,อุบลราชธานี,066 582 7520
CUST09525,บริษัท บริษัท ธนูปกรณ์แพคกิ้ง จำกัด จำกัด,โอภาส มิ่งขวัญ,หาดใหญ่,0-7243-0177
CUST09526,บริษัท บริษัท ไทนิยมเฟอนิชชิ่ง จำกัด จำกัด,ฟิรยา ถนิมมาศ,รังสิต,0-5568-4281
CUST09527,บริษัท ห้างหุ้นส่วนจำกัด อุ่นอก จำกัด,กิ่งแก้ว ตระกูลไม้เรียง,พิษณุโลก,023-719030
CUST09528,บริษัท บมจ.ถนัดการเขียนการบัญชี จำกัด,บุญพา นุตตาร,สกลนคร,0-3208-8372
CUST09529,บริษัท บริษัท วาทา จำกัด,จิฬาภรณ์ นาควงษ์,แหลมฉบัง,036-232581
CUST09530,บริษัท หจก.ผลบุญ จำกัด,ประเดิม นกทอง,พัทยา,+66 3821 7433
CUST09531,บริษัท ทับทิมไทยสโตร์ จำกัด,โชติวุฒิ ทองลาภ,ลำปาง,0-2403-3824
CUST09532,บริษัท นุตตารกรุ๊ป จำกัด,นิวิลดาน ติระคมน์,กรุงเทพมหานคร,0 3087 3532
CUST09533,บริษัท ห้างหุ้นส่วนสามัญ เลิศกิ่ง จำกัด,พงษ์นเรศ บุตดา,เชียงราย,+66 816 910 696
CUST09534,บริษัท ธูปะวิโรจน์-ดิศดใน จำกัด,พันเทพ นากกนก,เจ้าพระยาสุรศักดิ์,026-583663
CUST09535,บริษัท คำลือเอ็นจิเนียริ่ง จำกัด,ณิชเชฏฐ์ แต้กุล,เจ้าพระยาสุรศักดิ์,+663 003 3070
CUST09536,บริษัท บริษัท ขอหมั่นกลาง จำกัด จำกัด,นันทวรรณ ดีตพันธุ์,เชียงราย,0 680 387 672
CUST09537,บริษัท บมจ.ไม้แดง จำกัด,ฤทธิ์ชกร อุลหัสสา,รังสิต,0-5999-5636
CUST09538,บริษัท หจก.หนุนสุข จำกัด,สมเกียรติ นวลฉวี,แหลมฉบัง,0 7386 5213
CUST09539,บริษัท บริษัท ทองประดิฐ จำกัด จำกัด,อลิษา นฤทุกข์,แหลมฉบัง,04 763 2756
CUST09540,บริษัท บริษัท ถนัดการเขียนเฟอร์นิเจอร์ จำกัด จำกัด,นิภา ดุริยพันธุ์,ขอนแก่น,+66 4938 5530
CUST09541,บริษัท ห้างหุ้นส่วนจำกัด ถนัดการเขียนคอมพิวเตอร์ จำกัด,ศจีกาญจน์ ไม้แดง,ภูเก็ต,0 4987 6216
CUST09542,บริษัท ห้างหุ้นส่วนจำกัด บุนยาภิสนท์ จำกัด,เจษฏาภรณ์ ถนัดรักษา,นนทบุรี,0-7745-2339
CUST09543,บริษัท บริษัท ถุงเงินซัพพลาย จำกัด (มหาชน) จำกัด,อิสรันดร์ หอมสิน,เชียงราย,069-654-6842
CUST09544,บริษัท บจก.นิลวรรณ จำกัด,นาตยา ชุมวระ,ลำปาง,050 116452
CUST09545,บริษัท ทีฆะยานยนต์ จำกัด,วีร์สุดา ไสยกิจ,ลำปาง,+662 210 1136
CUST09546,บริษัท บริษัท ไทยสุชาต จำกัด จำกัด,วิสาร นุชแนวนุ่ม,นครศรีธรรมราช,+66 (0) 845 956 826
CUST09547,บริษัท ธนาคารนาคพันธุ์ จำกัด,จิรวิทย์ ดาบเพ็ชร์,ลำปาง,+66 662 691 616
CUST09548,บริษัท บริษัท คณานุรักษ์ จำกัด จำกัด,เจษฎากร สงประเสริฐ,ยะลา,+663 864 7882
CUST09549,บริษัท ห้างหุ้นส่วนสามัญ บัวเผื่อน จำกัด,กฤตเมธ เขียวอ่อน,นครปฐม,0-7717-0676
CUST09550,บริษัท บัวเผื่อน-ถมังรักษสัตว์ จำกัด,ศิรณัฐ พรมอ่อน,ยะลา,043 191831
CUST09551,บริษัท ห้างหุ้นส่วนจำกัด ไทยแท้และเพื่อน จำกัด,ทิพย์วารี ธรรมเมธา,สกลนคร,075 998722
CUST09552,บริษัท สมาคมยาปะโลหิต จำกัด,ปุณณรัตน์ นาคพันธุ์,พระนครศรีอยุธยา,0 2006 1847
CUST09553,บริษัท ทองสุกเลิศอิมปอร์ตเอ็กซปอร์ต จำกัด,ประจิน นิละทัต,สุราษฎร์ธานี,030-497726
CUST09554,บริษัท บริษัท ถนัดกลึงจิวเวลรี่ จำกัด จำกัด,ธัญญามาศ ตวันเยี่ยม,สมุทรปราการ,059680593
CUST09555,บริษัท บริษัท ธุวะนุติ์วิศวการ จำกัด จำกัด,พิมพ์สุตา จันอ้น,พัทยา,+66 914 592 504
CUST09556,บริษัท บริษัท ราชมณีโอสถ จำกัด จำกัด,อาฮามัด ธูปะวิโรจน์,ลำปาง,0 666 135 635
CUST09557,บริษัท บริษัท ถมังรักษสัตว์ก่อสร้าง จำกัด จำกัด,ราณี แนวพนิช,ลำปาง,0-3577-7827
CUST09558,บริษัท ขำเอนก-ทับทิมไทย จำกัด,กองสิน ฉิมพาลี,พัทยา,023 864948
CUST09559,บริษัท บริษัท มนทอง จำกัด จำกัด,อริสรา ฉัพพรรณธนกูร,นครปฐม,07 625 2910
CUST09560,บริษัท บจก.คณานุรักษ์ จำกัด,มูฮำมัด ทับทิมไทย,สกลนคร,07 821 1115
CUST09561,บริษัท บริษัท ร่มธิติรัตน์ จำกัด จำกัด,อันธิกา ตัณฑนุช,แม่สอด,053-392465
CUST09562,บริษัท บริษัท บุตราช จำกัด จำกัด,มูฮำมัด นพตระกูล,ลำปาง,0-7809-2274
CUST09563,บริษัท บจก.ศรีวงค์ จำกัด,อัญธิกา ชุมวระ,สกลนคร,+66 2119 7406
CUST09564,บริษัท ขอหมั่นกลาง-แถมธน จำกัด,วรนาฎ มนทอง,ยะลา,082-344-7831
CUST09565,บริษัท บริษัท ศรีธนะเวทย์ จำกัด จำกัด,จักรกฤนาย ชำนาญวาด,อุบลราชธานี,+66 5446 6061
CUST09566,บริษัท บริษัท หอมสิน จำกัด จำกัด,ศดิศ ธาราธร,พัทยา,0-7909-4765
CUST09567,บริษัท บจก.นักสำหรวจบริการ จำกัด,สีหราช ทองเนื้อดี,หาดใหญ่,064-626-5424
CUST09568,บริษัท ศรีอุ่นเอเยนซี จำกัด,นิรุตต์ ตันยา,อ้อมน้อย,+66 650 082 892
CUST09569,บริษัท บริษัท ถนัดอาวุธ จำกัด จำกัด,สุภัทริดา ถนัดพิมพการ,อุดรธานี,038-147390
CUST09570,บริษัท ตัณสถิตย์จิวเวลรี่ จำกัด,พัชรีนิษฐ์ ดาตู,เชียงราย,07 877 0318
CUST09571,บริษัท บริษัท พงศ์ฉบับนภา จำกัด (มหาชน) จำกัด,ศรินยา นาถะเดชะ,แหลมฉบัง,0 635 521 728
CUST09572,บริษัท ห้างหุ้นส่วนจำกัด ดาบเพ็ชร์เอนเตอรไพรส์ จำกัด,สิริกานต์ ไทยแท้,เจ้าพระยาสุรศักดิ์,025491269
CUST09573,บริษัท บริษัท ถนัดพิมพการ จำกัด จำกัด,กระสุน ธรรมทินนา,สมุทรสาคร,+664 817 4390
CUST09574,บริษัท บริษัท มิ่งขวัญ จำกัด จำกัด,พิไลพร น้ำทิพย์,เกาะสมุย,0 2062 7302
CUST09575,บริษัท นิยมธรรม-ถนัดภาษา จำกัด,สนั่น ไม้แดง,สมุทรปราการ,+66 921 091 045
CUST09576,บริษัท บริษัท อัตตนาถยานยนต์ จำกัด จำกัด,ปฐม ถาวรรัตน,สงขลา,+66 (0) 818 963 704
CUST09577,บริษัท หจก.ตะละภัฏเคมิคอล จำกัด,พิมพ์สุดา หนักแน่น,ยะลา,07 978 4492
CUST09578,บริษัท บริษัท ถนัดรบยานยนต์ จำกัด จำกัด,สนั่น ขุนดำ,พัทยา,049-170030
CUST09579,บริษัท บริษัท บุนยะตีรณะ จำกัด จำกัด,อำพร นรวิทย์โชติกุล,เชียงราย,+66 (0) 917 392 225
CUST09580,บริษัท หจก.บัวเผื่อนเฟอร์นิเจอร์ จำกัด,เพทาย ถนัดภาษา,ขอนแก่น,+665 637 1451
CUST09581,บริษัท บริษัท ทองปากน้ำเอนเตอรไพรส์ จำกัด จำกัด,เจตพินิษฐ์ ผลบุญ,นครสวรรค์,058 671406
CUST09582,บริษัท บริษัท ถาวรายุศม์ยานยนต์ จำกัด จำกัด,ศศิยา นิยมเซียม,นครราชสีมา,0603393919
CUST09583,บริษัท บริษัท นิยมธรรม จำกัด จำกัด,ธนนนท์ เจริญรัมย์,กรุงเทพมหานคร,0 3191 3428
CUST09584,บริษัท บจก.นาคพันธุ์คอมมิวนิเคชั่น จำกัด,วาร์มูฮำหมัด ยาปะโลหิต,เจ้าพระยาสุรศักดิ์,050-301938
CUST09585,บริษัท ห้างหุ้นส่วนจำกัด ด้วงโสน จำกัด,ราชพฤกษ์ ไม้แดง,รังสิต,034-594738
CUST09586,บริษัท ห้างหุ้นส่วนจำกัด ยะผา จำกัด,ธีรวุฒิ เช้าวันดี,ระยอง,063 635 6698
CUST09587,บริษัท บริษัท นาคะนครแอนด์ซันส์ จำกัด จำกัด,ศภัคชคง ศรีธนะเวทย์,อ้อมน้อย,+66 3846 5292
CUST09588,บริษัท ห้างหุ้นส่วนจำกัด ไทนิยม จำกัด,ธนกิตต์ ถนัดการเขียน,นครสวรรค์,+66 946 815 097
CUST09589,บริษัท บริษัท นิละทัต จำกัด,โสภณิตา หอมสิน,ระยอง,0-2468-5826
CUST09590,บริษัท ห้างหุ้นส่วนสามัญ นะวะมันดร จำกัด,วรินทธิ์ธร ทวนทอง,กรุงเทพมหานคร,03 859 5624
CUST09591,บริษัท หจก.บุญศล จำกัด,สุรธัช ยะผา,ยะลา,0841120330
CUST09592,บริษัท บริษัท ทวนทอง จำกัด จำกัด,สุพัตรา เช้าวันดี,พระนครศรีอยุธยา,025-953645
CUST09593,บริษัท บริษัท ทองอยู่ จำกัด จำกัด,นันทวรรณ ดิสกะประกาย,นครปฐม,045-102155
CUST09594,บริษัท ซูสารอ-นิลสลัว จำกัด,พันเกล้า นาคะนคร,ขอนแก่น,+66 968 551 303
CUST09595,บริษัท นามขำและเยาวธนโชค จำกัด,พุทธิพงษ์ ถิรสวัสดิ์,พิษณุโลก,033216201
CUST09596,บริษัท นพตระกูลเอนเตอรไพรส์ จำกัด,ภูวัน กุมารบุญ,สงขลา,0 4749 5967
CUST09597,บริษัท มูลนิธิเธียรายัน จำกัด,วุฒิ นิระหานี,อ้อมน้อย,0 3964 0606
CUST09598,บริษัท บุณยะภาชน์และนาคพันธุ์ จำกัด,กษิดิฐ นำธวัช,กรุงเทพมหานคร,0 4679 7557
CUST09599,บริษัท ไทนิยมจิวเวลรี่ จำกัด,อำไพ ธนรักษ์,ระยอง,+66 (0) 2446 5615
CUST09600,บริษัท มูลนิธินิลสุวรรณ์ จำกัด,กุลปรียา น้ำทิพย์,สกลนคร,094-072-5794
CUST09601,บริษัท บริษัท ถนัดรักษาบรรจุภัณฑ์ จำกัด จำกัด,พรพิไล ไทไชโย,แหลมฉบัง,0944640438
CUST09602,บริษัท บริษัท ธรรมนิยมการช่าง จำกัด จำกัด,ธนภณ ธรรมสถิตไพศาล,นครศรีธรรมราช,+665 541 2964
CUST09603,บริษัท บริษัท ถนอมพล จำกัด จำกัด,สมเกียรติ ศรีตะวัน,ภูเก็ต,+66 (0) 938 229 707
CUST09604,บริษัท หจก.ธรรมทินนาเทรดดิ้ง จำกัด,มาโนชญ์ ตรีเภรินทร์,สงขลา,037473270
CUST09605,บริษัท บริษัท ทองปากน้ำแอนด์ซันส์ จำกัด จำกัด,วิชชากร ศรีธนะเวทย์,สงขลา,05 995 7938
CUST09606,บริษัท ห้างหุ้นส่วนจำกัด จันทา จำกัด,กิติยาธรณ์ ชุมวระ,สมุทรสาคร,083 645 9221
CUST09607,บริษัท บมจ.ทับทิมไทย จำกัด,สุไฮลัน เนตร์มณี,พิษณุโลก,+66 (0) 5155 5933
CUST09608,บริษัท บริษัท หิรัญสาลีเอ็นจิเนียริ่ง จำกัด จำกัด,บุญทิวา วาทา,อ้อมน้อย,0-7634-6892
CUST09609,บริษัท บริษัท นุชแนวนุ่มบรรจุภัณฑ์ จำกัด จำกัด,คำมั่น วุฑฒยากร,ยะลา,0880512076
CUST09610,บริษัท ถนัดรักษา-ศรีอุ่น จำกัด,ณภัทร วิลาสินี,ปากเกร็ด,0 810 052 303
CUST09611,บริษัท ปรีชากุลเศรษฐ์อิมปอร์ตเอ็กซปอร์ต จำกัด,รอซีด๊ะ ทศโยธิน,สกลนคร,077 527432
CUST09612,บริษัท หนุนสุข-ศรีสัตย์ จำกัด,เจษฎากร เจริญรัมย์,หาดใหญ่,0 947 489 108
CUST09613,บริษัท บริษัท ชำนาญวาดวิศวกรรม จำกัด จำกัด,ภูวรา ดิสกะประกาย,เกาะสมุย,0 809 248 779
CUST09614,บริษัท บมจ.นครเทพ จำกัด,ปัณณวัชร ถิรสวัสดิ์,ยะลา,0-3594-3730
CUST09615,บริษัท บริษัท นาคะนครคอมมิวนิเคชั่น จำกัด จำกัด,ศจีกาญจน์ ธนประทีป,เชียงใหม่,04 342 3289
CUST09616,บริษัท บมจ.ตวงทอง จำกัด,ธีรลักษณ์ ดาวอร่าม,ปากเกร็ด,0905473371
CUST09617,บริษัท ห้างหุ้นส่วนจำกัด นากกนกคอมพิวเตอร์ จำกัด,หล้า ทวีเดช,เจ้าพระยาสุรศักดิ์,05 658 4429
CUST09618,บริษัท บริษัท นาถะพินธุแลบ จำกัด จำกัด,เอนกพงศ์ หนักแน่น,อ้อมน้อย,030 536110
CUST09619,บริษัท ปรีชากุลเศรษฐ์เอนเตอรไพรส์ จำกัด,อัครพนธ์ คณานุรักษ์,รังสิต,+66 (0) 5869 7547
CUST09620,บริษัท บริษัท ตราชูขนส่ง จำกัด (มหาชน) จำกัด,พุทธ นะวะมันดร,สกลนคร,+66 (0) 2082 6921
CUST09621,บริษัท บริษัท แนวพนิชอะไหล่ยนต์ จำกัด จำกัด,นาวีตา ถนอมพล,สงขลา,045466868
CUST09622,บริษัท หจก.หอมสินเอเยนซี จำกัด,ทับทิม ติณรัตน์,นครสวรรค์,+66 (0) 7103 7122
CUST09623,บริษัท บมจ.ดาวอร่าม จำกัด,พิมพกานต์ พานเกล้า,แหลมฉบัง,+66 (0) 7996 1334
CUST09624,บริษัท หจก.ผลบุญคอมพิวเตอร์ จำกัด,เทียมศักดิ์ ดาบเงิน,สกลนคร,0 7796 8079
CUST09625,บริษัท ศรีวงค์เซอร์วิส จำกัด,ฐิติวุฒิ อุ่นอก,พระนครศรีอยุธยา,0-5557-2081
CUST09626,บริษัท ศรีตะวันและดาบเงิน จำกัด,ไพสิฐ นฤภัย,นนทบุรี,05 408 4112
CUST09627,บริษัท วะคีมันและนพคเชนทร์ จำกัด,ราณี ยะผา,ภูเก็ต,046808942
CUST09628,บริษัท บุนยะศัพท์และนักรบ จำกัด,ศิริเกศ ร่มธิติรัตน์,ภูเก็ต,+66 5236 3149
CUST09629,บริษัท บริษัท บุนยาภิสนท์ จำกัด จำกัด,วรรณนิสา หอมสิน,รังสิต,+66 939 350 903
CUST09630,บริษัท บริษัท สงประเสริฐการค้า จำกัด จำกัด,ณัฐติญา นะวะมันดร,สมุทรสาคร,07 870 4171
CUST09631,บริษัท นามขำ-ทองอยู่ จำกัด,เยาวรัตน์ หอมพิกุล,นครปฐม,0-2422-8678
CUST09632,บริษัท ตันเผ่า-ทหารแท้ จำกัด,สุพัตร นวลเพ็ง,พระนครศรีอยุธยา,+663 385 3654
CUST09633,บริษัท ห้างหุ้นส่วนจำกัด สุวรรณหงษ์จิวเวลรี่ จำกัด,หรรษา บุญญาไลย์,พระนครศรีอยุธยา,+66 (0) 4474 6259
CUST09634,บริษัท บริษัท นฤภัยพานิช จำกัด จำกัด,ปรายกานต์ ธรรมสถิตไพศาล,เชียงราย,0 993 891 205
CUST09635,บริษัท บมจ.นฤทุกข์ จำกัด,ภูวัน ทันยุค,นครศรีธรรมราช,075 081207
CUST09636,บริษัท บริษัท อัตตนาถเคมิคอล จำกัด จำกัด,คำปลิว เลขะพันธุ์,รังสิต,0 985 908 501
CUST09637,บริษัท บริษัท ตราชู จำกัด จำกัด,ทรรศนชัย ติณรัตน์,อ้อมน้อย,0859334960
CUST09638,บริษัท ห้างหุ้นส่วนจำกัด ทรงโกมลสโตร์ จำกัด,รูไกยะฮ์ นิระหานี,พิษณุโลก,029 215521
CUST09639,บริษัท ห้างหุ้นส่วนสามัญ ถุงเงินอะไหล่ยนต์ จำกัด,พิพิธธน พานเกล้า,พระนครศรีอยุธยา,034705913
CUST09640,บริษัท สมาคมนิละทัต จำกัด,ธนภณ บุญศล,เกาะสมุย,080-249-9844
CUST09641,บริษัท บริษัท ถนัดกลึงภาพยนตร์ จำกัด จำกัด,ฐิตาพร นุ่มกัน,หาดใหญ่,041-435809
CUST09642,บริษัท บริษัท ตะละภัฏ จำกัด,คมสัน สังข์กรด,สงขลา,+66 (0) 7260 3996
CUST09643,บริษัท บริษัท ทวีเดชเฟอนิชชิ่ง จำกัด จำกัด,อรุณี เลิศกิ่ง,กรุงเทพมหานคร,+664 982 5113
CUST09644,บริษัท ห้างหุ้นส่วนสามัญ เตมิยะเดช จำกัด,วีรชัย ชุมวระ,อุบลราชธานี,04 756 7552
CUST09645,บริษัท บริษัท มิ่งขวัญมอเตอร์ จำกัด จำกัด,ธารา ตันยา,ตรัง,048 181371
CUST09646,บริษัท บริษัท เช้าวันดี จำกัด,เนติลักษณ์ ดำริห์ชอบ,ขอนแก่น,03 237 6952
CUST09647,บริษัท หสน.วุฑฒยากร จำกัด,นิวิลดาน ภูภักดี,นครศรีธรรมราช,+665 778 0680
CUST09648,บริษัท บจก.แถมธน จำกัด,ภัทราวุธ บุณยะภาชน์,นครปฐม,060-657-8464
CUST09649,บริษัท บริษัท บุนยาภิสนท์ จำกัด จำกัด,สุภาลินี ดวงทับทิม,ระยอง,+665 501 4556
CUST09650,บริษัท บริษัท กุมารบุญซัพพลาย จำกัด จำกัด,อินทรีย์ นิลวรรณ,สกลนคร,0 879 743 822
CUST09651,บริษัท บจก.นาถะเดชะ จำกัด,สมนึก ด้วงโสน,กรุงเทพมหานคร,+665 754 6952
CUST09652,บริษัท ธนาคารบุนยะศัพท์มอเตอร์ จำกัด จำกัด,วรรณกร ดาบเพ็ชร์,เจ้าพระยาสุรศักดิ์,+662 365 1577
CUST09653,บริษัท หจก.ถ้วนศรี จำกัด,กิติชัย อัตตนาถ,พัทยา,0 903 923 955
CUST09654,บริษัท พงศ์ฉบับนภาแพคกิ้ง จำกัด,วนาลี นครเทพ,กรุงเทพมหานคร,+662 884 3588
CUST09655,บริษัท หจก.แน่นดุจป้อม จำกัด,พรสวรรค์ พานเกล้า,อุดรธานี,+66 (0) 7694 0572
CUST09656,บริษัท หจก.หนักแน่นบรรจุภัณฑ์ จำกัด,ธมลพรรณ ทองปากน้ำ,ขอนแก่น,+66 (0) 947 664 719
CUST09657,บริษัท ห้างหุ้นส่วนสามัญ ชุมวระเอนเตอรไพรส์ จำกัด,ภควัฒน์ ถนัดเดินข่าว,เจ้าพระยาสุรศักดิ์,0 923 934 253
CUST09658,บริษัท บจก.แนวพญา จำกัด,จักรีรัตน์ ดาบเพ็ชร์,อ้อมน้อย,04 749 6390
CUST09659,บริษัท บจก.แท่นทอง จำกัด,สุทกร ทศโยธิน,เจ้าพระยาสุรศักดิ์,051372212
CUST09660,บริษัท บริษัทหลักทรัพย์ บุญญาไลย์ จำกัด จำกัด,นนทกาญจน์ นาคพันธุ์,ปากเกร็ด,076644813
CUST09661,บริษัท ห้างหุ้นส่วนจำกัด ทีฆะ จำกัด,สัญชาน ศรีวงค์,สมุทรปราการ,+66 5024 1159
CUST09662,บริษัท บมจ.ธุวะนุติ์ จำกัด,วาร์มูฮำหมัด ดาวอร่าม,นครปฐม,031890537
CUST09663,บริษัท ห้างหุ้นส่วนจำกัด นิติสาขา จำกัด,วันชนก นาถะเดชะ,สมุทรสาคร,0 7175 7531
CUST09664,บริษัท บริษัท สันตะวงศ์ จำกัด จำกัด,พิมพ์สุตา ด้วงโสน,ยะลา,0 878 412 252
CUST09665,บริษัท ชมรมดาวกระจาย จำกัด,กุลปรียา ทองเนื้อดี,สมุทรปราการ,0 869 532 265
CUST09666,บริษัท หจก.นพคเชนทร์ จำกัด,ราชพฤกษ์ ไทยแท้,ภูเก็ต,+66 4073 0829
CUST09667,บริษัท หจก.ยางสวยวิศวการ จำกัด,ภาสวุฒิ บุญส่ง,เกาะสมุย,+662 137 4644
CUST09668,บริษัท บริษัท ถาวระวรณ์กรุ๊ป จำกัด (มหาชน) จำกัด,ภัทราวุธ ซูสารอ,นครศรีธรรมราช,059 733643
CUST09669,บริษัท บริษัท ถนัดหัตถกรรมวิศวกรรม จำกัด จำกัด,กะดิรัตน์ จ้อยนุแสง,นครปฐม,+66 (0) 5337 8723
CUST09670,บริษัท บริษัท นาควงษ์ จำกัด จำกัด,จิราภรณ์ นาฏคายี,ขอนแก่น,0 953 907 290
CUST09671,บริษัท ห้างหุ้นส่วนจำกัด จ้อยนุแสง จำกัด,ภัคชัญญา ถนัดอักษร,รังสิต,+66 (0) 933 149 765
CUST09672,บริษัท บจก.ตันยา จำกัด,นพรัตน์ ทุมะบุตร์,เจ้าพระยาสุรศักดิ์,+66 917 746 791
CUST09673,บริษัท ห้างหุ้นส่วนสามัญ ถมปัด จำกัด,ทรรศนชัย ตัณสถิตย์,นครราชสีมา,075 820634
CUST09674,บริษัท บริษัท อุ่นอกการบัญชี จำกัด จำกัด,เกษมชัย มิ่งขวัญ,แม่สอด,075694212
CUST09675,บริษัท ดุริยพันธุ์สโตร์ จำกัด,หลักทรัพย์ ภูภักดี,อุบลราชธานี,0 899 892 475
CUST09676,บริษัท ห้างหุ้นส่วนจำกัด ตันยา จำกัด,ธนกิตต์ ตันเผ่า,ขอนแก่น,080-709-6647
CUST09677,บริษัท ชมรมธัญาโภชน์ จำกัด,กันตวรรณ บุตราช,ตรัง,+66 (0) 7576 9377
CUST09678,บริษัท ร่มธิติรัตน์โอสถ จำกัด,เฉลิมรัตน์ ถนอมกุลบุตร,ระยอง,095-283-2597
CUST09679,บริษัท ห้างหุ้นส่วนจำกัด ดาวอร่าม จำกัด,ทินพร ตรีครุธพันธุ์,เชียงราย,05 097 4659
CUST09680,บริษัท บริษัท ทองลาภบริการ จำกัด จำกัด,อดิสรณ์ ศรีเผด็จ,ลำปาง,0 2281 7499
CUST09681,บริษัท บมจ.นำธวัช จำกัด,คมสัน ธนูปกรณ์,พัทยา,0-5219-5948
CUST09682,บริษัท บจก.ธรรมสถิตไพศาล จำกัด,คมคาย ถุงเงิน,ระยอง,025-747235
CUST09683,บริษัท สมาคมเมืองสุข จำกัด,ยศพนต์ ตัณสถิตย์,แหลมฉบัง,+66 3673 4093
CUST09684,บริษัท มิ่งขวัญและทัศนสุทธิ จำกัด,ประจิน หอมพิกุล,ขอนแก่น,04 962 3442
CUST09685,บริษัท ห้างหุ้นส่วนจำกัด ธัญเสถียรยานยนต์ จำกัด,อิสรันดร์ เนตร์มณี,พิษณุโลก,0 5880 6001
CUST09686,บริษัท ห้างหุ้นส่วนจำกัด ดำริห์ชอบ จำกัด,สุทธิณัฐ นฤทุกข์,สกลนคร,0859560088
CUST09687,บริษัท บริษัท ศรีวงค์ซัพพลาย จำกัด จำกัด,วันชนก นิลเสนา,นครสวรรค์,049246731
CUST09688,บริษัท ห้างหุ้นส่วนจำกัด ภูภักดี จำกัด,ณัฐติญา ตัณสถิตย์,สกลนคร,077-677723
CUST09689,บริษัท บมจ.เดชคุ้ม จำกัด,ราณี นับเนื่องนอ,หาดใหญ่,+66 2726 6437
CUST09690,บริษัท บริษัท ถมังรักษสัตว์ จำกัด จำกัด,กฤตพร แนวพนิช,เชียงราย,+66 (0) 4922 8959
CUST09691,บริษัท หจก.สันตะวงศ์ จำกัด,ปิยนาฎ ราชมณี,พิษณุโลก,+66 846 192 354
CUST09692,บริษัท หจก.ถาวรรัตนอินเตอร์เนชั่นแนล จำกัด,พชรภรณ์ บุนยะศัพท์,นครศรีธรรมราช,093-863-4703
CUST09693,บริษัท บริษัท บุญบำรุง จำกัด จำกัด,พิมพ์ประภา นฤภัย,สมุทรปราการ,0 7920 1019
CUST09694,บริษัท บริษัท บุนยะศัพท์ จำกัด จำกัด,จรรยพร ถนัดการเขียน,พิษณุโลก,+66 (0) 2310 2519
CUST09695,บริษัท ห้างหุ้นส่วนจำกัด สันตะวงศ์ จำกัด,กษิดิฐ สาระพันธ์,ภูเก็ต,074 984704
CUST09696,บริษัท บจก.หนุนสุขเทรดดิ้ง จำกัด,วิถี ทองอยู่,สมุทรสาคร,097 565 6219
CUST09697,บริษัท บริษัท แถมธนขนส่ง จำกัด จำกัด,ปภาวรินทร์ ประจันตะเสน,พัทยา,07 193 8251
CUST09698,บริษัท ห้างหุ้นส่วนจำกัด ทองอยู่ จำกัด,ยุลิน ประจันตะเสน,นครสวรรค์,0 601 508 065
CUST09699,บริษัท ฉิมพาลีมอเตอร์ จำกัด,ฉัตรปรียา นิลวรรณ,เชียงใหม่,054107107
CUST09700,บริษัท ห้างหุ้นส่วนจำกัด นวลเพ็ง จำกัด,ทวีวัฒน์ บุนยะศัพท์,แม่สอด,+66 829 008 757
CUST09701,บริษัท ห้างหุ้นส่วนจำกัด ฉายแสงเคมิคอล จำกัด,สิรวัฒน์ บัวเผื่อน,แม่สอด,0 4944 5912
CUST09702,บริษัท เลิศกิ่งและดัตพันธุ์ จำกัด,วสิตา ศรทอง,สมุทรปราการ,+665 758 2912
CUST09703,บริษัท บมจ.เจริญรัมย์ จำกัด,ปิยะชาติ ดาวกระจาย,สงขลา,048-487146
CUST09704,บริษัท บริษัท ศิวะวรเวทอะไหล่ยนต์ จำกัด จำกัด,จันทภา แก้วอยู่,พระนครศรีอยุธยา,+66 3120 4383
CUST09705,บริษัท บริษัท นกทอง จำกัด จำกัด,พิมพ์สุดา ถนัดอักษร,เกาะสมุย,0 686 208 267
CUST09706,บริษัท บริษัท เวียงจันทึกเฟอร์นิเจอร์ จำกัด จำกัด,กิติกานต์ นกทอง,เชียงใหม่,04 639 4001
CUST09707,บริษัท มูลนิธินาถะพินธุ จำกัด,ขอดิเยาะ ยาปะโลหิต,กรุงเทพมหานคร,0 848 406 359
CUST09708,บริษัท บริษัท เนื้อนุ่มวิศวกรรม จำกัด (มหาชน) จำกัด,ฤทธิ์ชกร ตรีเภรินทร์,อุบลราชธานี,0831058883
CUST09709,บริษัท บริษัท นาคสุทิน จำกัด จำกัด,รักชนก ถนัดพิมพการ,อุดรธานี,098-449-2691
CUST09710,บริษัท บริษัท ตั้งรบเอนเตอรไพรส์ จำกัด (มหาชน) จำกัด,ธนภณ มิ่งขวัญ,พัทยา,0-7018-6523
CUST09711,บริษัท มูลนิธิด้วงโสน จำกัด,จีรยุทธ ไทยแท้,สุราษฎร์ธานี,05 551 5446
CUST09712,บริษัท บริษัท นุ่มกัน จำกัด จำกัด,ญาณพันธุ์ ดาวกระจาย,พิษณุโลก,0-7571-6725
CUST09713,บริษัท บริษัท ตระกูลไม้เรียงเอ็นจิเนียริ่ง จำกัด จำกัด,นาวีตา เมืองสุข,นครศรีธรรมราช,073 933194
CUST09714,บริษัท บจก.บุตราช จำกัด,เยาวรัตน์ ถนัดรักษา,ลำปาง,02 624 7515
CUST09715,บริษัท หจก.งามพิเชษฐ์พืชผล จำกัด,ภัทรนาฎ ทองประดิฐ,ปากเกร็ด,0-5712-6922
CUST09716,บริษัท หจก.ทองอยู่เอ็นจิเนียริ่ง จำกัด,สุภาพร บุณยะภาชน์,สมุทรสาคร,+66 (0) 661 472 969
CUST09717,บริษัท บริษัท ตันเผ่าพานิช จำกัด จำกัด,ปฐม นฤภัย,เชียงใหม่,0 955 090 193
CUST09718,บริษัท มูลนิธิเขียวอ่อน จำกัด,ภัคชัญญา ตันตราจิณ,พิษณุโลก,+66 (0) 2943 8945
CUST09719,บริษัท บริษัท ทุมะบุตร์อินเตอร์เนชั่นแนล จำกัด จำกัด,ทานตะวัน ขันธุลา,ขอนแก่น,0 4867 1081
CUST09720,บริษัท นิติสาขาและนิยมธรรม จำกัด,สุพนธ์ ปรีชากุลเศรษฐ์,สมุทรสาคร,057144559
CUST09721,บริษัท บจก.เลิศกิ่ง จำกัด,สหัสมณี หิรัญสาลี,นครราชสีมา,+66 3079 5502
CUST09722,บริษัท บริษัท ทัศนสุทธิก่อสร้าง จำกัด จำกัด,ปภาวรินทร์ ตัณสถิตย์,สกลนคร,0641519898
CUST09723,บริษัท บริษัท สันตะวงศ์คอนสตรัคชั่น จำกัด จำกัด,ทวีวัฒน์ เพียยา,รังสิต,05 270 0213
CUST09724,บริษัท บจก.นามขำ จำกัด,ชรินทร์ทิพย์ ตั้งเผ่า,ปากเกร็ด,059 850788
CUST09725,บริษัท สมาคมนาคสุทิน จำกัด,สมเกียรติ ธรรมฤดี,ขอนแก่น,076-710327
CUST09726,บริษัท บริษัท ทวนไชย์เอนเตอรไพรส์ จำกัด จำกัด,อมัด จ้อยนุแสง,เชียงใหม่,070 058191
CUST09727,บริษัท นิลสุวรรณ์และวุฑฒยากร จำกัด,ยุภา ถนัดรักษา,นครราชสีมา,038-357013
CUST09728,บริษัท หจก.ธูปะวิโรจน์ยานยนต์ จำกัด,กรพนธ์ ธุวะนุติ์,เชียงราย,+66 7569 1575
CUST09729,บริษัท หจก.แก้วอยู่บรรจุภัณฑ์ จำกัด,พิพิธธน ธนรักษ์,นครศรีธรรมราช,+66 (0) 944 558 634
CUST09730,บริษัท บมจ.ทองลาภ จำกัด,มารุด ประจันตะเสน,ขอนแก่น,029-500237
CUST09731,บริษัท บริษัท นิลวิมลขนส่ง จำกัด จำกัด,จิราภรณ์ ไทนิยม,ลำปาง,095-536-6870
CUST09732,บริษัท บริษัท นักสำหรวจ จำกัด จำกัด,กิติวัฒน์ ประจันตะเสน,เกาะสมุย,+665 916 8222
CUST09733,บริษัท ตันเผ่าและดุษฎีวนิช จำกัด,จณิตตา หนักแน่น,เชียงใหม่,039830274
CUST09734,บริษัท ธรรมนิยมเอนเตอรไพรส์ จำกัด,สุรวัช เณรานุสนธิ์,สมุทรปราการ,098 063 6648
CUST09735,บริษัท ห้างหุ้นส่วนจำกัด นิระหานี จำกัด,ฐิติณัฐฐา นรวิทย์โชติกุล,นครราชสีมา,0 5241 4086
CUST09736,บริษัท บริษัท ขอหมั่นกลาง จำกัด จำกัด,ทับทิม ถนัดอักษร,ขอนแก่น,093-266-0877
CUST09737,บริษัท บริษัท จันอ้นพืชผล จำกัด จำกัด,ปัณณวัชร ทองสินธุ์,ระยอง,086-234-7273
CUST09738,บริษัท บริษัท เวียงจันทึก จำกัด จำกัด,ศรายุธ เยาวธนโชค,นครศรีธรรมราช,040 662981
CUST09739,บริษัท บริษัท แถมธน จำกัด จำกัด,อัญธิกา ฉัตรอภิเที่ยงค่ำ,ยะลา,0 656 825 496
CUST09740,บริษัท บริษัท นาคะนครการค้า จำกัด จำกัด,จิตรลดา อุลหัสสา,กรุงเทพมหานคร,+665 251 0610
CUST09741,บริษัท บริษัท พรสีมาภาพยนตร์ จำกัด จำกัด,วรรณาต ถนัดรบ,เชียงใหม่,0998311912
CUST09742,บริษัท มูลนิธิตวงทอง จำกัด,สุชิน ถนัดการยนต์,พัทยา,+662 447 6523
CUST09743,บริษัท บริษัท ไทนิยม จำกัด จำกัด,สิริกานต์ ถ้วนศรี,เกาะสมุย,+66 4741 8092
CUST09744,บริษัท บริษัท นิษประปัญจ์ จำกัด จำกัด,คำ นิลวิมล,เชียงใหม่,+662 127 9094
CUST09745,บริษัท วุฑฒยากร-แนวพญา จำกัด,บุญพา นิลสลัว,สุราษฎร์ธานี,0 3452 5257
CUST09746,บริษัท บริษัท นิยมสำหรวจเอนเตอรไพรส์ จำกัด จำกัด,ภูวิช ไทนิยม,เกาะสมุย,054 493757
CUST09747,บริษัท สุวรรณหงษ์คอมมิวนิเคชั่น จำกัด,ดวงพร ธัญเสถียร,นครศรีธรรมราช,041 785888
CUST09748,บริษัท ทีฆะ-ดาบเงิน จำกัด,ผดุงชาติ บุญญาภิรมย์,อุดรธานี,0-3072-6251
CUST09749,บริษัท บริษัท ภูภักดี จำกัด จำกัด,ภัคศุภางค์ ตันตราจิณ,เชียงราย,041-979739
CUST09750,บริษัท ถนอมพลและนิลวิมล จำกัด,ภานุวัตร ถุงเงิน,เกาะสมุย,041977099
CUST09751,บริษัท บริษัท ตั้งกุลงามอุตสาหกรรม จำกัด (มหาชน) จำกัด,ซูไรดา แต้กุล,ระยอง,+66 911 617 930
CUST09752,บริษัท ห้างหุ้นส่วนสามัญ เพียยา จำกัด,นรีกานต์ ธูปหอม,พระนครศรีอยุธยา,061 856 8956
CUST09753,บริษัท ห้างหุ้นส่วนจำกัด ถนัดอาวุธแพคกิ้ง จำกัด,พรรณปพร นกทอง,อ้อมน้อย,0-7171-9285
CUST09754,บริษัท วิลาสินีและเพื่อน จำกัด,ชิดชนก ธนูปกรณ์,สมุทรปราการ,0846262142
CUST09755,บริษัท หจก.นฤทุกข์กลการ จำกัด,ภัคศุภางค์ ถนัดการเขียน,สกลนคร,+66 2241 5926
CUST09756,บริษัท ห้างหุ้นส่วนจำกัด วาทา จำกัด,พิไลพร ตวงทอง,นนทบุรี,059 711442
CUST09757,บริษัท บริษัท ฉัตรอภิเที่ยงค่ำ จำกัด (มหาชน) จำกัด,วันฉัตร ธนรักษ์,ตรัง,0-5629-6617
CUST09758,บริษัท หจก.เดชคุ้มคอมพิวเตอร์ จำกัด,จณิตตา นวลเพ็ง,สงขลา,0943614332
CUST09759,บริษัท บริษัท สงประเสริฐเคมิคอล จำกัด จำกัด,สิริ เยาวธนโชค,อุบลราชธานี,032-594221
CUST09760,บริษัท บริษัท แหยมศิริเคมิคอล จำกัด (มหาชน) จำกัด,เอกอธิพงษ์ ทุมะบุตร์,สกลนคร,+667 635 3919
CUST09761,บริษัท มูลนิธินฤทุกข์ จำกัด,วสิตา ตวงทอง,แม่สอด,02 449 9092
CUST09762,บริษัท บริษัท ด้วงโสนวิศวกรรม จำกัด จำกัด,เอนกพงศ์ ศรทอง,ภูเก็ต,+66 5221 8935
CUST09763,บริษัท ห้างหุ้นส่วนจำกัด ติระคมน์ จำกัด,ภาสินี แก้วชลคราม,สงขลา,0 934 080 714
CUST09764,บริษัท เวียงจันทึกบริการ จำกัด,เมทนี บินดี,กรุงเทพมหานคร,068 032 9093
CUST09765,บริษัท บริษัท บุตราชมอเตอร์ จำกัด จำกัด,อาภัศรา ภูภักดี,สุราษฎร์ธานี,+66 (0) 624 313 765
CUST09766,บริษัท ดาวอร่ามเฟอร์นิเจอร์ จำกัด,สมปอง ยางสวย,ระยอง,03 155 7652
CUST09767,บริษัท ห้างหุ้นส่วนจำกัด ยาปะโลหิต จำกัด,พรเบญญา ศิวะวรเวท,สมุทรสาคร,+66 (0) 4908 0524
CUST09768,บริษัท นฤทุกข์-ธรรมฤดี จำกัด,เยาวรัตน์ เมืองสุข,พิษณุโลก,+66 926 180 247
CUST09769,บริษัท ห้างหุ้นส่วนจำกัด ถาวรรัตน จำกัด,คมสัน นับเนื่องนอ,นนทบุรี,028048719
CUST09770,บริษัท ห้างหุ้นส่วนจำกัด ตัณสถิตย์และบุตร จำกัด,หรรษา ถนัดกลึง,แหลมฉบัง,0911544874
CUST09771,บริษัท ดัตพันธุ์-นุ่มกัน จำกัด,ยุศรอน ตราชู,กรุงเทพมหานคร,026536440
CUST09772,บริษัท หจก.ไชยภาอะไหล่ยนต์ จำกัด,จินต์จุฑา ตัณสถิตย์,สุราษฎร์ธานี,081 899 2575
CUST09773,บริษัท บริษัท ทองประดิฐอะไหล่ยนต์ จำกัด จำกัด,นัฐพล นกทอง,นครปฐม,0 939 263 319
CUST09774,บริษัท บริษัท ถนัดภาษาอุตสาหกรรม จำกัด จำกัด,บุญเทียน ตวงทอง,สมุทรสาคร,0-4088-0771
CUST09775,บริษัท บมจ.ประจันตะเสน จำกัด,นราวรรณ นาควงษ์,ระยอง,080 312 4506
CUST09776,บริษัท บมจ.ดิสกะประกาย จำกัด,วรรณนิสา ธูปหอม,สงขลา,0-5282-0512
CUST09777,บริษัท ห้างหุ้นส่วนสามัญ มนทอง จำกัด,กนกเนตร ตันยา,นครศรีธรรมราช,044 652561
CUST09778,บริษัท สมาคมทรัพย์ธำรงค์ จำกัด,ดวงสมร เมืองสุข,ขอนแก่น,0 4451 4885
CUST09779,บริษัท นาถะพินธุคอมพิวเตอร์ จำกัด,ณัฐธภรณ์ นักสำหรวจ,เชียงราย,034 103366
CUST09780,บริษัท หจก.ตรีเภรินทร์ จำกัด,ภารวี ตะละภัฏ,พัทยา,0-4279-7819
CUST09781,บริษัท หจก.ดาวอร่ามวิศวการ จำกัด,ยอดแมน บุญญาไลย์,อุดรธานี,+66 (0) 3156 2402
CUST09782,บริษัท บจก.ธรรมนิยมเซอร์วิส จำกัด,สุรการณ์ จันทา,เชียงราย,+66 2874 7118
CUST09783,บริษัท บริษัท ยาปะโลหิตอะไหล่ยนต์ จำกัด จำกัด,ทิพรดา ศรีวงค์,เชียงใหม่,047310732
CUST09784,บริษัท กองทุนรวมสุวรรณหงษ์เอ็นจิเนียริ่ง จำกัด (มหาชน) จำกัด,รักชนก ถุงเงิน,พระนครศรีอยุธยา,0 5871 6560
CUST09785,บริษัท บมจ.ชุมวระเฟอร์นิเจอร์ จำกัด,วาร์มูฮำหมัด ธนประทีป,พระนครศรีอยุธยา,+66 (0) 3968 1392
CUST09786,บริษัท หจก.สันตะวงศ์บริการ จำกัด,ณัฐญาดา ทองสุกเลิศ,นนทบุรี,058591960
CUST09787,บริษัท บริษัท ทวนไชย์คอมพิวเตอร์ จำกัด จำกัด,วันชนก นิษประปัญจ์,แหลมฉบัง,0 7746 4847
CUST09788,บริษัท ห้างหุ้นส่วนจำกัด นิลสุวรรณ์ จำกัด,จันทนา หนุนสุข,สุราษฎร์ธานี,0 643 112 190
CUST09789,บริษัท บริษัทหลักทรัพย์ บุตราชคอมมิวนิเคชั่น จำกัด จำกัด,ชลิดา ฉัตรอภิเที่ยงค่ำ,แหลมฉบัง,0 7400 5883
CUST09790,บริษัท ชมรมทรัพย์สาร จำกัด,ฉัตรปรียา นาถะพินธุ,รังสิต,0-3699-6065
CUST09791,บริษัท บริษัท นำธวัช จำกัด จำกัด,จักรชัย ด้วงโสน,สงขลา,+66 830 603 326
CUST09792,บริษัท ห้างหุ้นส่วนจำกัด ศรีวงค์มอเตอร์ จำกัด,ภูวัน ศรีธนะเวทย์,เชียงราย,+66 (0) 642 116 923
CUST09793,บริษัท บริษัท ผลบุญ จำกัด (มหาชน) จำกัด,ธีริสรา นาควงษ์,นครศรีธรรมราช,+66 (0) 3972 3943
CUST09794,บริษัท ห้างหุ้นส่วนสามัญ อุลหัสสาเคมิคอล จำกัด,เลิศเดช ถนัดรบ,กรุงเทพมหานคร,021-586817
CUST09795,บริษัท บริษัทหลักทรัพย์ นุชแนวนุ่มเฟอนิชชิ่ง จำกัด จำกัด,มาโนชญ์ เช้าวันดี,แม่สอด,043 857008
CUST09796,บริษัท บริษัท แท่นทองการบัญชี จำกัด จำกัด,รชตกร ถนัดภาษา,ระยอง,051 359848
CUST09797,บริษัท บริษัท แก้วชลครามแอนด์ซันส์ จำกัด จำกัด,ปวีณ งามพิเชษฐ์,ยะลา,0 7296 1757
CUST09798,บริษัท หจก.เลขะพันธุ์ จำกัด,ปิยะนันท์ ทับทิมไทย,พระนครศรีอยุธยา,0 4841 6576
CUST09799,บริษัท หจก.ถาวรรัตน จำกัด,อธิวัตร สงประเสริฐ,สงขลา,0 3640 6192
CUST09800,บริษัท หจก.ทวนไชย์ จำกัด,เฉลิมพล แนวพญา,ตรัง,+66 (0) 2789 0475
CUST09801,บริษัท บริษัท ฉิมพาลีก่อสร้าง จำกัด จำกัด,รมิตา ตะละภัฏ,ระยอง,+66 5208 2672
CUST09802,บริษัท บจก.ทองลาภ จำกัด,ศจีกาญจน์ บัวเผื่อน,อุบลราชธานี,061 589 6089
CUST09803,บริษัท ห้างหุ้นส่วนจำกัด ตรีเภรินทร์ จำกัด,โสภณ ตั้งรบ,แม่สอด,077-821954
CUST09804,บริษัท บริษัท ทหารแท้และเพื่อน จำกัด จำกัด,ปรายกานต์ ทองเนื้อดี,นครปฐม,+66 5080 2792
CUST09805,บริษัท สหภาพแรงงานนิละทัต จำกัด,โรสชา นิละทัต,ยะลา,0 4389 0594
CUST09806,บริษัท นุตตารโอสถ จำกัด,รักชนก เณรานุสนธิ์,อุบลราชธานี,03 878 9949
CUST09807,บริษัท บุญส่งอุตสาหกรรม จำกัด,วาร์มูฮำหมัด สาระพันธ์,สกลนคร,0 5521 6789
CUST09808,บริษัท เตชะกำพุและฉายแสง จำกัด,รวิวาน ถนัดการยนต์,สมุทรสาคร,0950657996
CUST09809,บริษัท บมจ.ตันตราจิณบรรจุภัณฑ์ จำกัด,รังสินี ศิวะวรเวท,เกาะสมุย,089 599 6285
CUST09810,บริษัท บริษัท ธรรมทินนาจิวเวลรี่ จำกัด จำกัด,ธเนษฐ ธรรมฤดี,สงขลา,034177399
CUST09811,บริษัท ห้างหุ้นส่วนจำกัด ทวีเดช จำกัด,เมทนี บุณยะภาชน์,นครราชสีมา,05 586 0615
CUST09812,บริษัท นิยมสำหรวจแอนด์ซันส์ จำกัด,ฮามีย๊ะ แจ้งสว่าง,นครสวรรค์,075571972
CUST09813,บริษัท ทองสุกเลิศและถ้วนศรี จำกัด,ปริญญา ดัตพันธุ์,เจ้าพระยาสุรศักดิ์,0 7933 0753
CUST09814,บริษัท บริษัท คณานุรักษ์ซัพพลาย จำกัด จำกัด,นนทกาญจน์ ตันตราจิณ,นครสวรรค์,053425497
CUST09815,บริษัท ตระกูลไม้เรียงเฟอนิชชิ่ง จำกัด,ปฐวีกานต์ ศรีวงค์,นครสวรรค์,+66 7220 8507
CUST09816,บริษัท ห้างหุ้นส่วนจำกัด เลิศกิ่งวิศวการ จำกัด,โกมล เตชะกำพุ,รังสิต,+663 437 6806
CUST09817,บริษัท บริษัท วาทาอุตสาหกรรม จำกัด จำกัด,มลิวรรณ ติณรัตน์,ยะลา,078094716
CUST09818,บริษัท บริษัท นพตระกูลการช่าง จำกัด จำกัด,ยศพนต์ ทองประดิฐ,หาดใหญ่,0963699549
CUST09819,บริษัท ห้างหุ้นส่วนจำกัด หอมพิกุล จำกัด,ยอดแมน นิษประปัญจ์,ขอนแก่น,048594439
CUST09820,บริษัท บริษัท เตชะกำพุกรุ๊ป จำกัด จำกัด,จิณภัทตา ทองประดิฐ,ยะลา,038170620
CUST09821,บริษัท มิ่งขวัญและเพื่อน จำกัด,ราชันทร์ ธรรมเมธา,เจ้าพระยาสุรศักดิ์,+663 476 1523
CUST09822,บริษัท ห้างหุ้นส่วนจำกัด บุญศลภาพยนตร์ จำกัด,ชลิดา ทองสีไพล,อุดรธานี,0 7527 0516
CUST09823,บริษัท ห้างหุ้นส่วนจำกัด เช้าวันดี จำกัด,นันทิกานต์ เธียรายัน,สงขลา,078-464369
CUST09824,บริษัท ห้างหุ้นส่วนจำกัด ถนัดเดินข่าวอุตสาหกรรม จำกัด,เรืองเกียรติ นฤทุกข์,แม่สอด,+66 (0) 3192 1024
CUST09825,บริษัท ห้างหุ้นส่วนสามัญ ไชยภาเฟอร์นิเจอร์ จำกัด,อธิวัตร ถนอมพลกรัง,สกลนคร,0 4604 4212
CUST09826,บริษัท บริษัท หอมสิน จำกัด จำกัด,ปิยวัจน์ เลขะพันธุ์,ตรัง,033918446
CUST09827,บริษัท หจก.ศาสตร์ศิลป์เฟอร์นิเจอร์ จำกัด,วิชา เพียยา,ขอนแก่น,0684656160
CUST09828,บริษัท ห้างหุ้นส่วนสามัญ ดำริห์ชอบ จำกัด,ประจิน ทวนทอง,ลำปาง,021 617974
CUST09829,บริษัท ห้างหุ้นส่วนสามัญ ธรรมนิยมแพคกิ้ง จำกัด,นันทวุฒิ เตชะกำพุ,เจ้าพระยาสุรศักดิ์,048232208
CUST09830,บริษัท ห้างหุ้นส่วนจำกัด บุนยะศัพท์วิศวการ จำกัด,สุรการณ์ ทองประดิฐ,รังสิต,0 3171 4635
CUST09831,บริษัท บมจ.เณรานุสนธิ์ จำกัด,ภัคชนน อุลหัสสา,เชียงราย,+664 483 8258
CUST09832,บริษัท ทำประดู่อินเตอร์เนชั่นแนล จำกัด,กนกเนตร ดวงทับทิม,ตรัง,0-7257-1415
CUST09833,บริษัท บริษัท ดาตู จำกัด จำกัด,ทรรศนชัย ถนัดรบ,สมุทรสาคร,0-3720-9386
CUST09834,บริษัท บริษัท ดาวอร่าม จำกัด จำกัด,ฐิติณัฐฐา แต้กุล,สุราษฎร์ธานี,+66 630 197 641
CUST09835,บริษัท บริษัท เนื้อนุ่ม จำกัด จำกัด,เยาวรัตน์ ธรรมนิยม,สงขลา,+665 550 3180
CUST09836,บริษัท ห้างหุ้นส่วนจำกัด ทับทิมไทย จำกัด,ธาเอก ตั้งเผ่า,ตรัง,+662 092 2012
CUST09837,บริษัท บริษัท เนื่องนนท์ จำกัด (มหาชน) จำกัด,แปลง จันอ้น,ระยอง,0-5513-3175
CUST09838,บริษัท บริษัท เลขะพันธุ์การช่าง จำกัด จำกัด,เทพนารี ถาวรรัตน,พระนครศรีอยุธยา,07 418 7516
CUST09839,บริษัท ห้างหุ้นส่วนจำกัด ถนอมพลกรังเฟอนิชชิ่ง จำกัด,ปัญญาพร บุตราช,แหลมฉบัง,0924324351
CUST09840,บริษัท บริษัท ถะเกิงชศ จำกัด จำกัด,สุรวัช ดุริยพันธุ์,นครศรีธรรมราช,0-3062-8436
CUST09841,บริษัท สหภาพแรงงานเขียวอ่อน จำกัด,ยุภา ดำริห์ชอบ,นครปฐม,0 941 082 163
CUST09842,บริษัท ห้างหุ้นส่วนจำกัด ตัณสถิตย์ จำกัด,โสภา ถนัดอักษร,ขอนแก่น,0 988 593 639
CUST09843,บริษัท เนื้อนุ่มและขันธุลา จำกัด,พีรพัฒน์ หอมสิน,ปากเกร็ด,049-064030
CUST09844,บริษัท ห้างหุ้นส่วนจำกัด อุลหัสสากลการ จำกัด,ภานุพล วะคีมัน,สมุทรปราการ,069 465 6215
CUST09845,บริษัท แจ้งสว่าง-ปรีชากุลเศรษฐ์ จำกัด,เกษมชัย ตันเผ่า,นครสวรรค์,+665 300 9304
CUST09846,บริษัท ห้างหุ้นส่วนสามัญ เดชวา จำกัด,กวาง ศรีเผด็จ,นครศรีธรรมราช,035-737397
CUST09847,บริษัท บจก.ถาวรรัตน จำกัด,พิมพ์ประภา ศรีอุ่น,เชียงราย,03 101 6953
CUST09848,บริษัท ตราชู-นุชแนวนุ่ม จำกัด,ภารวี นุ่มกัน,เชียงราย,+662 533 6321
CUST09849,บริษัท ห้างหุ้นส่วนสามัญ ถนัดอักษรแพคกิ้ง จำกัด,กวาง พงศ์ฉบับนภา,แหลมฉบัง,0 910 404 380
CUST09850,บริษัท ศรีตะวันการช่าง จำกัด,ไมล์ คำลือ,หาดใหญ่,+66 699 960 864
CUST09851,บริษัท หจก.ธรรมเมธาและบุตร จำกัด,ณปภัช ถนอมกุลบุตร,นครศรีธรรมราช,0-4287-0481
CUST09852,บริษัท ห้างหุ้นส่วนจำกัด ไม้แดง จำกัด,มะสูเกียน ซูสารอ,สกลนคร,072 757585
CUST09853,บริษัท ห้างหุ้นส่วนจำกัด ศรีอุ่นเฟอร์นิเจอร์ จำกัด,กิ่งแก้ว บุญส่ง,อ้อมน้อย,+66 2237 5411
CUST09854,บริษัท ชมรมติระคมน์ จำกัด,ศศิรินทร์ บัวเผื่อน,ยะลา,0 644 611 711
CUST09855,บริษัท ชมรมไสยกิจ จำกัด,พงษ์นเรศ ธัญเสถียร,นครศรีธรรมราช,+667 923 3879
CUST09856,บริษัท ตวงทองการช่าง จำกัด,พัชรพร บุญส่ง,กรุงเทพมหานคร,03 493 2680
CUST09857,บริษัท บุญญาไลย์กรุ๊ป จำกัด,วรรณาต แนวพญา,ลำปาง,020 558809
CUST09858,บริษัท บริษัท ชุมวระ จำกัด จำกัด,นพรัตน์ อัตตนาถ,นครปฐม,025 527160
CUST09859,บริษัท บริษัท สังข์กรด จำกัด จำกัด,อัครพนธ์ สุวรรณหงษ์,ลำปาง,0-2832-9235
CUST09860,บริษัท บมจ.นาคพันธุ์วิศวกรรม จำกัด,นัฐพล ตันเผ่า,กรุงเทพมหานคร,029508749
CUST09861,บริษัท ห้างหุ้นส่วนจำกัด ธรรมนิยมการช่าง จำกัด,ผดุงชาติ สันตะวงศ์,ยะลา,0-4317-0863
CUST09862,บริษัท หจก.ตระกูลบุญ จำกัด,พรสวรรค์ หนักแน่น,เจ้าพระยาสุรศักดิ์,+667 400 9026
CUST09863,บริษัท บริษัท นฤทุกข์ จำกัด จำกัด,ผดุงชาติ นาคสุทิน,พิษณุโลก,07 206 2084
CUST09864,บริษัท บริษัท บุนยะตีรณะ จำกัด จำกัด,คำมั่น แก้วชลคราม,นครปฐม,+66 (0) 3376 1708
CUST09865,บริษัท บจก.ทวีเดช จำกัด,มารุด เนื้อนุ่ม,แหลมฉบัง,0-5611-8222
CUST09866,บริษัท ห้างหุ้นส่วนจำกัด ถนัดกลึงโอสถ จำกัด,อัญธิกา ถนัดหัตถกรรม,เจ้าพระยาสุรศักดิ์,091 734 5992
CUST09867,บริษัท บริษัท แจ้งสว่างอิมปอร์ตเอ็กซปอร์ต จำกัด จำกัด,สุรนัย ทวนทอง,นครปฐม,0 3113 3410
CUST09868,บริษัท บริษัท ทวีเดช จำกัด (มหาชน) จำกัด,ปฐวีกานต์ นพตระกูล,แม่สอด,+66 7416 2520
CUST09869,บริษัท ห้างหุ้นส่วนจำกัด หิรัญสาลีจิวเวลรี่ จำกัด,ธนกิตต์ เมืองสุข,แม่สอด,060 004 8195
CUST09870,บริษัท บริษัท นุ่มกัน จำกัด (มหาชน) จำกัด,ปิยวดี ทองสีไพล,ภูเก็ต,0 960 932 414
CUST09871,บริษัท สหภาพแรงงานถนัดเดินข่าว จำกัด,พชรภรณ์ ตวันเยี่ยม,พระนครศรีอยุธยา,0 7354 6515
CUST09872,บริษัท มูลนิธิเดชคุ้ม จำกัด,กิติวัฒน์ นรวิทย์โชติกุล,ภูเก็ต,+66 606 254 707
CUST09873,บริษัท ถนัดอักษรเฟอนิชชิ่ง จำกัด,ธัชญา ทวีเดช,ระยอง,0-7276-8098
CUST09874,บริษัท ห้างหุ้นส่วนสามัญ ถาวระวรณ์กลการ จำกัด,สีหราช เยาวธนโชค,นนทบุรี,+66 (0) 2697 6256
CUST09875,บริษัท หจก.พรรษาสกุลวิศวกรรม จำกัด,ถนอมชัย พรสีมา,อุบลราชธานี,0 7436 1677
CUST09876,บริษัท บริษัท ธัญาโภชน์ จำกัด จำกัด,วรรณาต นิลสลัว,เชียงราย,+667 769 4812
CUST09877,บริษัท บริษัท ราชมณีวิศวการ จำกัด จำกัด,อรพิณ ทศโยธิน,แม่สอด,053 397182
CUST09878,บริษัท ดาวอร่าม-นวลเพ็ง จำกัด,เกศรา ธนประทีป,เชียงใหม่,099 899 1052
CUST09879,บริษัท สหภาพแรงงานนำธวัช จำกัด,รอกีเย๊าะ ศรีสัตย์,ระยอง,0 5057 5043
CUST09880,บริษัท ถนอมมนุษย์โอสถ จำกัด,พลภูมิ ถนอมมนุษย์,นครราชสีมา,045-438788
CUST09881,บริษัท มูลนิธิพรสีมา จำกัด,รชตกร ตระกูลไม้เรียง,สกลนคร,+66 (0) 2393 8182
CUST09882,บริษัท มูลนิธิทรงโกมล จำกัด,โยธิการ์ ทศโยธิน,สกลนคร,027 986983
CUST09883,บริษัท หิรัญสาลีการช่าง จำกัด,ตรีนุช เขียวขุ้ย,เกาะสมุย,049 831672
CUST09884,บริษัท บริษัท ดิสกะประกาย จำกัด จำกัด,ศรายุธ ยางสวย,กรุงเทพมหานคร,036 434724
CUST09885,บริษัท ห้างหุ้นส่วนสามัญ ซาซุมเอ็นจิเนียริ่ง จำกัด,ภัคชนน แก้วอยู่,นครราชสีมา,089-730-6228
CUST09886,บริษัท บมจ.ทรัพย์ธำรงค์แอนด์ซันส์ จำกัด,ไมล์ เธียรายัน,กรุงเทพมหานคร,+66 818 880 208
CUST09887,บริษัท บริษัท นิละทัต จำกัด จำกัด,สนั่น ธาราธร,อุดรธานี,035-085711
CUST09888,บริษัท บริษัท นวลเพ็ง จำกัด จำกัด,หรรษธร บุญญาไลย์,แหลมฉบัง,090-516-3788
CUST09889,บริษัท ธนาคารเพียยาเคมิคอล จำกัด จำกัด,พัชรีนิษฐ์ ฉิมพาลี,อุบลราชธานี,044538393
CUST09890,บริษัท บมจ.เตชะกำพุ จำกัด,พีรภัทร์ ดุษฎีวนิช,นครราชสีมา,+66 (0) 869 589 227
CUST09891,บริษัท บริษัท นามเสวตร จำกัด จำกัด,จุฑาภรณ์ เตมิยะเดช,ภูเก็ต,024819976
CUST09892,บริษัท ทองสินธุ์และนกทอง จำกัด,ราชันทร์ บุญบำรุง,นครปฐม,+66 (0) 973 351 041
CUST09893,บริษัท บริษัท ศรีสัตย์ จำกัด จำกัด,ญาณพันธุ์ คณานุรักษ์,สมุทรสาคร,040 178309
CUST09894,บริษัท สมาคมทวนทอง จำกัด,ซูรัยดา ถนัดการเขียน,ภูเก็ต,+66 864 466 987
CUST09895,บริษัท บริษัท ศรีสัตย์ จำกัด จำกัด,ชนิศา โพธิสัตย์,เจ้าพระยาสุรศักดิ์,0-5465-2110
CUST09896,บริษัท บริษัท บุญญาไลย์ จำกัด จำกัด,จณิสตา หนักแน่น,ภูเก็ต,077738843
CUST09897,บริษัท ห้างหุ้นส่วนสามัญ สังข์กรด จำกัด,ปิยนุช ไชยภา,อุดรธานี,091 668 7302
CUST09898,บริษัท นานายน-ดีตพันธุ์ จำกัด,เอกวิทย์ บุญบำรุง,แหลมฉบัง,+663 330 0714
CUST09899,บริษัท บจก.ตวันเยี่ยมจิวเวลรี่ จำกัด,นรีกานต์ ตวันเยี่ยม,สกลนคร,03 434 6000
CUST09900,บริษัท บริษัท กุมารบุญ จำกัด,พรรณปพร บัวเผื่อน,สกลนคร,+66 (0) 628 601 494
CUST09901,บริษัท บริษัท สันตะวงศ์กรุ๊ป จำกัด (มหาชน) จำกัด,อธิวัตร ธรรมนิยม,ระยอง,03 206 7688
CUST09902,บริษัท บริษัท นวลฉวีซัพพลาย จำกัด จำกัด,พรชนก เวียงจันทึก,พิษณุโลก,0-4919-9458
CUST09903,บริษัท บมจ.อัตตนาถ จำกัด,จรรยพร วะคีมัน,นครราชสีมา,+665 499 2045
CUST09904,บริษัท บริษัท ถนัดพิมพการแอนด์ซันส์ จำกัด จำกัด,พิมพกานต์ วะคีมัน,อุดรธานี,057-141115
CUST09905,บริษัท สหภาพแรงงานนาคะนคร จำกัด,อินทรีย์ ยาปะโลหิต,ลำปาง,080 189 6837
CUST09906,บริษัท บมจ.นครเทพพืชผล จำกัด,ศศิธร นิยมธรรม,ขอนแก่น,+66 698 437 233
CUST09907,บริษัท บริษัท ศรีธนะเวทย์ จำกัด (มหาชน) จำกัด,เจตพินิษฐ์ นิยมเซียม,สมุทรปราการ,085 991 4764
CUST09908,บริษัท บริษัท บุตราชมอเตอร์ จำกัด จำกัด,วาร์มูฮำหมัด ทุมะบุตร์,อ้อมน้อย,0943490363
CUST09909,บริษัท บจก.ดาวกระจาย จำกัด,นาตยา ทองแท้,อ้อมน้อย,0-3118-4141
CUST09910,บริษัท บมจ.ทันยุค จำกัด,พลภูมิ เขียวขุ้ย,ภูเก็ต,+66 931 538 268
CUST09911,บริษัท มูลนิธิธูปหอม จำกัด,เนตรฤดี นวลเพ็ง,กรุงเทพมหานคร,020 773886
CUST09912,บริษัท บริษัท เลขะพันธุ์และเพื่อน จำกัด จำกัด,สนั่น ทุมะบุตร์,นครสวรรค์,0 2267 2685
CUST09913,บริษัท บริษัท นฤทุกข์อินเตอร์เนชั่นแนล จำกัด จำกัด,นิติยา หิรัญสาลี,อุดรธานี,0 842 630 126
CUST09914,บริษัท สหภาพแรงงานนกทอง จำกัด,จิราภรณ์ แก้วอยู่,ปากเกร็ด,071 232248
CUST09915,บริษัท บริษัท ดำริห์ชอบ จำกัด,ภาสินี มนทอง,นครสวรรค์,+66 (0) 681 096 985
CUST09916,บริษัท บมจ.ดิศดใน จำกัด,ศดิศ ตรีเภรินทร์,พระนครศรีอยุธยา,0668021578
CUST09917,บริษัท บริษัท ทุมะบุตร์กรุ๊ป จำกัด จำกัด,พิมพ์สุดา นวลเพ็ง,เชียงใหม่,0 7744 9174
CUST09918,บริษัท บริษัท แต้กุล จำกัด,ประไพพักตร์ เดชวา,ขอนแก่น,+665 220 6402
CUST09919,บริษัท บุนยาภิสนท์-นามขำ จำกัด,จีราภรณ์ นามขำ,นครสวรรค์,03 710 4659
CUST09920,บริษัท ตันยาเทรดดิ้ง จำกัด,ธีรวัช ตัณสถิตย์,แหลมฉบัง,059295550
CUST09921,บริษัท บริษัท นครเทพ จำกัด (มหาชน) จำกัด,อับดุลเลาะห์ น้ำทิพย์,ภูเก็ต,029 941048
CUST09922,บริษัท ห้างหุ้นส่วนจำกัด นิยมเซียมกรุ๊ป จำกัด,สุทธิณัฐ นับเนื่องนอ,นครศรีธรรมราช,+66 (0) 5633 5355
CUST09923,บริษัท บมจ.นิลสุวรรณ์บรรจุภัณฑ์ จำกัด,นภัสรินทร์ ตราชู,พัทยา,058 419765
CUST09924,บริษัท บริษัท ดาวอร่าม จำกัด จำกัด,ธมลพรรณ นักรบ,ภูเก็ต,+66 954 802 732
CUST09925,บริษัท บริษัท วะคีมัน จำกัด,ธนกิตต์ วิลาสินี,นนทบุรี,048-213150
CUST09926,บริษัท บมจ.ถ้วนศรี จำกัด,นพ นาฏคายี,พิษณุโลก,077-012926
CUST09927,บริษัท บจก.บินดีก่อสร้าง จำกัด,บุญทิวา ธรรมนิยม,ภูเก็ต,041 257878
CUST09928,บริษัท ฉิมพาลีการค้า จำกัด,สมหมาย เยาวธนโชค,ภูเก็ต,0 645 868 047
CUST09929,บริษัท ชมรมหนุนสุข จำกัด,ณัฐธิตา แถมธน,แหลมฉบัง,+667 682 4091
CUST09930,บริษัท บริษัท บินดี จำกัด จำกัด,หรรษา ถนัดหัตถกรรม,เจ้าพระยาสุรศักดิ์,0605255367
CUST09931,บริษัท ห้างหุ้นส่วนจำกัด ศรทองแพคกิ้ง จำกัด,สรายุทธ นักสำหรวจ,เชียงราย,+664 071 4461
CUST09932,บริษัท แก้วชลครามคอมพิวเตอร์ จำกัด,วันฉัตร ถ้วนศรี,ยะลา,0-2142-9921
CUST09933,บริษัท ห้างหุ้นส่วนจำกัด ไทยแท้ จำกัด,มนัญชยา นานายน,ตรัง,0 976 308 499
CUST09934,บริษัท บริษัท ศรีตะวันขนส่ง จำกัด จำกัด,กวาง นฤทุกข์,สกลนคร,0629809611
CUST09935,บริษัท สมาคมหนุนสุข จำกัด,เมทนี นาคพันธุ์,แม่สอด,023 718669
CUST09936,บริษัท ชมรมเขียวอ่อน จำกัด,สุรนีย์ พีระเพ็ญกุล,แม่สอด,+662 761 6903
CUST09937,บริษัท บริษัท ศิวะวรเวท จำกัด จำกัด,จินต์จุฑา แน่นดุจป้อม,แม่สอด,07 194 2002
CUST09938,บริษัท ห้างหุ้นส่วนจำกัด นิติสาขา จำกัด,อาซือมะ ชุมวระ,ตรัง,080 163 2154
CUST09939,บริษัท บริษัท ประจันตะเสนสโตร์ จำกัด จำกัด,วีระโชติ ดิสกะประกาย,แม่สอด,077-694376
CUST09940,บริษัท บริษัท ขุนดำขนส่ง จำกัด จำกัด,ปิยวดี นวลเพ็ง,สมุทรสาคร,+66 (0) 3795 1847
CUST09941,บริษัท ห้างหุ้นส่วนจำกัด แก้วชลคราม จำกัด,กะดิรัตน์ ตั้งกุลงาม,อ้อมน้อย,0-7251-6743
CUST09942,บริษัท ชมรมดวงทับทิม จำกัด,จณิสตา น้ำทิพย์,นครปฐม,+66 (0) 7024 3964
CUST09943,บริษัท หจก.จันอ้นมอเตอร์ จำกัด,นิติยา ปานสุวรรณ,ยะลา,0619994558
CUST09944,บริษัท ห้างหุ้นส่วนจำกัด หิรัญสาลีคอนสตรัคชั่น จำกัด,วิชชากร บุญศล,นครสวรรค์,028 818014
CUST09945,บริษัท บริษัท ธรรมทินนาเอ็นจิเนียริ่ง จำกัด จำกัด,เอกวิทย์ เมืองสุข,นนทบุรี,0 3166 2189
CUST09946,บริษัท ห้างหุ้นส่วนจำกัด นุชแนวนุ่ม จำกัด,สันติราษฎร์ สุวรรณหงษ์,อุดรธานี,+66 (0) 628 767 599
CUST09947,บริษัท บจก.นรวิทย์โชติกุลจิวเวลรี่ จำกัด,สุรนัย แท่นทอง,นครศรีธรรมราช,026815636
CUST09948,บริษัท ห้างหุ้นส่วนจำกัด ธรรมทินนา จำกัด,สมเกียรติ นฤภัย,พระนครศรีอยุธยา,03 759 7028
CUST09949,บริษัท ขอหมั่นกลางและจ้อยนุแสง จำกัด,ณัฐติญา ถาวระวรณ์,ยะลา,+66 (0) 677 192 898
CUST09950,บริษัท บมจ.ทองแท้กลการ จำกัด,ธมน บุญญาไลย์,ภูเก็ต,+66 695 471 430
CUST09951,บริษัท ห้างหุ้นส่วนจำกัด ทำประดู่สโตร์ จำกัด,พัชรีนิษฐ์ ศรีธนะเวทย์,เชียงราย,0 7994 9993
CUST09952,บริษัท บริษัท นับเนื่องนอเซอร์วิส จำกัด จำกัด,มูฮำมัด ถนอมมนุษย์,ปากเกร็ด,03 841 4157
CUST09953,บริษัท ห้างหุ้นส่วนจำกัด ขุนดำ จำกัด,เกียรติก้อง ทองประดิฐ,เชียงราย,+66 (0) 4729 4166
CUST09954,บริษัท ห้างหุ้นส่วนจำกัด ร่มธิติรัตน์อิมปอร์ตเอ็กซปอร์ต จำกัด,พรชนก ทวีเดช,แม่สอด,03 488 2576
CUST09955,บริษัท ตรีครุธพันธุ์-นิละทัต จำกัด,ณิชนันท์ ร่มธิติรัตน์,นครปฐม,096-682-4007
CUST09956,บริษัท บมจ.ธุวะนุติ์ จำกัด,หรรษา ด้วงโสน,สงขลา,+66 3664 2414
CUST09957,บริษัท บริษัท ถาวรายุศม์ จำกัด จำกัด,ยศพนต์ สุวรรณหงษ์,นครปฐม,+664 379 5857
CUST09958,บริษัท บจก.งามพิเชษฐ์ จำกัด,บุญพา งามพิเชษฐ์,กรุงเทพมหานคร,0 4279 2335
CUST09959,บริษัท บริษัท แน่นดุจป้อม จำกัด จำกัด,เกษตร ยาปะโลหิต,พระนครศรีอยุธยา,0 4079 8140
CUST09960,บริษัท หจก.ปานสุวรรณเฟอนิชชิ่ง จำกัด,พาดีล๊ะ ตะละภัฏ,นครราชสีมา,0 2269 0349
CUST09961,บริษัท ห้างหุ้นส่วนจำกัด ราชมณี จำกัด,เทียมศักดิ์ นามขำ,ขอนแก่น,+667 234 9693
CUST09962,บริษัท สมาคมจันทา จำกัด,ชัญญานุนาย บุนยะศัพท์,สมุทรปราการ,038755205
CUST09963,บริษัท บริษัท นพคเชนทร์ จำกัด จำกัด,สันชัย ทหารแท้,สมุทรปราการ,061-675-9339
CUST09964,บริษัท บริษัท ทีฆะภาพยนตร์ จำกัด จำกัด,ธีรวัช ธนูปกรณ์,นครราชสีมา,04 102 9670
CUST09965,บริษัท ตราชู-ถนอมพล จำกัด,ธวัศชา ถนัดรบ,พิษณุโลก,03 121 2835
CUST09966,บริษัท บริษัท เขียวขุ้ยแอนด์ซันส์ จำกัด (มหาชน) จำกัด,ทิพย์วารี ทรงโกมล,นครสวรรค์,03 106 0222
CUST09967,บริษัท มูลนิธิสุวรรณหงษ์ จำกัด,เอกชัย จ้อยนุแสง,พระนครศรีอยุธยา,0 4936 6380
CUST09968,บริษัท บริษัท เลขะพันธุ์เอนเตอรไพรส์ จำกัด จำกัด,มาสิตะ ธนูปกรณ์,ยะลา,070 460715
CUST09969,บริษัท บริษัท นาคสุทินอินเตอร์เนชั่นแนล จำกัด จำกัด,อัญพัชร์ ดวงทับทิม,ตรัง,027991240
CUST09970,บริษัท ห้างหุ้นส่วนจำกัด ศรีสัตย์ จำกัด,จุฑารัตน์ ทวีเดช,ปากเกร็ด,+66 5670 8650
CUST09971,บริษัท บริษัท คำลือ จำกัด จำกัด,นรีรัตน์ ธรรมนิยม,เชียงใหม่,045 009673
CUST09972,บริษัท บริษัท เขียวอ่อน จำกัด จำกัด,พิมพ์สุตา ศรีวงค์,พระนครศรีอยุธยา,025272138
CUST09973,บริษัท บริษัท ทองสีไพล จำกัด จำกัด,จักรกฤนาย บุญญาไลย์,ยะลา,0 7444 1680
CUST09974,บริษัท ห้างหุ้นส่วนจำกัด วิลาสินีอะไหล่ยนต์ จำกัด,กิติยาธรณ์ มนทอง,ระยอง,031782842
CUST09975,บริษัท เดชคุ้มแอนด์ซันส์ จำกัด,ณิชเชฏฐ์ นฤทุกข์,เชียงราย,05 458 4866
CUST09976,บริษัท ห้างหุ้นส่วนจำกัด นาคะนคร จำกัด,ธนวันต์ ศรีธนะเวทย์,ตรัง,066 709 2797
CUST09977,บริษัท ห้างหุ้นส่วนจำกัด ทองเนื้อดี จำกัด,อรุณี ขันธุลา,ภูเก็ต,+66 3654 1716
CUST09978,บริษัท บริษัท นะวะมันดรบริการ จำกัด จำกัด,วนาลี ตัณฑนุช,สมุทรปราการ,085 854 9570
CUST09979,บริษัท หจก.ตวันเยี่ยม จำกัด,ประไพพักตร์ ถนัดการเขียน,เจ้าพระยาสุรศักดิ์,+66 879 367 904
CUST09980,บริษัท ห้างหุ้นส่วนจำกัด เพียยาและเพื่อน จำกัด,ณัฐวรินทร ขำเอนก,สมุทรสาคร,+66 (0) 677 465 631
CUST09981,บริษัท หอมพิกุลกรุ๊ป จำกัด,เสรี สาระพันธ์,สกลนคร,099-318-5731
CUST09982,บริษัท ห้างหุ้นส่วนจำกัด ดุริยพันธุ์คอนสตรัคชั่น จำกัด,ไชยภพ ถ้วนศรี,นครปฐม,0 3391 3865
CUST09983,บริษัท บริษัท นิลวิมล จำกัด จำกัด,ใกล้รุ่ง ขุนดำ,รังสิต,03 938 5343
CUST09984,บริษัท บริษัท แก้วชลครามและบุตร จำกัด (มหาชน) จำกัด,เกษตร ตรีครุธพันธุ์,อุดรธานี,0 3772 2456
CUST09985,บริษัท บริษัท นพตระกูลบริการ จำกัด จำกัด,รวิวาน ติณรัตน์,เชียงใหม่,0-3196-0396
CUST09986,บริษัท ห้างหุ้นส่วนจำกัด เยาวธนโชค จำกัด,ยุศรอน นิลสลัว,ภูเก็ต,0 4527 1900
CUST09987,บริษัท นิลวรรณ-ถนอมพลกรัง จำกัด,ดิลก อัตตนาถ,นครราชสีมา,0-3641-5028
CUST09988,บริษัท บจก.ซูสารอ จำกัด,โสภณิตา นิติสาขา,แหลมฉบัง,0601743783
CUST09989,บริษัท บริษัท เยาวธนโชค จำกัด จำกัด,ฟิรยา ปานสุวรรณ,เกาะสมุย,0878314820
CUST09990,บริษัท บริษัท นับเนื่องนอภาพยนตร์ จำกัด จำกัด,สุทธิณัฐ นิยมธรรม,แม่สอด,+664 639 7006
CUST09991,บริษัท บริษัท มนทองกรุ๊ป จำกัด จำกัด,อชิตะวีร์ ตัณฑนุช,พระนครศรีอยุธยา,095 786 7351
CUST09992,บริษัท บริษัท ราชมณี จำกัด จำกัด,ปิยวัจน์ บุณยะภาชน์,นครปฐม,042-477856
CUST09993,บริษัท ภูภักดีและธรรมนิยม จำกัด,ทวีวัฒน์ แต้กุล,พิษณุโลก,089-512-5327
CUST09994,บริษัท บริษัท ติณรัตน์ จำกัด จำกัด,สมนึก อุ่นอก,กรุงเทพมหานคร,025-263424
CUST09995,บริษัท บริษัท เนตร์มณีคอมมิวนิเคชั่น จำกัด จำกัด,สีหราช ตวันเยี่ยม,ลำปาง,0-2663-9501
CUST09996,บริษัท สมาคมทีฆะ จำกัด,ถนอมชัย ปานสุวรรณ,เชียงใหม่,0 615 116 697
CUST09997,บริษัท มูลนิธิธาราธร จำกัด,เจตพินิษฐ์ ธีวร,เชียงใหม่,057 890860
CUST09998,บริษัท น้ำทิพย์-ทวนไชย์ จำกัด,วรรณชนะชัย ถนอมพลกรัง,ตรัง,+66 933 182 331
CUST09999,บริษัท ชมรมนุชแนวนุ่ม จำกัด,โกมล พีระเพ็ญกุล,อุดรธานี,+66 (0) 622 737 334
CUST10000,บริษัท บริษัท นำธวัชอะไหล่ยนต์ จำกัด จำกัด,เจษฏาภรณ์ คำลือ,กรุงเทพมหานคร,044 455036
