OrderID|ProductID|UnitPrice|Quantity|Discount
106470|3913|246.7|79|0.15
100912|99|87.86|19|0.15
109686|7658|402.45|1|0.1
102363|8171|50.79|70|0.05
100594|9977|246.91|18|0.15
105520|2655|283.82|53|0.0
101059|1641|266.72|81|0.05
106236|3784|384.08|54|0.0
103644|610|19.1|84|0.15
105211|7523|359.75|17|0.2
105223|5063|403.69|62|0.1
107818|3175|56.18|51|0.05
106444|2847|378.39|71|0.0
100105|8030|487.82|4|0.15
104822|9911|403.67|15|0.2
103571|3266|335.56|100|0.1
100288|9985|442.51|97|0.15
104609|5920|337.3|15|0.0
105035|6483|332.03|98|0.1
105787|6813|155.03|86|0.2
103208|2276|19.98|25|0.15
109110|6438|104.94|28|0.2
105732|9225|319.88|43|0.15
100913|1586|365.24|89|0.15
106604|9832|27.59|93|0.0
105444|8754|306.44|6|0.05
103066|5692|152.41|69|0.15
101886|5348|117.2|90|0.0
100381|5540|23.3|23|0.15
100768|6197|15.54|45|0.15
102276|1316|383.13|83|0.0
102775|6318|494.52|7|0.05
108267|4392|173.26|34|0.15
100277|2940|341.17|52|0.2
105854|2738|466.63|60|0.2
106436|8216|57.59|86|0.1
101799|8586|443.83|24|0.0
106838|1550|197.33|86|0.05
108608|3010|290.55|39|0.05
100859|3106|37.27|66|0.15
104095|5959|383.63|68|0.15
107558|1063|233.37|44|0.2
101269|3919|445.52|6|0.15
102279|6205|85.92|76|0.15
103482|2293|173.15|51|0.05
109070|7986|206.48|61|0.1
109291|5935|374.22|81|0.15
105949|718|32.09|26|0.2
104998|7092|29.78|34|0.0
107449|5232|284.56|81|0.05
102990|838|416.01|18|0.15
106631|1860|165.82|90|0.15
107188|3407|373.08|8|0.1
108170|6035|170.35|30|0.2
109153|5765|264.41|73|0.15
108970|7352|58.0|92|0.1
100011|5216|161.49|40|0.1
106365|7341|376.22|54|0.2
106782|873|40.32|40|0.15
102854|1399|261.32|36|0.2
103642|1944|18.86|41|0.0
106356|9291|336.54|66|0.05
100013|9017|47.07|75|0.1
106018|2596|399.24|41|0.0
106313|6394|73.99|36|0.0
100714|2798|178.67|97|0.15
108480|8337|407.46|7|0.2
103374|4579|404.99|42|0.1
105272|5237|418.12|85|0.05
103244|1321|267.42|96|0.05
102554|8051|123.96|68|0.05
103817|5329|386.78|69|0.05
109722|447|80.12|77|0.15
100145|6449|408.74|95|0.15
100249|9007|347.4|29|0.15
104899|6186|305.97|90|0.05
103285|3562|436.56|1|0.2
106207|5681|392.91|28|0.05
105440|8921|358.77|74|0.15
107484|6524|439.16|96|0.0
104303|4215|292.0|100|0.1
108823|461|58.13|15|0.1
102955|5202|368.47|73|0.0
100359|635|353.17|13|0.15
104297|2192|43.93|88|0.05
107688|2382|334.06|78|0.1
106628|2746|406.6|82|0.05
105812|913|18.9|92|0.05
106086|2271|166.34|48|0.0
107656|3563|155.26|9|0.0
102041|9297|60.5|79|0.0
100503|8002|344.01|28|0.15
108278|6033|464.17|46|0.15
106256|636|452.38|62|0.0
100008|4030|435.62|67|0.2
104035|6529|162.37|41|0.1
101491|3212|217.61|40|0.2
104184|3613|97.83|53|0.1
104174|1195|10.24|47|0.0
104438|2546|59.78|100|0.2
104073|3592|344.67|20|0.1
107807|3110|292.53|35|0.05
109515|4959|193.63|42|0.05
108563|4060|380.48|55|0.05
102549|5982|496.61|51|0.0
103828|2944|269.02|46|0.05
100033|2390|125.93|9|0.05
103826|1620|393.25|81|0.1
102267|9803|38.44|75|0.0
109861|7130|224.17|21|0.1
104233|9287|446.25|73|0.0
103313|5299|75.96|58|0.05
102515|4198|117.08|80|0.2
100990|1587|10.31|3|0.0
104706|6518|167.42|19|0.1
103071|9298|387.85|76|0.0
104629|6907|161.47|22|0.0
106959|1311|123.69|47|0.1
106827|9153|420.87|62|0.0
101192|4672|288.91|41|0.05
103689|8105|84.91|77|0.15
105800|537|53.2|57|0.1
107346|5116|184.42|1|0.0
107071|729|267.3|19|0.15
100972|1953|314.65|71|0.2
107149|566|483.83|74|0.2
107047|8131|40.47|99|0.1
106857|7054|455.2|40|0.15
102663|9116|280.11|13|0.0
107537|9568|141.54|74|0.05
104652|3199|382.54|58|0.0
100537|5203|48.42|91|0.2
106272|7374|312.59|96|0.2
102304|9214|337.25|15|0.05
104387|2004|327.0|97|0.15
109646|393|142.09|99|0.15
108811|6557|86.85|8|0.05
106348|1405|400.37|95|0.0
106340|612|121.54|57|0.1
105615|4762|28.02|81|0.2
106109|8721|266.13|13|0.2
109664|8554|294.89|15|0.2
101415|5696|304.12|6|0.15
109945|8612|143.01|4|0.15
106726|8020|207.66|59|0.1
108336|539|181.61|29|0.0
106354|1152|126.34|7|0.0
102946|9136|277.75|23|0.1
103038|8097|230.89|99|0.2
103203|3098|381.01|75|0.0
101373|1006|487.61|51|0.0
106315|4742|276.88|4|0.05
109946|5394|41.44|84|0.05
104665|7685|59.5|58|0.1
101379|3972|161.89|19|0.15
103453|2087|330.42|32|0.0
101583|6444|449.09|54|0.05
108493|8722|95.74|55|0.2
106927|3049|174.36|35|0.05
108644|9091|425.79|82|0.2
101304|266|130.13|33|0.2
105447|1625|457.59|35|0.05
105926|8616|466.2|67|0.2
101186|5805|274.45|41|0.05
109524|5802|141.2|2|0.0
102466|6489|433.56|60|0.15
105012|2234|188.17|98|0.1
109926|931|117.68|10|0.05
108519|7446|73.97|58|0.0
101576|3054|379.21|59|0.0
104151|5123|380.8|98|0.2
104999|9561|218.04|35|0.15
105144|8514|349.59|78|0.0
109288|5686|458.74|77|0.15
109623|9512|212.08|24|0.1
100546|7484|41.55|81|0.1
106588|5730|478.29|69|0.2
108586|8137|310.22|9|0.0
102076|826|171.63|24|0.1
103784|9897|353.45|87|0.0
104683|5293|73.94|22|0.05
100754|8783|80.27|33|0.1
109279|3544|28.87|62|0.2
102848|8053|290.19|16|0.15
101089|7065|53.91|13|0.0
101363|6277|241.63|8|0.2
107031|8109|363.88|66|0.05
105237|4605|302.51|35|0.2
103642|2356|365.21|61|0.15
109358|8376|199.25|54|0.15
102666|3688|367.31|62|0.1
100796|6414|405.57|80|0.0
105567|3950|270.0|4|0.05
108993|7417|155.71|1|0.0
102295|1578|179.39|33|0.0
105591|2982|469.09|66|0.0
101442|5602|297.72|21|0.1
109931|5736|10.17|17|0.15
109725|562|406.65|22|0.1
101566|5704|331.12|99|0.0
100893|4551|282.24|56|0.2
103821|7566|85.4|70|0.2
100959|3955|153.33|1|0.05
107562|9275|176.18|6|0.05
109497|862|436.92|28|0.1
106659|4544|267.03|72|0.1
107574|2646|491.13|3|0.2
104020|269|40.85|9|0.15
109151|467|150.15|15|0.1
103260|6354|301.42|87|0.1
109746|5341|178.91|14|0.2
104258|654|472.32|7|0.05
102529|5084|292.11|37|0.2
100007|8858|136.73|38|0.0
107103|6481|200.92|14|0.05
100301|617|253.36|76|0.1
105766|4732|139.37|69|0.2
109487|3833|367.77|19|0.1
103041|1298|56.43|17|0.0
104705|1713|224.76|13|0.2
104683|2422|192.42|42|0.15
104331|7341|138.08|91|0.05
106557|8353|468.66|14|0.2
104515|2206|428.09|14|0.0
109309|4432|474.81|70|0.0
109669|4309|479.9|33|0.05
107630|3079|262.33|58|0.0
101182|6196|382.95|40|0.15
104180|4131|273.02|17|0.2
103331|939|161.65|24|0.1
108449|9800|27.6|50|0.05
107203|8809|397.64|43|0.2
103765|6511|337.72|73|0.05
100803|3829|307.71|72|0.1
104188|7482|307.08|83|0.0
109558|3902|268.99|2|0.2
105403|7555|125.98|97|0.1
109744|1036|218.44|59|0.1
102474|2430|143.94|80|0.05
101564|2166|68.15|82|0.0
101428|3165|434.31|51|0.15
102711|1782|249.03|1|0.1
104142|9943|46.36|54|0.0
107411|5544|188.57|76|0.0
105591|9192|196.77|75|0.15
102912|2032|326.61|48|0.15
102842|5483|98.95|37|0.15
103347|7634|240.25|63|0.15
103615|4727|270.98|40|0.1
100685|5044|54.09|78|0.15
106344|1749|21.98|65|0.0
106072|8716|251.41|49|0.15
109256|988|231.46|35|0.05
105977|5751|89.71|15|0.0
103221|6990|499.45|65|0.2
107943|3049|452.58|13|0.15
100534|1813|368.87|76|0.2
102779|6482|439.2|30|0.05
102284|8044|253.07|48|0.15
101218|1700|39.63|55|0.0
107104|1318|102.9|54|0.0
100631|2774|186.07|16|0.15
105048|4385|430.27|62|0.05
100961|3664|129.9|42|0.2
109704|4441|182.77|70|0.2
105588|4820|190.04|50|0.2
103446|2659|304.07|33|0.15
102480|5201|446.44|2|0.15
101739|8691|305.31|37|0.1
109799|6694|151.62|65|0.1
107957|5066|433.88|15|0.2
107466|8972|258.68|34|0.15
103864|7532|499.66|56|0.15
100111|2488|337.42|40|0.15
102173|5278|166.95|61|0.15
108917|9956|241.76|27|0.15
103891|6022|12.77|60|0.05
109417|6473|213.27|53|0.05
109209|7840|273.68|61|0.1
104097|2291|423.41|19|0.2
107170|5581|356.31|85|0.05
104532|8125|457.94|73|0.1
102974|9079|239.26|44|0.1
100858|6043|464.79|96|0.05
101597|4556|240.07|95|0.15
108426|6195|291.73|42|0.0
100086|198|178.04|92|0.05
106807|4095|98.06|53|0.15
102239|5492|40.02|59|0.1
103841|2010|425.99|84|0.1
108049|6795|101.02|65|0.05
106592|2533|426.19|76|0.1
106400|1685|213.94|92|0.15
106689|2389|184.73|29|0.1
104814|4596|104.7|13|0.15
107654|6182|326.68|46|0.05
103619|7624|443.72|11|0.15
104415|6679|142.75|78|0.1
104723|9816|119.44|90|0.2
106888|5415|320.74|87|0.2
105480|8672|484.35|57|0.2
109565|3608|212.5|2|0.15
104434|2666|90.32|13|0.0
100295|3187|306.39|46|0.2
100204|7496|278.03|27|0.05
103153|473|227.4|12|0.1
106545|7967|374.35|55|0.2
106521|8594|456.55|64|0.1
108468|6742|240.11|69|0.1
100858|5743|418.47|94|0.0
109388|5535|234.61|35|0.1
108429|1410|362.63|99|0.2
108146|7702|418.53|22|0.2
107167|651|345.12|6|0.2
108362|8054|324.99|96|0.05
102929|126|270.15|30|0.15
100539|8379|215.62|75|0.05
105379|6739|455.03|58|0.2
107712|6769|334.32|53|0.05
108988|6946|89.51|54|0.1
100722|705|163.02|88|0.05
102192|9870|364.23|81|0.0
104994|5418|491.54|70|0.05
105397|8243|469.6|96|0.0
100959|9285|459.99|21|0.1
107661|3020|247.36|84|0.1
107410|7656|133.73|48|0.1
100944|3415|50.25|59|0.2
107391|441|167.61|16|0.15
108738|6741|443.73|78|0.1
105625|8888|256.32|28|0.0
104809|5916|126.62|89|0.15
106483|4419|41.31|78|0.1
107406|426|116.34|99|0.2
103435|4923|64.57|95|0.0
101559|3753|29.66|92|0.1
101848|3704|402.05|47|0.05
102542|1245|226.72|29|0.2
101044|7974|94.89|43|0.05
106962|7671|193.09|35|0.05
103470|5097|442.77|84|0.1
103478|8932|236.66|9|0.1
104916|6643|303.54|14|0.1
109352|3708|128.71|21|0.0
106444|4029|213.95|62|0.15
103763|2835|42.35|26|0.15
109562|4718|52.28|8|0.0
107238|6719|393.49|19|0.2
102730|2806|60.47|81|0.05
108100|3931|224.42|3|0.1
103929|7801|411.13|14|0.1
100832|3921|63.2|66|0.2
107750|4307|468.97|9|0.2
104831|5209|324.42|63|0.0
101196|4764|427.88|9|0.1
104910|2316|496.56|54|0.1
107080|5896|422.54|53|0.05
102367|1154|298.39|1|0.1
100750|9332|344.25|75|0.2
100568|2092|343.06|80|0.1
104561|5049|343.52|76|0.0
107917|3021|87.63|94|0.0
102272|9832|469.15|25|0.05
108465|4687|270.45|38|0.0
108260|7762|315.25|36|0.0
109615|4553|243.77|61|0.05
108507|8691|10.83|43|0.05
104068|7665|337.3|67|0.15
107674|8335|327.05|6|0.05
103788|5105|459.88|46|0.15
106243|6143|358.87|72|0.2
109572|2744|194.72|80|0.2
102730|2785|120.68|6|0.15
109210|8410|474.81|40|0.15
103980|7980|147.15|18|0.0
104913|5110|41.15|19|0.2
108677|5517|393.73|60|0.05
106056|7112|300.85|73|0.1
105427|3958|416.24|39|0.1
100214|5584|438.87|10|0.1
106931|4915|44.98|39|0.15
103174|7676|132.78|95|0.05
108047|4507|420.93|49|0.05
108308|2009|217.94|97|0.15
101789|5854|247.04|17|0.0
106483|9600|318.48|44|0.15
100270|9661|461.12|2|0.1
107479|2537|256.21|66|0.0
106508|1230|84.39|55|0.15
108729|6967|490.01|73|0.05
101635|6249|282.92|49|0.15
102834|1586|99.86|55|0.1
107971|2207|216.85|63|0.2
102026|4423|44.43|58|0.1
106763|2998|118.19|95|0.2
104897|7646|343.6|40|0.0
107812|7165|192.28|3|0.15
104306|4732|14.59|44|0.05
107501|7036|190.35|22|0.2
101564|9176|383.98|85|0.0
105657|6821|39.74|66|0.15
104612|8310|83.15|74|0.2
108429|9340|51.17|26|0.0
103584|8322|428.24|42|0.2
100227|7684|367.59|49|0.15
105447|3732|60.02|70|0.2
101514|1329|184.3|11|0.1
102851|89|448.43|51|0.15
106083|4437|46.4|93|0.1
106048|8367|122.08|30|0.0
103270|8452|163.89|40|0.05
100962|7611|263.77|20|0.05
107130|1480|467.71|81|0.0
106851|7257|25.71|65|0.15
106827|5800|426.56|57|0.2
103046|1703|388.58|21|0.2
105943|9328|250.58|63|0.1
104791|1818|153.35|71|0.1
102044|4600|56.92|31|0.1
102886|3689|155.5|70|0.15
104780|8173|359.28|12|0.05
101421|3435|349.6|33|0.15
105368|8867|493.6|17|0.2
100702|8442|162.7|72|0.05
104307|7416|120.85|34|0.15
109144|9772|37.4|18|0.15
107782|9613|401.32|67|0.05
104422|4016|37.17|33|0.2
103720|6753|247.93|34|0.2
109304|977|197.61|6|0.2
103640|3751|251.96|99|0.15
101228|9439|348.41|77|0.05
106397|2961|259.51|71|0.15
100376|7708|28.06|78|0.0
100197|6574|285.88|16|0.2
102719|2987|425.82|84|0.15
109540|8424|303.45|13|0.0
104755|4823|391.64|60|0.05
108132|4173|142.41|92|0.05
107679|1555|135.1|43|0.1
109457|2169|432.33|23|0.0
103669|4869|200.04|26|0.15
109280|5173|113.38|97|0.1
106785|3242|179.02|38|0.05
101694|9841|448.12|18|0.1
108277|7104|399.98|79|0.0
108367|1830|304.74|10|0.05
106799|8334|24.77|21|0.1
107158|2290|349.28|90|0.0
104008|6873|414.43|82|0.05
102684|2362|454.88|15|0.2
100946|9432|88.22|3|0.15
102195|3289|46.71|30|0.0
100481|6988|32.21|50|0.15
109229|6188|465.63|75|0.2
109311|5363|142.07|17|0.15
102356|4831|125.29|7|0.1
103998|2092|469.36|81|0.0
108985|1200|13.6|35|0.0
107000|3836|489.39|81|0.15
106178|4796|187.97|93|0.2
102941|6604|237.18|51|0.0
103432|6531|464.27|7|0.05
103267|6016|196.94|49|0.15
109841|278|326.69|62|0.15
108970|4326|426.97|95|0.1
103312|2950|61.27|49|0.05
106374|4405|218.17|47|0.05
106860|5535|479.74|65|0.05
107240|8603|236.74|49|0.2
100531|4639|343.16|2|0.05
102303|4023|438.89|96|0.2
101748|4118|253.72|99|0.05
102597|5138|382.54|12|0.1
104829|376|171.99|10|0.1
109620|4551|288.72|2|0.15
106567|8492|23.91|35|0.2
105238|8219|30.79|67|0.1
103898|3452|72.91|19|0.15
109797|3068|283.38|39|0.15
103409|3330|341.86|70|0.05
102295|241|427.54|45|0.0
101934|5629|461.31|62|0.0
106331|171|259.9|63|0.15
105707|4689|107.03|2|0.2
107162|3917|409.93|64|0.15
100212|3128|105.53|46|0.0
106787|4626|210.14|47|0.05
102715|9511|312.9|84|0.0
104395|570|443.61|37|0.05
102981|4757|356.75|42|0.0
100628|4564|181.79|59|0.05
101488|7078|164.23|36|0.1
101513|8695|282.87|56|0.2
106300|7108|218.73|3|0.05
106216|9292|319.5|47|0.15
109536|3845|331.04|66|0.15
100617|971|81.95|92|0.1
109649|8223|158.31|5|0.2
109705|7220|311.01|72|0.05
101732|4429|243.14|62|0.2
105973|4495|420.87|39|0.2
100007|1946|117.56|79|0.05
100467|8925|455.76|63|0.05
105841|6851|22.83|68|0.1
107553|7704|225.09|51|0.15
103601|2662|77.16|31|0.0
107453|8853|189.09|65|0.2
104925|2270|82.47|22|0.1
105186|291|466.71|47|0.2
106840|2384|186.13|10|0.0
101509|4536|137.61|54|0.05
101755|6424|225.5|10|0.15
100063|9541|291.4|66|0.15
100422|5415|166.82|47|0.05
109930|2909|155.01|38|0.05
100026|3054|43.43|4|0.0
103001|6334|392.92|43|0.0
109150|2679|316.91|74|0.1
107669|2681|49.23|19|0.0
104036|5991|282.22|59|0.0
106126|1670|471.64|56|0.2
109850|5271|184.86|89|0.05
107168|1192|335.7|83|0.1
105019|8633|343.62|53|0.2
101752|4963|415.7|66|0.15
106900|7140|493.55|25|0.1
102284|2541|210.38|22|0.05
102384|9708|359.61|46|0.2
103319|7490|476.43|16|0.2
107489|5539|27.25|25|0.0
108555|8798|481.62|71|0.2
106858|7136|425.97|90|0.05
106307|1006|257.49|23|0.15
109059|1747|29.24|4|0.0
103988|593|103.7|93|0.1
107433|1599|49.46|51|0.0
104504|4526|274.74|71|0.0
101391|7531|243.41|98|0.2
100818|7845|164.04|16|0.0
105431|4864|215.06|95|0.0
106062|5834|62.23|41|0.1
106675|9707|159.67|4|0.05
103009|4277|469.06|78|0.15
103034|2796|248.17|47|0.1
108813|8421|410.32|34|0.1
108785|3084|168.31|73|0.0
100488|2720|48.07|37|0.15
106545|6736|201.7|75|0.0
107764|4324|189.87|11|0.0
101711|458|386.51|24|0.2
101450|241|50.03|85|0.1
104578|1158|359.41|95|0.0
109701|8478|426.48|82|0.0
101571|4865|210.37|77|0.1
109000|5871|201.66|8|0.1
102793|6104|407.06|81|0.0
102683|2581|41.85|91|0.05
102424|3832|414.72|92|0.0
102666|7742|335.1|91|0.2
104347|8065|201.05|17|0.15
108334|3604|170.01|12|0.0
108077|998|65.69|98|0.0
105407|4188|201.5|83|0.2
103511|3781|464.13|100|0.05
104521|4016|235.62|7|0.05
108425|9987|290.11|99|0.1
104446|6237|38.82|30|0.0
105824|9161|36.56|12|0.15
107474|1255|157.07|43|0.2
109355|3548|118.31|12|0.15
100449|1715|445.96|52|0.0
108140|7827|360.95|44|0.0
104964|1480|318.47|33|0.2
105611|6120|36.02|15|0.1
102146|5328|176.87|63|0.15
107738|9039|66.21|59|0.1
102697|8086|92.38|60|0.15
103725|4448|31.5|31|0.05
105715|4845|365.47|88|0.2
106015|9954|93.97|87|0.0
105759|1797|251.01|60|0.05
101407|5987|124.65|51|0.05
102174|1295|432.52|71|0.1
109857|8804|287.13|8|0.0
103772|9974|472.89|22|0.1
101945|7540|148.7|86|0.1
105225|4226|486.12|92|0.05
107828|9333|174.94|73|0.15
108090|1671|119.76|72|0.1
105918|8474|73.9|49|0.2
109227|8117|393.89|90|0.1
107176|6988|433.91|60|0.15
107147|5555|136.12|93|0.2
107990|3718|53.3|18|0.0
108992|7042|189.35|94|0.05
109978|3617|495.92|11|0.05
102217|7218|161.55|43|0.05
108993|1363|211.02|23|0.2
104287|9265|193.95|22|0.15
100538|2281|140.19|52|0.0
109182|4120|326.96|59|0.1
109359|1178|374.08|77|0.1
100440|7564|166.54|87|0.05
108668|5391|358.57|61|0.0
103518|7353|149.79|31|0.0
103992|146|213.91|41|0.05
109651|3091|422.33|62|0.1
107179|8322|344.03|23|0.1
106225|7677|251.49|59|0.05
109889|6855|373.33|66|0.2
106899|6780|145.13|23|0.15
102232|3576|68.73|96|0.0
109901|9373|167.52|33|0.0
104513|2791|73.57|69|0.15
108334|7103|412.82|90|0.05
107412|9402|425.13|91|0.15
102406|9857|410.43|34|0.0
108671|2143|252.36|21|0.0
101183|4181|257.31|77|0.1
102086|5148|37.9|83|0.1
103192|1620|474.64|18|0.0
104760|5114|485.56|44|0.15
106486|2263|374.45|13|0.05
100220|1996|183.78|26|0.1
105938|2453|305.63|5|0.1
102233|9672|467.69|24|0.0
107636|8019|217.49|72|0.1
108765|9014|473.59|16|0.15
106065|1455|461.59|8|0.15
104402|1582|179.3|86|0.15
107333|4765|168.81|77|0.15
102614|9964|393.48|89|0.05
108928|4577|263.79|59|0.2
108995|3766|100.77|19|0.2
104528|614|131.66|37|0.15
106067|6291|495.55|93|0.15
100159|790|53.53|33|0.05
104367|84|72.18|85|0.1
102312|1081|260.5|79|0.2
108394|7699|98.75|38|0.1
102165|7517|126.75|85|0.05
105548|7711|268.92|2|0.1
108136|9829|271.35|99|0.15
103985|3681|144.18|17|0.15
103076|8255|134.35|92|0.0
105568|6157|432.05|16|0.2
102769|4841|176.52|45|0.15
103308|5884|296.44|21|0.1
108785|1353|295.42|10|0.15
107701|4381|393.59|94|0.05
100840|2105|377.06|93|0.0
107304|4143|249.44|96|0.0
102339|8844|221.98|6|0.1
107121|6744|203.67|28|0.05
104644|2334|342.31|13|0.2
108597|8460|103.7|11|0.05
100506|1375|433.29|36|0.0
100936|8502|137.75|78|0.05
108913|2930|101.82|75|0.15
108938|8088|352.38|83|0.15
107282|256|299.78|57|0.15
105462|5333|371.32|60|0.0
106482|8939|19.09|91|0.05
103381|958|19.39|32|0.15
107832|6799|153.72|52|0.0
106039|9136|488.72|71|0.2
107535|1549|77.19|24|0.2
109965|1946|126.05|4|0.15
107773|5722|289.67|75|0.15
104154|3292|467.23|28|0.1
100487|3520|414.35|26|0.1
107869|5154|451.11|10|0.15
108974|3813|121.14|54|0.0
101093|1571|203.0|49|0.15
104327|7747|204.59|83|0.2
109644|2395|323.29|48|0.2
109977|3970|347.0|98|0.2
101373|4467|284.86|27|0.05
108618|8622|99.24|67|0.0
102146|567|426.28|86|0.2
106835|576|186.48|45|0.0
107495|3147|426.83|13|0.1
107647|1186|241.9|73|0.0
101595|5740|143.24|26|0.1
107769|2519|253.21|79|0.05
106266|7008|432.68|85|0.15
101589|6624|218.13|29|0.0
107464|8732|117.68|11|0.05
105618|395|60.35|18|0.1
104384|2079|369.16|88|0.0
103054|6176|137.3|75|0.1
103369|3613|77.91|69|0.1
103146|8325|131.67|26|0.0
101423|6143|390.13|30|0.05
103994|1889|215.92|87|0.0
101233|1336|325.31|45|0.2
102827|1235|444.68|13|0.15
108638|5586|191.19|84|0.0
106700|415|384.26|42|0.2
107092|3204|374.33|19|0.1
105808|6707|468.34|82|0.2
106457|9507|104.14|42|0.15
109307|2789|356.57|80|0.1
106149|7536|220.73|51|0.0
106320|5993|83.87|59|0.1
102940|9050|57.89|13|0.05
103583|1790|328.59|1|0.05
109812|3356|248.5|33|0.2
102045|9435|389.98|90|0.15
101474|5882|295.6|53|0.05
107114|4423|321.15|90|0.0
107581|8574|205.05|96|0.05
101629|5967|105.9|48|0.0
105690|403|441.58|11|0.05
105775|9190|194.93|47|0.05
107260|3581|356.7|51|0.05
100919|5996|423.01|90|0.1
108809|3692|65.19|10|0.2
101370|9955|137.62|73|0.2
106930|195|360.46|72|0.0
107913|3713|450.14|87|0.0
102331|5457|451.17|3|0.15
107945|3295|189.15|27|0.0
108299|8331|408.47|31|0.1
101845|1954|39.48|9|0.2
108089|3528|131.54|91|0.1
102461|4762|485.54|60|0.2
107163|9287|246.99|50|0.0
108157|8798|359.08|67|0.0
103584|1004|19.28|84|0.05
100987|2463|308.42|28|0.2
102249|2295|390.19|97|0.0
103330|9963|407.05|61|0.05
105378|9273|82.05|50|0.15
104997|7964|477.33|28|0.15
100889|5677|79.55|42|0.05
107066|9641|281.68|7|0.0
109531|3893|454.79|49|0.0
102556|8978|158.11|12|0.15
101063|2226|190.31|4|0.0
108854|101|243.14|88|0.1
109881|4062|70.13|27|0.2
103855|2275|378.32|60|0.15
102755|2631|332.96|66|0.0
105453|1537|252.65|27|0.2
102082|7224|383.64|66|0.0
102050|6119|140.68|7|0.0
101167|5088|383.36|84|0.2
107782|6055|276.85|92|0.2
103311|3207|287.7|39|0.0
105746|9406|26.03|52|0.2
102632|2041|16.31|17|0.15
104566|320|102.45|78|0.2
109131|1800|271.91|72|0.2
101185|4474|65.94|36|0.1
108453|4865|381.73|15|0.15
108241|7251|387.14|22|0.15
108360|7366|41.84|82|0.15
105815|9031|34.28|28|0.1
103768|3479|405.01|27|0.2
107268|5263|136.47|98|0.15
108916|4771|154.07|20|0.15
103646|1747|432.44|49|0.2
106057|6134|422.24|67|0.2
108645|7303|453.91|19|0.2
103975|1246|195.85|36|0.15
105923|3445|200.34|39|0.0
100167|9021|71.02|8|0.0
100880|7749|134.66|11|0.1
102858|4329|351.25|34|0.2
105718|8873|448.11|11|0.1
100163|3588|420.92|8|0.15
106483|1115|242.22|2|0.05
109800|6919|411.16|80|0.05
105298|2852|178.97|40|0.15
107580|6486|313.88|47|0.15
104071|2678|252.87|92|0.2
104125|858|353.23|99|0.2
103324|7714|141.21|1|0.0
102423|105|344.24|88|0.05
101627|3018|41.16|95|0.2
106371|958|100.67|78|0.1
100614|5760|356.4|14|0.05
101763|4169|446.8|60|0.15
100935|3245|461.54|65|0.1
109429|8267|295.01|54|0.2
101186|3948|155.21|18|0.1
109315|885|144.09|29|0.05
107987|2626|367.14|61|0.05
109915|7163|217.64|63|0.05
101087|4967|268.28|26|0.05
108738|5350|363.27|75|0.2
109455|555|105.64|4|0.1
103511|6846|138.17|87|0.2
100388|839|333.66|17|0.05
104573|6195|397.38|24|0.1
109997|9254|387.53|32|0.15
107780|5776|478.9|33|0.05
109430|1004|234.39|26|0.2
102246|6789|28.08|55|0.05
101679|19|398.27|48|0.15
105361|4229|331.46|80|0.2
103820|2179|294.29|5|0.05
101541|9056|49.34|22|0.0
102797|6081|470.66|59|0.1
102218|2365|64.14|59|0.0
103730|6605|341.05|34|0.1
102431|8687|131.36|60|0.15
101749|2724|335.53|83|0.1
100308|4405|457.37|88|0.05
105688|8710|358.44|96|0.2
103957|2657|197.12|22|0.15
106347|9054|305.14|57|0.2
102346|2050|342.12|15|0.15
109200|5025|236.54|100|0.2
109534|4000|157.98|74|0.2
109859|4027|10.48|34|0.1
100712|3246|24.81|58|0.2
103914|6501|312.39|81|0.1
103347|3700|276.09|78|0.05
106201|263|88.16|81|0.2
108852|7732|231.47|42|0.2
103061|3957|178.94|10|0.15
101980|7846|355.08|85|0.1
101852|3907|137.7|53|0.15
105116|3322|43.67|100|0.0
101466|6061|32.83|3|0.15
106309|7331|419.08|47|0.15
106397|9864|381.33|74|0.2
101236|5522|279.06|58|0.0
106289|2544|161.99|75|0.2
109654|7570|249.68|88|0.0
101185|4893|321.71|79|0.1
106464|3964|435.74|12|0.0
107758|2344|92.6|1|0.15
100289|2590|137.37|36|0.15
105541|4859|410.76|80|0.15
106012|2478|344.56|34|0.15
102154|7552|176.8|35|0.0
105571|3922|99.37|86|0.2
105571|9263|189.78|83|0.1
102116|8167|119.89|64|0.15
104446|2926|175.1|20|0.05
103974|7518|474.48|85|0.2
102826|1783|449.73|71|0.1
108529|543|333.75|52|0.05
107990|9796|417.4|82|0.1
100585|5000|110.42|25|0.2
101142|478|285.03|98|0.2
103106|527|268.32|75|0.1
106836|5350|276.26|80|0.1
108710|6071|453.12|16|0.05
108080|9581|155.97|35|0.1
100719|6386|17.05|75|0.05
105658|5153|336.41|45|0.15
100573|8682|28.56|21|0.15
101848|582|236.58|16|0.0
103510|87|171.47|39|0.0
104305|6443|370.26|97|0.0
102199|7691|224.9|41|0.05
103198|4306|173.99|35|0.15
108858|8409|141.12|60|0.15
103624|3121|394.25|67|0.05
106544|433|56.42|59|0.05
103072|3260|361.29|34|0.0
102746|9912|120.47|90|0.2
109617|5753|158.65|75|0.2
100360|4211|141.18|20|0.1
107579|1916|445.8|20|0.2
103772|1079|91.56|50|0.0
102177|3668|297.28|89|0.05
102856|796|118.29|72|0.1
106277|6694|445.83|55|0.1
108022|6109|81.84|71|0.15
106288|314|491.34|84|0.15
101227|656|72.32|60|0.15
102242|6672|376.78|66|0.1
103359|161|266.01|37|0.05
103972|32|342.01|3|0.0
109905|4445|385.66|30|0.1
100791|2869|467.08|73|0.0
102476|639|428.62|52|0.05
107268|633|38.02|28|0.1
106114|8042|442.01|88|0.05
100436|8318|80.68|17|0.1
103928|5213|334.01|42|0.1
109341|5113|195.24|56|0.1
106864|9711|482.53|95|0.15
104540|9754|84.84|63|0.0
101979|5596|200.76|14|0.2
103312|7117|109.85|66|0.1
109558|6203|281.57|12|0.0
100633|3554|362.07|92|0.0
101009|5095|275.55|29|0.05
108073|2428|223.23|42|0.05
109054|2975|182.96|41|0.2
103035|6784|155.43|58|0.1
105084|7317|214.21|99|0.0
109480|4820|272.71|80|0.2
103721|4289|23.43|57|0.05
106308|7229|170.85|90|0.15
107093|748|24.04|37|0.15
108854|2782|413.81|97|0.05
104506|6965|133.98|58|0.15
106232|8330|459.55|12|0.15
106047|6144|477.58|67|0.2
109327|3614|14.03|37|0.2
108314|396|24.73|5|0.05
101425|7646|228.31|70|0.0
109727|2257|406.86|25|0.05
101621|5586|473.41|96|0.15
103959|8924|36.28|21|0.1
104184|2959|282.12|76|0.15
101032|1505|248.87|35|0.0
104825|1594|241.29|27|0.05
108606|71|123.6|65|0.2
106957|7508|448.6|8|0.05
107351|2958|81.04|88|0.2
104777|3281|239.6|72|0.2
101196|8547|455.15|49|0.0
100948|896|191.15|73|0.1
100845|7954|485.14|82|0.0
104399|6840|124.13|71|0.05
104980|9842|331.27|64|0.15
105130|2076|103.66|99|0.0
100021|2046|489.1|45|0.1
102184|419|218.77|53|0.05
109934|2011|494.86|43|0.0
104792|3571|353.39|77|0.2
106293|8428|179.52|91|0.0
107917|4894|208.34|89|0.05
107338|3942|238.32|73|0.15
105386|8489|172.58|37|0.1
100619|1450|410.25|49|0.2
102985|9729|283.72|28|0.0
107331|6124|328.59|6|0.15
102155|4182|332.69|43|0.0
102365|6116|239.51|30|0.05
107162|8114|442.85|85|0.05
100805|5593|277.98|1|0.15
102916|8748|86.63|59|0.0
102045|9342|498.51|17|0.2
103115|3210|73.54|55|0.0
100508|6060|432.05|76|0.05
108100|1713|18.43|6|0.2
106950|5057|138.88|40|0.1
103943|8143|341.88|32|0.15
108534|2195|485.5|83|0.2
109318|7255|64.7|77|0.2
107035|5733|240.0|98|0.05
108939|8758|340.32|90|0.0
103493|8880|291.0|32|0.0
109131|7032|291.64|37|0.05
102620|4027|11.46|82|0.05
107675|2977|473.78|48|0.15
105558|2337|499.16|72|0.05
105137|9659|320.08|10|0.2
108371|4778|327.31|66|0.05
103880|6519|497.44|65|0.15
108301|3579|122.28|50|0.1
101481|6456|278.87|33|0.15
104396|2420|40.62|31|0.1
100839|2578|454.85|12|0.15
104928|8706|38.26|65|0.2
103715|578|235.18|52|0.1
108124|5451|415.01|9|0.2
104632|7565|436.95|64|0.15
100404|3329|404.18|100|0.15
109587|7569|35.08|5|0.2
106776|1029|312.82|20|0.1
100865|8769|381.72|31|0.15
105462|7264|462.73|51|0.15
104869|9510|420.57|56|0.15
107479|3902|17.78|41|0.05
103919|9382|423.38|92|0.0
109459|8753|63.41|77|0.05
104500|9702|490.3|60|0.2
105480|8742|116.85|4|0.0
104290|1017|64.87|5|0.05
104379|519|325.59|88|0.0
106499|579|404.51|76|0.0
106388|154|159.98|83|0.2
102544|8058|359.57|81|0.15
109236|8637|490.47|48|0.0
108392|2936|485.43|1|0.1
100918|2073|470.34|38|0.1
102303|4590|78.41|91|0.05
106396|8161|329.75|70|0.0
109224|6874|223.73|52|0.0
100523|4961|377.88|16|0.15
107539|5022|131.56|91|0.2
108864|1950|197.28|61|0.0
106711|6166|334.0|91|0.1
100450|2102|474.42|91|0.05
102020|904|364.99|73|0.15
103182|8108|340.28|11|0.05
101967|4508|156.1|17|0.15
107505|8820|83.15|65|0.2
109199|8712|434.44|38|0.0
109558|3148|360.55|67|0.1
101705|9855|358.61|75|0.0
106584|9758|177.93|94|0.2
107655|1604|60.86|28|0.1
103829|6395|454.6|67|0.2
108164|6971|124.39|27|0.05
108985|1977|489.18|14|0.1
109033|9487|172.26|75|0.2
108910|9368|270.17|94|0.1
107253|2358|70.75|26|0.2
103684|3041|294.13|78|0.1
100112|763|43.07|12|0.05
108677|3328|173.98|46|0.1
100862|7674|218.04|79|0.15
103336|5661|450.99|21|0.15
104044|5617|129.55|70|0.05
104090|9400|311.05|13|0.2
108936|3696|382.37|75|0.05
107136|2657|428.44|38|0.05
109826|6144|371.48|73|0.2
100658|4499|416.54|62|0.2
109147|8531|251.28|69|0.05
106529|8357|167.02|81|0.15
100144|8741|368.49|5|0.1
107129|8277|117.13|83|0.1
104518|5468|101.86|17|0.0
104704|4819|151.86|97|0.2
103361|8393|318.96|49|0.15
108368|5456|352.87|94|0.05
106747|2097|48.21|28|0.2
102905|4833|466.42|47|0.0
101899|9092|172.22|32|0.2
107661|2443|413.63|6|0.15
109422|2634|338.91|81|0.0
102017|3615|275.67|43|0.05
102332|754|305.3|69|0.15
108561|4033|287.78|26|0.05
103313|8515|52.41|67|0.0
106032|2628|333.36|61|0.0
108969|6844|497.11|33|0.15
106761|2218|400.98|2|0.05
105699|5662|429.8|10|0.0
106554|2761|481.35|44|0.15
108750|9428|42.74|32|0.05
101721|4934|227.08|88|0.05
107832|6399|41.12|98|0.2
101500|8936|345.59|4|0.1
101159|7971|229.78|81|0.1
103791|6200|67.18|13|0.2
105078|7387|213.69|33|0.1
107744|4950|371.02|7|0.1
102799|9147|449.24|43|0.0
107463|5174|434.61|65|0.2
103300|3553|89.14|14|0.15
107122|4075|182.03|18|0.0
106880|3115|162.05|40|0.2
102824|3687|312.68|65|0.0
103231|9807|187.0|62|0.05
109148|4259|167.13|12|0.2
105805|7746|170.7|4|0.15
100624|3864|211.46|64|0.2
107604|2669|467.56|31|0.1
106467|1394|12.24|65|0.15
100100|3306|368.88|87|0.0
103608|1987|225.29|41|0.2
104647|2935|109.53|38|0.0
107612|2169|425.03|93|0.0
102619|5688|36.75|16|0.2
103770|6717|119.22|22|0.1
109307|3505|265.2|38|0.05
105965|1318|188.52|80|0.0
100741|1184|123.91|77|0.05
100008|2336|37.7|17|0.2
104647|5980|246.13|29|0.1
103158|5638|290.5|69|0.05
106722|6822|452.65|41|0.2
104395|55|77.86|26|0.15
104808|9974|298.72|13|0.0
104924|79|433.68|87|0.05
102137|6846|160.66|12|0.2
108598|803|459.68|82|0.1
104340|1306|64.12|50|0.05
101294|9695|483.36|74|0.1
108477|7483|298.51|31|0.2
103031|9745|363.54|28|0.05
106613|4881|85.25|47|0.1
103409|3901|420.74|13|0.15
108096|1813|120.73|7|0.0
101227|435|262.1|24|0.15
108142|9234|331.04|57|0.15
109823|5007|294.81|98|0.0
100093|3025|83.4|42|0.0
108265|5244|460.05|44|0.15
100085|2209|217.37|18|0.15
105649|3676|471.69|100|0.15
105479|4992|21.78|47|0.1
102702|9623|44.33|56|0.15
105661|484|417.12|27|0.15
109322|8681|289.66|67|0.2
104165|9210|95.23|21|0.2
100323|1995|364.84|31|0.2
101289|999|490.34|55|0.0
107766|8687|157.38|8|0.1
103934|1214|262.92|64|0.2
109906|4674|309.96|23|0.2
105011|3680|311.64|56|0.2
103349|4280|348.08|100|0.15
100183|7955|385.46|85|0.15
107126|5960|78.16|27|0.2
107175|5413|204.73|82|0.0
107269|3972|153.76|76|0.05
107071|7973|48.41|56|0.15
105802|9278|275.18|83|0.1
109610|7756|175.35|89|0.15
105407|7052|137.43|10|0.15
100418|2723|381.25|58|0.15
104709|9025|251.86|6|0.2
107921|8707|298.23|64|0.05
108036|7788|84.48|64|0.0
107121|3820|403.53|90|0.05
107935|7227|417.33|3|0.1
108146|2286|114.19|23|0.1
102248|4214|180.49|18|0.15
103536|4668|217.89|95|0.05
103904|7315|79.73|13|0.15
107390|8534|323.36|60|0.05
104894|1275|477.93|81|0.05
103893|5924|291.64|78|0.15
109244|8669|394.59|45|0.0
107418|2858|222.32|91|0.15
101730|4309|328.04|58|0.0
101013|1342|297.54|75|0.15
104988|3902|418.59|52|0.05
103954|2537|328.98|73|0.15
102071|1510|368.57|67|0.0
100391|961|398.0|72|0.05
103196|9622|313.84|29|0.05
101727|6312|327.03|85|0.2
104025|3830|425.87|59|0.2
103589|1950|128.68|95|0.05
108308|4499|18.39|22|0.0
108767|118|211.03|33|0.0
103054|8034|391.16|62|0.1
103839|2547|48.86|12|0.2
102167|7512|469.64|59|0.0
107740|6037|164.25|24|0.2
104438|9713|328.3|13|0.2
100711|5985|28.93|51|0.2
108648|329|200.43|6|0.05
103655|1447|168.23|61|0.15
103318|9436|81.6|12|0.0
105437|2321|281.99|26|0.1
108611|8263|402.16|33|0.15
104996|1154|96.13|22|0.0
102027|366|368.16|62|0.0
108269|3670|35.35|83|0.1
102354|8086|139.56|73|0.0
107301|9278|67.21|38|0.2
101718|1586|393.4|91|0.05
103915|1955|406.13|87|0.15
106356|2216|383.59|49|0.05
108180|6149|404.16|16|0.2
101166|3187|457.06|47|0.1
101961|6222|310.12|56|0.05
100653|5491|104.18|72|0.2
105672|8753|44.62|67|0.05
107884|8989|191.88|94|0.0
109675|5900|284.48|52|0.05
101418|8282|52.48|4|0.1
100788|6373|259.28|5|0.05
106176|4439|192.42|37|0.2
107221|2791|123.87|40|0.15
101031|9015|47.22|40|0.2
106250|2260|38.71|71|0.0
102256|9878|170.12|68|0.15
102442|3409|436.9|11|0.0
109973|1013|34.94|4|0.0
108491|8780|411.28|74|0.1
105356|9339|454.0|37|0.0
102831|9072|247.74|66|0.1
100134|9558|405.59|18|0.05
107468|6979|39.58|12|0.15
109938|2864|46.34|30|0.1
105520|4516|347.38|54|0.1
109087|7185|206.33|97|0.05
107964|3739|417.91|44|0.15
101338|1564|395.44|89|0.2
109582|1315|119.14|58|0.1
109773|8784|231.0|13|0.1
103845|2255|359.59|25|0.1
100034|7247|251.69|16|0.0
107970|1516|187.23|18|0.05
109321|8870|120.5|20|0.05
100876|4334|486.55|97|0.15
108931|9464|471.93|9|0.15
106271|2006|170.94|58|0.1
106427|272|154.07|91|0.05
109822|7217|274.16|74|0.15
106175|778|268.21|95|0.0
106415|4903|52.25|84|0.05
106995|7250|86.86|26|0.2
103587|6353|44.93|43|0.15
108345|9392|495.8|7|0.2
102126|4267|415.06|2|0.05
104755|3321|488.22|77|0.15
107149|6229|216.75|47|0.05
103250|6096|371.78|70|0.0
105301|463|115.25|78|0.0
103680|88|410.0|23|0.05
102496|8737|460.68|32|0.1
101191|5171|412.65|89|0.15
107039|975|218.84|96|0.1
108852|5809|402.57|77|0.0
101666|6263|315.19|94|0.05
102908|5373|38.07|95|0.15
106680|2515|346.5|43|0.2
106629|6298|436.26|87|0.05
100606|2477|66.01|91|0.2
105404|8979|217.2|19|0.2
102066|3557|381.61|14|0.0
101972|638|238.08|31|0.05
103033|7254|457.33|60|0.05
106920|5141|218.63|18|0.15
108612|7527|182.31|43|0.1
105906|7176|79.27|80|0.1
101330|5568|51.53|9|0.2
106305|6278|166.2|39|0.2
102019|1322|186.79|98|0.1
103418|6349|104.68|82|0.15
101729|2835|486.94|63|0.05
103266|1865|97.8|88|0.2
100894|4326|483.87|11|0.0
102494|8577|397.72|28|0.05
103258|2113|175.44|67|0.05
104573|1297|74.86|65|0.05
104138|5586|237.34|83|0.2
106871|4927|234.2|45|0.0
103782|5487|112.89|88|0.05
106138|1379|61.65|93|0.05
108190|4923|33.14|8|0.2
100502|3177|478.17|72|0.1
100399|1106|399.39|77|0.15
100627|7557|260.06|35|0.0
108979|8393|343.0|82|0.15
106671|1733|471.4|18|0.2
104732|3660|25.49|12|0.15
105167|98|330.03|13|0.05
105842|4504|339.3|90|0.05
107250|4756|29.42|73|0.1
103836|8220|74.66|65|0.1
101644|8255|46.02|21|0.1
107248|2071|315.07|19|0.1
102114|6064|195.6|79|0.1
103648|5414|436.17|80|0.0
106465|4337|188.66|32|0.15
102608|9923|265.22|12|0.2
109684|3759|477.25|25|0.1
104946|1586|88.69|97|0.2
108758|9009|346.42|54|0.2
103202|388|149.02|17|0.0
103206|1170|256.71|29|0.2
101504|9626|182.05|19|0.15
105766|4328|215.78|90|0.1
106808|8654|350.43|5|0.05
109714|8238|225.06|97|0.15
102990|1278|98.36|15|0.05
106300|8687|284.4|99|0.0
101120|1578|53.43|94|0.05
101991|8288|16.2|100|0.2
107688|5937|497.72|1|0.15
106450|2358|458.75|17|0.0
108044|4336|342.57|7|0.0
105330|9021|52.17|78|0.0
101213|8525|446.08|87|0.0
106909|5379|254.09|52|0.0
103894|298|473.29|51|0.0
107345|3955|398.77|61|0.1
109890|3326|216.59|84|0.0
106589|5532|161.58|91|0.15
108236|7061|211.59|76|0.15
100393|8688|141.08|32|0.0
107072|533|12.07|88|0.2
103653|8255|303.7|49|0.1
100183|524|478.44|65|0.2
109085|8679|63.09|17|0.2
109034|4684|37.97|73|0.0
100196|9237|429.3|13|0.1
108779|5605|18.29|22|0.1
102504|7649|122.34|27|0.2
100133|9999|354.13|6|0.2
109176|7946|385.27|43|0.15
100780|2250|151.86|61|0.15
105312|3723|188.64|83|0.1
109315|6508|437.24|4|0.0
105233|2846|122.26|92|0.1
107457|8935|215.4|37|0.15
102557|9132|182.23|33|0.2
100001|8924|229.0|77|0.0
105797|7219|291.1|86|0.1
101688|8870|454.84|25|0.1
101845|7505|215.37|15|0.15
108071|6804|346.08|16|0.15
101279|5308|172.02|15|0.2
101640|7268|94.72|76|0.1
108833|6907|100.61|41|0.0
100735|185|38.31|82|0.2
108220|7743|447.68|45|0.05
101128|6367|172.16|50|0.2
101985|6654|342.29|81|0.0
100203|5692|454.66|49|0.1
109180|9073|126.47|81|0.2
106729|1892|281.49|98|0.15
100707|3243|136.65|90|0.2
101308|4245|437.58|56|0.2
105867|1353|224.49|13|0.0
101893|5717|361.31|85|0.0
109693|7072|294.05|39|0.15
104648|9888|445.07|39|0.0
104954|9381|55.96|30|0.05
109930|182|20.53|51|0.1
100717|8805|144.69|46|0.2
102861|507|250.55|58|0.2
107861|7559|52.57|20|0.0
104341|2447|81.72|31|0.0
103504|2192|223.8|39|0.1
106150|5348|40.6|83|0.2
101662|414|89.14|34|0.0
106778|6126|190.28|2|0.0
108256|6542|46.21|59|0.15
100055|9517|202.38|17|0.05
104137|8863|198.27|81|0.1
106842|108|182.07|47|0.1
104193|3780|109.8|77|0.1
108228|8215|494.1|100|0.1
101122|9652|37.31|40|0.0
107306|9893|410.47|86|0.1
100655|8021|123.26|100|0.1
102884|9255|230.19|56|0.05
101309|5990|302.83|72|0.05
103409|7883|469.75|1|0.15
106847|9646|301.88|76|0.0
106932|9221|77.74|57|0.1
106817|2509|59.8|98|0.0
100880|2496|376.56|20|0.1
100904|1884|189.62|47|0.05
103004|3755|83.07|17|0.0
105921|7377|379.06|37|0.15
100592|7957|206.95|11|0.1
101373|6552|143.76|58|0.1
100602|5217|438.88|44|0.0
101149|9730|407.57|3|0.15
105424|8034|272.97|12|0.0
107191|4438|36.92|69|0.05
101374|4907|118.77|30|0.1
108448|8789|467.44|94|0.05
109551|8077|121.58|71|0.1
108660|16|26.49|15|0.15
102262|7320|460.8|6|0.0
103081|6372|102.52|14|0.2
108148|1908|67.78|49|0.15
108801|2211|264.47|2|0.15
105165|4320|165.01|64|0.2
106949|9948|363.65|35|0.0
107801|112|250.48|1|0.15
107014|3109|161.22|87|0.15
109694|82|444.71|24|0.05
106301|6729|480.89|57|0.05
102261|8928|125.71|43|0.1
107096|3023|36.1|30|0.1
100963|7801|119.62|57|0.05
101169|7692|207.8|61|0.15
103073|5247|239.55|59|0.05
103437|197|16.15|79|0.05
105418|324|310.84|18|0.15
108826|6746|307.97|96|0.1
100824|1801|250.57|71|0.2
102868|8803|62.16|85|0.2
104844|8678|56.35|41|0.0
101973|9545|19.81|45|0.1
101343|7629|92.28|21|0.0
104728|3168|386.76|93|0.15
108849|1155|234.88|2|0.0
102891|9029|98.02|74|0.2
103220|9402|240.26|35|0.1
107164|6492|73.21|66|0.15
101622|4937|356.75|77|0.0
102591|4269|74.92|72|0.05
103183|6207|206.47|5|0.0
101597|730|161.88|80|0.2
100261|4747|34.94|47|0.2
105427|9127|236.85|2|0.0
104584|2994|380.99|11|0.1
107468|3568|492.67|1|0.05
107903|3196|345.95|62|0.05
108046|2006|102.33|79|0.1
101112|2964|234.9|35|0.15
109319|7029|52.15|50|0.1
101424|8247|117.67|6|0.05
108507|3884|495.53|73|0.1
109550|8349|175.43|13|0.05
105684|1763|468.28|80|0.15
104099|556|294.01|18|0.2
101907|989|185.06|51|0.1
102021|5767|323.19|19|0.0
106065|5220|47.92|63|0.05
100841|9369|319.85|39|0.1
100614|7667|206.49|77|0.1
100847|3890|363.76|63|0.2
104081|1103|289.69|41|0.05
100891|5261|434.12|35|0.0
104058|1473|388.59|43|0.2
101854|3708|325.2|34|0.0
104957|3063|450.01|100|0.15
102453|6870|29.32|79|0.1
104840|88|221.74|39|0.0
109665|1302|314.05|69|0.15
109065|9795|216.86|53|0.1
105418|8484|401.27|32|0.1
102413|357|185.93|54|0.2
107590|8042|188.47|89|0.15
103515|7879|325.94|71|0.2
104151|9166|487.4|66|0.0
109042|4275|301.75|58|0.15
106661|1702|338.83|42|0.1
107892|8340|171.74|91|0.0
105132|8428|40.07|40|0.05
101985|9286|286.41|87|0.1
103053|1504|44.93|1|0.2
107736|1111|128.99|66|0.2
105763|861|37.16|32|0.2
106485|4208|445.46|41|0.15
107235|818|271.97|95|0.1
105162|652|259.92|26|0.2
106554|7279|261.52|66|0.1
109917|6194|435.49|71|0.1
108342|9448|324.99|41|0.0
106192|5988|129.54|32|0.15
100654|2491|377.14|14|0.15
106408|5656|479.35|3|0.1
108754|7578|292.34|59|0.2
104341|3200|186.46|86|0.05
109062|7602|279.26|29|0.15
105361|338|263.5|55|0.15
106422|2683|200.63|64|0.0
105971|3019|36.1|42|0.1
100213|8469|267.21|20|0.1
108359|6191|492.36|63|0.1
108959|748|99.01|43|0.1
108750|9104|342.13|59|0.05
100596|9464|440.48|84|0.0
106654|1113|417.91|40|0.1
109635|651|404.18|27|0.0
109356|4233|474.63|37|0.15
108778|1140|412.47|34|0.1
108802|3912|365.97|7|0.15
106114|707|248.83|31|0.0
101140|337|159.72|24|0.1
104573|8821|84.2|22|0.2
109120|2675|437.28|24|0.0
108928|303|303.9|92|0.0
108081|9044|380.38|4|0.1
106245|7741|107.65|91|0.2
103872|6820|358.27|47|0.1
100587|4885|77.69|85|0.1
107638|1308|221.85|1|0.1
106292|3172|106.77|40|0.05
108520|4783|371.92|27|0.2
102178|2800|218.4|41|0.2
104139|1209|146.01|84|0.0
106096|5474|305.9|38|0.2
106057|7979|228.34|59|0.2
105783|3042|159.56|59|0.0
104212|5804|14.72|90|0.2
100676|5453|459.36|90|0.2
103525|1112|498.54|14|0.2
107888|1670|21.52|72|0.05
107003|1913|205.54|99|0.05
108869|3740|412.11|11|0.05
108726|7085|230.38|51|0.15
101521|3597|496.23|57|0.1
106813|1626|88.03|1|0.15
102809|360|37.09|61|0.1
100193|1270|401.12|65|0.2
102898|9167|122.85|78|0.15
101773|6597|415.41|48|0.15
100288|9821|389.7|82|0.15
104308|501|360.59|90|0.05
106271|7278|293.37|45|0.2
101129|1889|455.37|50|0.05
106006|9|337.98|91|0.1
104089|4471|154.48|39|0.15
109753|7502|405.7|75|0.0
108029|5875|137.38|25|0.0
100359|5640|296.31|47|0.0
102110|739|366.22|51|0.0
106304|7174|109.68|72|0.05
100754|401|297.8|63|0.0
105742|2317|205.6|40|0.05
109626|5179|311.39|11|0.05
103313|6812|468.11|17|0.2
109538|658|307.05|69|0.05
104516|4815|213.38|87|0.15
103358|7762|143.2|90|0.15
109445|8541|158.75|49|0.1
101183|8437|101.9|66|0.1
106318|7748|479.8|18|0.1
103717|5813|118.83|41|0.2
108028|5940|84.26|66|0.0
105292|4230|120.99|40|0.0
100481|6970|70.65|59|0.2
100911|8850|272.35|39|0.2
103843|757|486.64|93|0.1
104188|5168|234.94|7|0.2
102207|8713|182.2|79|0.05
103962|6256|316.78|66|0.0
105739|8702|404.89|94|0.1
100435|7764|373.27|71|0.15
104783|1558|277.05|20|0.05
105534|3931|439.58|14|0.15
106952|9485|403.29|3|0.0
103789|5948|362.64|30|0.1
108045|2870|407.91|71|0.15
105011|9718|95.97|12|0.15
103740|3144|437.61|44|0.0
109291|9617|253.44|41|0.1
102221|4031|95.97|56|0.15
102110|7911|310.68|29|0.2
106710|7069|295.01|34|0.0
105486|7339|95.67|6|0.05
106567|3502|460.85|14|0.0
102820|1290|207.05|95|0.15
106535|6757|487.82|22|0.15
101865|6538|385.87|64|0.15
101490|7870|28.49|54|0.0
106829|9445|415.56|78|0.0
105616|4462|140.65|25|0.15
102726|9855|308.96|45|0.0
109928|3971|166.97|58|0.1
108891|7029|250.85|86|0.2
101334|5339|247.77|33|0.2
107089|3874|447.88|34|0.1
101470|4637|370.77|59|0.2
107154|5526|363.21|98|0.05
101249|1363|362.64|18|0.1
106510|9353|62.62|92|0.05
105537|1312|127.99|55|0.15
106300|9499|487.98|74|0.05
101056|6568|123.84|10|0.0
108273|1233|313.53|2|0.15
105709|6998|39.02|37|0.15
102437|3181|440.47|75|0.0
107362|1784|264.41|96|0.1
108847|3484|448.45|14|0.15
105841|2072|167.62|60|0.1
103551|7033|346.76|47|0.1
102431|4081|467.89|11|0.2
101129|3490|73.74|50|0.1
108122|9609|382.84|77|0.2
100273|3501|83.14|32|0.0
106592|9692|140.45|64|0.05
101404|107|200.11|39|0.0
109944|3909|173.77|81|0.0
104928|1818|231.89|48|0.1
104787|438|174.23|62|0.15
109590|9324|410.71|24|0.2
108526|8283|244.3|67|0.05
103176|8508|52.21|83|0.1
108158|3795|119.35|74|0.0
108888|9500|49.55|87|0.0
107215|9105|327.27|6|0.05
102318|1755|413.3|6|0.1
103356|8093|447.48|94|0.0
100386|7111|387.63|12|0.2
102254|8103|11.36|76|0.2
103388|930|368.68|93|0.1
105575|1963|351.04|26|0.0
109933|5685|407.0|100|0.15
109700|2981|40.38|32|0.0
105019|8059|175.12|10|0.05
108373|871|458.91|14|0.05
106390|4865|24.26|17|0.2
100520|3645|222.71|56|0.2
101133|8580|347.56|92|0.05
100940|1164|433.46|28|0.15
101216|5633|98.59|61|0.1
102809|1619|433.29|78|0.1
107081|6526|498.11|58|0.0
106350|1169|34.15|3|0.15
102184|4579|45.4|15|0.1
109692|7568|115.32|79|0.0
106826|4548|380.11|58|0.0
109442|1212|40.55|22|0.15
104425|5479|335.04|94|0.05
106860|7449|486.55|29|0.1
105437|2778|442.35|27|0.05
103688|9643|39.15|43|0.1
104202|1811|349.18|96|0.2
108338|5888|169.54|83|0.2
100392|290|397.05|44|0.05
109209|7034|254.31|93|0.0
106586|8168|233.13|52|0.15
102141|7684|466.82|15|0.15
105989|7788|169.92|100|0.05
104512|6893|37.48|92|0.0
102412|877|486.17|96|0.1
102885|3215|436.34|83|0.2
104428|619|220.92|53|0.2
102346|4726|127.05|45|0.1
105421|7470|336.71|43|0.15
107738|9331|445.49|18|0.15
103883|979|261.56|57|0.15
109711|7724|236.26|44|0.2
108925|7111|60.94|54|0.15
107923|2551|61.57|19|0.05
109656|2059|428.37|75|0.0
102282|3942|245.46|91|0.2
104910|9293|271.72|59|0.05
109499|951|136.1|5|0.15
105573|7970|362.96|85|0.05
106008|9462|331.3|87|0.05
101232|5069|373.24|62|0.05
108230|9761|47.55|11|0.15
102616|3420|256.55|48|0.15
102320|3278|257.84|79|0.1
104699|2711|333.92|8|0.0
103792|7423|333.01|13|0.05
103543|1244|483.24|57|0.0
101259|1965|214.13|39|0.05
109402|1224|393.57|37|0.05
102575|9912|50.81|96|0.05
105909|4782|263.63|67|0.2
103000|6106|405.21|59|0.0
102404|2590|440.72|18|0.15
102976|6958|477.42|57|0.0
109816|9528|488.09|17|0.2
102843|3496|260.8|32|0.2
109764|4715|72.37|7|0.15
102168|8512|286.28|89|0.05
101970|799|208.37|92|0.05
101609|1534|478.18|21|0.0
109202|3448|361.22|17|0.0
106066|9351|371.41|85|0.0
106193|6781|339.92|45|0.0
103266|6171|268.32|38|0.05
105798|4673|89.45|43|0.1
108604|19|312.61|28|0.2
108538|3307|66.98|62|0.1
103337|3095|50.09|86|0.15
100840|5731|465.27|74|0.05
101253|1988|252.3|38|0.1
107675|1413|496.85|3|0.05
109111|940|450.93|80|0.2
104073|4484|189.65|60|0.2
107068|5295|165.39|26|0.15
105690|335|232.37|34|0.0
105218|585|384.65|27|0.0
108173|8249|362.7|70|0.2
103741|2794|481.54|5|0.2
108910|9884|220.63|84|0.2
108229|5190|323.5|19|0.05
107427|4318|361.79|87|0.05
104257|4032|489.84|57|0.05
103470|5333|372.74|33|0.1
102032|3566|153.01|36|0.1
107679|8460|348.48|21|0.2
107340|9924|253.95|7|0.05
106431|3009|112.15|28|0.15
105603|3434|437.97|43|0.15
107717|6742|107.19|21|0.1
105941|9543|34.39|65|0.1
104507|1257|19.4|22|0.05
106991|4454|66.82|40|0.15
100804|1597|459.95|26|0.05
104440|3152|180.68|7|0.2
104728|3900|67.38|60|0.0
102379|535|429.31|3|0.0
106859|9234|126.14|97|0.0
108711|1015|139.6|7|0.0
101598|4426|484.72|80|0.2
100715|7744|55.41|69|0.15
101247|510|131.49|71|0.2
100024|2853|202.26|82|0.0
101703|1454|208.06|32|0.15
106063|3160|123.52|9|0.2
107956|2010|82.93|42|0.1
109979|1488|393.13|84|0.0
107625|3917|102.76|9|0.15
109390|9647|26.09|87|0.0
103865|5318|488.63|2|0.05
100930|7697|457.59|25|0.15
109981|7762|170.08|55|0.2
104500|6414|184.03|19|0.2
109208|9580|123.1|33|0.2
104605|6962|447.27|8|0.1
104359|9061|136.23|75|0.2
103701|8675|119.29|91|0.0
101666|1002|303.08|6|0.0
101069|4230|320.23|45|0.05
101780|2437|113.38|50|0.2
106986|8202|135.4|74|0.2
102314|1349|378.83|91|0.15
109922|1524|379.82|43|0.15
107142|5548|284.89|46|0.2
101940|4735|493.55|2|0.05
101837|1155|128.66|95|0.15
102022|7915|13.96|62|0.1
108327|4534|335.14|54|0.2
101170|4557|269.63|79|0.1
107564|6238|239.67|44|0.2
102725|3749|93.5|34|0.0
103564|2242|138.34|37|0.15
100535|7906|327.36|71|0.2
109890|9102|407.77|69|0.15
104127|9480|26.38|43|0.2
108146|513|360.54|30|0.0
100932|8868|142.23|94|0.1
109937|3746|212.28|94|0.2
109698|7790|13.64|5|0.2
107435|4556|202.61|86|0.05
106833|1020|18.24|96|0.15
103778|4962|130.33|37|0.15
106238|5313|435.67|58|0.05
104518|9117|330.18|2|0.2
108828|7099|151.32|53|0.15
102647|3358|400.96|3|0.15
107676|1719|20.26|47|0.2
104375|5313|381.82|37|0.2
102379|3467|159.2|81|0.15
103011|3398|311.37|68|0.2
100766|4340|461.74|65|0.0
100793|6155|156.2|28|0.2
108128|1431|326.45|41|0.05
108326|2178|138.87|5|0.2
102983|7673|93.39|98|0.15
108852|4338|428.03|92|0.05
106227|2086|68.34|20|0.05
105507|3663|292.77|10|0.2
107043|1898|195.9|85|0.0
107252|6960|70.14|53|0.2
103553|6405|65.61|27|0.2
106382|7794|69.0|23|0.1
109876|7493|139.68|84|0.2
105091|3807|127.03|52|0.15
106591|8756|176.73|13|0.1
109671|368|55.88|43|0.15
104114|388|135.39|97|0.0
108900|3151|126.13|67|0.2
108303|2573|275.44|23|0.15
103738|4264|477.26|11|0.15
101960|7907|288.08|53|0.15
103403|9528|180.42|58|0.2
104620|3525|45.03|75|0.15
108210|2310|339.18|93|0.05
109967|926|236.73|34|0.05
102760|415|172.76|25|0.2
107059|140|475.46|100|0.1
102638|7121|156.42|37|0.1
100863|7092|156.25|96|0.2
105428|3362|247.4|40|0.2
102743|4854|392.59|58|0.2
102562|4275|63.3|3|0.05
104791|7465|244.24|17|0.15
105815|7298|461.04|66|0.05
108519|9544|30.99|36|0.2
103106|4806|279.54|33|0.2
108519|6641|186.44|97|0.0
103982|5623|368.73|22|0.05
101478|9664|78.75|5|0.0
102298|6207|443.73|65|0.0
108645|236|302.13|78|0.0
106542|6072|480.7|43|0.1
108979|4987|175.76|87|0.0
109992|7656|288.95|71|0.15
101783|4295|223.18|55|0.1
108284|9903|305.79|27|0.0
103434|9345|479.3|99|0.1
109153|5731|53.8|84|0.15
109462|7017|347.67|44|0.1
108637|3745|172.53|79|0.0
102079|1217|117.9|4|0.0
109942|6821|11.48|85|0.1
100575|6640|178.64|41|0.15
109870|1839|482.71|60|0.15
104319|1030|494.74|28|0.2
102828|6798|362.45|41|0.15
104558|7934|374.94|19|0.2
102626|6648|201.86|94|0.2
101131|1806|162.25|100|0.15
106135|5571|115.02|60|0.2
109030|5470|85.46|92|0.0
103147|4811|215.06|58|0.2
104506|4012|436.21|41|0.1
103236|5744|253.51|64|0.05
102569|2311|264.13|50|0.0
107263|4648|180.0|87|0.15
100736|2752|261.3|9|0.1
101320|562|252.9|76|0.15
105904|5773|248.76|32|0.15
100224|5006|407.91|4|0.2
104290|4539|366.3|20|0.15
109679|3443|295.17|34|0.05
100141|1965|167.93|54|0.15
104818|6979|158.35|57|0.05
106492|6265|468.38|29|0.1
105887|6992|390.85|52|0.2
109984|8908|223.22|19|0.05
102087|6025|35.96|57|0.05
106017|3908|29.17|73|0.1
104569|6046|138.38|100|0.0
109773|1094|424.68|1|0.2
102093|6768|142.56|93|0.15
104584|8578|222.42|68|0.05
104563|7205|316.97|36|0.1
109227|6224|116.07|55|0.05
102986|938|365.45|53|0.2
101833|9755|158.43|40|0.0
105527|9845|55.57|69|0.0
107259|2149|349.24|80|0.05
100845|4698|66.17|55|0.1
101450|9050|36.87|67|0.0
105031|1071|428.44|82|0.2
109828|6103|261.48|34|0.1
101475|6706|49.19|78|0.15
102867|1130|48.01|25|0.2
104705|2253|236.91|25|0.2
106860|8339|27.25|85|0.05
108322|4737|185.34|21|0.2
107697|9008|465.11|67|0.0
104554|3330|111.4|83|0.1
104686|149|407.18|69|0.2
109050|6474|366.57|59|0.15
102759|2193|123.38|35|0.2
104512|4026|245.54|22|0.15
101533|4606|336.84|49|0.0
103459|2929|266.45|30|0.15
106128|5650|347.47|90|0.2
107065|7781|299.8|20|0.0
108296|4489|285.96|54|0.0
108265|2984|365.68|63|0.05
104135|5450|419.19|50|0.2
107724|3153|387.8|21|0.15
103478|5369|388.94|29|0.2
107830|6015|97.76|49|0.1
107673|3703|85.89|3|0.0
100115|4614|474.53|79|0.05
100960|5894|125.08|37|0.05
106107|9941|495.08|86|0.05
107291|7567|32.25|27|0.0
106850|3370|233.28|44|0.2
105927|5189|482.61|64|0.1
107078|3593|275.85|58|0.15
101587|4270|110.66|33|0.2
102173|5314|224.89|9|0.1
105016|7174|63.89|91|0.1
100422|1862|471.29|19|0.05
108712|3759|200.96|78|0.15
106495|9522|38.41|61|0.1
102977|9390|222.9|52|0.1
104614|8066|127.02|87|0.1
105817|165|351.68|86|0.15
108047|8784|69.68|55|0.15
104058|632|166.47|39|0.2
109160|2934|416.86|98|0.05
107537|3009|247.36|55|0.15
106752|9133|15.13|24|0.1
106068|2895|495.03|91|0.05
106605|577|221.07|21|0.2
106258|15|266.98|45|0.05
101176|2707|146.33|4|0.0
104219|2256|354.9|90|0.2
103477|7902|233.35|98|0.0
105952|9685|327.94|51|0.15
108964|4630|481.59|32|0.0
102824|5241|391.99|50|0.0
100908|4849|90.84|64|0.05
102499|7840|324.6|35|0.05
100183|8066|104.66|4|0.15
107203|8869|495.25|33|0.2
104056|4368|366.88|7|0.2
101375|5185|166.33|8|0.2
105092|8724|391.3|24|0.15
102829|5811|398.69|11|0.1
109138|7095|122.46|91|0.2
108819|6195|412.2|6|0.1
105560|7279|372.72|73|0.2
100630|7050|424.95|53|0.0
106476|854|240.63|21|0.05
106529|6666|68.09|98|0.0
102073|4241|38.02|12|0.15
100848|4079|81.08|9|0.15
107765|3434|244.97|97|0.0
102398|9961|16.58|30|0.05
102218|127|208.75|49|0.15
100197|8378|310.15|97|0.0
107256|2844|57.42|3|0.1
106764|4368|395.44|92|0.2
107448|3462|79.85|74|0.15
102424|9100|349.89|38|0.1
103041|9010|275.04|41|0.1
102021|6738|22.18|49|0.15
105373|9902|117.21|46|0.1
102908|3724|363.74|68|0.0
109838|7406|116.32|10|0.1
102960|4791|315.67|97|0.15
109139|4894|372.23|54|0.05
102970|3913|240.64|36|0.0
105060|4050|19.09|18|0.1
101946|7302|113.62|30|0.2
103109|7128|453.03|62|0.0
103139|3546|78.49|61|0.15
109718|6277|43.28|26|0.05
104609|7287|293.4|37|0.05
106549|9365|51.33|20|0.05
100867|583|454.12|86|0.15
103612|375|469.48|38|0.05
107475|7019|495.6|10|0.0
106738|8090|255.36|73|0.0
102501|6890|297.42|14|0.05
109666|1529|97.45|64|0.0
104288|4997|73.1|99|0.1
107550|1375|178.72|80|0.2
109657|8014|269.27|1|0.15
109815|6641|144.87|15|0.2
102712|7729|289.51|2|0.2
104477|5258|91.79|83|0.05
104435|5535|217.16|44|0.1
104790|9919|440.82|28|0.2
109909|4161|41.82|21|0.15
104406|7107|408.85|51|0.0
108940|3242|320.09|61|0.2
100355|4160|350.04|81|0.0
102852|7134|466.31|27|0.0
105036|3060|213.81|96|0.15
100715|7408|428.02|86|0.05
105289|5435|377.67|8|0.0
101865|6194|188.12|68|0.1
101193|3457|38.06|90|0.2
104792|9078|257.21|98|0.15
105801|9248|487.84|98|0.15
104368|6106|201.19|46|0.2
102788|5941|483.6|65|0.2
108543|5590|98.23|29|0.0
105092|8574|285.43|55|0.2
107360|9630|292.07|41|0.15
101299|4487|251.85|50|0.2
104715|2777|193.28|88|0.05
106222|2866|227.26|2|0.0
109352|134|328.45|99|0.0
105099|6587|358.42|24|0.2
102011|8364|256.93|32|0.0
100331|8301|186.53|9|0.2
107774|2406|222.98|17|0.05
105310|1423|82.02|10|0.2
107092|9015|177.73|76|0.2
105251|4419|151.25|77|0.15
106969|9857|379.44|12|0.1
103353|784|395.38|66|0.05
102719|2733|34.38|13|0.0
102029|2041|62.09|91|0.0
100298|577|53.15|23|0.15
105526|2362|241.31|15|0.05
104660|5791|447.5|5|0.0
108128|898|316.43|98|0.1
109270|3138|389.25|58|0.2
109416|1116|307.54|33|0.1
105784|8|335.09|87|0.1
105173|1844|265.83|27|0.15
105250|2247|241.16|68|0.0
103334|2409|438.98|93|0.0
104621|6020|439.53|62|0.0
101069|8232|215.46|100|0.15
109103|1924|312.91|71|0.0
107345|5073|89.86|1|0.15
104902|1712|477.3|5|0.15
107450|9815|349.3|46|0.0
109108|8668|162.28|65|0.15
104975|4401|496.5|15|0.2
102841|9229|351.86|25|0.2
101269|9158|495.17|48|0.2
105621|215|491.12|17|0.2
103788|3175|110.79|45|0.2
102362|5134|437.06|2|0.0
106981|8086|436.08|24|0.1
108911|7530|300.23|81|0.05
100101|8476|293.01|17|0.1
100057|2404|314.27|80|0.15
108292|824|493.59|75|0.2
102912|7490|356.65|90|0.05
105527|6454|208.37|28|0.1
108433|1702|120.8|34|0.05
103099|8305|450.72|71|0.0
101789|1862|409.51|90|0.1
104284|1681|26.78|24|0.2
105999|2474|96.23|84|0.15
100851|2813|76.23|1|0.2
105588|8627|113.96|75|0.05
102159|5581|205.26|27|0.1
109004|6178|282.61|71|0.1
106400|7841|395.15|76|0.05
100938|1526|302.91|66|0.2
109032|8046|118.41|78|0.15
104416|9940|398.04|70|0.1
106068|7540|70.12|57|0.15
101825|9751|11.82|33|0.05
102298|6647|451.0|8|0.1
100991|5569|330.12|43|0.05
108219|2158|288.7|82|0.15
107638|8866|85.22|95|0.05
102568|6297|82.42|40|0.05
106791|864|455.75|88|0.0
108408|1621|224.39|24|0.2
107369|8867|297.1|75|0.2
102013|1795|29.39|58|0.15
109601|167|295.0|23|0.1
106921|2546|483.7|89|0.0
109152|9708|100.48|38|0.2
103437|5280|333.61|44|0.0
108340|2456|294.63|87|0.2
109138|5|391.79|67|0.15
104070|1111|87.62|81|0.2
101449|2358|41.5|11|0.2
101122|3338|446.14|4|0.1
102553|9723|369.45|70|0.05
107509|8724|403.61|51|0.15
105589|4399|15.13|75|0.05
106082|1366|471.66|85|0.2
109338|6672|58.3|25|0.2
108852|1794|173.14|77|0.2
103178|965|185.03|53|0.1
104288|2164|230.76|69|0.0
107950|3975|351.9|61|0.15
107274|6361|274.05|10|0.15
102283|2825|470.86|44|0.15
107948|5415|295.97|50|0.05
109632|1831|472.28|54|0.05
108017|8820|111.75|99|0.2
108300|8623|466.32|38|0.0
102617|1579|15.26|35|0.05
108676|8444|110.9|72|0.05
105622|3691|419.23|81|0.1
108510|1232|174.72|30|0.0
106883|2972|329.15|29|0.15
106565|1817|499.53|34|0.15
108450|9704|443.51|8|0.1
100188|4568|426.55|66|0.2
100990|7262|430.96|49|0.15
104690|3046|202.26|99|0.2
107449|8154|248.72|16|0.1
103059|3657|198.98|2|0.0
106959|2866|380.43|97|0.15
101323|3108|363.36|21|0.0
109071|1793|323.67|3|0.05
104130|8124|100.85|60|0.05
108999|8017|382.71|18|0.0
103578|5076|37.92|75|0.05
102835|1402|424.01|65|0.0
108508|6512|224.68|22|0.2
105745|2691|408.43|39|0.0
107361|8035|436.34|9|0.05
109326|8582|287.75|62|0.15
104509|8363|390.39|81|0.15
109722|6574|499.98|99|0.05
105865|8167|481.02|49|0.05
103135|7736|89.83|35|0.05
105616|6374|385.42|11|0.05
106707|9597|126.4|42|0.15
105541|5755|73.06|20|0.05
108517|95|16.0|41|0.15
103098|1882|362.4|93|0.15
103888|8540|65.23|60|0.05
105178|7072|131.31|46|0.0
101586|9778|289.37|31|0.05
102594|6976|221.32|66|0.05
105358|9462|91.9|17|0.0
103686|1774|469.46|26|0.15
105154|5344|385.23|82|0.2
104725|8823|453.25|61|0.05
108972|3706|165.83|82|0.1
104562|5221|121.71|80|0.2
108645|7275|71.49|6|0.15
101537|118|495.27|33|0.2
108534|1836|274.65|5|0.1
108372|8249|173.56|17|0.15
107176|3117|455.36|100|0.1
109898|5432|179.58|21|0.1
103493|2205|252.51|92|0.1
108969|1490|127.8|76|0.2
107778|2815|195.64|6|0.0
104189|4238|235.46|34|0.2
108981|1913|452.08|57|0.0
103075|9689|290.17|13|0.1
102449|9151|387.35|48|0.05
108422|3271|428.63|6|0.05
109189|3856|332.94|15|0.0
102945|8545|35.04|72|0.1
101413|7352|148.29|27|0.1
109813|3481|93.45|35|0.0
101457|6255|19.27|39|0.0
103209|9695|252.15|49|0.2
107828|1289|166.12|72|0.1
108232|8862|62.95|87|0.0
107696|9205|361.67|96|0.2
108572|6312|249.71|25|0.2
100579|9370|90.29|32|0.1
106240|3060|121.34|51|0.1
109631|9433|101.48|74|0.1
105215|8637|356.84|13|0.2
106097|9410|497.7|34|0.2
108211|413|137.43|93|0.0
108389|5321|425.22|15|0.0
107712|3307|106.27|56|0.1
109187|9352|402.98|5|0.0
102687|1561|52.87|82|0.2
106179|3667|405.95|40|0.0
103538|4957|377.46|95|0.05
102282|3727|467.47|21|0.1
108515|3495|430.35|34|0.15
107870|4716|310.42|33|0.0
109170|2200|459.39|21|0.2
101630|879|81.04|98|0.1
102080|2374|43.88|29|0.0
100608|1997|191.8|94|0.0
105235|9981|254.44|31|0.05
106221|5701|408.8|10|0.05
104186|7074|405.53|16|0.15
101850|4990|327.33|51|0.15
104557|4257|235.02|37|0.2
107085|9854|377.06|100|0.2
102774|722|405.92|12|0.0
107259|2897|384.35|23|0.05
104908|3354|196.38|78|0.15
105192|3686|267.69|82|0.15
101253|8634|431.16|87|0.2
101565|9513|245.99|77|0.1
109278|4505|297.94|29|0.1
101089|4765|381.31|37|0.0
104227|4749|418.28|94|0.05
108744|470|324.18|49|0.1
107725|2494|406.91|39|0.0
106168|1346|327.63|36|0.2
105761|8824|111.23|42|0.0
104050|3706|143.03|9|0.15
105572|4264|105.67|60|0.15
106478|7026|468.79|48|0.05
101342|677|440.57|59|0.15
105241|8790|244.41|8|0.15
106914|6941|399.65|3|0.1
106048|3281|404.39|54|0.2
107667|5147|100.8|40|0.0
109339|1751|129.85|17|0.05
107519|3680|190.59|19|0.2
100767|3490|309.24|1|0.1
109065|1510|143.68|66|0.0
108815|2122|336.65|55|0.1
102782|7679|454.0|15|0.1
105112|9183|242.46|74|0.1
106347|7677|481.84|46|0.2
107256|891|360.9|83|0.05
106269|1931|480.37|27|0.0
104233|3697|118.94|60|0.1
108629|6509|384.86|86|0.2
107547|8219|344.37|86|0.2
102825|2364|285.35|40|0.2
106641|6000|243.0|82|0.0
100909|394|265.14|35|0.15
101257|9884|236.43|45|0.2
109962|8662|82.75|41|0.1
108945|7479|413.23|80|0.2
105278|3361|188.41|93|0.2
107409|2177|357.76|100|0.05
104350|7965|232.73|87|0.15
104184|2300|273.54|10|0.0
106932|803|335.73|98|0.05
109642|2158|22.62|58|0.15
105021|6634|267.81|42|0.05
109586|9569|281.6|78|0.0
109665|9169|288.87|99|0.05
102726|2562|338.32|47|0.0
100552|2501|184.56|36|0.2
105924|5051|325.09|77|0.2
100638|8907|105.4|5|0.05
107485|1242|100.71|92|0.05
101403|3297|166.83|19|0.0
109329|4361|20.43|56|0.1
100282|3908|43.12|95|0.1
106542|8134|157.27|96|0.1
107267|451|415.6|26|0.0
101241|6855|417.29|76|0.15
103593|6590|35.61|19|0.1
108549|2326|374.91|37|0.2
109263|7482|305.48|40|0.0
106893|6149|132.18|41|0.05
100796|7833|247.63|60|0.0
105572|7263|67.52|61|0.15
102605|6398|313.55|82|0.1
107809|8894|434.29|76|0.1
109642|4939|469.84|55|0.2
104735|8225|95.75|23|0.15
106406|7014|325.49|21|0.1
106788|3267|168.99|23|0.1
103328|5436|13.06|57|0.0
103778|1330|24.97|44|0.15
103030|898|36.04|56|0.0
102032|9191|128.88|44|0.1
104363|7197|380.73|67|0.1
108694|206|244.41|68|0.2
108221|4044|326.44|18|0.2
102051|4018|264.37|94|0.0
106336|239|116.48|65|0.05
105972|1157|402.39|62|0.15
103018|5334|57.72|80|0.05
106432|528|239.47|77|0.05
108073|9115|54.4|69|0.15
108023|2242|400.64|69|0.0
106526|1053|150.62|70|0.1
109103|3408|223.0|49|0.2
100796|1173|49.39|5|0.1
104023|7046|192.22|83|0.15
103029|6674|85.1|31|0.2
101780|2748|160.22|59|0.1
101927|4080|409.71|58|0.05
104830|9621|259.76|36|0.15
108943|6899|316.1|48|0.2
104749|1610|294.17|82|0.05
102231|8713|139.53|73|0.1
103427|9541|111.34|23|0.2
103491|1483|441.42|34|0.15
103173|3279|323.69|14|0.05
106910|6049|293.77|8|0.15
100521|6271|82.06|27|0.2
105934|1916|351.92|36|0.2
100891|6406|496.43|3|0.15
103289|8993|143.52|39|0.05
108354|4796|74.4|51|0.05
106055|8003|453.6|33|0.1
105100|8933|247.99|24|0.1
106777|2067|106.41|99|0.05
106805|4037|477.23|33|0.2
106802|846|138.65|45|0.1
108649|6334|189.24|71|0.05
109691|390|264.17|93|0.0
108056|7522|148.43|12|0.2
105785|8655|352.3|78|0.05
102122|2409|176.57|52|0.15
105720|8075|465.5|19|0.05
108035|8120|371.67|92|0.05
100506|9960|377.72|58|0.15
108745|6496|330.94|100|0.05
106462|3677|131.4|38|0.0
101372|9970|150.24|79|0.15
104947|4524|234.67|27|0.0
102516|2804|318.46|31|0.2
104398|2715|372.29|52|0.2
104608|4786|61.29|89|0.05
106487|9754|145.07|66|0.0
109935|1684|474.77|10|0.0
109689|9051|448.84|29|0.2
102916|1707|238.59|93|0.15
101745|9059|450.0|30|0.05
103648|6987|471.88|9|0.15
108162|3964|362.38|16|0.15
105258|877|226.88|54|0.05
108560|7850|267.23|13|0.2
100881|975|171.67|74|0.15
109540|7661|442.28|58|0.05
101803|485|417.39|42|0.2
107626|2786|203.69|61|0.1
109288|9972|296.83|41|0.05
101778|9113|418.76|86|0.15
105025|8870|16.93|87|0.05
108717|2218|176.44|45|0.2
108371|3408|197.56|22|0.1
106725|9540|304.74|27|0.05
101886|6068|291.13|67|0.15
109227|368|179.8|99|0.2
109717|32|47.62|63|0.2
105387|5802|180.73|38|0.05
106444|4070|187.44|98|0.05
109256|4900|339.05|9|0.2
102716|9433|145.88|31|0.0
105434|5865|444.0|38|0.0
105693|5511|357.56|22|0.05
104213|6264|373.3|58|0.05
108041|9811|150.86|65|0.05
100215|4768|442.08|15|0.15
107453|275|121.4|46|0.2
105612|8419|342.95|38|0.2
101334|9471|96.83|20|0.05
102987|3966|62.68|17|0.2
109093|8928|420.16|40|0.2
100581|521|303.48|27|0.05
107185|3305|226.84|69|0.0
104876|784|206.98|58|0.15
104440|1647|363.68|98|0.05
104908|4503|222.39|74|0.15
100943|4046|115.15|30|0.2
108305|9203|383.97|41|0.1
100268|1692|202.32|52|0.05
103133|1688|218.01|29|0.1
109650|9353|275.78|49|0.15
102529|1951|174.08|20|0.05
102781|5548|289.57|42|0.05
108056|8978|121.61|16|0.15
104048|539|282.51|44|0.2
108449|2767|290.6|52|0.0
100487|9652|479.17|31|0.0
100326|7861|427.61|38|0.0
102815|7759|210.29|39|0.0
107331|8864|446.57|45|0.05
109746|3452|482.03|93|0.0
109738|2220|404.07|84|0.15
101932|5945|108.44|81|0.1
109078|2689|137.79|96|0.0
104067|6135|40.65|40|0.1
107155|7047|390.0|57|0.1
103418|184|483.0|12|0.0
102804|3638|423.22|93|0.15
109112|4951|236.81|69|0.1
104910|9168|375.33|94|0.15
103728|2566|235.33|39|0.0
103276|5188|118.32|24|0.15
101755|5096|205.15|35|0.15
108222|7520|140.08|3|0.05
100543|1772|135.44|43|0.0
107685|1646|384.06|19|0.05
106304|793|478.63|84|0.05
108632|3866|56.57|39|0.05
108773|9272|168.76|89|0.2
109944|7403|407.97|51|0.1
109492|5047|471.86|18|0.0
106532|2674|147.11|11|0.1
107957|5216|235.47|29|0.15
102225|6163|499.58|77|0.0
109501|4242|263.4|48|0.1
108906|1616|115.98|58|0.1
101246|2559|248.82|57|0.0
109154|5082|366.54|21|0.2
103341|4003|499.78|37|0.0
100073|646|216.71|48|0.2
101539|3933|323.19|52|0.1
101227|9344|290.21|36|0.05
109490|1753|440.92|66|0.2
109524|9336|14.91|19|0.1
107881|5990|459.64|46|0.15
101330|7010|300.28|11|0.1
108587|3430|262.02|34|0.0
106714|1630|473.36|57|0.1
103613|3724|355.31|27|0.05
108646|6477|337.81|20|0.0
108105|4314|347.02|51|0.1
104542|1839|70.16|58|0.15
100244|917|95.23|92|0.2
106749|9307|214.44|13|0.0
100361|444|466.5|65|0.0
100050|7693|230.27|30|0.1
105343|2104|85.17|22|0.05
101502|1837|37.97|8|0.0
109471|6725|323.13|24|0.2
105241|5923|483.34|1|0.15
104066|1160|137.24|57|0.2
102038|4140|11.01|97|0.0
109125|6155|181.38|99|0.0
109762|4294|216.0|47|0.0
100530|1378|360.84|41|0.1
107223|8212|352.06|36|0.1
109248|1370|241.41|77|0.05
109519|1118|159.61|76|0.0
109929|200|316.16|90|0.1
105340|1019|46.24|96|0.0
100701|7567|349.73|67|0.0
108365|1521|197.92|57|0.0
107587|3542|194.63|10|0.1
106611|6567|455.82|9|0.1
109403|9371|257.5|5|0.05
103247|1010|143.25|29|0.2
103766|8821|463.73|65|0.15
102704|2721|216.24|23|0.2
103262|2560|342.31|67|0.0
106709|9604|87.2|50|0.1
105841|9102|47.21|9|0.15
104537|946|125.34|83|0.1
105559|1225|415.78|92|0.2
108054|5403|344.81|80|0.1
103797|5955|304.24|16|0.15
108695|775|166.62|41|0.15
107167|4690|442.54|66|0.0
108114|3923|102.16|65|0.1
100548|9234|24.76|89|0.2
102586|8110|343.83|75|0.2
102312|7665|423.1|71|0.05
105509|8862|377.76|75|0.05
100293|7919|77.24|64|0.1
109648|8934|432.36|72|0.0
100886|9518|366.3|19|0.1
109541|6105|473.97|30|0.2
100897|257|48.46|40|0.15
101136|1981|221.05|18|0.2
108224|8752|208.79|72|0.1
102875|9572|94.58|28|0.1
103002|9482|218.38|10|0.2
101534|1063|342.72|16|0.2
105702|2775|297.37|3|0.0
108237|9704|68.82|41|0.15
109594|3390|295.7|73|0.0
108110|6208|246.02|88|0.0
106802|9450|304.01|63|0.15
102701|2310|392.62|75|0.05
101245|365|446.95|57|0.1
106410|789|341.81|88|0.1
102721|9044|155.39|35|0.1
104885|2361|323.99|21|0.1
108998|4842|394.96|55|0.0
108115|2593|187.8|87|0.2
109253|5091|304.85|73|0.0
106153|4537|172.17|62|0.1
106189|7345|283.69|95|0.15
103137|258|496.07|33|0.0
103195|3659|161.3|40|0.2
105109|3735|57.08|18|0.05
105629|4268|289.87|53|0.05
108916|5623|210.55|35|0.1
108611|8663|264.53|27|0.1
109109|6654|423.02|24|0.2
106849|4448|413.21|36|0.0
101601|707|233.71|70|0.2
106605|8954|317.43|41|0.2
100847|6447|13.45|65|0.05
108832|7463|41.0|100|0.15
107139|2915|487.9|82|0.1
106717|5437|330.64|61|0.15
101782|7591|497.26|81|0.0
100858|7031|253.32|62|0.2
103660|9953|320.18|10|0.0
107312|4695|306.51|23|0.0
108450|7002|228.26|72|0.0
105485|454|40.79|18|0.05
101346|323|151.84|97|0.0
104797|6426|178.63|54|0.15
104628|9452|31.92|22|0.05
102870|7656|341.78|38|0.15
107381|5091|388.05|50|0.0
106363|9595|208.36|37|0.15
104941|5478|456.65|84|0.2
105962|1249|282.77|37|0.05
104978|2282|391.34|82|0.2
101990|1733|398.0|45|0.05
105775|6346|220.99|66|0.15
105770|7302|400.1|84|0.15
106872|6470|476.17|24|0.0
101430|2637|398.12|48|0.15
107846|939|135.1|12|0.0
107359|7474|188.66|44|0.05
102675|9033|59.04|28|0.0
101066|6405|163.6|65|0.1
104998|1884|486.78|10|0.05
107044|5870|136.37|94|0.1
101511|7567|182.83|61|0.05
108878|2979|139.55|81|0.1
109151|9669|493.55|93|0.0
104980|6437|190.47|56|0.05
103250|9970|13.62|82|0.2
108336|1324|300.63|4|0.15
106081|4077|298.02|80|0.0
108513|1758|72.83|52|0.1
108252|3009|411.16|83|0.2
105605|5022|367.9|97|0.0
101874|3991|354.98|37|0.15
106027|3863|239.71|80|0.1
104788|3259|458.56|6|0.1
107564|1337|169.9|53|0.1
105318|8280|241.67|65|0.05
101178|3839|388.98|83|0.15
104269|1346|245.55|85|0.2
100690|9529|366.83|49|0.0
103989|7524|265.77|38|0.2
105652|4870|264.6|48|0.15
106021|3757|127.97|78|0.05
106078|5796|89.11|39|0.05
102455|8913|21.18|65|0.15
104112|2953|423.72|100|0.2
104586|4694|331.96|10|0.15
106956|118|200.64|87|0.15
103178|5853|191.9|71|0.05
108726|2086|225.29|1|0.1
100325|3226|400.42|19|0.1
107899|6033|110.86|84|0.2
104821|2334|81.76|23|0.05
108104|9642|48.65|36|0.2
105429|3299|376.66|9|0.1
107561|2999|344.11|29|0.0
108174|280|424.65|72|0.0
103531|6514|427.06|20|0.0
106200|1839|306.49|49|0.2
103599|401|465.92|92|0.2
109133|2416|170.03|70|0.2
101180|879|27.24|41|0.05
104302|7323|74.65|96|0.05
107920|5441|290.88|29|0.15
105287|8066|138.94|34|0.15
109662|4383|456.28|87|0.15
103633|4587|436.33|5|0.1
108870|3080|164.99|49|0.05
100616|7527|417.05|49|0.0
109698|3623|78.64|26|0.2
109193|9330|40.87|88|0.05
106608|4780|244.86|31|0.2
102695|7017|215.68|77|0.2
100674|4251|264.71|100|0.15
100597|742|391.18|26|0.05
108416|4661|126.32|71|0.1
106749|6859|254.25|40|0.0
103889|4976|100.86|57|0.1
101976|5173|310.19|99|0.1
104582|1077|234.02|69|0.0
109330|4259|276.71|10|0.0
108937|316|158.65|37|0.15
105594|9134|121.73|96|0.1
104256|2127|14.67|44|0.0
107500|7138|192.08|44|0.15
102309|1919|14.82|77|0.05
102447|9721|162.31|28|0.15
109526|7942|271.49|30|0.1
101951|1860|156.16|58|0.05
109524|4321|70.2|4|0.05
108483|3636|31.11|15|0.2
107549|2355|22.14|47|0.1
102137|7839|270.54|52|0.0
106457|6141|318.91|52|0.0
109499|4039|131.14|36|0.2
108254|3496|370.75|14|0.15
103536|8105|131.25|98|0.05
106643|2727|492.73|70|0.2
107271|3502|370.79|5|0.2
109958|4721|139.81|74|0.1
108949|9644|320.4|31|0.15
106312|9722|380.16|93|0.1
100124|8692|295.52|14|0.1
103182|9713|105.76|31|0.1
107872|5866|370.68|98|0.2
103319|1266|238.06|15|0.2
108363|6134|471.4|61|0.2
102755|8072|36.17|95|0.2
104764|2936|283.21|26|0.15
101364|1372|295.93|69|0.2
106576|106|441.48|68|0.05
104145|2720|115.63|96|0.2
101828|5268|61.27|72|0.0
107604|413|294.75|97|0.0
107907|2160|382.01|56|0.2
104594|4177|79.72|69|0.2
100666|5474|151.48|11|0.2
108468|7761|409.54|88|0.05
108244|4194|146.81|71|0.0
101121|6943|188.59|64|0.2
102151|3228|97.77|78|0.1
108700|8818|331.31|55|0.0
102577|9564|157.64|46|0.0
109954|5283|272.28|49|0.0
109251|8861|483.25|56|0.05
102910|6203|234.81|90|0.1
101189|5128|243.57|57|0.2
106187|6493|217.72|16|0.05
104364|928|15.1|89|0.0
102768|5886|447.62|30|0.15
106119|3070|114.68|43|0.05
100963|8466|221.4|35|0.05
109860|6273|77.06|3|0.0
109765|2864|302.18|76|0.05
104054|600|401.86|28|0.0
109828|5007|153.14|94|0.0
103124|5335|469.25|6|0.1
106823|1098|27.01|22|0.2
109554|6030|405.42|76|0.15
103602|4512|273.86|4|0.15
106219|3154|470.04|98|0.1
102439|48|495.02|81|0.05
101645|7204|451.48|93|0.2
106034|2612|392.23|6|0.2
101503|9967|141.64|27|0.15
103465|9337|440.39|98|0.15
108522|2831|313.16|9|0.0
108420|8333|91.62|48|0.05
108066|9127|340.55|32|0.1
106635|9464|175.21|40|0.0
109752|5092|262.43|82|0.2
105442|8847|105.95|96|0.2
107509|5897|424.09|51|0.15
109889|3256|98.71|83|0.15
103953|8910|81.66|55|0.1
105501|5299|175.31|50|0.2
105814|6229|236.96|69|0.2
106045|5271|270.04|9|0.1
109889|6595|372.0|69|0.15
108294|8052|456.18|48|0.0
103042|9451|57.2|84|0.0
104974|6157|308.04|50|0.0
100358|6684|172.02|60|0.2
109869|9313|296.84|91|0.15
108354|195|291.68|82|0.1
101988|4471|162.57|61|0.2
102826|2419|317.61|22|0.1
109042|7054|96.16|1|0.15
104685|6115|184.06|73|0.1
108299|5396|87.51|49|0.15
105401|5669|144.54|59|0.15
101478|7293|207.67|55|0.0
109073|1677|87.77|77|0.15
102387|4156|19.98|19|0.15
106454|9665|116.1|7|0.05
100566|8503|384.09|67|0.1
104317|564|423.5|18|0.1
101687|5950|59.53|75|0.0
101938|6916|339.54|87|0.0
103496|7847|149.91|44|0.05
100986|3340|467.7|83|0.2
104060|1319|66.69|34|0.0
106748|8051|115.25|45|0.0
104652|6714|275.11|100|0.1
102928|2268|62.04|45|0.0
106804|6135|249.84|29|0.15
101597|7082|361.01|55|0.0
102608|8718|196.01|73|0.2
109645|4791|66.97|18|0.1
105447|8158|143.18|79|0.1
105200|1202|139.29|68|0.2
107154|7589|332.46|7|0.1
103269|5757|27.93|55|0.15
103590|9334|364.43|15|0.05
108047|9959|473.15|100|0.0
103818|2130|369.7|83|0.1
106610|6944|384.1|18|0.15
105001|4075|48.56|9|0.2
107693|9379|321.62|30|0.05
100656|3598|488.2|3|0.2
109360|5290|274.54|45|0.1
103667|5217|374.73|42|0.05
103708|4004|411.72|44|0.0
107131|2113|444.87|65|0.0
104708|292|171.79|85|0.1
103436|9600|394.09|16|0.2
108864|3354|13.78|88|0.0
103824|2005|147.23|6|0.2
107784|3629|13.52|2|0.0
102510|969|45.19|57|0.15
103230|6952|100.76|32|0.15
103439|8184|220.27|93|0.2
102599|1865|85.39|31|0.2
101570|6317|364.17|16|0.05
103829|7826|337.8|4|0.0
100103|8726|165.06|50|0.0
106327|1869|88.47|85|0.1
105953|3957|239.26|11|0.2
102865|8088|136.41|92|0.05
103785|5330|282.1|8|0.05
103367|1473|356.68|7|0.2
106377|7176|415.42|62|0.1
108037|7955|80.06|45|0.1
107241|7209|483.72|42|0.0
107013|5417|107.26|35|0.0
105313|323|441.77|51|0.15
109973|1047|173.81|25|0.1
109456|3399|53.48|26|0.05
102505|7143|199.14|67|0.1
100156|9074|155.65|20|0.05
106325|4553|242.33|11|0.15
103984|6895|288.28|18|0.0
109098|7912|383.45|52|0.15
106583|8717|309.7|10|0.05
105706|1237|82.08|22|0.1
101571|4577|87.88|97|0.2
108978|2878|317.99|31|0.1
105927|9092|292.32|94|0.15
100952|1153|471.44|18|0.05
100267|5427|116.73|19|0.05
101379|3722|220.76|95|0.15
103763|8363|138.96|63|0.15
108794|8056|398.2|37|0.15
104947|6476|145.86|32|0.1
106137|8480|192.37|92|0.1
107632|1522|157.99|77|0.0
103488|321|411.46|10|0.0
102281|6573|137.32|30|0.1
103757|6134|66.23|1|0.15
105885|7514|35.0|56|0.1
102797|2970|365.54|62|0.1
101350|5405|169.51|62|0.05
108642|1722|91.53|7|0.0
101964|268|315.44|9|0.05
105391|1008|386.34|45|0.1
103347|4807|333.05|19|0.0
105570|7641|265.78|12|0.0
108288|8485|269.4|68|0.05
105075|4460|137.79|61|0.15
105556|5974|224.05|16|0.2
100116|5569|203.04|54|0.15
109687|3601|79.82|26|0.15
101797|811|270.02|90|0.05
100619|9470|430.86|17|0.0
102996|7678|178.9|64|0.15
101860|8599|229.51|93|0.1
100738|8193|335.53|94|0.05
107032|1272|102.17|73|0.15
102605|8661|395.46|89|0.15
108126|3553|293.3|24|0.2
108220|7868|314.49|40|0.15
107400|6675|156.65|58|0.1
106379|1494|249.99|67|0.05
102339|2468|46.15|32|0.0
102214|3022|117.94|2|0.0
108485|9536|398.66|6|0.1
104737|5308|36.39|7|0.05
104433|6362|148.22|19|0.0
100126|8397|65.52|31|0.0
104927|1837|259.03|21|0.15
107478|1705|485.55|30|0.05
107065|5562|114.38|22|0.05
106762|9370|418.13|93|0.1
108976|6794|143.93|98|0.05
104202|3811|45.62|55|0.1
104709|7574|102.56|83|0.0
101862|4976|409.42|1|0.1
109777|5456|217.88|1|0.05
107678|8851|179.86|88|0.2
102623|7869|67.48|78|0.05
107838|7220|26.33|93|0.0
108653|4212|335.43|71|0.1
102561|5124|265.08|36|0.15
109692|4642|420.05|81|0.15
104368|31|93.1|21|0.05
102597|9751|378.3|59|0.1
103906|1310|280.34|64|0.1
108135|5890|457.39|43|0.15
107474|9885|108.47|28|0.2
104101|8443|195.02|31|0.05
101794|6775|309.44|78|0.2
107532|8611|349.87|33|0.1
108969|2463|195.45|93|0.15
103397|4122|415.96|12|0.05
107475|4680|50.44|76|0.0
103916|7200|102.02|51|0.1
104171|1309|343.11|15|0.2
109488|9167|340.5|79|0.0
100808|1613|400.36|15|0.0
106858|6191|216.72|71|0.2
107685|7106|481.16|80|0.0
109934|7983|25.51|52|0.1
100156|6047|433.19|18|0.15
104139|7925|303.34|28|0.2
104823|4641|283.27|58|0.05
103524|8649|46.46|66|0.1
106406|5336|302.03|60|0.15
106810|6735|117.79|28|0.2
108958|9995|350.22|79|0.2
101295|1572|493.6|11|0.05
102537|8983|302.54|91|0.15
108333|1632|150.92|89|0.05
108642|3376|274.17|80|0.15
108751|4381|321.21|14|0.1
103758|55|164.69|63|0.05
106480|9421|179.88|92|0.05
109992|9135|49.35|84|0.0
103529|5125|199.38|33|0.0
109664|9913|157.46|88|0.0
101619|7673|249.77|11|0.1
104932|7779|162.51|48|0.0
103718|9182|42.25|29|0.2
103524|4656|135.89|62|0.1
106722|5941|286.09|21|0.1
100759|8378|253.3|98|0.1
101655|2610|367.98|23|0.0
102186|4058|436.79|26|0.2
106340|5|292.27|19|0.2
100334|9496|485.65|9|0.2
100830|3230|57.29|6|0.2
105014|1065|419.32|60|0.1
100251|1996|358.98|18|0.2
109268|948|80.02|7|0.1
104956|3156|250.98|77|0.1
105732|5898|434.52|67|0.2
109676|141|229.37|100|0.05
100210|9739|134.84|76|0.1
107414|3556|200.71|45|0.2
108276|733|479.32|84|0.2
103392|2705|499.34|95|0.15
105084|2591|268.09|83|0.0
107892|2002|166.98|81|0.1
101427|2584|126.42|45|0.1
107169|3974|111.3|42|0.15
103985|1500|307.0|37|0.1
103815|7588|26.17|55|0.0
104906|1665|496.96|17|0.2
102815|4322|95.5|14|0.2
101094|2229|340.59|85|0.1
102010|6856|52.06|92|0.2
106721|9392|319.21|70|0.05
109192|1801|216.78|1|0.05
109028|1614|361.77|14|0.15
104091|1985|432.91|100|0.1
100199|9757|269.52|50|0.2
103326|3723|134.14|51|0.0
109014|274|10.16|99|0.15
100601|5441|308.83|4|0.0
107765|1840|97.49|74|0.05
103852|8651|373.96|59|0.05
103432|1154|27.84|92|0.1
106227|989|481.74|74|0.0
101686|6921|416.16|54|0.2
104820|2778|103.07|36|0.0
102229|446|96.54|17|0.2
107634|3|302.56|57|0.1
106640|4662|172.76|46|0.2
108317|9961|289.18|54|0.2
108942|1316|437.93|26|0.2
106554|7643|249.88|45|0.0
109587|7883|239.51|69|0.0
107746|13|386.55|11|0.2
102898|2384|71.24|96|0.1
104708|6013|387.14|29|0.05
104624|5770|394.52|27|0.05
100809|5606|133.39|68|0.2
106269|6492|239.32|71|0.0
107761|5362|250.16|38|0.1
108181|299|184.4|98|0.15
101316|3197|269.22|11|0.05
106139|5498|310.77|8|0.2
104100|3092|421.77|14|0.15
100449|9074|256.27|22|0.05
108330|9235|179.69|30|0.1
105859|7248|371.47|48|0.0
108424|9663|227.78|37|0.2
108261|9072|228.37|85|0.05
108188|770|105.13|86|0.2
104080|609|96.15|23|0.2
109234|1349|139.98|18|0.15
102393|6700|109.43|84|0.2
109105|4812|305.21|9|0.2
105605|6426|323.67|43|0.1
108341|1214|445.3|26|0.2
109230|3960|56.74|90|0.15
109979|9746|182.24|97|0.15
103432|6880|402.93|26|0.1
105513|5854|363.02|92|0.0
108288|3027|88.05|88|0.05
100857|1060|128.53|3|0.2
107539|4722|18.64|91|0.15
109649|3178|31.7|31|0.05
108251|9446|149.55|23|0.05
104666|9154|81.68|16|0.05
104216|8126|58.02|39|0.1
107277|1748|489.18|66|0.1
105553|6580|405.09|55|0.1
105909|5081|199.26|29|0.0
105644|2984|195.15|12|0.05
104402|9067|274.74|7|0.2
108352|4233|436.04|91|0.05
105692|2712|43.93|33|0.2
100809|3694|294.28|93|0.1
108879|4187|440.27|62|0.0
102771|1536|15.65|99|0.0
100959|1128|355.45|100|0.05
107576|5615|324.62|9|0.2
103618|7144|449.87|3|0.2
109370|1720|287.96|18|0.1
102028|7322|92.84|12|0.0
100648|1571|358.22|82|0.15
104935|4336|83.53|56|0.2
101131|936|14.05|25|0.1
107397|7240|482.72|93|0.2
103495|5069|26.03|78|0.05
103486|7384|459.66|64|0.15
103968|5605|87.91|93|0.15
105700|4866|132.28|28|0.1
100471|9509|205.85|40|0.0
109705|8327|240.29|25|0.1
102623|2296|324.76|73|0.1
109733|4709|13.36|92|0.15
101100|7510|302.31|44|0.2
100039|3843|125.59|77|0.15
103786|9545|491.16|78|0.2
102277|1476|277.25|85|0.1
104051|4007|166.16|90|0.0
108853|4799|240.9|66|0.2
103089|3544|349.16|1|0.1
105303|5|273.5|46|0.15
102429|1534|353.68|78|0.15
108302|5974|444.48|56|0.1
102795|7863|273.22|90|0.1
102320|7268|391.49|81|0.05
107189|9167|435.65|66|0.0
108645|9014|358.95|85|0.15
102879|3604|303.91|13|0.05
108319|1127|225.52|3|0.0
105135|8109|328.49|45|0.0
108361|722|63.03|43|0.2
100923|4509|48.73|16|0.2
109901|7952|456.44|77|0.0
103962|5351|61.08|43|0.15
102078|9368|251.13|64|0.1
109719|8353|126.17|64|0.05
103469|8982|94.34|21|0.1
102307|375|389.5|56|0.2
104562|429|343.93|11|0.1
109782|1688|192.24|88|0.1
104992|1870|211.55|40|0.2
103850|9272|342.77|60|0.05
107832|4237|334.09|93|0.0
107851|136|444.97|14|0.2
104533|5955|92.29|42|0.0
100427|8485|427.95|68|0.15
109756|9159|395.14|61|0.2
106914|4079|361.44|22|0.2
107571|277|241.05|19|0.1
104781|2269|77.09|71|0.15
109478|4510|278.07|25|0.2
103693|4951|410.76|48|0.2
100214|2315|375.97|16|0.15
104614|6161|330.8|89|0.2
106392|6921|434.97|12|0.2
103935|2545|25.66|53|0.0
106319|1005|125.34|98|0.1
105957|6298|299.87|57|0.2
106268|6473|103.87|13|0.05
108275|5312|99.55|69|0.15
100580|6978|185.58|60|0.05
108483|8166|44.17|70|0.0
103000|7167|446.81|60|0.1
102015|7245|28.67|24|0.05
105535|4246|225.78|46|0.2
100670|1945|465.53|7|0.15
105759|8338|476.64|27|0.2
101202|1986|277.99|72|0.15
102660|7964|481.54|35|0.2
106439|2444|355.15|41|0.1
103011|462|343.26|40|0.1
103024|2748|376.73|56|0.05
106391|4104|483.03|83|0.2
107133|6334|70.47|60|0.0
108359|6376|91.04|38|0.15
106450|7755|235.05|90|0.2
101979|8668|13.06|43|0.05
109792|2786|478.92|54|0.1
105622|4871|67.53|24|0.2
104580|6815|17.36|63|0.0
104108|2931|13.68|72|0.0
108754|7576|279.87|11|0.0
101003|1105|43.71|23|0.05
107975|5220|342.5|22|0.0
100951|3609|360.74|17|0.05
106014|9429|476.37|38|0.2
103979|6045|339.16|56|0.15
100152|7830|228.04|11|0.1
106827|8041|119.3|82|0.15
108140|7607|177.75|49|0.1
106844|2502|239.0|17|0.2
106787|1384|492.46|35|0.0
106423|8679|292.87|90|0.0
103088|5581|125.54|50|0.15
100532|9184|160.84|76|0.0
106109|7232|474.31|89|0.1
101073|8616|207.19|74|0.15
107740|7306|165.17|84|0.2
101094|7734|330.41|98|0.15
108980|4611|440.0|84|0.05
103936|3579|64.46|69|0.0
104107|960|306.59|8|0.05
100969|1736|283.8|37|0.1
102031|4625|109.74|76|0.1
108137|5728|171.23|25|0.0
102437|7586|278.7|5|0.15
100037|7132|400.89|1|0.15
103756|4166|65.69|29|0.05
105901|695|145.05|33|0.15
103557|9814|28.65|65|0.2
104598|6749|20.7|23|0.05
107208|2652|296.0|78|0.2
100606|9505|466.92|2|0.15
109901|2966|176.07|9|0.05
108788|9797|94.87|20|0.1
108136|626|475.8|84|0.2
109120|5554|183.87|58|0.2
100227|2779|381.41|87|0.0
108507|1788|16.28|20|0.0
101840|1041|252.57|64|0.15
104807|8601|79.43|95|0.15
100534|9614|341.56|77|0.1
106165|4568|50.38|29|0.15
100649|6502|273.29|23|0.2
103295|2379|268.61|72|0.0
106172|476|188.97|23|0.2
107597|3266|212.3|28|0.0
105608|5594|255.54|65|0.2
104021|4740|332.02|3|0.15
109871|5715|335.23|50|0.0
101556|4798|372.35|15|0.15
105750|2306|194.21|77|0.15
103468|2506|219.39|49|0.0
100372|2329|317.39|34|0.2
102664|8789|270.09|23|0.05
100107|1034|124.8|7|0.0
105704|247|371.78|33|0.2
102042|7021|122.54|28|0.1
106730|3176|281.95|54|0.0
104427|330|91.92|59|0.15
106897|8449|322.45|95|0.2
106439|8874|479.96|41|0.0
104630|7259|450.8|41|0.15
108243|7018|342.84|83|0.15
104436|3001|310.66|46|0.05
102108|2171|442.11|12|0.1
109300|403|66.14|80|0.15
104862|1536|376.69|98|0.1
100745|3015|142.55|57|0.2
109583|9363|496.04|16|0.1
106588|5850|11.25|65|0.2
108578|6021|158.92|91|0.0
107922|6910|106.71|83|0.15
105571|5687|213.39|79|0.05
109848|8644|276.76|42|0.05
104426|3538|487.73|66|0.1
101224|4349|182.46|45|0.0
109192|8644|69.95|90|0.2
102576|6575|459.85|17|0.0
107998|4564|470.76|62|0.05
107609|4324|289.42|8|0.05
102708|7566|488.03|59|0.0
104641|8450|88.16|88|0.15
109620|1265|278.94|85|0.2
107603|7683|20.31|59|0.15
102663|9212|287.44|20|0.0
107066|3692|73.35|34|0.2
102308|2810|225.09|53|0.05
107032|9573|495.02|25|0.1
107498|6153|460.63|31|0.2
108036|8555|156.09|43|0.1
102960|6151|372.06|88|0.05
106762|69|301.55|11|0.05
106994|8924|94.22|39|0.1
109699|3808|170.75|90|0.15
104792|5192|222.93|6|0.1
107489|8875|164.34|86|0.1
100485|8931|340.87|85|0.2
109023|5483|438.56|32|0.05
104948|285|242.23|9|0.1
106969|735|139.97|30|0.05
102775|5986|412.29|80|0.1
106371|3884|417.22|10|0.05
109006|7324|136.74|84|0.2
107790|9445|12.39|35|0.2
106428|7136|410.24|49|0.2
107859|9660|324.83|13|0.0
108547|8519|214.8|70|0.15
103539|3362|301.13|74|0.1
106298|8815|83.21|100|0.2
108270|2469|168.86|75|0.15
103160|3068|391.95|7|0.15
105416|5423|359.75|64|0.05
107810|6254|473.28|61|0.15
104213|4448|295.87|8|0.2
102560|3745|351.23|25|0.05
100590|2330|424.87|29|0.2
101057|5789|445.08|69|0.2
100488|9432|403.76|87|0.05
101528|489|111.15|76|0.05
108588|7830|228.06|19|0.1
107915|455|61.65|92|0.1
100152|3278|67.27|81|0.05
109107|2836|118.87|4|0.1
102944|4256|364.54|9|0.1
106569|1131|70.92|39|0.05
101420|686|405.1|27|0.1
108434|1595|364.18|73|0.15
105987|5132|29.91|33|0.05
106023|3498|469.11|37|0.0
103028|6454|43.56|21|0.1
101700|8945|457.11|25|0.15
100058|45|388.57|16|0.2
109893|6692|85.26|50|0.05
106477|892|332.48|95|0.0
104039|2033|438.26|45|0.05
109184|9467|264.64|60|0.1
103312|9852|408.09|44|0.05
100730|7880|411.06|48|0.0
101036|1737|389.99|84|0.1
107918|3957|223.09|100|0.05
103385|2390|407.63|19|0.0
107537|6300|382.43|44|0.2
105439|2183|21.71|41|0.1
104475|1652|184.76|19|0.1
103295|6924|346.92|30|0.1
107536|9409|432.77|22|0.15
108718|1502|474.29|46|0.15
103902|2117|293.04|22|0.0
107814|2396|211.73|100|0.05
104181|8280|315.85|87|0.15
101073|7585|190.09|17|0.05
105051|3425|114.57|37|0.2
100425|2406|133.56|20|0.0
108828|9175|205.25|8|0.0
109064|2271|316.96|75|0.15
109636|7912|229.53|72|0.0
108674|620|340.73|15|0.1
107285|8724|434.06|68|0.05
100055|6878|355.44|46|0.2
109688|3022|73.13|25|0.1
101069|6443|353.16|66|0.05
102461|887|130.74|23|0.15
108702|6651|462.07|6|0.0
106202|6683|216.07|9|0.05
100066|5491|251.0|28|0.0
108792|3820|142.51|91|0.05
101198|6519|278.4|99|0.0
107962|4179|144.21|37|0.1
101155|2163|250.25|93|0.1
101730|936|485.46|88|0.05
109172|4877|440.48|50|0.15
106235|7219|478.71|74|0.05
106020|7985|477.52|58|0.1
108105|8508|446.1|33|0.1
103309|2179|37.54|93|0.05
104766|1479|161.73|45|0.05
105140|7158|274.21|99|0.1
103583|2239|276.37|99|0.05
105583|4775|229.61|62|0.2
107871|2572|335.3|75|0.0
106108|8034|401.75|50|0.0
100356|6908|228.88|100|0.1
102832|7671|356.1|7|0.05
106738|9385|97.42|92|0.1
104630|2928|175.59|81|0.2
108901|8197|114.34|13|0.15
104611|1257|428.72|54|0.0
100003|1911|330.94|51|0.0
108427|7053|447.53|74|0.15
104416|176|10.42|99|0.15
103633|7448|293.4|75|0.1
105958|562|367.12|7|0.2
103140|8379|56.93|59|0.15
104466|941|396.48|28|0.2
106937|1420|106.09|49|0.1
100103|2894|29.25|73|0.1
104612|2405|111.63|86|0.15
101108|7439|203.19|9|0.05
102329|8516|370.37|55|0.05
103622|3466|100.29|29|0.05
100756|5496|81.46|96|0.05
106592|6674|97.85|80|0.15
105846|6807|499.39|97|0.2
108581|5655|253.4|5|0.2
102249|545|415.26|71|0.15
103030|3847|146.92|96|0.0
104809|2625|164.35|42|0.1
108238|6240|206.92|36|0.05
100079|8259|300.37|87|0.0
108062|4923|66.2|42|0.2
102154|1724|430.06|13|0.1
100290|4936|463.54|11|0.1
108561|3606|121.39|34|0.2
103632|8087|194.76|3|0.05
105364|6059|112.42|60|0.05
105831|5938|389.51|60|0.0
108846|8378|469.99|34|0.05
105722|2918|52.41|1|0.0
103481|691|33.83|24|0.2
105565|7476|248.12|100|0.05
100330|2561|122.73|60|0.05
103616|3875|242.38|11|0.0
103476|4980|134.44|81|0.05
108760|9859|383.98|84|0.15
105765|9759|169.83|32|0.05
106605|1876|131.3|3|0.05
101804|7730|467.37|86|0.05
102039|2018|461.68|83|0.0
105823|5225|442.6|33|0.15
106537|5405|34.02|11|0.1
101982|9205|486.14|95|0.1
105917|656|138.82|43|0.0
108089|2099|136.68|55|0.1
105987|4935|243.34|56|0.05
104838|4691|173.75|55|0.15
108992|5113|451.7|69|0.1
104020|315|65.28|23|0.1
109658|4255|456.83|94|0.2
108423|283|103.82|55|0.05
104100|6342|137.24|83|0.2
102128|5784|202.38|80|0.0
101284|6710|56.3|87|0.05
107332|1030|244.83|1|0.2
107696|7766|423.19|32|0.0
107051|8771|491.26|100|0.2
100129|2173|85.79|50|0.15
102970|6063|122.22|28|0.0
102035|3258|434.77|58|0.0
109269|5521|319.48|91|0.2
100389|6563|311.81|62|0.2
100148|3628|148.24|50|0.05
108795|2002|376.7|8|0.05
100668|9602|499.72|21|0.1
105337|6727|463.62|44|0.0
107641|3977|78.74|96|0.05
108254|3893|457.18|66|0.05
107797|4695|472.79|62|0.2
102488|6050|11.94|13|0.2
109188|2992|211.23|88|0.2
106287|9500|462.53|24|0.1
104359|7957|467.56|97|0.15
103542|9996|288.4|36|0.1
105837|8161|199.77|24|0.0
108800|4799|25.02|83|0.1
107953|8955|291.06|68|0.2
104320|311|141.86|98|0.2
107457|3059|73.32|17|0.2
107937|5295|35.34|14|0.05
101701|6187|487.45|37|0.15
109913|9414|21.77|48|0.2
105113|5383|363.48|28|0.1
102596|8396|200.59|68|0.15
108291|5189|75.8|90|0.2
107854|5541|355.03|85|0.2
107101|1994|474.65|94|0.15
109043|9404|109.07|3|0.05
108115|7494|432.88|65|0.15
105717|2106|372.12|86|0.15
108646|4027|494.3|37|0.0
105833|4519|395.14|10|0.0
104937|3013|423.44|27|0.1
101134|1646|179.12|86|0.2
104405|9358|22.42|9|0.2
108833|8896|281.22|52|0.0
102515|1335|426.83|84|0.15
101811|2339|479.45|45|0.2
109123|5061|55.66|14|0.1
103715|365|394.95|55|0.15
101627|97|226.33|61|0.0
109838|629|363.61|27|0.0
107925|3220|35.33|35|0.05
100707|8401|368.32|55|0.15
108922|6711|142.24|77|0.0
106149|4366|359.5|77|0.0
102087|5993|293.08|13|0.1
103247|9919|19.75|39|0.2
101442|364|270.97|63|0.15
104300|5603|402.2|20|0.2
100926|5005|366.83|87|0.05
103324|6654|397.25|39|0.1
105256|9317|299.95|21|0.0
105859|7800|111.78|89|0.1
109904|6312|125.43|33|0.0
101332|6360|392.14|11|0.1
100538|4440|107.69|77|0.0
107174|9164|201.43|67|0.0
102399|9633|30.81|99|0.2
107534|710|455.39|50|0.0
105932|1480|201.69|29|0.0
103451|3817|394.16|3|0.15
101106|5690|30.37|1|0.1
101122|6040|261.56|73|0.05
107630|5205|219.51|70|0.2
108910|8509|238.89|86|0.15
109494|2753|139.81|49|0.0
102097|3489|184.55|17|0.0
108435|5753|381.19|7|0.05
108534|2822|325.3|2|0.1
102621|9782|242.15|28|0.2
109213|1916|204.64|33|0.15
103507|4551|462.39|43|0.2
104230|3397|256.6|99|0.05
102404|1978|115.92|25|0.0
101626|3594|134.97|3|0.15
103361|2085|10.89|4|0.15
100872|4030|476.7|57|0.05
107511|7045|493.1|8|0.0
100501|8785|386.83|69|0.1
107214|4693|488.66|71|0.15
100550|3458|188.33|52|0.2
101285|9663|392.65|87|0.0
108971|7815|168.41|81|0.2
100188|3905|389.05|60|0.2
106493|2773|111.76|85|0.05
106677|3941|283.35|65|0.2
104874|307|292.37|33|0.1
101127|2742|424.61|37|0.0
102670|5322|307.91|77|0.2
109834|6166|286.85|11|0.05
103815|8673|108.34|48|0.1
108894|6915|89.38|3|0.0
101929|8972|54.33|82|0.2
109445|3677|82.58|70|0.0
101518|7534|297.42|19|0.05
106406|9034|42.45|40|0.15
109864|1423|299.52|39|0.0
105663|3999|41.37|7|0.0
100290|7190|489.64|71|0.05
100040|6891|402.78|8|0.15
103828|9179|231.28|62|0.2
108029|8813|274.88|55|0.2
106106|5607|99.44|1|0.2
104864|7082|65.75|65|0.0
102382|8005|324.53|7|0.2
102491|2134|46.29|32|0.2
104397|1892|315.4|53|0.2
103961|4608|222.7|8|0.15
101354|4104|325.8|20|0.2
108185|2922|12.24|40|0.2
101464|6880|58.18|47|0.15
108105|7288|45.8|15|0.2
106898|2534|51.76|2|0.0
102592|7587|114.37|42|0.15
103615|7418|371.41|52|0.15
101676|652|310.7|30|0.15
104718|6256|224.76|45|0.15
103649|8984|322.1|51|0.1
108413|8372|279.28|9|0.0
107912|8452|30.66|1|0.1
101095|1114|46.28|99|0.0
108302|8959|75.79|100|0.1
108352|2739|32.73|2|0.15
104800|1173|166.08|83|0.1
105904|1589|113.85|89|0.15
106834|5785|350.5|61|0.0
100497|4302|402.98|15|0.0
101125|1480|89.3|27|0.2
104838|6265|100.83|7|0.2
103755|4071|377.87|70|0.1
104931|7278|120.94|22|0.0
105239|8203|304.4|92|0.05
102355|1996|254.58|21|0.15
106721|3152|31.78|20|0.15
104341|6611|422.35|30|0.15
100226|8701|290.19|34|0.0
104852|7889|298.97|35|0.0
101801|4130|208.86|67|0.15
109319|1322|30.15|45|0.15
108523|1227|498.62|32|0.05
105662|3570|472.66|27|0.1
106680|4146|197.3|17|0.05
108276|4699|319.91|93|0.0
102032|6436|448.81|97|0.0
107198|4152|388.73|36|0.05
105402|9048|395.95|28|0.0
107630|3809|110.02|89|0.2
108215|7537|409.14|24|0.15
104883|311|68.73|78|0.0
104241|5187|480.12|73|0.05
108075|7136|312.97|19|0.05
102542|6874|190.39|92|0.05
108616|6125|399.0|79|0.05
106521|9693|249.19|53|0.15
107171|471|69.09|96|0.15
109701|7665|124.26|23|0.2
107784|4080|169.25|82|0.2
107767|948|473.71|62|0.1
101749|5686|233.86|67|0.0
104748|3817|91.96|13|0.15
101840|2686|458.76|79|0.05
106988|7103|323.67|47|0.15
106521|7682|14.13|86|0.15
101361|913|219.17|98|0.2
104384|4879|169.74|9|0.15
106942|4856|85.16|69|0.1
105554|7646|330.37|51|0.05
100731|7709|27.32|89|0.2
100035|3207|444.22|4|0.15
103646|2949|390.87|31|0.05
105711|9401|327.24|52|0.1
103014|9505|229.44|88|0.1
102937|862|97.44|96|0.05
100814|180|336.07|83|0.2
105607|6991|112.41|88|0.05
102710|792|495.17|83|0.0
103347|5647|194.43|51|0.2
109708|7450|151.08|69|0.15
101808|881|458.69|22|0.15
107208|3258|189.94|85|0.1
100540|8235|386.3|98|0.0
106848|4845|284.47|65|0.1
102969|4435|237.81|37|0.0
100725|4178|309.64|85|0.15
102735|220|205.51|33|0.2
103224|9979|164.43|40|0.0
109166|1689|333.47|49|0.1
108958|1731|461.15|70|0.15
108890|1386|234.54|46|0.05
103921|400|11.18|15|0.05
108598|276|480.37|62|0.2
107605|5550|106.56|14|0.15
101153|6837|328.29|51|0.1
107940|298|474.7|46|0.1
102997|4999|382.07|6|0.15
108001|1899|302.22|12|0.1
109915|4277|317.84|31|0.15
100084|6475|417.63|25|0.2
103926|8695|45.36|32|0.05
100680|7044|76.79|39|0.0
107543|1058|311.88|30|0.2
106614|3100|406.22|85|0.05
109199|2207|165.3|100|0.2
105318|3559|338.86|23|0.15
109297|1703|127.56|30|0.1
107195|626|307.85|1|0.1
108375|9899|303.02|12|0.1
105032|5345|335.84|53|0.05
103842|8230|167.35|49|0.1
101052|6818|308.7|87|0.0
106895|8601|281.38|91|0.2
108947|8774|442.49|51|0.0
104805|909|442.17|28|0.1
100313|9156|370.75|58|0.1
102787|3524|195.66|94|0.2
100562|9060|164.58|90|0.05
109000|4821|361.16|58|0.2
106797|832|489.66|96|0.0
107892|1798|311.28|41|0.2
100338|9697|152.81|49|0.2
103186|5478|244.22|66|0.2
104234|9620|162.94|60|0.1
105208|873|221.67|83|0.05
108908|559|57.56|30|0.2
109288|2237|416.85|35|0.0
109640|4127|409.25|78|0.0
100951|1626|93.66|4|0.0
109152|9041|181.43|22|0.0
108020|4678|447.43|53|0.05
108919|6221|459.16|34|0.2
107169|1441|149.81|44|0.15
108342|3368|299.01|60|0.0
100373|5657|55.17|20|0.0
105875|4860|249.12|13|0.1
104310|2967|42.1|29|0.05
105809|9818|341.72|15|0.2
106098|3726|145.2|79|0.1
106934|9112|72.49|51|0.0
104898|3183|135.06|1|0.2
102485|7973|439.77|34|0.1
103034|7968|357.72|70|0.0
105074|6493|104.76|25|0.05
103976|795|355.05|54|0.15
104502|303|374.13|87|0.2
107617|490|378.74|94|0.2
101466|2349|47.86|81|0.05
107263|2303|167.36|55|0.15
109087|2829|324.54|6|0.1
100493|3653|496.15|94|0.0
102509|7643|97.08|53|0.0
104003|4530|430.11|65|0.05
103611|371|416.08|4|0.2
105514|1396|269.17|52|0.05
102202|8883|185.62|33|0.15
100080|5449|277.48|33|0.0
105028|189|404.48|49|0.15
100929|8651|300.72|92|0.0
101676|4984|187.47|89|0.05
104677|3274|122.89|57|0.1
102514|4933|266.94|4|0.0
101946|2154|378.1|2|0.2
103873|1320|196.06|64|0.0
104308|759|34.65|57|0.0
100501|2140|373.6|61|0.05
108711|6974|468.27|69|0.2
108572|7485|300.15|21|0.1
108069|707|36.72|59|0.1
102979|5716|150.78|12|0.05
109458|5851|289.33|63|0.05
100312|8791|29.38|3|0.05
109081|7229|391.64|2|0.2
100913|5066|51.03|76|0.05
104614|2639|256.4|28|0.1
109521|4776|133.67|41|0.15
107042|7039|106.22|48|0.15
104206|3722|473.61|16|0.15
108070|5678|94.2|98|0.2
101843|5247|46.18|4|0.15
101195|2731|445.63|66|0.15
102374|2643|29.16|96|0.05
104096|9839|106.75|67|0.0
101494|7717|178.31|55|0.05
108180|9700|269.14|57|0.2
109049|7069|395.62|41|0.1
102809|331|120.12|22|0.2
109600|4684|211.36|47|0.1
102461|2558|238.49|17|0.15
103028|3199|83.34|45|0.05
102571|6842|40.38|96|0.0
104853|5846|394.86|37|0.0
101829|7212|149.44|48|0.0
108055|2583|422.74|38|0.1
103778|6782|442.68|92|0.05
104221|4430|459.99|51|0.2
100692|1806|35.12|94|0.0
105579|8156|266.7|100|0.2
100062|6585|447.5|40|0.05
106305|8957|126.21|16|0.2
108491|7418|147.81|60|0.15
107825|3316|489.6|72|0.1
100383|1153|456.35|100|0.0
101576|973|149.8|1|0.05
109170|1351|41.33|33|0.0
100063|2689|336.79|65|0.05
102349|6148|334.8|78|0.1
109078|5676|131.91|38|0.2
108462|6155|145.87|92|0.0
102300|7099|77.02|71|0.1
102428|8013|492.27|62|0.15
104119|268|57.8|9|0.2
103038|1257|402.84|88|0.15
103249|9089|92.03|10|0.2
109782|5079|296.16|96|0.2
108270|7056|435.34|95|0.15
101378|2028|412.61|56|0.15
105412|8331|489.98|95|0.0
100294|9733|466.25|21|0.2
103426|4992|314.27|57|0.1
106263|363|25.43|54|0.05
105786|5679|352.57|73|0.0
102375|1505|119.24|20|0.1
105221|2215|460.7|11|0.1
101228|6766|180.16|60|0.2
105045|1690|207.73|32|0.1
104243|9740|345.19|51|0.1
108284|6119|35.21|66|0.15
103058|5877|387.32|22|0.2
103347|373|152.3|81|0.1
108088|3771|429.92|68|0.15
100540|1187|303.61|79|0.0
103911|6627|442.44|14|0.15
102698|4695|441.19|71|0.0
109818|4695|140.36|68|0.1
105614|5595|155.3|90|0.15
100673|1799|350.95|15|0.05
101326|7289|430.09|26|0.2
105316|1091|130.13|86|0.2
107335|4578|159.46|23|0.05
105579|5689|233.93|89|0.2
106523|3095|169.98|26|0.2
105447|3243|488.73|47|0.2
105037|6664|299.67|4|0.1
108395|8467|364.84|26|0.0
106258|5330|266.29|60|0.1
107976|6313|64.1|27|0.1
102393|4049|383.46|85|0.15
103049|9256|343.28|23|0.05
103709|8954|445.19|85|0.0
104533|5218|358.91|92|0.0
109745|6107|18.53|84|0.15
101209|5862|387.79|7|0.2
105021|8338|195.33|40|0.1
100499|6261|216.17|38|0.15
104144|3806|404.29|89|0.0
104124|7134|433.23|53|0.2
109501|9808|284.44|6|0.15
101741|6171|27.53|47|0.1
106289|1091|126.23|60|0.1
109076|6353|397.72|3|0.15
102669|8626|91.87|33|0.2
105521|6620|389.1|19|0.0
109921|4414|284.38|9|0.1
102175|3953|408.25|43|0.1
107041|7623|498.93|90|0.0
106867|4259|97.51|46|0.05
104061|6766|72.34|12|0.0
104997|3410|107.58|70|0.15
105910|8057|405.28|49|0.0
105776|3963|451.65|95|0.15
108013|9091|64.08|64|0.2
101164|8009|92.79|4|0.1
104339|1551|457.41|76|0.0
109851|3111|178.51|95|0.2
104534|2504|66.54|6|0.05
103148|3015|191.17|43|0.0
109527|1110|349.92|40|0.2
105005|3349|404.26|65|0.15
103881|8109|405.28|22|0.2
109991|3577|107.4|71|0.15
104010|642|235.44|69|0.05
103085|7651|405.14|2|0.0
107175|956|93.54|19|0.0
107025|9458|140.82|80|0.0
102697|1108|462.34|63|0.15
108726|2418|322.99|94|0.05
102422|5243|262.96|88|0.15
102078|747|351.28|54|0.15
106668|8508|184.09|78|0.05
108290|3117|338.0|45|0.15
105950|5238|192.83|72|0.2
100692|1566|219.72|90|0.15
100672|8334|229.62|26|0.15
108264|1735|155.92|39|0.2
108856|7122|201.16|2|0.1
108476|7830|420.15|98|0.2
106711|4497|422.13|68|0.0
102069|9997|11.0|60|0.2
103204|250|92.62|12|0.15
101081|8371|327.24|74|0.2
109464|1155|198.31|71|0.1
109293|3467|380.91|30|0.1
104448|826|263.61|49|0.1
100893|311|86.13|62|0.1
101886|9427|358.17|45|0.2
102375|6603|82.37|54|0.2
105699|3162|405.28|74|0.2
108277|8550|75.01|69|0.05
109973|3332|118.67|96|0.05
108116|2696|438.22|47|0.0
100530|6238|116.33|54|0.15
108730|2221|141.62|48|0.0
101344|7260|266.41|27|0.2
104453|5222|350.26|55|0.1
107338|8885|50.56|36|0.15
105758|899|427.94|70|0.1
103383|2267|407.26|85|0.2
105865|4817|17.51|40|0.05
107470|4184|373.69|49|0.1
104775|5581|376.56|8|0.0
103821|7599|355.84|49|0.0
107619|9103|90.37|90|0.15
102212|9592|316.93|63|0.2
107099|3699|177.63|21|0.0
109743|3171|478.03|19|0.0
106191|2282|219.98|17|0.05
108763|2309|359.07|71|0.1
108969|14|299.08|86|0.2
109275|2558|377.31|94|0.0
103208|5727|371.93|54|0.0
108849|1266|23.44|55|0.1
100364|8480|499.9|85|0.1
100930|8815|113.98|77|0.1
103720|8121|231.77|40|0.1
102762|1927|127.31|14|0.1
108764|9014|27.75|70|0.15
105229|2091|436.03|50|0.2
107464|4265|282.42|17|0.1
109460|3780|289.78|30|0.2
100193|2318|118.36|54|0.05
102141|2821|474.25|34|0.1
106603|2159|272.11|88|0.1
105119|3702|268.69|27|0.2
101638|6131|297.9|9|0.0
109176|3226|439.63|90|0.2
102804|3760|388.22|86|0.1
108750|8527|197.0|39|0.05
100875|550|160.07|29|0.15
106271|1097|375.01|15|0.15
104279|7813|244.56|100|0.2
108862|9|57.94|30|0.05
103322|7505|349.09|90|0.1
102707|8422|319.12|67|0.15
105817|5130|88.71|69|0.05
104801|3973|198.1|94|0.2
105125|8101|62.84|44|0.2
107227|7636|241.5|28|0.05
104835|1768|271.77|92|0.15
103252|119|418.5|79|0.1
106211|3903|447.35|65|0.2
106209|8771|358.56|74|0.1
108034|2894|82.78|34|0.0
103753|2892|88.58|57|0.2
101893|5998|278.74|46|0.0
103433|2384|204.49|80|0.0
109063|4295|39.67|15|0.05
102927|9650|265.74|99|0.15
107722|5084|470.03|27|0.0
107313|8632|141.79|34|0.0
108006|2289|475.18|81|0.2
102116|588|291.33|3|0.2
108775|683|195.51|67|0.0
102247|301|14.12|77|0.1
104996|8545|458.16|81|0.0
105216|8894|391.04|96|0.05
100003|5384|489.62|56|0.05
106144|844|342.27|74|0.1
109757|6416|431.79|60|0.0
102559|2355|141.09|71|0.2
107816|9092|465.34|90|0.2
104248|1444|356.56|88|0.05
107539|9135|336.69|21|0.1
105663|2555|210.41|94|0.0
106514|3264|264.5|17|0.2
109976|8463|400.66|97|0.2
100906|594|157.05|42|0.05
104116|505|322.97|22|0.15
104366|6833|280.86|60|0.2
104555|3880|266.75|50|0.2
106584|9693|300.36|80|0.15
102671|2241|421.94|55|0.0
107587|6674|248.95|4|0.1
106624|7993|251.52|3|0.15
104062|4735|480.28|22|0.05
108012|2791|491.77|75|0.2
107839|6237|106.4|60|0.2
100101|4835|230.57|51|0.2
107419|9223|115.88|42|0.0
109982|8720|470.31|98|0.0
106437|433|366.25|21|0.2
105131|8487|365.73|40|0.2
102864|9686|451.39|27|0.15
102501|3733|191.68|88|0.1
102307|1982|492.27|77|0.15
103143|2470|243.77|62|0.15
105895|6822|230.48|6|0.05
105408|9523|452.82|47|0.05
109538|4982|21.87|67|0.2
103578|783|208.56|15|0.05
108677|3123|208.66|80|0.0
103700|6072|130.57|25|0.1
108889|819|200.67|85|0.15
109311|2671|108.41|69|0.15
106123|935|128.8|78|0.1
100478|2801|305.57|40|0.1
103342|5368|268.55|65|0.2
108769|6580|290.22|16|0.05
102582|3219|363.14|89|0.1
102752|6383|11.75|93|0.05
102876|6269|105.29|55|0.15
104161|178|232.12|33|0.1
107254|3777|201.71|6|0.2
105851|2812|125.06|95|0.2
100672|1923|413.21|65|0.0
108121|1336|361.66|86|0.2
102536|8568|408.07|29|0.0
104610|6277|347.05|85|0.2
104508|4429|87.09|24|0.0
103432|2854|178.97|57|0.05
107290|4559|333.85|77|0.15
102332|4156|394.58|14|0.05
102544|8461|139.03|6|0.0
100441|7035|274.36|53|0.15
104773|9852|349.87|48|0.05
100858|1197|115.15|80|0.0
104538|9498|46.51|99|0.0
105042|1424|427.12|63|0.2
105142|8242|327.75|4|0.0
106887|592|488.64|78|0.0
104395|7505|495.57|26|0.1
102526|5814|279.5|24|0.05
103632|5681|371.45|24|0.2
107399|1488|261.13|36|0.2
102004|2603|62.25|91|0.2
108791|4095|96.0|72|0.0
106866|5955|65.8|31|0.05
101899|5671|101.21|18|0.05
109928|1624|58.28|82|0.0
102124|3248|466.74|86|0.0
103339|8307|228.99|19|0.15
109574|5770|451.28|1|0.2
102647|2400|312.43|30|0.15
107140|1086|310.24|7|0.05
106617|8347|263.08|66|0.05
102955|1412|377.97|87|0.05
105983|6882|376.7|99|0.15
100802|3216|83.16|68|0.15
109298|8312|79.56|25|0.1
101559|2271|75.95|25|0.2
108622|7729|475.55|73|0.1
104440|9982|282.19|59|0.05
104278|2926|48.28|72|0.0
104162|8667|161.27|34|0.1
100555|9364|380.69|17|0.15
107341|7353|376.64|39|0.15
104232|5006|404.38|96|0.05
100013|7816|67.73|85|0.1
109550|4157|138.73|38|0.2
108112|7181|326.59|12|0.2
109847|9658|387.48|28|0.2
101854|4899|349.79|23|0.1
100560|9393|355.46|36|0.15
105682|4110|143.72|30|0.0
101692|8786|351.79|67|0.1
106970|9889|343.98|36|0.2
107953|3881|157.61|18|0.05
105206|2574|252.62|73|0.0
105070|3488|309.72|64|0.1
104348|2968|281.71|92|0.1
103172|2925|254.83|93|0.1
101199|8296|434.69|71|0.05
102747|9911|332.21|99|0.15
101182|4454|30.73|91|0.2
100146|4617|62.47|26|0.15
107024|7391|498.8|42|0.1
104080|7167|41.16|81|0.15
104396|8424|311.33|57|0.05
102626|5296|425.02|65|0.2
103093|3814|112.02|17|0.05
102495|5802|493.29|7|0.15
103378|2591|485.5|70|0.15
104391|3679|123.65|64|0.05
106347|6202|445.03|65|0.05
106999|5002|493.1|20|0.0
109405|6312|313.29|30|0.05
106186|517|382.19|72|0.15
100320|9496|335.4|84|0.0
103532|3358|423.75|95|0.05
103185|6459|452.9|86|0.15
108671|6193|90.72|56|0.2
107324|316|37.48|39|0.1
105987|4409|145.27|1|0.15
100460|5116|470.93|7|0.1
107983|2385|179.71|76|0.2
107321|1677|255.07|27|0.05
108864|4634|337.37|60|0.2
100696|6050|206.07|25|0.0
102047|6799|163.47|79|0.15
109665|8360|435.0|40|0.05
101444|1590|166.01|67|0.0
108566|837|394.89|55|0.15
100380|5959|180.63|62|0.1
107035|9849|109.95|28|0.0
100564|6865|215.58|7|0.2
102447|5139|302.53|41|0.05
105836|611|100.04|36|0.05
106629|9146|276.12|83|0.0
101256|1584|132.08|7|0.05
100850|9488|313.42|9|0.05
103860|5092|440.22|15|0.0
105152|2568|120.22|67|0.05
106922|7005|76.31|7|0.0
107436|5716|301.3|74|0.05
107065|9250|474.13|34|0.0
109136|6019|316.58|99|0.15
109141|7557|455.84|74|0.0
100738|1373|307.83|97|0.1
106772|4476|208.43|19|0.1
103167|8394|260.97|68|0.15
103606|4981|409.89|83|0.05
101213|1693|139.84|90|0.1
102049|5861|374.58|9|0.2
108314|5741|141.2|16|0.2
106747|3973|366.0|87|0.1
105115|3992|176.49|57|0.1
104406|6707|222.42|89|0.0
109354|954|440.24|41|0.2
109434|3175|414.49|56|0.1
101812|1869|76.7|3|0.05
107352|2710|352.74|83|0.15
108768|1371|322.33|32|0.2
108544|1622|447.44|36|0.05
107679|6784|294.61|74|0.0
104925|5655|414.89|30|0.05
102651|4073|439.08|40|0.0
108111|1332|206.84|78|0.05
104965|3303|261.97|19|0.05
103000|5640|242.67|38|0.05
101231|6761|497.22|29|0.0
106316|1087|349.92|12|0.2
108086|2674|194.52|41|0.2
109680|1179|164.1|71|0.05
107982|839|413.42|33|0.05
109699|2969|485.56|84|0.0
106999|2254|228.91|52|0.1
105378|2971|340.1|42|0.15
106542|9266|125.06|15|0.05
105354|8341|107.32|37|0.2
108721|4378|140.07|14|0.05
102953|2513|111.9|65|0.05
108037|520|162.03|82|0.2
100667|6056|239.01|94|0.15
105293|8112|467.56|43|0.1
105774|8478|436.75|45|0.2
103988|3246|162.84|74|0.15
106053|8118|109.4|69|0.1
102857|4210|108.76|13|0.15
105413|6064|273.59|47|0.1
108136|3633|272.6|93|0.05
103844|500|325.48|99|0.05
108929|9682|135.6|96|0.2
101465|7027|132.33|54|0.05
103810|2066|24.08|71|0.2
106518|5709|292.01|57|0.0
107121|2296|160.57|51|0.05
109614|7369|18.93|20|0.15
107069|587|143.7|33|0.2
109326|6570|178.64|14|0.0
103707|1503|292.95|76|0.1
108578|9128|293.76|85|0.2
108557|737|55.82|31|0.2
104189|4536|330.89|67|0.1
104876|9595|442.49|94|0.0
104035|300|477.62|56|0.2
102382|4999|373.12|54|0.15
107313|2547|476.55|60|0.0
101075|3347|114.76|61|0.1
100207|8083|445.89|32|0.1
102008|9995|168.57|25|0.2
100926|1061|363.87|80|0.1
108441|3625|326.04|27|0.0
102551|9066|295.96|99|0.1
102758|1392|232.98|97|0.05
104576|4096|254.11|8|0.2
106641|4067|393.74|56|0.2
107785|4320|327.81|42|0.05
108193|1972|50.19|56|0.0
104176|1605|45.37|13|0.05
104748|3822|258.9|88|0.2
105460|1046|373.7|45|0.1
107442|2726|421.79|48|0.05
100001|8957|396.62|88|0.0
100875|5566|209.04|58|0.05
105525|8787|211.17|74|0.15
100808|8347|229.46|80|0.05
106129|7731|204.69|92|0.0
104991|933|266.54|96|0.0
104277|6534|208.7|69|0.15
109385|4122|270.75|90|0.0
106266|3499|119.88|14|0.1
103611|3408|289.63|100|0.15
104826|272|248.81|2|0.05
106829|2691|58.55|48|0.15
100109|6760|457.52|71|0.05
105740|4842|333.28|100|0.15
106639|624|47.47|75|0.15
101019|3651|491.16|44|0.05
108045|7314|418.71|13|0.15
102215|5073|128.73|86|0.15
106807|1217|187.01|45|0.05
103212|6427|300.19|81|0.0
106453|1982|391.45|17|0.0
102452|2358|470.15|27|0.15
100303|1619|340.57|11|0.0
105734|4998|104.16|72|0.0
106574|7773|167.01|29|0.2
102204|9068|368.02|100|0.15
105489|2688|115.42|39|0.1
104010|387|109.76|63|0.1
103659|8379|169.06|13|0.2
108752|7317|378.73|46|0.1
101304|3470|289.2|25|0.15
106236|6753|263.63|65|0.1
100283|2019|162.36|55|0.2
106652|9641|157.18|63|0.1
107428|6414|337.25|53|0.05
109670|8821|225.64|18|0.0
102252|205|83.05|41|0.05
109666|357|288.01|61|0.15
106390|6647|421.5|53|0.0
101259|6940|479.54|28|0.1
102407|9714|254.99|61|0.1
105348|7578|463.63|86|0.0
107733|4680|115.81|57|0.2
100362|4070|337.51|84|0.2
101865|7227|262.87|8|0.05
104924|8854|214.59|56|0.0
103248|5088|198.32|31|0.2
108913|3012|113.72|37|0.15
107535|8192|214.28|50|0.15
104154|6167|25.26|48|0.15
100876|8303|81.3|29|0.05
107936|8489|241.0|88|0.15
109612|601|218.1|6|0.05
106042|3254|281.66|47|0.15
102968|1619|132.33|46|0.2
102988|4004|256.02|59|0.15
108965|6163|463.83|22|0.2
109574|793|126.16|47|0.1
101435|2614|11.93|10|0.0
101536|2922|279.17|31|0.15
106149|1196|206.06|19|0.2
107065|7605|133.77|32|0.05
103546|1797|397.69|40|0.15
103898|6361|216.78|8|0.15
103409|3773|162.89|88|0.0
102209|9309|243.35|10|0.0
103685|2489|30.01|41|0.1
107714|720|187.26|36|0.15
104481|3479|378.45|93|0.15
109644|4406|139.14|42|0.1
106403|8493|476.03|93|0.05
105828|1149|170.33|9|0.0
103449|7412|240.88|39|0.0
106808|1557|464.39|5|0.1
104378|5048|184.22|47|0.05
104777|1701|236.19|22|0.15
101921|1314|361.11|67|0.0
107194|6250|76.96|54|0.1
106626|8822|448.34|28|0.0
104498|5044|147.04|27|0.0
108888|6561|142.29|33|0.1
104930|9369|238.39|20|0.0
106470|4112|362.83|98|0.05
104177|5418|163.61|79|0.2
100681|4953|448.44|94|0.1
108891|2797|248.0|72|0.0
104074|5935|240.89|35|0.1
107855|6938|260.5|88|0.0
104938|4765|13.2|20|0.05
100135|1485|219.48|43|0.1
104957|3426|412.37|37|0.05
109708|643|79.47|12|0.0
106211|1077|239.95|36|0.05
107020|7635|365.85|62|0.05
101989|8956|227.81|74|0.0
103712|3780|418.22|36|0.2
105979|3696|172.73|97|0.0
100666|6784|178.4|42|0.1
109978|473|396.28|53|0.05
101455|1869|199.51|50|0.05
101226|8426|128.05|50|0.05
104282|3685|92.29|77|0.2
108831|5485|194.83|45|0.1
101393|9088|445.82|100|0.2
101612|2768|114.4|82|0.15
102012|8143|241.51|74|0.2
106522|1833|93.26|86|0.0
108800|3813|275.78|26|0.05
107965|6476|160.85|61|0.05
102670|4692|309.39|49|0.2
103814|7162|277.58|58|0.2
103872|7542|435.59|43|0.0
107469|145|38.82|3|0.05
103611|7404|147.72|63|0.0
107116|1448|105.9|48|0.15
101844|3258|314.56|24|0.05
102074|8213|112.85|2|0.15
108102|7702|270.73|42|0.1
106904|8607|107.64|35|0.1
100291|1797|290.73|7|0.15
101753|8062|328.54|68|0.05
106186|4344|212.47|67|0.1
104829|8320|15.13|70|0.1
103206|845|363.39|41|0.05
101381|7870|390.42|76|0.2
107749|3002|368.44|53|0.15
102629|724|294.79|77|0.2
109505|8728|209.3|25|0.15
109722|5199|352.03|4|0.2
106801|5248|241.42|75|0.05
105170|1064|414.62|98|0.0
108325|9016|255.63|89|0.05
109500|5359|170.02|75|0.05
101157|612|67.81|59|0.05
104581|6715|401.58|5|0.0
105583|9871|464.72|18|0.05
108294|9388|398.69|26|0.0
108656|3950|408.75|24|0.15
107449|8396|397.0|60|0.2
108351|6401|32.13|10|0.15
109353|7750|249.91|63|0.2
103128|2412|287.87|78|0.1
105132|3434|76.57|6|0.1
106227|1765|105.02|62|0.1
108994|1924|153.89|34|0.15
109002|7507|112.32|75|0.2
100936|7355|446.67|53|0.2
103073|8930|434.39|81|0.15
106868|5769|214.2|32|0.1
109012|7172|388.79|7|0.15
103848|6223|113.14|36|0.05
104856|536|315.05|20|0.2
109413|2429|63.74|49|0.05
100942|8344|154.64|79|0.0
101849|7732|264.98|13|0.2
109935|1629|184.46|2|0.05
108261|8505|347.81|83|0.1
101318|4119|44.84|81|0.0
103568|1605|203.27|74|0.05
108732|2496|221.55|73|0.05
103422|5172|297.42|63|0.0
105394|9665|257.63|46|0.2
107608|5221|311.77|44|0.0
109668|9002|135.55|84|0.15
105300|5438|310.96|18|0.15
104704|2080|229.84|42|0.15
107011|2959|343.72|75|0.2
102627|276|309.79|66|0.0
106904|4235|360.78|70|0.0
106607|2448|350.77|79|0.05
107674|8920|67.19|40|0.05
106630|4489|242.49|24|0.2
106975|3463|245.27|59|0.1
100085|4791|80.29|10|0.15
107387|344|471.84|59|0.1
106367|8077|168.45|35|0.15
108484|7648|466.86|84|0.2
104229|7336|231.33|30|0.15
105132|1014|396.38|82|0.1
102910|3214|114.85|17|0.05
106931|4459|174.21|59|0.0
105826|1050|409.32|39|0.0
102943|1874|473.46|87|0.05
103825|227|373.95|64|0.2
109318|5217|368.59|36|0.05
104756|3936|453.59|82|0.15
106371|9078|352.78|90|0.05
104565|9032|195.84|1|0.05
101703|4780|424.95|26|0.15
102904|4321|42.88|25|0.05
108358|4720|457.57|94|0.0
108348|5537|208.03|75|0.15
108089|9685|32.62|61|0.05
109227|871|492.84|71|0.0
100454|412|463.07|87|0.05
109318|5427|418.43|15|0.15
105819|3885|180.76|76|0.05
100475|1895|307.59|7|0.2
103116|9385|395.59|54|0.15
109503|4160|289.04|90|0.0
100278|8163|490.74|77|0.05
106733|5906|191.85|68|0.1
102741|6074|288.95|4|0.15
109435|2535|309.33|88|0.0
104922|8504|383.88|60|0.0
108767|7347|410.19|4|0.2
108408|8861|425.2|83|0.0
107410|4152|201.3|41|0.2
102879|258|407.78|91|0.1
103020|5629|80.57|74|0.15
105162|4655|173.57|39|0.1
105309|4618|275.13|18|0.2
108882|6510|10.15|10|0.15
108561|1932|444.09|69|0.1
101160|3697|430.77|60|0.1
107953|5695|461.41|89|0.0
101475|1436|84.64|60|0.0
105474|5797|399.09|28|0.1
100989|7510|280.21|88|0.0
109016|8517|404.1|8|0.15
107808|9522|294.86|64|0.2
100141|38|271.48|51|0.0
109221|5390|291.18|82|0.05
103598|8188|411.41|65|0.0
102052|6670|405.47|69|0.0
105831|3534|102.84|85|0.15
100625|5143|146.4|80|0.2
104946|7693|80.47|47|0.2
101452|7056|187.7|69|0.1
101101|7443|374.15|42|0.05
107620|3987|350.78|27|0.05
100702|1820|236.77|48|0.1
104172|3131|126.49|1|0.05
100769|689|126.51|12|0.05
101574|6760|266.11|91|0.0
101368|6626|277.24|68|0.2
102468|2300|96.91|77|0.15
107105|7474|336.74|9|0.1
100581|9816|85.62|34|0.0
100068|9853|10.43|55|0.2
109521|9637|337.99|51|0.05
108129|1380|171.18|18|0.0
108747|6167|498.78|9|0.05
108482|8969|136.45|70|0.2
102967|2677|450.41|89|0.1
100811|6083|447.26|13|0.15
104567|6914|106.98|44|0.15
108783|6078|182.5|67|0.0
105425|2680|337.48|94|0.0
109262|2388|283.53|67|0.2
105845|1738|350.27|75|0.2
101514|8539|210.16|66|0.15
103018|9341|104.78|85|0.0
109515|9893|292.43|42|0.1
102706|9182|218.7|38|0.1
103308|4739|28.46|94|0.15
103751|9875|489.78|56|0.2
106167|5704|11.16|22|0.15
104051|8247|88.64|5|0.05
102561|1554|458.25|46|0.0
108929|3050|348.42|26|0.05
100166|955|417.15|78|0.05
109142|947|186.81|76|0.1
107163|9017|463.86|52|0.2
100348|2162|204.76|67|0.2
102601|6279|149.34|63|0.1
109121|4778|350.71|94|0.2
101567|3663|56.4|93|0.05
100305|9548|288.42|97|0.1
101718|6171|64.7|61|0.15
104265|5311|452.1|22|0.1
106365|7062|201.05|78|0.1
102471|8976|140.06|55|0.15
100852|2356|422.54|91|0.1
101823|7840|21.88|40|0.2
107661|9649|112.12|90|0.05
101769|8551|67.26|48|0.0
108179|9662|499.4|44|0.15
103093|1449|340.27|22|0.05
107489|6166|407.81|61|0.0
102493|74|55.83|24|0.2
107456|5629|459.62|68|0.0
108587|163|309.48|73|0.1
109493|3203|190.47|86|0.2
101182|2619|280.42|13|0.1
104229|1462|352.56|17|0.05
103278|5843|134.41|48|0.1
106954|5001|134.51|10|0.05
105890|5771|238.57|40|0.05
101421|6242|285.97|17|0.2
103528|5921|336.17|40|0.15
108747|1861|60.15|89|0.0
109182|6935|251.0|18|0.2
107735|9331|78.4|66|0.0
106901|40|139.01|98|0.0
101574|2188|263.51|10|0.1
104582|8727|97.03|15|0.1
101632|5011|434.36|61|0.05
104276|5749|148.1|48|0.2
106599|2552|183.67|21|0.05
102376|929|35.67|25|0.1
108133|868|149.6|24|0.05
109281|7247|300.82|70|0.0
103738|4976|33.68|44|0.05
102937|9338|168.73|80|0.15
109907|3660|170.57|55|0.15
107216|3308|149.65|76|0.2
105183|9797|270.0|23|0.05
102484|9918|386.63|58|0.15
107447|2875|439.55|20|0.1
103205|8694|93.83|30|0.05
100083|7476|211.12|71|0.2
100903|5874|229.74|5|0.2
108445|3567|222.45|100|0.15
102122|4674|54.26|33|0.05
102821|443|405.88|13|0.15
100037|5096|254.14|91|0.0
107892|1625|22.23|74|0.15
108911|9273|342.38|29|0.1
103770|3183|255.32|73|0.1
100346|5927|462.86|20|0.1
102281|511|440.23|59|0.05
107366|9286|29.94|46|0.1
101899|8888|474.68|12|0.0
109230|2087|81.54|40|0.2
108076|8307|274.7|41|0.2
105627|3030|11.09|45|0.15
108279|6069|95.96|55|0.2
103466|8859|199.6|50|0.1
106189|389|64.07|66|0.2
107371|1694|292.62|55|0.0
101630|9540|250.38|69|0.0
107573|6218|344.34|40|0.1
100071|8404|245.66|14|0.0
109412|4083|318.59|6|0.05
102253|5949|139.65|56|0.15
103034|5142|412.44|10|0.2
107780|6211|102.0|89|0.15
102524|2267|360.37|94|0.2
107176|2456|472.47|18|0.2
101594|6824|424.09|50|0.1
106191|6186|355.08|4|0.2
103743|7131|229.37|8|0.05
100585|2688|467.06|41|0.2
107255|2718|288.37|54|0.05
100431|2220|19.79|17|0.05
106528|8378|343.09|20|0.15
109353|8782|170.71|61|0.0
105175|2462|343.74|67|0.1
100029|4634|216.24|8|0.05
101048|5632|417.39|52|0.1
104913|9201|396.38|52|0.05
100692|3832|41.25|96|0.1
107862|6459|154.69|3|0.05
100712|5398|235.6|2|0.0
106348|4858|363.06|98|0.1
108320|2125|93.56|67|0.1
101394|1943|148.64|43|0.1
108336|7814|290.09|72|0.1
103967|479|201.73|69|0.1
104558|12|319.57|39|0.1
108851|8591|205.4|88|0.05
100612|4401|406.47|29|0.05
109239|1381|313.34|58|0.15
107562|6936|277.59|3|0.05
107212|5773|91.64|43|0.0
109615|5439|396.08|40|0.1
104374|7041|128.78|98|0.1
109475|2524|182.66|41|0.05
106769|6133|369.87|7|0.15
108961|4673|92.92|32|0.2
107427|7427|370.66|52|0.05
107279|9443|276.56|6|0.05
104696|1884|331.17|91|0.2
101931|1257|264.23|63|0.2
106812|5722|355.93|6|0.05
109417|6969|488.01|49|0.0
100720|5256|349.95|38|0.0
107549|6520|457.13|53|0.1
109430|4051|283.77|44|0.15
107172|7887|84.12|52|0.15
105600|8924|192.39|27|0.05
102152|8195|390.84|36|0.2
109740|7046|272.48|17|0.1
106162|538|30.51|47|0.05
103280|3441|200.19|58|0.2
107825|5305|485.17|89|0.05
101130|3668|376.27|11|0.05
108037|6409|206.84|59|0.1
106689|5429|384.59|65|0.05
103320|470|194.35|77|0.1
100687|6169|273.88|72|0.15
104944|7933|144.38|68|0.2
101669|5323|497.13|39|0.15
106672|6596|415.67|77|0.2
105652|950|257.63|58|0.05
101357|9908|490.36|75|0.0
104018|7951|164.44|75|0.05
105711|165|55.13|88|0.15
109158|6259|195.02|67|0.15
109506|1762|273.15|57|0.1
105324|9037|262.31|37|0.2
108613|6207|284.29|20|0.2
106168|4968|124.07|26|0.15
108278|1460|250.46|58|0.0
104788|1066|297.06|52|0.15
103603|9103|60.69|96|0.0
100894|6180|494.09|55|0.15
103511|6861|406.46|27|0.15
109209|7398|480.25|36|0.05
105661|2544|117.1|49|0.05
100416|2334|189.69|31|0.15
109464|4693|35.97|50|0.1
104649|4895|320.78|91|0.05
103777|9066|94.94|70|0.1
103067|3560|421.86|100|0.05
109198|4826|467.97|34|0.05
102046|9698|456.13|66|0.2
106096|9418|150.97|37|0.0
104023|4793|310.97|72|0.1
105628|5480|396.86|8|0.2
105681|9125|34.13|96|0.1
107471|2029|213.49|16|0.2
105141|9886|304.08|17|0.05
109656|7084|337.87|14|0.15
107405|3381|188.77|81|0.1
103887|4960|134.69|69|0.05
109280|8469|148.46|32|0.1
100931|3712|345.26|59|0.2
106915|9050|189.54|68|0.05
105284|6104|65.55|90|0.05
107035|7126|258.17|73|0.1
105180|6646|61.26|88|0.2
101860|5268|275.72|80|0.15
106651|6506|302.34|35|0.05
105896|8506|119.24|87|0.05
103116|2811|289.91|73|0.05
102918|5371|134.81|70|0.15
107733|9860|179.56|15|0.1
106182|8925|303.79|35|0.05
106497|2348|470.95|61|0.15
101223|1928|63.95|99|0.1
100642|9919|387.46|71|0.2
101958|9391|297.97|46|0.2
102854|4584|484.92|43|0.0
107377|2727|491.04|49|0.0
104186|6101|165.05|27|0.2
108719|8681|439.76|18|0.05
104387|8775|25.67|42|0.2
101777|2832|294.71|47|0.15
106649|6947|432.98|94|0.0
108335|4459|95.36|6|0.05
107953|8594|466.32|13|0.0
100221|3044|436.27|80|0.0
100399|1184|281.41|66|0.05
104342|1000|154.32|68|0.1
100448|8365|74.94|39|0.2
102044|1639|108.69|16|0.15
108230|4235|432.68|57|0.05
103482|5296|87.77|24|0.0
106903|6176|282.14|70|0.15
100201|2479|214.34|86|0.05
101829|6340|306.42|31|0.1
107333|3234|163.86|79|0.0
101945|3795|344.66|84|0.2
102768|9735|310.25|37|0.1
109885|9085|494.03|42|0.15
104869|6376|223.86|86|0.2
103143|5817|13.34|75|0.0
108371|7552|346.78|13|0.1
108346|3989|110.89|96|0.1
105990|5578|284.71|5|0.1
109549|6282|356.14|59|0.1
100345|2416|132.31|58|0.2
104066|2362|421.34|46|0.1
100765|9976|144.24|93|0.2
104756|16|69.38|67|0.15
107208|3972|337.0|87|0.0
104363|8637|127.81|50|0.15
107439|5009|447.48|50|0.05
103825|8890|81.2|6|0.0
100086|3285|446.56|45|0.0
101196|8969|78.3|99|0.1
107992|5677|252.83|87|0.2
108540|9831|140.96|9|0.2
107745|6160|339.96|49|0.1
100403|4779|240.81|98|0.2
104290|5171|38.82|59|0.1
106206|3982|106.21|5|0.15
100401|9424|89.36|37|0.1
100960|3294|97.39|20|0.1
108200|9413|374.95|34|0.1
105231|9791|279.57|98|0.0
106624|796|112.99|78|0.1
104276|8150|170.27|19|0.2
107379|5268|222.96|32|0.2
104731|8193|467.62|75|0.0
103809|9722|409.46|21|0.05
106360|7829|65.73|53|0.0
100378|4199|157.76|27|0.15
103617|7580|453.67|12|0.0
105250|1269|241.46|34|0.15
108000|3217|75.81|38|0.1
108081|269|197.99|82|0.2
107169|6284|498.55|55|0.0
102737|8910|367.81|34|0.0
101112|4656|165.5|81|0.05
109531|8934|216.19|66|0.15
102803|240|58.48|74|0.0
102321|4485|483.46|55|0.0
107507|1702|440.81|77|0.05
100026|6974|436.48|78|0.1
105831|8961|253.47|45|0.0
100087|4871|166.95|39|0.0
105243|8124|402.34|10|0.1
105129|2009|72.73|49|0.15
103389|7617|314.39|20|0.0
108462|9022|173.73|45|0.15
107633|9839|374.13|32|0.1
106505|6187|292.28|22|0.0
105426|8398|187.21|99|0.2
109112|6402|385.43|1|0.0
108200|1684|357.98|63|0.1
104949|4874|167.25|65|0.15
104850|6195|44.33|56|0.1
105977|453|14.28|41|0.05
107621|6138|54.78|12|0.05
106392|3533|323.59|92|0.05
102593|4634|398.3|74|0.1
105437|7386|34.68|52|0.15
101761|6597|30.46|77|0.15
108149|7774|441.49|56|0.0
101253|856|157.54|44|0.15
100538|2489|336.09|70|0.2
105053|7975|11.84|50|0.0
108142|5052|261.85|62|0.1
103929|9896|270.59|25|0.2
103951|6836|180.17|60|0.15
109518|864|483.28|66|0.05
106529|6083|102.24|7|0.1
100291|5807|280.24|10|0.0
103342|3277|422.95|89|0.05
103964|4122|12.4|22|0.2
103000|4688|216.36|89|0.1
107902|7070|27.93|93|0.05
105584|1071|178.55|80|0.05
106441|4070|58.79|93|0.2
108434|6893|177.3|93|0.0
102404|9469|481.64|84|0.05
102337|7426|43.46|29|0.05
106776|4007|394.94|54|0.1
102905|6640|192.72|62|0.05
108641|6156|423.6|47|0.2
105692|2888|315.37|11|0.05
105045|2797|102.69|10|0.1
105557|1750|189.53|50|0.05
106979|7439|257.37|12|0.2
103889|8707|400.9|83|0.0
104816|8028|203.2|84|0.15
108678|7097|221.02|77|0.15
106866|5803|409.29|65|0.15
108608|6688|461.27|13|0.15
107758|8997|292.35|39|0.1
108453|6078|175.29|99|0.05
102356|2686|409.54|26|0.15
102399|325|108.28|8|0.1
108423|9042|381.12|35|0.2
103270|1523|150.55|20|0.2
107742|4280|394.43|53|0.05
108835|493|476.42|51|0.1
108446|4645|487.42|21|0.0
107694|1017|495.17|80|0.15
108430|3236|221.18|19|0.1
105239|5666|165.1|54|0.1
107643|7976|212.92|6|0.2
107757|8650|407.52|14|0.1
100454|1452|325.57|5|0.2
101611|4869|117.93|67|0.0
108204|3991|159.27|8|0.2
102102|9050|211.53|17|0.1
101207|9514|437.78|59|0.1
106888|4863|443.66|93|0.05
101049|5389|430.11|34|0.1
103053|6730|12.25|55|0.15
106396|9806|271.89|44|0.05
109314|1229|185.33|81|0.1
105820|9684|265.16|17|0.0
100067|489|356.88|7|0.2
109952|1911|415.75|92|0.15
102141|8595|349.16|50|0.05
102982|1821|281.43|2|0.05
103927|1998|262.45|86|0.0
102790|4009|45.69|12|0.15
101971|2587|131.69|11|0.15
103705|1021|26.72|37|0.15
103136|6191|374.16|74|0.05
109043|1892|123.03|80|0.05
104975|6245|127.92|17|0.2
104827|2738|357.73|78|0.15
103098|1570|241.2|79|0.0
107989|7399|111.45|43|0.2
107722|8203|266.34|92|0.0
106401|4186|57.54|69|0.1
100070|2811|307.94|67|0.15
106874|236|432.68|53|0.0
101226|2647|360.12|82|0.0
103955|7945|101.3|72|0.0
104469|9771|156.4|76|0.2
107264|6458|190.35|38|0.1
102195|5119|164.83|11|0.1
106038|9962|234.29|6|0.0
101392|93|428.03|59|0.15
109604|2767|213.47|81|0.0
101890|1597|126.6|68|0.2
102812|5427|408.04|2|0.15
103950|8352|15.09|64|0.0
107121|2720|148.3|59|0.2
101311|8451|400.47|19|0.1
105854|1423|73.85|60|0.15
103098|8610|316.39|38|0.15
108849|4072|460.24|26|0.15
100843|9740|477.74|89|0.1
105124|1121|149.12|28|0.1
104894|9234|183.54|11|0.2
100639|558|452.44|3|0.1
109280|9925|379.39|6|0.05
103597|5034|163.96|2|0.05
100356|1707|60.6|28|0.0
107217|6133|403.43|87|0.0
105287|3351|81.3|76|0.1
104435|7868|236.87|47|0.05
105312|4632|280.47|91|0.15
108692|5663|20.06|85|0.2
104415|3081|115.25|89|0.0
107443|8711|198.53|46|0.15
100224|485|263.38|54|0.15
108630|8384|340.97|61|0.2
103851|7128|238.07|80|0.15
100762|5107|51.99|15|0.0
107008|5391|350.98|61|0.05
100939|8540|12.57|75|0.2
105771|2509|486.82|94|0.2
105719|1651|279.29|3|0.05
101760|2726|418.73|5|0.0
102574|4534|389.04|25|0.0
101130|995|117.02|65|0.2
102554|7056|483.41|65|0.15
107796|2688|496.75|72|0.0
100407|1958|339.61|6|0.0
108635|2826|114.26|93|0.05
109852|8368|378.06|84|0.15
104531|6587|289.28|49|0.05
104107|862|244.02|31|0.2
109470|6953|477.3|21|0.15
109564|9954|35.7|85|0.1
105499|3645|492.77|12|0.0
106394|9874|408.86|48|0.1
109042|7604|53.82|26|0.05
104235|9696|415.12|3|0.0
109735|9081|400.71|68|0.05
107327|8256|495.28|21|0.15
104212|2732|358.09|87|0.0
108354|9123|475.22|23|0.15
101406|7778|233.28|46|0.05
102156|5249|236.41|44|0.2
105185|7065|126.51|34|0.1
103019|1262|496.4|74|0.05
103566|5713|290.93|97|0.1
104027|7498|499.32|18|0.1
106572|3281|146.49|88|0.1
100811|2365|215.09|76|0.1
109955|7366|48.23|10|0.1
100386|2124|270.27|73|0.2
108304|606|269.05|85|0.2
103004|1844|214.48|12|0.2
104423|5170|462.07|98|0.2
101108|9439|59.84|93|0.1
102927|4894|237.73|26|0.0
109911|7410|367.35|47|0.0
108294|4457|227.89|65|0.15
101402|1154|263.67|78|0.2
104999|139|200.78|80|0.0
105614|3292|435.99|90|0.1
102507|8176|149.49|66|0.0
109219|8529|141.23|28|0.2
100948|2738|117.73|81|0.2
106660|8937|329.31|98|0.1
105851|7033|106.44|14|0.15
109140|1212|232.53|63|0.1
109687|2239|30.84|11|0.15
108722|5992|372.7|87|0.0
101039|9503|294.95|29|0.2
108446|4486|367.09|10|0.15
104973|510|89.12|89|0.0
109779|2009|132.95|92|0.0
104100|541|341.85|95|0.2
107828|6680|355.21|65|0.2
104812|4572|427.25|17|0.1
100670|444|323.72|28|0.0
107720|5369|224.62|12|0.0
104272|1304|222.53|18|0.05
100609|2135|122.2|60|0.2
107047|4663|146.7|75|0.15
103493|2825|49.49|99|0.15
108367|1762|282.93|33|0.05
107883|4468|32.94|39|0.0
103573|4550|480.84|54|0.2
101637|7029|490.02|61|0.2
109657|1165|411.42|28|0.05
106735|1312|58.43|84|0.15
101432|1260|442.22|99|0.0
107618|2219|277.56|20|0.1
103073|6461|209.31|45|0.1
104605|3791|230.62|19|0.2
102827|5715|212.98|74|0.05
106776|14|422.52|9|0.0
100680|1104|223.89|89|0.15
109665|9794|118.3|30|0.0
108708|7132|160.5|78|0.05
106009|6879|225.88|53|0.1
101016|3895|217.28|72|0.05
100989|1851|263.21|93|0.05
102972|6703|320.78|60|0.1
102226|9687|268.13|5|0.15
106875|7442|403.25|76|0.15
107610|6740|203.14|47|0.2
105960|3895|446.86|63|0.0
108971|6369|407.3|95|0.2
108453|413|430.05|4|0.05
106827|6672|70.32|38|0.05
109357|8867|368.22|86|0.05
106015|9395|396.71|43|0.2
103206|2468|57.77|59|0.1
102313|3345|168.58|17|0.2
100063|259|350.12|33|0.05
107367|6688|497.76|40|0.15
105372|7706|364.54|35|0.05
102122|2145|279.67|41|0.1
103825|7698|253.38|96|0.05
102802|8071|164.27|64|0.2
108191|825|58.18|43|0.15
104512|9803|51.33|15|0.0
106433|6618|372.86|28|0.05
105132|2173|496.96|98|0.05
106489|72|55.97|16|0.05
107770|4735|167.62|44|0.0
100610|4460|91.82|98|0.2
105209|1925|415.36|46|0.2
104597|3145|148.51|38|0.2
104592|564|285.93|29|0.2
107705|1352|337.25|31|0.2
101330|2347|43.0|74|0.15
101408|9776|338.21|37|0.1
105882|8260|237.11|66|0.05
104387|9643|464.13|43|0.0
101989|5221|231.49|43|0.15
107951|7471|292.4|83|0.05
109244|6398|477.52|43|0.2
103281|9163|136.57|19|0.05
106082|665|129.05|83|0.0
101621|470|276.44|98|0.1
105938|5705|345.18|31|0.2
104696|4634|92.58|36|0.1
103638|4533|486.07|43|0.15
108652|1982|376.3|20|0.1
108355|6191|208.12|75|0.05
107462|5763|203.62|86|0.2
105101|7323|427.61|34|0.1
101570|4244|247.98|37|0.2
104152|1808|205.54|40|0.15
107033|5410|48.91|92|0.0
107089|6278|61.06|26|0.05
102085|2668|17.94|61|0.2
102553|6933|24.39|76|0.2
102065|2139|297.33|57|0.1
107002|1325|219.84|18|0.0
107166|8100|298.39|16|0.2
102509|4615|280.11|3|0.1
100530|5170|253.63|51|0.0
109071|1673|303.18|1|0.0
103356|873|346.99|21|0.0
100952|783|152.64|26|0.0
101101|3905|100.36|75|0.0
109250|2714|168.06|51|0.1
100026|3484|225.03|12|0.2
107045|3370|448.45|26|0.2
105425|2797|141.36|38|0.05
104398|300|120.68|55|0.2
103644|6425|91.23|64|0.1
102280|4610|281.91|40|0.1
102154|6130|197.61|30|0.2
101145|3648|218.61|69|0.05
109412|640|211.7|48|0.1
108543|7608|476.58|84|0.1
105157|4729|48.22|41|0.05
109391|7815|129.16|56|0.1
107609|6208|30.41|92|0.0
103309|3071|415.05|68|0.15
103708|4523|146.76|12|0.15
107776|1497|37.16|40|0.15
102595|6569|429.28|23|0.2
107722|7982|199.25|22|0.2
104795|8254|294.62|93|0.1
104672|2210|374.37|44|0.15
105508|7186|364.61|31|0.15
109956|9690|205.36|76|0.15
101918|4517|68.86|35|0.05
101824|1635|273.05|17|0.0
108664|8087|284.75|58|0.2
109306|2809|175.89|70|0.05
107949|4138|69.17|38|0.1
102621|4220|175.54|35|0.05
106620|8782|132.84|91|0.2
102980|8942|326.75|27|0.1
105151|5744|119.95|19|0.15
102816|8707|185.13|32|0.15
101848|7157|372.02|19|0.15
107937|4094|88.2|9|0.15
104742|6716|43.9|98|0.2
100292|9665|241.45|97|0.2
105528|5731|170.43|4|0.1
106133|9854|281.24|67|0.15
105482|5357|396.49|80|0.1
105686|4692|258.05|62|0.05
109160|1608|426.0|65|0.15
103628|1860|75.67|28|0.1
105105|1981|246.7|25|0.15
103117|7784|98.59|71|0.1
103300|1035|458.64|44|0.05
108689|7531|408.81|48|0.1
106934|2198|218.42|78|0.0
100487|6580|53.21|55|0.05
108996|6449|224.19|84|0.05
107376|7059|440.4|86|0.15
102788|2680|97.01|33|0.0
105324|4269|481.28|6|0.05
105214|5733|235.9|29|0.05
106563|1361|210.9|42|0.0
105911|991|234.99|62|0.1
109890|4396|147.46|61|0.0
109456|374|209.63|71|0.1
105756|3318|182.7|39|0.05
107915|3495|241.54|45|0.05
104376|8353|393.74|2|0.0
100476|4484|276.36|13|0.05
108067|5572|119.42|55|0.0
107857|1612|369.39|99|0.15
107962|8753|12.98|91|0.0
106058|9108|299.67|12|0.05
109211|7031|299.93|83|0.05
109946|1969|83.29|26|0.05
101294|7791|322.78|53|0.05
104449|193|310.34|41|0.15
101559|1233|232.6|32|0.15
105385|6685|238.34|36|0.15
100383|8383|318.68|73|0.1
108420|5489|90.73|66|0.05
109740|2532|65.34|59|0.15
106457|3391|23.5|25|0.0
105540|7974|154.79|6|0.2
104505|8148|394.29|47|0.15
103397|8386|269.19|67|0.0
104704|7033|460.83|92|0.2
104068|6417|377.19|29|0.05
109795|5997|238.14|31|0.2
107504|5780|307.27|36|0.1
101150|4967|332.44|81|0.05
100163|4398|370.7|58|0.2
108084|7740|25.32|97|0.15
109882|7887|99.22|89|0.1
108771|1809|376.48|3|0.15
101044|2400|378.96|3|0.15
105026|8233|182.4|67|0.1
106384|1524|455.37|47|0.1
106257|9259|336.87|10|0.05
106742|6577|139.33|19|0.0
106064|9481|301.81|3|0.2
108515|5895|381.73|52|0.0
100693|292|58.88|6|0.15
103766|1777|463.27|1|0.2
109516|508|421.17|44|0.2
109257|6975|121.75|63|0.2
109831|6111|324.13|13|0.05
109986|5845|468.53|63|0.1
107666|5617|300.44|47|0.2
103161|6032|431.41|77|0.15
106899|4733|38.59|30|0.15
105122|9611|496.82|27|0.05
105518|7596|363.69|10|0.0
100437|158|185.3|21|0.15
109067|9791|341.72|90|0.05
107368|4694|341.78|38|0.05
109542|4668|339.23|88|0.2
101682|4232|32.0|9|0.15
100298|957|123.3|75|0.15
109780|9454|342.74|17|0.1
105828|6738|485.02|8|0.0
107889|8368|40.28|1|0.0
106407|7206|265.16|13|0.2
107660|2067|367.22|43|0.15
100206|6709|137.23|83|0.0
102492|8491|487.51|17|0.2
100653|3971|51.22|68|0.15
108456|9207|80.72|94|0.2
100661|3593|345.54|68|0.1
100967|8543|113.88|89|0.1
102584|5472|177.0|77|0.05
103900|6779|168.41|74|0.0
106775|7971|361.67|96|0.05
105923|8552|186.26|11|0.15
107620|2430|150.39|12|0.0
108306|3933|164.94|29|0.1
104302|4358|470.47|6|0.2
109609|973|324.99|77|0.2
105677|5192|324.36|28|0.2
106221|7616|60.87|100|0.0
102005|7872|79.62|55|0.1
107672|9284|407.73|44|0.05
104662|6125|195.29|68|0.2
102645|7571|246.84|78|0.1
106418|5591|359.26|41|0.2
109138|6504|163.5|89|0.15
102739|1806|473.37|91|0.15
104667|8148|425.48|76|0.2
109315|4343|32.24|7|0.1
101707|9455|388.28|73|0.1
100313|4012|206.86|70|0.15
101557|9381|302.65|21|0.15
105450|9436|142.77|25|0.1
105941|880|40.59|48|0.05
102516|7053|226.55|56|0.0
109279|2853|154.88|34|0.2
106000|5941|214.5|47|0.2
104952|8739|193.45|64|0.1
104431|8351|16.81|80|0.1
108095|476|411.51|13|0.0
101690|624|270.52|85|0.1
106121|4983|450.22|49|0.0
107124|7768|433.31|17|0.1
100010|7012|367.13|57|0.2
105499|8146|424.69|52|0.0
106234|6478|139.23|44|0.1
107068|7746|317.32|52|0.0
104632|7630|375.45|8|0.15
100754|2559|315.38|99|0.15
107050|9211|456.3|27|0.15
109260|5338|410.14|83|0.0
108540|2271|379.84|37|0.15
109037|2460|12.03|38|0.15
101294|2050|189.79|1|0.15
105170|7819|110.82|14|0.2
107451|277|473.34|37|0.0
101394|9692|421.55|78|0.05
109389|903|248.26|22|0.0
100535|4548|365.16|70|0.2
102213|2176|304.61|46|0.0
105206|7557|119.25|78|0.2
101485|5255|213.44|84|0.05
109222|5830|312.58|86|0.15
108259|724|278.12|66|0.15
105480|4857|472.28|78|0.15
101868|7298|382.83|16|0.2
109340|6760|215.67|13|0.05
105279|4526|254.69|52|0.1
101965|1130|304.16|7|0.15
106355|2011|463.11|38|0.15
100319|5611|164.65|83|0.05
106161|2916|149.46|9|0.2
100411|130|476.87|49|0.05
109325|7492|265.03|18|0.15
103661|6657|344.6|26|0.0
109889|2213|341.22|4|0.2
101948|7962|168.76|25|0.05
100652|2670|286.25|63|0.15
102276|5658|99.56|20|0.1
101654|6379|459.26|26|0.05
101295|617|103.03|13|0.0
100061|6977|68.07|40|0.1
108059|7091|166.07|8|0.05
103660|6820|362.28|21|0.1
109524|2108|102.67|13|0.1
100920|1245|146.12|54|0.0
102236|831|381.94|82|0.0
103282|2495|429.53|12|0.2
106541|3290|386.55|28|0.0
102553|5289|364.41|34|0.15
103381|1046|464.0|55|0.15
109367|4463|475.63|22|0.2
102609|334|373.74|43|0.15
105065|4060|146.08|74|0.2
102345|5427|320.77|91|0.2
100867|6597|105.69|50|0.1
103110|8220|29.2|3|0.1
102304|5561|483.58|99|0.1
107500|4216|162.26|69|0.0
103678|2152|466.75|58|0.15
108155|5262|323.55|54|0.2
104211|8829|454.26|44|0.05
102978|6778|126.49|76|0.0
104714|6642|66.47|23|0.1
105994|7002|282.85|41|0.05
105306|1998|88.98|77|0.15
107036|1700|140.19|39|0.1
100490|587|284.85|20|0.2
101116|1046|232.24|25|0.05
108304|9035|212.24|21|0.05
108409|5219|62.7|97|0.2
103157|8126|338.8|19|0.0
101801|7443|414.72|51|0.0
109193|9551|195.04|58|0.2
103270|4237|190.32|79|0.2
101237|41|225.6|75|0.05
104244|2132|376.47|75|0.05
108973|2354|158.39|71|0.15
107070|9468|415.55|86|0.2
103697|6219|319.66|54|0.2
103930|7311|223.04|72|0.1
101410|9217|379.91|33|0.2
109719|5539|135.13|33|0.1
102860|5035|184.0|27|0.15
105126|1662|222.76|69|0.15
100440|6366|460.17|100|0.15
107238|385|278.7|93|0.0
104263|8605|157.96|56|0.0
103303|3951|481.38|69|0.1
106316|408|235.79|31|0.15
106645|1067|42.2|72|0.05
103585|2929|104.68|58|0.2
108866|5045|483.84|79|0.2
108066|8976|384.36|5|0.15
100599|3653|107.88|89|0.05
104712|7882|372.96|10|0.15
100408|1991|264.23|79|0.15
101645|2346|471.63|90|0.2
106656|2114|427.35|78|0.1
106350|5767|60.48|64|0.2
108436|2832|79.16|73|0.1
108680|1097|40.92|56|0.1
103439|1542|312.5|52|0.1
100921|7834|420.57|5|0.0
102872|8596|316.48|27|0.1
105933|2888|176.87|69|0.05
105223|7666|381.27|69|0.2
100772|1190|16.91|6|0.0
107182|4799|436.8|2|0.05
106754|2929|282.64|91|0.1
104438|690|439.71|13|0.1
104476|6351|47.88|49|0.15
107771|9851|218.21|51|0.1
109435|5919|429.88|56|0.05
107951|3372|203.95|80|0.15
100605|3353|349.5|53|0.2
106222|9979|112.86|59|0.1
103684|6441|60.04|51|0.1
100993|5767|45.19|18|0.0
105446|9143|224.43|3|0.1
106628|4947|297.16|10|0.2
107633|7371|265.48|14|0.05
106337|1396|375.37|10|0.1
108339|2932|217.14|93|0.2
104406|3392|150.17|64|0.05
109065|2602|126.83|67|0.1
105629|7059|490.66|56|0.15
103220|1718|347.86|61|0.15
109223|2189|253.92|11|0.15
101609|5543|104.26|63|0.1
109530|2239|360.69|69|0.2
108654|1739|299.33|17|0.2
108240|1066|72.45|24|0.2
108329|98|372.01|26|0.05
102175|284|479.0|38|0.1
106135|7671|129.94|60|0.1
108793|3666|466.13|22|0.15
102754|6367|196.46|27|0.2
100405|236|232.0|45|0.2
108861|3012|397.38|1|0.2
107852|4263|380.8|30|0.0
108793|1377|306.88|65|0.0
100238|908|293.38|11|0.05
106923|3307|251.05|17|0.0
101950|2843|391.63|12|0.15
106943|1118|415.4|57|0.15
101655|4003|66.61|32|0.2
103477|3973|498.5|46|0.1
101510|3331|55.62|52|0.05
109997|5242|72.85|92|0.1
104129|6962|167.94|74|0.2
104653|6202|152.46|54|0.2
108081|3659|314.88|7|0.1
101885|9190|494.53|26|0.05
104188|923|280.29|46|0.1
102226|4962|435.03|3|0.2
103224|2917|400.41|61|0.05
102997|6087|448.71|86|0.2
104391|7143|297.86|62|0.1
101224|2973|226.63|66|0.2
100568|8163|238.51|99|0.2
109905|8779|334.28|79|0.0
107096|876|252.43|71|0.1
106142|1447|44.46|7|0.1
109424|4919|298.66|86|0.2
107164|824|251.95|21|0.15
108984|2953|367.46|27|0.1
106859|4835|423.44|85|0.2
104043|5053|207.48|19|0.2
107662|371|420.1|28|0.05
103143|3087|193.08|49|0.2
106642|6490|148.64|89|0.15
108330|8120|86.4|85|0.05
108540|8910|306.69|93|0.05
109637|4318|225.45|80|0.2
100783|4176|23.64|41|0.05
106029|7180|256.62|55|0.15
106521|7777|465.99|3|0.1
107531|7740|42.54|50|0.1
107923|5052|416.79|2|0.1
105024|6983|429.02|11|0.15
109627|4584|51.83|16|0.15
108398|7896|317.8|71|0.2
106551|3346|80.93|79|0.2
105768|1379|427.19|7|0.05
100464|3760|212.12|88|0.1
107211|4028|351.06|42|0.2
106656|277|294.65|41|0.1
105174|1272|329.02|29|0.2
101878|6129|394.18|53|0.0
108372|4490|363.55|16|0.15
102743|1448|161.59|8|0.0
104618|6497|447.36|1|0.2
105340|959|311.72|53|0.2
103220|1820|357.37|31|0.1
108294|7942|245.66|86|0.15
101975|8437|292.21|49|0.05
105642|8491|398.86|75|0.1
105578|1782|106.37|8|0.2
100716|985|244.08|70|0.1
108848|7973|257.2|67|0.05
103288|6381|318.81|58|0.2
103555|2971|314.12|2|0.0
102894|3142|111.81|15|0.2
104910|3293|313.26|64|0.1
105880|136|182.51|66|0.2
103574|8505|21.71|80|0.0
105698|3199|76.06|21|0.05
103032|2105|244.96|5|0.1
102223|2230|57.43|10|0.0
109931|8302|273.18|64|0.15
109158|5530|234.5|76|0.05
108473|3886|56.98|90|0.0
109570|1420|388.87|6|0.1
101635|4602|11.71|34|0.05
109361|9164|286.77|85|0.05
105457|5285|463.9|25|0.1
107326|7653|293.25|50|0.1
109712|1201|255.4|14|0.1
106608|4480|197.73|3|0.0
108742|3839|309.61|81|0.1
106142|5948|249.24|89|0.05
106356|1226|339.77|52|0.0
100802|5025|69.36|91|0.2
101579|5048|183.52|19|0.0
104239|92|317.7|41|0.05
108833|8291|246.53|72|0.1
109563|6056|390.79|70|0.05
103434|69|45.07|15|0.05
108721|1736|276.74|2|0.05
105638|7577|252.75|77|0.05
100146|9271|62.56|25|0.05
107843|343|63.99|5|0.2
108677|8879|60.54|44|0.1
105767|6054|289.34|82|0.1
102786|7461|481.74|73|0.2
109588|2407|119.04|50|0.1
109532|9383|29.12|56|0.0
108635|9435|496.65|75|0.05
107103|3947|473.57|55|0.0
108246|4135|275.0|99|0.15
108708|3839|132.41|83|0.2
105633|5654|376.77|87|0.1
102981|2035|98.2|41|0.15
104806|1605|148.84|94|0.0
101087|2010|138.24|77|0.2
105115|7522|241.83|41|0.2
108787|1186|141.43|23|0.15
107946|2158|136.77|37|0.1
101019|5345|38.18|28|0.1
103554|6140|239.01|76|0.2
109635|9517|335.26|37|0.2
101915|2798|308.11|37|0.0
106104|6774|365.6|33|0.05
101038|4329|158.42|87|0.15
101457|5387|342.52|80|0.2
104060|940|423.56|21|0.0
106606|2189|105.61|32|0.15
104464|53|492.92|46|0.15
109892|5018|126.96|44|0.0
102027|4745|231.74|66|0.05
108742|5506|173.01|56|0.2
109640|5117|466.28|64|0.1
101959|5249|65.59|69|0.2
107055|168|16.31|20|0.0
109063|5591|125.39|49|0.15
101050|2342|182.49|81|0.1
104009|2528|487.89|59|0.0
100219|3099|395.99|87|0.15
103036|2098|499.27|78|0.0
102134|2731|170.13|19|0.2
107201|1854|437.3|96|0.0
102055|2780|446.54|32|0.1
109406|5159|187.96|66|0.2
102828|4232|382.95|47|0.0
104137|4877|145.96|99|0.15
107877|4180|154.25|43|0.2
104997|768|391.34|66|0.0
102251|8228|149.94|10|0.1
100484|3224|214.2|4|0.0
105544|256|57.2|20|0.0
107150|735|208.41|4|0.15
104836|176|467.87|67|0.1
107190|929|288.06|95|0.15
101773|6782|444.05|96|0.0
100440|7734|419.12|2|0.2
108964|1165|386.19|50|0.1
101293|6930|252.05|30|0.2
106297|3147|425.77|12|0.15
106476|4490|76.44|99|0.05
102370|5030|497.76|70|0.15
104256|6044|372.55|29|0.0
109309|547|17.61|73|0.1
109312|2011|245.75|97|0.05
104520|777|93.55|83|0.1
109113|6037|115.28|15|0.15
102035|7015|400.82|73|0.2
101592|1888|14.69|79|0.15
107794|7632|69.04|92|0.05
100851|4841|288.3|88|0.0
104259|7502|137.61|51|0.15
101649|3685|483.39|80|0.05
104067|6482|76.54|20|0.1
102200|5264|393.25|23|0.0
101011|6927|303.61|81|0.1
103958|9623|262.75|65|0.15
106142|4972|20.45|77|0.05
102674|1071|466.45|89|0.2
102086|92|224.08|98|0.1
102437|7843|174.27|26|0.0
108667|8520|262.8|58|0.2
104040|8892|465.33|29|0.1
108532|6501|273.48|51|0.05
107407|6853|472.17|4|0.15
108874|702|107.1|16|0.15
100479|9284|326.15|11|0.15
106482|6524|441.51|99|0.1
100734|9667|369.57|79|0.15
104478|8770|293.72|9|0.05
103783|4876|420.76|35|0.2
107220|7884|311.22|22|0.05
106795|8830|126.39|25|0.0
104163|2339|40.62|30|0.2
101654|39|90.43|69|0.1
100568|1350|197.15|8|0.05
101398|8075|158.31|62|0.0
105165|4661|405.77|88|0.0
103851|7085|364.45|71|0.1
106220|4750|26.13|75|0.15
104609|4819|291.07|72|0.0
106149|8864|418.29|93|0.2
102358|6760|442.94|14|0.15
109161|2566|96.97|89|0.1
107006|6557|196.02|45|0.2
101175|2774|458.08|40|0.2
106726|2186|472.05|54|0.1
104722|1469|448.79|99|0.15
100953|5593|195.53|17|0.1
106323|827|35.58|30|0.0
103689|8848|250.61|29|0.0
109274|8680|258.22|20|0.1
102098|8398|102.91|55|0.15
108136|2910|245.51|62|0.2
107548|4769|102.13|65|0.0
109249|2029|312.22|34|0.2
102379|4034|357.31|87|0.15
100249|8272|64.8|89|0.05
100346|1147|321.86|100|0.2
105049|5314|86.58|30|0.2
105708|7352|37.57|27|0.1
101940|2437|227.69|28|0.2
102424|3147|438.5|24|0.1
106405|5058|482.42|96|0.1
102872|1227|48.17|47|0.15
102671|9566|62.08|91|0.2
105031|5561|399.78|63|0.2
106772|6013|308.0|57|0.2
101624|8956|109.2|15|0.0
104488|3383|440.43|41|0.05
100763|5051|290.27|53|0.15
105655|831|91.16|45|0.05
108369|6158|223.91|38|0.1
101506|9003|122.6|46|0.0
105506|3892|366.85|64|0.0
109028|2933|324.8|36|0.1
109815|6555|458.66|74|0.2
106632|6997|270.96|38|0.05
101505|3837|129.35|86|0.1
109123|6290|419.94|25|0.0
102106|3849|78.51|70|0.15
107786|1064|390.99|82|0.1
101360|2954|212.13|85|0.0
107758|2076|415.41|60|0.1
108322|7766|395.46|18|0.0
100674|2044|421.62|46|0.05
109687|7379|125.95|59|0.0
102604|5865|16.05|71|0.1
104218|671|443.1|94|0.1
104627|5036|356.33|4|0.1
107785|5492|450.69|48|0.1
103441|8719|419.22|1|0.1
104724|9731|176.55|15|0.05
108060|9087|35.9|59|0.1
107424|7595|38.89|30|0.15
106005|4226|461.71|2|0.15
106237|7302|462.4|23|0.05
104574|3353|310.38|61|0.2
103469|924|221.05|99|0.2
107962|4664|49.88|95|0.15
106562|7970|464.88|36|0.0
102808|5379|291.9|31|0.2
105333|6979|202.22|61|0.0
103434|1065|59.34|12|0.15
102284|3622|82.75|10|0.2
102668|495|299.55|97|0.1
101159|2304|259.5|67|0.0
100675|7451|123.66|19|0.15
106687|171|394.94|21|0.1
106520|6849|162.76|57|0.15
106571|7977|332.04|90|0.1
109067|886|210.27|37|0.15
103590|4142|281.65|75|0.0
104819|2327|482.2|43|0.05
107635|6809|419.96|49|0.15
108583|3260|255.4|14|0.15
103814|3055|390.63|98|0.0
100820|3144|276.24|42|0.1
109272|7880|497.85|78|0.0
107968|5966|353.14|39|0.1
103456|4459|430.65|33|0.1
105118|925|176.64|56|0.1
102342|4271|466.91|75|0.05
105603|4961|457.3|88|0.05
104149|2520|205.8|23|0.05
100109|2677|87.63|71|0.15
106118|374|59.97|24|0.1
108381|9571|370.73|3|0.1
104098|530|427.06|17|0.15
108039|1885|88.78|87|0.05
109007|6955|226.68|51|0.1
100564|7051|321.9|33|0.05
105553|402|150.99|37|0.1
101506|8614|494.25|41|0.0
104850|3238|332.69|85|0.05
104118|4143|487.1|91|0.15
100565|6805|448.03|72|0.15
101252|2314|399.56|58|0.0
109743|8866|67.8|83|0.2
106535|2413|137.88|12|0.05
100791|2148|182.13|96|0.0
100440|4840|420.96|68|0.15
105638|2108|120.73|69|0.15
104366|9158|491.54|15|0.15
107286|7063|253.65|20|0.2
101632|2137|359.88|28|0.05
105892|9971|248.99|62|0.1
104033|2822|290.64|73|0.1
109892|2507|155.85|47|0.05
109978|9696|412.37|40|0.1
103921|7328|488.89|50|0.2
101269|1736|116.54|46|0.0
103896|9767|137.88|26|0.2
100209|4285|381.53|24|0.05
102072|9116|306.05|83|0.1
104800|936|127.0|35|0.15
107415|9256|462.35|85|0.0
107607|6386|351.05|99|0.15
109756|3273|306.92|99|0.2
105299|1700|202.55|35|0.15
106661|3639|417.02|52|0.1
109480|9857|466.73|73|0.05
103400|8765|94.12|57|0.15
107037|5619|290.85|18|0.1
103837|1181|457.29|70|0.15
105395|554|62.16|48|0.2
101927|7652|181.4|30|0.2
103005|363|418.59|69|0.05
106901|9488|346.71|70|0.1
103323|8755|305.82|57|0.15
108230|9017|71.4|66|0.05
102614|9841|261.36|62|0.0
108543|8142|164.32|95|0.05
109002|3938|143.88|4|0.05
100731|5706|437.49|11|0.2
109139|6231|455.21|79|0.2
104683|1239|446.63|81|0.1
107286|9967|222.37|94|0.15
105175|1772|71.25|100|0.2
106915|9606|68.17|77|0.15
107874|3207|31.79|68|0.2
104351|7313|464.81|81|0.0
104075|6597|83.01|97|0.05
100218|5417|476.87|97|0.1
101896|7188|139.18|29|0.1
104544|2487|184.38|19|0.05
100873|3459|176.15|53|0.15
108980|5810|39.45|56|0.05
100886|2411|497.75|21|0.0
109613|2968|497.0|66|0.1
107314|6277|100.6|55|0.2
106493|3642|444.12|42|0.0
108514|446|410.31|4|0.1
108135|6403|17.95|41|0.0
100295|8884|467.7|30|0.15
108009|9052|292.11|5|0.15
102720|9797|302.38|93|0.2
100814|7888|193.55|61|0.1
105938|740|77.61|4|0.1
107716|6753|286.14|52|0.0
103659|8420|171.15|35|0.2
103583|4970|138.29|95|0.05
103975|4830|93.36|29|0.15
104346|5643|113.25|71|0.2
103346|3186|137.85|72|0.0
100866|9488|166.58|49|0.2
104139|6039|335.53|12|0.0
108717|9253|340.63|5|0.05
105568|4080|190.43|51|0.0
101852|4818|146.49|88|0.05
104317|14|410.65|75|0.0
108140|7111|481.81|31|0.2
101461|3924|312.09|82|0.0
102954|8305|15.98|46|0.1
105318|9525|19.57|83|0.2
107605|1316|281.8|47|0.2
102909|916|95.2|6|0.1
103839|2266|375.17|55|0.1
103772|4035|59.31|20|0.15
103119|277|94.33|69|0.05
108679|4157|462.03|64|0.05
102844|2152|168.8|9|0.0
104612|4063|459.32|86|0.2
102011|620|97.63|15|0.05
103427|3208|126.56|42|0.2
100978|2359|391.11|96|0.0
102699|1974|447.45|42|0.2
103158|1023|140.38|66|0.1
102279|9980|53.08|92|0.2
107209|5473|296.83|19|0.0
109887|3015|333.11|95|0.05
101236|9137|66.35|43|0.05
109358|792|118.59|72|0.2
104641|3719|76.78|44|0.1
109282|5409|292.91|41|0.05
102212|630|405.7|94|0.05
108484|3712|360.45|44|0.2
101745|8110|397.8|24|0.0
106746|9333|97.05|49|0.0
100680|7795|297.02|41|0.15
109337|7781|162.75|22|0.15
109821|6393|403.88|79|0.15
109771|3499|472.68|97|0.2
105325|6988|37.97|41|0.0
107011|518|222.04|86|0.15
100822|4322|172.23|96|0.0
104353|7886|297.53|71|0.0
105916|3957|472.31|9|0.0
109252|945|27.51|72|0.1
109632|3797|350.4|73|0.15
103247|5979|406.59|66|0.1
106175|923|495.04|99|0.1
109661|2163|170.03|21|0.2
105923|7285|486.9|64|0.05
108232|992|466.6|53|0.05
101245|3993|351.04|44|0.1
101778|8533|456.41|36|0.2
107044|7139|359.65|11|0.05
106455|3582|400.33|21|0.15
109235|7945|43.23|84|0.2
100107|9492|396.76|54|0.0
107953|6608|157.84|52|0.2
105596|5005|123.4|25|0.2
108454|6466|461.67|78|0.1
105064|2815|31.16|28|0.05
102792|2178|228.24|98|0.2
100884|5699|57.33|38|0.0
101156|6608|32.39|57|0.1
107936|2695|322.18|100|0.0
104544|3233|64.99|69|0.0
106702|7272|162.6|43|0.1
104115|9658|315.63|88|0.1
100133|6432|68.55|25|0.2
109501|3740|107.49|64|0.05
108501|208|418.99|29|0.05
103660|219|289.4|9|0.2
100877|5756|184.11|100|0.0
101439|2015|497.38|8|0.0
107500|8533|197.86|45|0.1
104573|9044|77.78|51|0.05
105390|7580|230.05|40|0.0
103502|4314|235.48|1|0.0
103417|9191|218.46|70|0.2
103056|102|279.09|77|0.05
108136|8166|244.07|7|0.1
102750|2453|159.14|47|0.15
100956|9176|96.52|10|0.05
106259|5978|400.89|50|0.1
108339|8734|437.42|3|0.1
101107|5496|276.29|37|0.2
107995|3352|24.28|83|0.0
102510|9007|226.26|57|0.15
102183|9194|189.62|67|0.0
108644|4789|373.31|28|0.1
105343|4757|263.57|90|0.2
103391|3774|381.34|93|0.1
103263|1663|229.84|50|0.05
106114|9832|66.0|16|0.0
106216|316|354.67|76|0.2
107849|8415|309.8|80|0.15
104372|4300|400.32|91|0.15
104995|177|461.24|50|0.0
109611|3289|406.02|55|0.05
100134|1003|183.4|22|0.2
105200|630|348.27|89|0.05
107829|6615|276.16|34|0.15
109037|4718|410.35|48|0.05
109562|1787|145.52|65|0.0
107381|4748|211.28|76|0.2
109050|3372|402.99|65|0.2
109838|4480|267.32|71|0.05
108304|6797|86.14|65|0.2
109556|4756|398.69|56|0.05
107850|8188|474.3|95|0.15
100419|9326|431.37|31|0.0
100300|3325|401.65|8|0.15
106520|7709|248.58|46|0.2
103857|9621|494.78|10|0.1
101528|934|308.47|83|0.15
108073|5832|85.87|31|0.2
109674|8121|241.2|21|0.0
108020|9449|32.96|32|0.2
108200|7510|11.77|13|0.1
100593|7274|396.59|14|0.1
109414|9718|472.93|31|0.15
103542|1333|100.04|2|0.0
102561|3982|125.09|60|0.15
106335|3538|415.2|85|0.05
108560|8081|100.24|47|0.2
104503|6848|194.71|9|0.0
104443|414|446.01|53|0.0
101083|7407|185.52|3|0.0
108025|7986|87.71|12|0.05
105228|719|475.97|5|0.2
102988|7834|294.61|54|0.05
103017|502|321.92|87|0.1
101923|6101|168.5|30|0.1
107368|1039|132.2|84|0.0
107520|6284|277.25|68|0.1
102394|9634|440.84|34|0.2
105219|9102|84.78|4|0.0
104418|8851|120.62|7|0.0
103314|5847|485.11|93|0.15
104635|3044|433.86|61|0.05
107145|4182|78.22|50|0.0
103701|9624|218.08|31|0.0
104962|8824|20.76|25|0.05
101433|9372|135.08|16|0.15
102064|1644|292.0|5|0.0
102186|3531|210.48|50|0.0
106744|18|263.75|20|0.0
105588|223|394.41|21|0.0
101988|7791|260.56|2|0.1
100868|1086|77.92|72|0.2
109001|3102|455.18|32|0.2
105035|8740|346.03|7|0.05
102706|5114|133.04|19|0.05
104685|7232|320.89|55|0.15
100098|7144|290.86|19|0.2
109535|691|205.2|77|0.15
102134|7118|145.72|21|0.05
106087|3889|350.84|86|0.0
105680|3649|85.27|93|0.15
102200|1311|176.44|95|0.1
104447|4036|51.99|79|0.2
108367|6361|82.64|6|0.15
100004|5645|175.41|8|0.1
101432|8719|286.62|35|0.2
105876|2612|96.33|20|0.1
102442|6427|297.43|73|0.15
105708|4917|188.75|99|0.2
100011|267|422.94|8|0.0
108231|2100|342.6|31|0.05
101239|2889|269.85|76|0.15
106285|3647|123.86|52|0.1
108197|7075|214.07|99|0.15
100957|5779|212.78|19|0.1
104165|4628|118.23|93|0.15
105350|3247|22.14|70|0.2
106447|8664|405.75|33|0.1
101289|1226|320.34|58|0.2
100226|9998|270.99|48|0.1
103233|8515|335.93|30|0.0
101418|8985|122.26|89|0.0
104228|4789|367.75|10|0.15
106640|2981|126.63|23|0.15
103895|1858|82.43|57|0.05
105335|1651|255.71|36|0.15
103186|5692|56.34|97|0.0
105790|584|150.85|50|0.05
106222|6271|180.03|53|0.0
101028|5884|135.16|89|0.05
101170|2026|471.97|49|0.2
104397|8264|41.61|34|0.0
108201|9100|167.51|12|0.0
107711|1926|391.73|77|0.2
101575|1814|315.32|23|0.1
104935|6013|400.87|35|0.05
100872|3237|433.52|91|0.0
104322|16|307.54|54|0.1
106357|5272|94.89|35|0.2
103708|4443|292.76|39|0.2
106240|7765|128.12|43|0.2
102641|3288|495.02|55|0.15
100368|8868|229.62|55|0.05
107749|1914|53.5|57|0.1
108669|6951|297.74|79|0.05
100126|4278|401.32|59|0.1
106446|716|470.85|99|0.1
108548|1620|137.1|5|0.2
104077|3260|10.69|1|0.05
106012|5131|146.14|12|0.05
105724|5400|140.13|22|0.05
109784|412|452.56|5|0.2
108199|8164|400.41|40|0.0
108457|8107|337.08|86|0.1
105894|9744|15.31|71|0.05
108449|2276|457.91|23|0.15
102185|4328|192.33|22|0.2
105158|4|430.46|13|0.2
108651|567|228.67|74|0.15
100718|9348|398.24|55|0.0
107222|6614|198.02|27|0.0
107855|3395|485.66|99|0.1
109572|2408|411.77|51|0.2
106615|7333|428.84|56|0.05
103484|2250|270.42|20|0.05
109533|3421|187.15|98|0.15
103453|4331|487.05|93|0.15
109662|911|395.24|44|0.0
100299|7013|154.57|82|0.05
106303|6864|215.58|22|0.15
105885|4780|58.84|94|0.15
105385|2743|84.36|20|0.1
106224|328|28.39|78|0.0
106531|437|490.44|65|0.1
101198|4142|152.2|95|0.1
106721|6962|192.24|4|0.1
101919|9565|11.18|86|0.1
109781|7402|177.35|67|0.2
107665|4019|46.83|42|0.05
104568|1787|104.48|12|0.1
101470|7377|400.61|96|0.05
107089|2406|90.45|77|0.05
109303|7118|223.33|67|0.15
104773|9157|185.34|27|0.15
108777|4865|63.48|82|0.2
101111|9940|269.53|13|0.15
107509|1734|37.21|94|0.1
101264|9181|351.66|96|0.05
101592|786|486.95|25|0.0
100265|8043|470.96|32|0.1
109325|7529|188.15|11|0.15
100323|6261|346.88|65|0.15
104430|6213|330.71|82|0.1
101438|123|495.82|54|0.15
103159|3426|406.84|80|0.15
105146|7271|58.07|89|0.2
101762|3224|428.02|97|0.2
102977|3199|227.44|20|0.1
104338|8587|471.88|68|0.05
107608|8113|102.24|18|0.0
106958|250|305.19|78|0.0
100544|214|486.01|100|0.05
103657|1998|64.65|2|0.1
104783|9415|299.47|96|0.0
109183|1006|128.4|22|0.0
109306|9224|289.52|99|0.2
109215|4533|397.03|17|0.2
107646|4794|483.14|43|0.0
107006|1245|312.08|98|0.05
103142|4048|74.86|8|0.05
102380|4051|363.32|16|0.15
106051|447|106.19|89|0.2
101641|5167|64.61|62|0.0
106064|4582|141.64|68|0.15
105064|5368|480.56|14|0.2
104766|5306|482.04|16|0.05
108030|1831|209.33|67|0.15
105418|8370|12.01|57|0.05
103245|9004|326.49|11|0.1
108508|7753|166.2|72|0.0
104795|8834|115.25|7|0.1
102246|450|457.28|20|0.0
109811|1368|414.51|6|0.0
104434|1786|32.16|20|0.2
106864|5551|318.87|48|0.2
100631|6408|305.84|64|0.15
101445|4834|346.53|85|0.0
108991|7200|98.73|48|0.2
109080|4752|93.7|41|0.15
106474|922|336.27|84|0.05
103747|1012|175.01|78|0.05
109449|8031|265.51|52|0.2
105786|4581|493.41|14|0.05
105307|7329|246.79|44|0.15
101010|950|475.9|94|0.1
106114|556|361.53|19|0.05
100178|806|372.62|66|0.2
104172|8954|156.02|16|0.2
107091|2374|117.79|19|0.0
107779|269|447.3|23|0.1
109329|4078|177.32|35|0.15
106613|9975|396.74|49|0.15
106741|315|112.35|95|0.2
105207|6561|97.23|63|0.05
105680|6245|304.74|15|0.05
100676|2042|371.27|48|0.0
103276|4917|186.7|55|0.2
105471|9517|265.92|92|0.05
105342|5007|461.26|31|0.0
100146|2740|247.21|69|0.0
104962|3841|179.16|54|0.2
101353|119|421.31|21|0.1
107801|2464|92.19|26|0.15
102492|2955|123.66|68|0.0
100276|5607|158.55|5|0.1
106027|7018|63.58|25|0.05
102085|5936|40.23|11|0.0
104944|5477|367.48|53|0.05
106541|416|112.47|46|0.0
102014|3850|210.21|92|0.1
108807|3721|365.26|64|0.15
102168|9265|129.74|41|0.2
101336|2927|145.87|32|0.1
106174|7474|151.19|30|0.2
103139|1280|469.74|19|0.15
106904|1946|332.79|48|0.1
105413|7949|119.85|61|0.15
107250|4868|432.76|21|0.1
109670|9461|17.9|62|0.15
105617|1252|230.0|6|0.0
106835|1674|36.27|51|0.05
100251|7598|262.9|87|0.0
104968|5142|89.06|51|0.0
108005|3312|308.4|32|0.2
103077|380|206.92|69|0.0
103781|3197|260.63|71|0.2
107030|2719|413.23|88|0.1
102097|1746|462.02|1|0.05
103833|8674|148.32|74|0.05
107556|5359|264.79|8|0.05
102991|4607|193.91|21|0.15
102046|4471|244.42|100|0.1
103764|4719|215.96|61|0.15
101700|5386|295.73|78|0.15
104479|6492|452.94|58|0.1
108736|8926|156.69|76|0.2
103099|8663|108.65|13|0.0
101398|9711|345.21|71|0.05
103505|6103|209.96|93|0.15
101727|1751|300.02|38|0.05
102020|940|107.88|66|0.1
101391|4610|202.0|16|0.15
103589|8570|196.9|66|0.15
100673|7763|187.88|58|0.0
108917|9720|138.99|100|0.0
109337|7139|374.58|98|0.0
108566|4992|218.92|78|0.1
102212|3094|462.52|57|0.15
109477|3078|367.19|45|0.1
105768|5304|431.11|15|0.2
103100|1369|358.81|3|0.15
106409|5654|35.69|56|0.1
104658|4550|45.22|65|0.05
108032|3472|189.13|2|0.2
107496|9594|184.15|66|0.15
101188|9897|374.92|94|0.0
105321|886|22.09|46|0.15
102191|2711|191.1|99|0.2
103443|610|64.29|77|0.1
109812|7898|106.04|38|0.2
100403|8393|201.91|52|0.0
107215|59|327.95|50|0.2
109518|1602|477.07|10|0.05
109037|5698|422.74|73|0.0
103117|9417|249.23|37|0.1
102893|5172|192.98|13|0.15
105961|6898|490.96|17|0.1
107296|4134|213.25|80|0.05
103734|5630|16.01|4|0.0
105592|6931|105.74|34|0.2
103241|4405|95.39|71|0.1
107157|8052|475.1|63|0.1
103820|1753|219.24|80|0.2
102058|5964|307.71|23|0.05
102906|1981|118.08|89|0.05
101185|344|495.93|91|0.2
105864|9350|229.68|63|0.1
103782|772|173.1|25|0.2
103204|9530|124.5|62|0.05
105382|2374|143.1|19|0.2
105274|7973|205.32|24|0.0
105242|9692|14.53|34|0.2
109245|1395|139.67|85|0.2
103343|1094|320.26|56|0.1
101457|3141|260.25|9|0.05
104996|4183|481.64|61|0.0
107697|6|375.43|94|0.2
102405|1203|387.25|21|0.2
109062|2078|133.4|80|0.15
109382|9089|447.97|90|0.1
109543|289|394.71|89|0.2
109223|6265|276.55|49|0.0
106245|4071|118.0|65|0.0
100401|2220|432.55|40|0.2
101825|2321|218.52|84|0.15
103639|5399|56.54|96|0.0
105665|7878|90.26|24|0.15
100609|8295|283.26|8|0.15
104954|3810|226.71|62|0.2
101570|450|373.11|49|0.05
102921|5438|267.33|33|0.05
101129|9022|467.7|58|0.1
108029|5849|25.09|43|0.2
104575|7831|301.86|48|0.0
109777|5145|99.82|66|0.2
106791|7219|277.42|29|0.0
109569|6717|236.49|38|0.2
105474|1126|455.69|20|0.0
101967|9714|325.91|13|0.05
100117|400|202.22|60|0.1
107010|2322|484.81|74|0.1
106615|2533|213.12|2|0.1
103978|8771|379.3|83|0.05
101227|8767|401.86|33|0.05
105242|3385|115.03|76|0.2
108074|6885|298.82|25|0.1
102848|7494|190.95|65|0.1
107084|7124|246.53|35|0.05
100225|4645|400.8|61|0.05
102736|7480|419.2|78|0.1
104125|8597|290.08|10|0.0
105462|11|143.47|36|0.2
104244|9898|418.76|95|0.05
102647|8006|267.45|68|0.1
103390|7845|225.07|5|0.2
101350|66|109.25|17|0.1
108961|7357|124.32|17|0.15
108836|1630|184.4|8|0.15
108724|8650|242.43|98|0.2
107035|365|53.92|18|0.15
103996|9233|494.36|22|0.0
105520|6786|191.74|15|0.0
109488|3472|134.38|55|0.1
105911|1644|400.78|69|0.2
109830|5111|253.66|98|0.15
107057|8990|399.96|42|0.2
106952|8438|172.9|69|0.0
104349|1608|238.53|76|0.2
103829|3146|241.32|9|0.15
100741|1152|146.28|74|0.15
100143|3770|248.02|50|0.15
109196|730|289.5|89|0.2
108552|1011|24.91|64|0.05
100965|9967|188.76|63|0.0
104784|8660|240.44|71|0.1
100630|4485|68.32|30|0.0
100448|4369|246.4|34|0.0
102822|375|51.08|58|0.1
102962|3829|365.84|30|0.05
106933|4557|44.04|69|0.15
103943|1890|129.76|76|0.05
108126|6755|461.88|69|0.05
109833|4458|319.11|43|0.2
108603|4870|407.83|60|0.0
109773|4698|426.6|6|0.2
100220|2656|480.1|28|0.05
101898|3603|424.89|33|0.05
100118|7374|294.7|10|0.0
109591|1217|414.01|74|0.15
100495|3103|298.56|63|0.0
104729|5994|21.62|91|0.05
102238|3498|68.61|56|0.2
109931|3079|29.36|51|0.2
100468|9923|147.24|48|0.0
101518|8408|148.76|55|0.2
102232|501|291.17|63|0.2
100666|7526|313.54|89|0.05
108923|9545|494.0|84|0.2
107051|8771|431.33|14|0.1
102301|2268|398.7|22|0.1
107899|2304|455.06|69|0.15
105749|7257|197.58|29|0.0
108254|8298|283.51|36|0.05
102133|3994|42.74|51|0.0
102834|6154|15.34|81|0.0
109151|1224|471.57|12|0.15
108336|3695|25.73|84|0.1
101579|8806|183.05|37|0.15
105963|7464|291.3|59|0.05
109213|6747|460.42|85|0.05
104257|9984|97.74|66|0.1
102538|3968|119.53|61|0.0
100388|8810|298.09|62|0.2
101230|8408|269.8|91|0.15
108902|1082|268.91|57|0.15
106674|8363|57.66|56|0.1
108416|4588|128.4|46|0.05
105309|4777|32.27|43|0.0
106892|1501|357.77|50|0.05
103559|2651|196.64|66|0.1
100987|3317|86.91|66|0.15
103493|2414|163.22|85|0.2
103056|7859|328.58|80|0.0
102300|9239|412.41|92|0.0
104888|6449|417.1|81|0.1
105264|7082|323.98|86|0.15
104107|4657|235.93|32|0.05
103097|165|234.0|78|0.2
102500|3696|77.62|10|0.2
108802|8398|373.97|9|0.05
109747|6703|140.03|16|0.0
109093|5585|294.03|92|0.05
107971|9040|203.08|49|0.05
102844|3061|498.28|83|0.1
103397|5694|327.39|92|0.15
102448|6424|379.74|95|0.15
106530|2170|489.59|35|0.05
102208|264|268.3|78|0.2
107085|3925|51.94|35|0.05
104051|797|153.88|77|0.05
108752|6915|165.6|55|0.0
100998|2554|342.52|21|0.0
100939|3366|315.6|73|0.05
109124|9659|301.98|90|0.1
107832|4633|389.25|87|0.0
102962|6764|74.19|53|0.0
100596|3087|54.1|35|0.0
103080|1150|102.85|37|0.05
107203|3037|37.06|80|0.2
103237|9963|138.45|50|0.05
105840|7266|225.43|51|0.05
105453|6030|202.24|75|0.2
100542|8594|50.23|75|0.2
106319|3069|327.65|36|0.0
104416|3024|45.17|17|0.0
105962|6936|381.05|99|0.0
105218|8065|144.47|96|0.0
108873|909|257.91|88|0.05
100877|3627|52.61|1|0.2
109248|9026|251.19|36|0.05
101593|9261|475.54|20|0.2
103741|7378|225.34|55|0.15
107543|2877|136.45|25|0.1
108654|2501|229.31|39|0.1
102539|9389|151.15|78|0.15
109920|7886|343.65|69|0.2
105221|4804|248.28|53|0.2
105910|9123|77.67|67|0.0
102728|7584|133.46|71|0.1
104336|6740|356.27|54|0.15
105668|1856|214.83|43|0.0
105694|3027|336.12|76|0.15
103976|9792|162.62|16|0.0
104211|3460|473.66|98|0.2
109214|8091|18.34|45|0.1
107143|7579|431.96|11|0.15
107091|5123|157.07|9|0.0
100135|780|463.63|9|0.15
105029|7627|343.78|73|0.05
105009|7573|131.17|1|0.0
104806|4155|195.33|62|0.05
108857|1756|191.07|33|0.1
104815|2563|210.96|5|0.2
109573|3176|33.89|48|0.2
107257|3637|359.28|35|0.15
100103|6551|263.47|81|0.15
102512|9796|110.61|38|0.0
108259|4845|199.03|57|0.15
100014|2594|414.68|22|0.0
102255|5029|41.75|44|0.0
108070|3329|458.79|76|0.15
108018|9361|109.56|94|0.2
107465|4496|243.75|67|0.15
109079|874|452.82|24|0.05
104903|3981|344.63|48|0.2
100403|7683|111.78|84|0.2
101962|4152|240.53|20|0.2
101919|8845|331.39|52|0.0
107670|1855|309.56|72|0.0
101751|6009|420.51|20|0.1
105218|9572|349.28|53|0.0
102327|9022|452.08|82|0.1
107111|2135|230.76|53|0.15
103037|6791|317.01|61|0.1
100311|6252|382.34|3|0.0
103359|3054|121.12|28|0.05
108722|5778|405.52|43|0.2
106753|5479|32.33|49|0.15
105793|2478|306.17|53|0.05
106579|8105|21.94|3|0.2
106012|1683|200.58|1|0.0
109877|4189|335.04|88|0.0
103774|1359|182.53|79|0.1
101539|9778|212.23|94|0.1
105203|6341|139.73|38|0.0
108671|1182|148.09|97|0.05
104513|6060|27.51|95|0.1
104331|6974|372.04|66|0.15
102796|4337|315.96|80|0.05
107144|983|103.65|23|0.2
106751|8396|366.76|59|0.0
105378|4292|174.56|45|0.15
105156|9406|168.09|6|0.0
100838|923|240.74|81|0.05
102829|8488|107.82|6|0.1
105930|3026|445.42|94|0.05
103338|3147|215.07|57|0.15
101843|9236|95.14|82|0.2
104818|4082|446.02|67|0.15
106130|7361|255.47|18|0.0
108904|669|401.14|59|0.1
105518|3954|278.59|55|0.2
101312|9|92.02|49|0.05
109288|9621|250.82|90|0.1
102273|375|107.75|12|0.1
100225|3214|19.69|63|0.0
101546|4921|366.2|58|0.05
107183|3877|271.43|53|0.0
108114|9171|335.22|33|0.2
104651|9468|111.97|91|0.2
101087|1632|466.5|33|0.15
104285|4812|28.08|26|0.2
103570|4246|245.21|21|0.15
107072|3735|77.25|86|0.0
107308|9476|10.53|88|0.2
100206|7896|370.33|44|0.1
109361|5504|192.89|10|0.15
106467|6180|211.28|25|0.15
101870|9641|308.76|74|0.1
106696|560|393.04|81|0.2
106473|318|121.33|5|0.1
107808|2566|446.99|39|0.0
109679|6828|194.71|7|0.0
108855|6451|156.78|55|0.0
106048|7810|334.38|63|0.0
107590|9101|251.57|19|0.05
102908|3120|247.88|85|0.0
102709|5165|487.58|4|0.15
106582|1470|366.24|63|0.1
106038|6341|250.33|44|0.1
105981|9047|204.34|59|0.15
106343|6195|193.06|96|0.2
108746|2161|252.98|47|0.2
109986|1685|144.6|33|0.1
106475|8106|340.38|40|0.2
107666|9990|352.85|41|0.15
107188|6029|147.58|78|0.05
103675|3075|113.94|10|0.0
100111|3066|308.5|2|0.0
104630|4126|379.98|43|0.05
106220|1554|149.11|31|0.05
109065|7642|312.58|92|0.05
106127|8236|305.22|11|0.15
107019|1028|335.89|100|0.2
103905|6557|60.34|43|0.15
102699|1892|131.52|5|0.0
108332|1150|191.98|6|0.05
108840|1185|123.43|84|0.15
109548|6160|324.52|90|0.15
103740|1968|487.63|97|0.05
102766|8931|302.92|34|0.15
103477|2418|479.8|29|0.0
102692|2505|486.59|78|0.0
104227|5084|423.62|28|0.0
107048|1479|100.25|82|0.0
105968|2547|239.07|86|0.0
103161|7627|185.98|12|0.1
102095|1799|415.65|17|0.2
109690|4187|324.51|95|0.15
100360|1920|432.17|63|0.1
106801|370|433.79|48|0.0
100734|7976|63.48|82|0.05
101343|7679|390.86|34|0.0
103823|7550|97.77|11|0.0
103524|7607|120.72|71|0.15
101318|7591|490.34|45|0.1
100649|2717|439.04|68|0.05
100680|8467|299.27|12|0.0
107431|4496|343.96|71|0.0
103905|1832|352.18|32|0.0
106960|5705|294.67|18|0.05
104215|8842|208.57|21|0.2
106512|7672|246.41|72|0.2
108063|1141|58.76|30|0.15
101816|9275|487.18|87|0.0
101058|9195|219.78|93|0.1
107135|5903|490.28|9|0.1
106124|1416|287.18|34|0.0
106504|7020|425.21|54|0.15
107932|2859|220.59|60|0.1
102732|239|61.77|48|0.0
108272|2693|160.74|24|0.05
103359|1963|439.98|19|0.05
109390|6487|43.64|21|0.0
104970|5650|310.67|18|0.05
104773|3336|442.63|7|0.2
107188|6949|421.68|63|0.2
102720|4866|33.46|48|0.1
107332|4866|438.38|46|0.05
109033|1829|117.63|79|0.15
106502|6276|493.0|67|0.1
102780|8562|245.59|58|0.2
106021|947|120.88|76|0.05
105437|9244|346.76|30|0.1
100296|9598|209.18|44|0.1
109502|9883|475.69|84|0.05
101698|238|63.18|3|0.0
107215|4093|152.93|48|0.1
109441|2910|73.21|36|0.05
109729|6157|126.63|59|0.0
108137|983|460.61|48|0.2
105223|8942|445.62|66|0.15
109215|7397|356.47|24|0.2
100182|3309|295.96|84|0.1
104745|4453|455.37|73|0.2
106116|9231|105.11|15|0.05
104733|380|175.1|91|0.15
107981|6622|206.36|67|0.2
108631|5455|224.58|66|0.05
101946|9566|488.06|55|0.1
100730|3440|439.68|88|0.0
105805|9410|163.9|99|0.1
107925|1603|463.99|98|0.1
108705|7623|199.17|3|0.05
108028|6310|18.02|91|0.1
104581|737|72.61|69|0.2
104468|8220|303.03|45|0.1
100661|8411|206.89|36|0.0
102675|7042|438.92|5|0.1
104919|9181|277.17|87|0.2
105381|7547|137.8|29|0.05
107834|536|110.91|21|0.1
105901|1168|12.0|6|0.05
109460|5944|101.69|19|0.15
108245|1667|339.87|99|0.05
106730|1348|339.78|40|0.2
109807|3616|467.67|35|0.15
100087|278|407.63|76|0.2
102816|8312|460.27|69|0.2
107924|840|314.01|22|0.15
107325|4621|162.22|33|0.05
103853|2439|219.98|82|0.0
106902|2630|472.31|46|0.2
102223|8095|182.81|18|0.0
108134|8871|126.89|81|0.15
102312|6161|275.73|7|0.2
107841|1901|131.37|57|0.0
106660|3184|380.82|29|0.0
100117|3436|166.32|11|0.2
108618|8842|150.37|32|0.05
100966|2126|243.84|60|0.15
103502|9362|400.59|5|0.2
104718|5606|187.81|31|0.1
107798|5476|20.04|92|0.2
109532|6592|382.72|55|0.05
109877|7818|32.45|39|0.2
104456|8190|55.31|67|0.2
107635|2837|265.74|98|0.0
104135|1801|147.75|60|0.15
106120|1364|282.9|100|0.1
108807|466|454.4|24|0.1
108736|9521|377.17|75|0.15
108958|8178|292.95|13|0.05
106409|2793|467.29|90|0.15
100890|2328|462.63|94|0.2
106396|4973|94.81|66|0.1
105991|2568|426.4|8|0.2
109630|8913|397.21|54|0.0
105940|5168|272.34|26|0.1
107866|3801|40.37|37|0.05
106403|1173|488.46|14|0.0
100438|8034|440.18|71|0.0
101932|5026|289.08|56|0.0
103493|1679|467.32|26|0.15
107489|4066|430.01|37|0.0
104759|455|52.27|47|0.15
101361|7749|222.53|85|0.0
108291|7519|281.26|94|0.1
102773|6600|139.47|69|0.15
105998|1709|123.53|50|0.15
103763|7479|304.92|45|0.05
102129|16|497.74|17|0.0
106801|5977|458.15|26|0.05
102465|5998|10.72|48|0.2
107412|9999|209.16|78|0.1
105627|5023|467.69|44|0.0
102934|2980|340.77|18|0.1
100153|345|499.11|71|0.1
105519|4229|152.13|10|0.15
105660|9240|355.6|88|0.05
106242|1382|389.21|4|0.0
108578|9801|286.21|38|0.2
103312|8810|376.31|45|0.0
108150|914|425.88|29|0.15
101359|2736|27.45|93|0.05
104861|288|473.99|30|0.0
103251|1004|100.96|9|0.1
101427|6614|211.3|44|0.0
106169|885|19.19|76|0.2
103454|2235|202.81|15|0.15
101951|7499|382.97|90|0.05
107431|8434|266.51|53|0.15
105207|4471|458.85|92|0.2
109303|7091|374.83|45|0.0
100434|6307|256.59|67|0.05
106841|1803|308.03|65|0.15
109906|5510|28.24|17|0.1
106743|4324|391.79|67|0.0
106727|5870|479.93|35|0.0
101009|6886|303.16|97|0.15
103289|9007|28.82|58|0.1
104684|8248|27.4|59|0.2
100745|665|211.29|87|0.15
100946|7130|172.12|2|0.05
104866|8331|475.68|37|0.15
108230|3536|205.59|29|0.05
102785|5692|222.78|12|0.15
103476|6924|406.8|82|0.0
103353|268|393.02|62|0.2
101919|3550|459.15|49|0.05
103671|4243|434.18|46|0.2
100246|5675|455.32|97|0.1
104034|7576|302.4|7|0.2
102432|943|93.81|62|0.1
104844|1724|425.18|20|0.15
106538|2921|450.08|62|0.1
107970|12|365.48|5|0.0
102512|3306|63.16|96|0.2
105718|7822|282.32|35|0.2
109203|1245|276.65|84|0.2
104646|7050|378.55|38|0.0
106703|9832|424.7|49|0.0
107541|5059|413.71|1|0.1
100462|1091|143.75|84|0.2
109179|6124|453.64|66|0.2
101304|2203|435.67|58|0.15
105095|2139|472.97|4|0.15
100042|6582|149.48|65|0.0
104449|3537|401.98|38|0.15
106879|6738|131.17|45|0.0
105842|8807|34.51|18|0.2
103445|2142|139.29|6|0.2
102612|3641|202.86|54|0.15
100599|7991|377.94|88|0.05
108891|8985|390.4|60|0.1
103720|2328|246.0|3|0.0
103158|1751|79.48|47|0.15
103480|5403|22.29|94|0.05
103593|6962|248.05|59|0.2
100458|307|123.76|64|0.1
100643|1939|206.79|87|0.1
104201|4477|170.19|47|0.05
106036|2708|465.24|7|0.0
108021|2798|164.37|88|0.1
109733|1930|321.79|95|0.2
103523|8663|302.88|42|0.0
104794|5924|291.49|49|0.1
104109|7532|129.26|98|0.2
109856|9497|156.6|27|0.15
105023|7035|147.94|52|0.0
101851|8744|98.39|75|0.1
104537|8756|112.67|87|0.0
104484|5663|102.93|69|0.2
107111|7024|89.6|17|0.2
103940|6723|42.94|25|0.2
109014|7673|383.24|63|0.15
103499|2785|402.05|63|0.05
107309|5640|66.0|39|0.1
108927|6892|72.55|44|0.1
102909|3996|150.81|67|0.0
103683|4723|399.72|35|0.15
101729|5337|452.49|26|0.05
101586|2353|412.88|10|0.15
107351|9172|78.39|74|0.0
109084|1189|279.4|55|0.2
102970|9146|413.15|43|0.0
101245|4641|458.42|16|0.15
104371|9599|358.05|20|0.15
108815|4856|365.18|64|0.15
108319|5149|449.6|32|0.2
101938|199|101.37|46|0.05
102889|2999|477.4|96|0.05
108684|7782|146.54|100|0.2
106196|3484|239.91|76|0.15
103890|9651|218.14|6|0.05
107711|1990|251.43|88|0.0
105712|9590|207.73|48|0.2
105411|5340|279.48|25|0.1
107588|7830|497.53|6|0.05
100083|4704|121.66|39|0.1
101132|6568|160.45|23|0.05
102610|8536|473.1|100|0.05
100480|6369|134.92|46|0.15
108355|8644|66.07|15|0.2
106940|1417|114.16|49|0.2
107867|3263|419.47|12|0.15
102305|9973|23.54|7|0.15
101429|3335|27.72|22|0.05
106476|5751|499.49|89|0.2
103784|3615|468.16|6|0.05
100266|5011|313.13|51|0.05
104143|4319|40.6|1|0.15
102602|9330|364.12|98|0.05
107627|4819|435.36|59|0.0
104888|5230|200.1|95|0.0
108341|8964|275.24|21|0.2
105581|4069|331.51|1|0.2
102930|4512|12.3|66|0.1
106268|6837|158.99|96|0.05
106613|994|219.45|93|0.15
103055|2844|267.58|11|0.0
107845|5429|460.78|24|0.15
108474|2017|95.17|56|0.1
109122|6174|408.81|32|0.2
101452|8429|150.33|72|0.2
104056|4614|329.99|76|0.1
104333|23|185.61|46|0.1
100140|6391|270.87|99|0.0
101147|5964|221.73|56|0.0
107881|5729|378.93|66|0.05
105078|4344|354.96|11|0.2
105338|6660|119.02|82|0.1
105741|7428|81.74|21|0.2
102293|4285|248.09|89|0.1
100610|1906|436.15|85|0.2
102104|6065|66.86|94|0.2
105520|3414|469.9|56|0.2
105608|8704|319.45|41|0.0
101622|7899|94.81|69|0.05
109714|4556|250.32|85|0.0
106682|3919|186.33|68|0.1
104114|2458|24.54|16|0.0
109591|9279|13.7|98|0.05
105449|7760|232.08|52|0.0
103833|9048|460.04|49|0.1
100485|1218|174.51|74|0.1
103314|7986|454.57|10|0.1
102759|2059|120.19|79|0.2
105919|890|101.63|89|0.05
101109|6929|169.3|29|0.0
106322|6165|300.83|43|0.0
101471|1104|481.33|70|0.15
102559|7326|239.05|45|0.0
100315|9557|451.06|72|0.05
109043|6711|256.21|62|0.2
109702|4767|255.99|2|0.05
108503|5787|96.52|17|0.0
101192|7322|304.26|69|0.1
109943|5434|459.51|7|0.1
107132|1615|188.06|38|0.05
101138|8563|356.18|14|0.1
109474|2264|124.3|68|0.05
107989|9131|50.29|20|0.0
104068|5832|379.57|85|0.15
109335|7039|103.33|24|0.2
101019|1111|220.02|61|0.1
109806|3836|56.98|10|0.1
103843|3745|117.41|35|0.0
105737|400|327.95|3|0.05
105590|5243|337.23|42|0.0
109368|6672|163.21|82|0.15
106784|2690|295.85|26|0.0
108374|2499|140.98|61|0.2
104401|8781|329.92|33|0.15
104278|549|477.26|84|0.1
104167|1705|377.53|9|0.0
104779|4430|105.46|9|0.15
104787|7071|142.74|85|0.1
100084|7836|71.31|51|0.15
102317|5701|337.4|9|0.15
102388|7922|275.74|42|0.15
103402|2297|193.16|50|0.15
105915|5742|394.36|23|0.05
106447|8463|184.6|64|0.2
101333|6558|75.54|48|0.05
101196|223|405.85|28|0.15
105862|5527|314.86|36|0.05
106706|8238|352.57|21|0.15
105541|9511|311.72|50|0.15
102770|771|411.85|92|0.2
101710|9876|318.9|97|0.05
104187|9513|231.92|45|0.0
102677|1383|161.92|76|0.05
103861|7734|464.72|99|0.0
107574|6669|110.37|59|0.15
106957|1014|34.47|84|0.0
101568|9105|423.27|17|0.05
100642|1823|224.54|82|0.2
107615|9438|397.88|98|0.05
103156|6541|108.92|95|0.0
103879|4097|86.03|58|0.15
105630|7955|211.3|76|0.15
107962|8867|76.85|22|0.2
107727|2152|194.28|79|0.15
105068|5778|281.26|10|0.05
102686|3740|226.75|51|0.05
100424|21|401.67|87|0.1
100838|7236|26.17|69|0.1
106156|6534|25.45|5|0.1
103167|9194|187.23|94|0.15
106987|4836|312.91|70|0.0
108530|8495|477.66|84|0.05
104331|3124|408.48|98|0.0
100084|3057|461.6|82|0.15
101085|8763|32.2|25|0.15
109222|4631|80.23|53|0.2
100144|5961|31.95|85|0.2
105707|2271|425.33|17|0.0
104054|2838|197.01|52|0.2
107827|4656|190.6|4|0.2
104948|5721|327.29|64|0.0
108579|484|404.17|88|0.1
100722|1201|117.64|55|0.05
103234|9077|451.52|69|0.15
103912|9643|65.59|82|0.05
102987|9025|51.38|65|0.15
107791|3310|311.09|46|0.1
104912|7568|88.05|78|0.1
109088|9120|414.45|94|0.05
100258|1432|491.81|97|0.0
103790|6624|120.84|91|0.15
106795|3075|187.51|90|0.1
109396|1961|457.15|46|0.2
106587|3417|435.05|36|0.15
108039|5220|420.52|67|0.2
106752|8575|485.01|8|0.15
101469|8606|124.28|99|0.05
102000|9461|321.73|41|0.2
101577|2528|281.17|81|0.0
109620|6954|389.65|95|0.0
105999|9658|481.62|26|0.15
101611|7457|87.55|68|0.1
105886|781|422.57|32|0.05
109813|7690|477.89|81|0.2
108411|1245|444.15|79|0.15
100272|8223|228.9|4|0.15
103798|4142|479.73|10|0.05
109680|3593|56.13|35|0.0
109003|6647|29.88|40|0.2
109324|9047|50.68|14|0.05
105864|8827|164.17|20|0.15
105856|4938|351.62|67|0.05
108932|3085|112.76|86|0.1
105360|1062|38.52|7|0.0
101740|5747|274.26|9|0.05
101648|3995|400.88|27|0.05
102156|2492|367.06|14|0.1
100676|6661|61.15|19|0.2
106893|2180|134.73|88|0.0
108083|3279|478.15|83|0.15
102084|7847|88.7|72|0.15
100162|4077|338.81|11|0.1
102523|4562|250.22|78|0.2
102434|7108|270.56|71|0.2
102087|8309|272.37|82|0.0
103374|6966|490.49|65|0.15
108245|753|116.88|5|0.0
109012|9773|279.35|53|0.1
109234|7733|344.39|89|0.0
107919|2340|40.4|7|0.1
102225|1385|182.97|90|0.1
107360|8584|381.88|11|0.0
107348|1158|179.42|97|0.15
106712|4909|242.3|47|0.2
103357|6561|147.59|16|0.2
105295|3971|110.82|17|0.15
102719|2339|395.92|44|0.05
102130|7904|210.49|90|0.15
102810|9957|75.32|34|0.05
103733|3978|104.09|67|0.2
102627|7078|195.47|78|0.1
103688|9712|169.14|99|0.15
103738|7473|72.6|99|0.1
101151|6721|22.9|22|0.15
104259|9865|461.77|67|0.0
108423|7335|417.03|70|0.2
100520|403|203.37|50|0.1
104100|7137|482.84|1|0.0
100986|191|41.73|38|0.2
107176|6364|142.8|81|0.0
102673|189|224.45|22|0.1
109420|811|89.16|47|0.05
102018|8220|335.34|49|0.15
105747|4980|44.72|12|0.2
109830|4982|415.49|48|0.05
108938|8490|430.58|13|0.05
108111|4432|376.54|26|0.15
109621|9045|449.16|36|0.05
104108|1672|465.61|85|0.0
106335|4000|41.23|34|0.1
104549|3748|143.97|76|0.05
103508|5621|177.72|69|0.1
106530|2902|28.82|51|0.1
105154|5483|18.75|33|0.05
101028|6888|457.43|11|0.1
109213|8918|303.93|50|0.05
100887|3976|151.5|34|0.0
108686|416|352.81|10|0.1
103254|4096|14.38|50|0.05
100942|903|38.31|66|0.0
102298|5317|302.14|34|0.0
100779|4145|168.14|27|0.1
103384|9739|307.1|59|0.2
101119|9480|78.06|88|0.15
109360|161|329.26|40|0.0
109649|455|196.27|61|0.0
102637|9198|249.83|60|0.1
107354|5331|64.0|47|0.1
100848|2353|173.7|13|0.1
107664|720|116.1|20|0.0
106161|6884|240.82|45|0.0
109096|6006|244.62|56|0.0
106523|9819|329.04|50|0.2
100587|4362|390.78|58|0.05
105814|6614|275.8|87|0.05
101386|7715|358.4|27|0.0
109244|3151|372.74|73|0.2
102133|2001|128.99|37|0.2
102661|5723|456.98|56|0.0
106099|9239|34.6|19|0.1
100063|6146|258.64|58|0.05
102634|889|158.24|95|0.2
105469|9467|317.64|15|0.1
103075|498|384.7|53|0.05
103658|7294|494.01|29|0.0
107975|7966|43.39|70|0.15
108697|3576|222.84|83|0.0
103094|6376|400.73|44|0.1
109742|2448|37.43|86|0.15
101035|4940|317.46|68|0.15
100242|6842|444.32|31|0.2
107380|9310|316.49|53|0.15
100107|1097|203.64|88|0.2
104708|5095|173.89|38|0.1
106637|4179|397.31|44|0.1
104592|7344|287.75|41|0.05
101017|6277|140.97|61|0.15
106804|8191|217.05|40|0.15
101375|4753|245.99|82|0.05
100611|842|435.05|2|0.05
105912|7524|120.27|3|0.1
108895|7378|483.82|36|0.2
101161|1782|393.46|6|0.15
100709|4127|46.26|37|0.1
103649|5750|427.59|76|0.15
104141|7900|473.34|74|0.05
100003|7654|194.07|38|0.05
106562|856|246.91|17|0.15
103407|7051|349.36|72|0.05
102824|131|481.6|11|0.15
108383|5790|465.2|37|0.0
109076|7129|385.39|34|0.05
109738|9371|170.45|82|0.1
109869|7332|224.85|98|0.15
107163|7312|239.94|71|0.2
105478|9864|100.42|54|0.05
102370|9949|67.72|37|0.1
102186|9299|252.52|67|0.15
103929|6067|409.51|63|0.0
100711|9281|483.44|8|0.2
107327|9892|25.23|69|0.15
102917|3009|34.58|50|0.15
100353|7484|235.92|39|0.05
105505|4712|86.23|46|0.2
105497|7518|494.71|48|0.15
107800|7506|58.45|42|0.0
100524|9889|201.97|30|0.05
102534|2851|106.03|15|0.2
101536|7955|375.1|10|0.05
105444|5943|306.68|38|0.2
100337|1017|27.19|14|0.05
102758|1423|430.46|69|0.0
105673|1161|497.83|84|0.2
102053|6971|277.53|34|0.05
103846|8533|40.35|21|0.1
106124|1073|446.55|87|0.0
102384|4397|56.62|10|0.0
107468|5288|43.4|62|0.05
100528|8028|432.89|27|0.05
104139|4374|310.36|5|0.1
101383|4855|68.33|14|0.0
108321|8576|238.0|84|0.05
103263|8139|406.98|6|0.0
109561|7066|330.35|83|0.05
105593|7672|365.01|47|0.2
108646|4219|79.65|63|0.15
103784|3920|264.3|74|0.1
103255|8819|93.61|58|0.0
105749|6098|68.5|52|0.0
105704|781|66.33|82|0.0
103749|5028|440.85|61|0.15
109759|624|397.94|82|0.05
105632|9982|400.12|72|0.2
108086|3734|370.71|44|0.2
103285|1637|201.46|96|0.0
106605|8642|269.02|7|0.05
107409|4786|487.11|95|0.0
104254|5411|225.12|87|0.0
108038|6741|380.99|8|0.2
106780|7306|217.13|5|0.2
107116|2538|10.35|56|0.2
101398|8855|55.01|74|0.15
101787|9346|62.78|63|0.0
104797|5160|111.57|69|0.0
108773|5154|333.15|56|0.1
101223|1541|30.06|23|0.1
101952|3812|161.57|52|0.15
107665|4049|395.82|18|0.0
104504|5050|458.28|87|0.2
109032|9519|101.26|54|0.2
102922|672|414.98|87|0.15
106776|3|211.31|69|0.2
100298|3881|355.83|60|0.0
109956|5444|229.28|3|0.0
100337|3491|412.36|79|0.0
104373|8189|339.82|52|0.05
100813|5074|32.94|15|0.1
102109|9419|143.92|28|0.1
106813|9834|375.62|57|0.1
105655|3181|163.49|63|0.1
100664|3738|215.22|17|0.05
100266|3479|80.54|83|0.0
104337|6109|380.57|7|0.15
107077|6907|489.69|51|0.1
105913|1493|282.73|86|0.2
108040|2982|270.74|86|0.05
106132|4042|350.14|78|0.05
107058|9741|207.6|27|0.15
103455|844|494.23|85|0.0
105301|439|54.3|31|0.15
100382|641|422.66|68|0.15
107656|6221|215.33|86|0.05
104467|6048|215.91|60|0.1
105800|7529|278.79|61|0.2
103846|9966|421.34|38|0.0
109559|7745|122.47|44|0.15
108558|1946|19.46|90|0.05
107422|1409|340.3|55|0.05
101818|687|41.82|48|0.0
103643|4019|304.45|43|0.0
109309|5757|271.85|3|0.15
106529|5516|11.89|46|0.15
100208|6101|454.19|80|0.1
104045|8669|152.93|99|0.2
105447|9256|466.58|47|0.0
107608|3420|20.09|58|0.2
107356|4146|120.24|83|0.1
108330|4627|121.37|97|0.0
102228|1681|150.76|8|0.1
109265|1824|347.29|25|0.15
106700|8862|175.11|69|0.0
106499|5925|283.92|72|0.0
105965|9922|49.96|90|0.15
101850|9609|302.31|37|0.0
103651|3911|182.09|90|0.15
100632|5452|163.15|88|0.2
109643|4795|170.43|2|0.05
108467|1705|360.39|15|0.15
100464|8117|337.95|21|0.15
100084|7948|308.36|6|0.15
101142|4228|250.39|91|0.15
106878|2452|446.8|57|0.0
100639|7508|345.82|61|0.0
102258|6009|447.03|77|0.15
104605|5569|106.55|8|0.2
105757|4844|79.84|36|0.1
109683|5569|14.63|48|0.05
107943|7672|222.9|78|0.2
109726|6245|79.29|46|0.1
109451|8832|111.11|3|0.05
108454|1002|339.36|69|0.05
108984|6503|181.17|55|0.0
107050|4400|245.12|34|0.1
105744|3932|278.18|66|0.0
109319|479|309.54|51|0.15
104698|1210|207.92|57|0.0
106841|6624|477.61|6|0.0
102719|5215|278.89|61|0.0
106979|807|14.84|93|0.2
106629|8582|246.8|70|0.05
100961|2105|285.22|30|0.0
109967|2195|164.26|92|0.0
100694|3628|478.79|58|0.15
101107|4699|398.29|75|0.05
101711|1915|89.84|60|0.15
100653|1|223.82|16|0.05
105201|3342|397.99|67|0.0
103766|3958|105.15|52|0.05
103659|6374|330.93|85|0.1
101408|6222|94.05|36|0.1
109769|2463|257.9|97|0.15
100837|7267|65.78|90|0.2
106769|3517|348.14|75|0.0
105477|6269|57.08|31|0.1
105251|7424|328.41|6|0.05
107933|4374|184.06|28|0.05
108696|9315|468.77|65|0.15
102693|9025|131.26|71|0.0
108181|7718|229.92|86|0.05
105127|4921|447.27|50|0.0
104443|2583|305.12|50|0.1
103583|9896|471.58|58|0.0
103693|80|113.95|44|0.1
104963|9751|196.05|93|0.1
108648|1300|460.28|99|0.2
108151|8891|256.72|33|0.0
106244|8339|166.64|18|0.15
105012|8088|477.21|5|0.05
100947|6209|426.67|73|0.1
101158|3734|40.41|18|0.0
104434|6347|303.35|82|0.05
100277|3733|104.25|68|0.1
101785|4846|385.32|50|0.15
104371|5850|160.62|82|0.2
109204|1918|139.79|44|0.15
102824|695|149.23|66|0.05
101712|7112|422.26|11|0.0
107456|7113|84.04|10|0.05
109698|4905|446.81|27|0.05
107788|2330|96.47|41|0.2
100139|9026|60.12|47|0.05
103289|3666|263.88|62|0.05
109812|3019|473.78|13|0.05
104626|1997|350.49|72|0.0
100451|8594|463.9|1|0.15
104091|6514|322.55|27|0.05
102045|4166|113.15|86|0.1
108615|1642|78.57|3|0.05
105732|7775|453.65|6|0.05
102402|7991|37.04|6|0.0
105277|8866|192.15|53|0.15
105714|325|82.86|82|0.05
103709|9888|299.53|71|0.05
108759|7372|402.99|99|0.1
108440|3409|110.94|2|0.0
104245|8258|387.25|35|0.15
103917|8061|360.93|36|0.2
101891|7185|84.1|23|0.1
109274|2866|16.53|83|0.2
109438|7679|462.57|64|0.1
100459|3957|200.2|100|0.05
100040|2923|224.24|6|0.15
102590|7754|422.68|1|0.15
108183|7675|114.19|15|0.2
104968|3857|353.8|71|0.2
105680|677|55.92|54|0.2
102924|862|397.35|89|0.05
106229|5079|310.64|8|0.05
100664|5169|247.95|59|0.05
100796|8574|370.93|55|0.0
102508|202|251.05|93|0.2
108111|1362|35.76|90|0.2
104871|8159|466.21|39|0.1
102925|5961|143.74|57|0.15
100474|5847|166.04|24|0.15
106875|2846|444.13|9|0.05
100593|1870|19.29|63|0.0
105645|6456|165.39|78|0.15
108254|1952|338.74|16|0.0
103786|1806|390.52|25|0.0
105398|8200|103.37|67|0.2
109510|4842|105.39|49|0.05
103770|2383|57.03|50|0.2
100250|2113|72.97|27|0.05
101735|6662|306.99|5|0.15
105423|5011|340.42|18|0.0
106991|8849|434.3|42|0.15
102188|2023|245.9|26|0.1
106989|1333|67.92|13|0.15
100725|8940|87.44|93|0.05
105337|7736|400.99|20|0.05
100942|8665|272.06|28|0.2
100591|2997|322.64|98|0.05
103776|7694|30.9|1|0.1
102863|3143|62.99|43|0.05
109225|5356|454.6|44|0.15
105554|3861|428.03|90|0.1
100811|4378|425.75|44|0.15
102334|3896|314.2|16|0.0
102305|394|295.04|24|0.1
101857|6710|154.16|50|0.15
100459|8542|417.23|47|0.0
100103|5500|236.58|42|0.0
103616|7161|418.42|21|0.2
102586|6894|497.53|80|0.1
106449|6047|158.6|44|0.05
106591|489|133.57|78|0.0
103019|1459|186.69|73|0.2
104404|592|277.02|51|0.0
100592|492|450.94|55|0.15
107220|5263|405.54|7|0.1
100402|6875|153.21|92|0.1
107310|3935|242.25|92|0.0
101969|3450|341.45|90|0.1
102109|8671|229.96|91|0.2
106764|8903|112.98|30|0.1
109984|8955|289.67|30|0.1
106179|8427|58.58|28|0.0
101819|1865|384.75|20|0.0
100841|1624|321.74|35|0.1
105229|1187|101.36|27|0.15
101301|9949|62.62|85|0.2
104485|4424|196.69|51|0.1
106131|7922|414.51|62|0.0
105269|1214|391.47|72|0.15
109911|4597|330.44|57|0.0
106698|3990|132.57|73|0.1
104587|2956|423.71|30|0.05
104104|5049|57.12|42|0.0
101618|2503|454.32|35|0.05
107692|903|465.29|54|0.2
106887|7746|278.88|87|0.15
102703|220|151.54|69|0.15
105144|8170|330.08|58|0.0
107358|5888|67.03|57|0.15
103321|8673|455.43|56|0.2
103256|3716|372.56|24|0.1
103746|1681|124.76|76|0.15
104201|5830|204.11|26|0.0
103278|2805|327.87|75|0.05
106043|937|198.57|36|0.1
102592|5097|225.27|79|0.2
109742|8824|454.62|99|0.15
106979|7218|350.84|22|0.2
109906|4114|476.28|50|0.1
104919|9693|438.05|19|0.0
103373|30|252.58|74|0.2
101824|1801|304.7|9|0.0
102435|6025|86.56|50|0.05
102736|9454|155.13|74|0.2
104724|9778|374.86|85|0.05
102307|463|120.27|39|0.2
107748|4649|11.1|51|0.0
106813|1784|259.53|27|0.1
104006|7700|492.65|17|0.05
102719|541|419.72|91|0.15
105591|4144|171.66|92|0.05
102701|6128|375.56|22|0.2
106989|6714|478.84|6|0.15
100344|4118|289.93|51|0.2
104107|9576|421.75|64|0.15
101268|5198|414.53|19|0.15
102592|859|256.59|16|0.0
103231|7284|368.28|18|0.1
104942|8512|470.51|80|0.15
103079|7444|177.2|23|0.1
108311|7212|214.24|97|0.05
101731|3013|40.21|85|0.1
108530|9998|395.09|41|0.15
101793|5147|112.1|10|0.05
103909|6027|225.15|34|0.2
106536|4846|294.84|53|0.2
104051|4686|459.6|2|0.05
108118|1525|260.06|54|0.05
106197|6219|275.12|83|0.05
109157|6752|469.02|50|0.1
104603|9603|259.72|87|0.1
102477|4670|63.79|11|0.05
100656|1394|206.28|58|0.0
101765|3299|11.98|4|0.15
103309|1527|290.63|86|0.2
102995|1980|296.08|1|0.15
103065|9292|216.86|17|0.05
109687|7971|204.25|58|0.2
105543|3366|486.23|70|0.0
104843|6694|188.71|19|0.15
102785|6227|227.89|9|0.15
105124|8008|331.13|17|0.05
104847|568|373.82|81|0.1
109252|7104|260.34|77|0.0
100166|1206|303.43|21|0.0
100751|6863|366.61|64|0.2
103582|1139|483.57|15|0.0
101739|3352|456.84|95|0.0
102122|3562|19.95|51|0.0
101288|2421|82.6|73|0.05
106851|8280|224.61|40|0.15
101869|7935|389.86|7|0.1
102842|4528|278.72|10|0.0
104693|1390|160.18|4|0.2
107203|4450|89.03|70|0.05
108676|342|313.05|71|0.15
106382|9926|420.58|49|0.0
102049|5494|209.24|57|0.1
100144|1884|268.93|69|0.1
100862|2219|81.82|19|0.1
106995|4147|28.16|21|0.0
109131|4328|417.85|18|0.0
102872|3004|420.68|39|0.05
105016|511|335.77|57|0.15
101320|1022|86.55|84|0.1
100561|4286|205.17|42|0.05
104719|1582|51.84|56|0.05
100286|4681|497.05|74|0.0
109539|9945|428.13|40|0.1
107556|6060|461.75|28|0.0
101824|8999|344.73|73|0.05
103685|3817|433.51|54|0.05
109932|7610|368.05|91|0.0
102201|9967|78.37|22|0.0
108893|629|210.19|70|0.05
105732|2126|480.9|11|0.05
108751|987|478.21|52|0.15
101440|1270|239.98|38|0.2
104432|3682|153.27|78|0.15
101942|5315|377.32|51|0.15
106550|5617|16.9|73|0.05
108745|4258|327.76|66|0.1
105023|4601|170.79|39|0.0
107736|5757|473.69|64|0.15
100574|296|59.19|71|0.1
104913|8351|192.55|59|0.05
108743|6829|119.27|6|0.1
106615|873|140.39|15|0.2
109468|5553|22.18|83|0.05
100924|9368|30.58|26|0.15
108399|3184|16.95|56|0.0
104126|1007|305.47|33|0.2
102403|6588|121.69|31|0.05
109363|9631|162.92|60|0.0
104053|6813|196.86|20|0.2
108388|7455|29.15|26|0.0
108194|514|114.21|4|0.2
102841|1566|146.98|18|0.0
108106|7581|319.23|46|0.0
104695|2023|241.61|24|0.2
106831|10000|103.09|41|0.0
105076|2730|453.18|52|0.2
102330|9731|96.65|71|0.15
105873|6961|366.62|90|0.2
107877|6488|100.86|19|0.2
101765|5408|387.88|22|0.1
109651|863|378.25|9|0.05
109426|4986|341.63|94|0.15
102604|4747|300.2|59|0.05
106945|5964|276.32|86|0.0
106637|8194|346.44|80|0.05
100507|4246|357.67|28|0.15
108451|2120|254.69|66|0.2
101007|4491|322.96|87|0.05
108446|4860|86.93|92|0.0
106029|1451|499.35|72|0.15
108652|6837|481.49|50|0.05
109293|3229|181.77|83|0.0
105069|6174|33.42|64|0.15
100314|6258|316.44|76|0.05
104352|6395|320.66|63|0.1
109278|9662|455.25|10|0.0
104291|476|38.42|80|0.0
106972|6307|238.28|67|0.0
107377|7659|467.22|4|0.1
101820|762|74.17|31|0.05
100284|8453|351.97|36|0.1
103895|5090|211.07|86|0.05
107850|8350|424.3|22|0.2
108576|1559|490.0|76|0.2
103073|4188|461.46|57|0.0
100557|4581|333.22|76|0.1
100931|9894|278.5|90|0.15
103691|2470|345.57|44|0.05
106120|2214|116.07|87|0.2
107685|4569|113.28|95|0.2
103252|1250|42.45|71|0.05
105816|1533|259.91|36|0.15
101150|1185|23.6|47|0.1
107815|8828|409.64|61|0.2
106274|972|227.67|77|0.2
108423|2726|26.65|66|0.15
107896|6736|153.98|8|0.15
107789|3168|205.52|69|0.2
107508|51|349.58|30|0.05
100978|2363|372.78|100|0.0
109781|8937|366.95|51|0.05
104740|5360|369.41|40|0.05
102162|5882|271.28|50|0.1
102519|5811|393.92|87|0.2
107453|410|197.74|17|0.1
106389|8503|335.01|95|0.05
100095|175|133.86|87|0.05
108026|9287|106.68|34|0.05
106658|6419|492.08|65|0.0
102656|3287|301.47|10|0.15
102477|2409|65.6|12|0.0
101073|9252|46.62|21|0.1
104874|5973|445.88|99|0.05
100978|9753|109.09|99|0.1
100880|5074|339.03|30|0.1
100016|20|457.6|4|0.1
109944|1614|39.68|81|0.05
106239|9525|200.41|56|0.1
102668|9577|274.52|33|0.0
106193|4392|420.87|37|0.0
109253|6514|290.13|22|0.0
104818|3150|85.14|68|0.1
106693|2885|401.99|87|0.0
109667|8714|330.75|92|0.15
100825|1681|122.8|80|0.2
106780|4802|80.95|34|0.2
104830|373|143.39|15|0.15
104138|7295|268.98|87|0.0
106840|100|187.58|38|0.15
100160|2981|362.99|48|0.05
101211|5191|434.49|80|0.2
104325|4509|357.93|35|0.0
100777|3657|232.33|68|0.0
105044|8435|390.75|78|0.2
102564|5536|78.31|37|0.05
107550|428|237.77|29|0.1
108206|5320|365.46|67|0.15
103898|9685|357.43|75|0.0
104779|1676|253.48|56|0.1
104523|172|396.94|60|0.1
104704|2130|228.62|73|0.1
100159|7710|325.09|9|0.0
105882|3562|80.5|61|0.15
104514|3200|185.55|39|0.15
100587|2624|379.45|20|0.2
104566|7725|13.69|36|0.0
108270|81|55.71|83|0.2
103927|3186|199.43|14|0.0
101829|4059|136.48|38|0.2
105106|6671|383.82|63|0.0
106582|1544|249.44|39|0.05
107082|2433|223.5|41|0.05
105815|2271|227.76|60|0.2
103935|5406|438.24|67|0.0
107522|8539|367.93|92|0.15
109703|6008|272.99|67|0.05
100667|2793|167.65|26|0.0
104067|395|456.69|96|0.2
104933|567|382.4|32|0.0
101764|2057|189.11|23|0.05
106516|4030|178.09|85|0.1
106472|3957|274.0|52|0.0
101337|828|98.94|12|0.1
106181|7459|18.54|58|0.05
108389|5623|316.41|58|0.0
103158|2197|185.24|71|0.05
103117|1977|163.93|97|0.05
101050|6968|142.57|42|0.05
104115|9954|349.12|56|0.05
109264|9081|187.26|65|0.05
106637|904|140.89|43|0.0
105912|2118|128.23|85|0.1
106797|2168|166.27|79|0.0
106771|71|128.08|98|0.05
106825|9445|281.32|37|0.1
102934|6994|141.21|9|0.05
103765|4332|64.81|15|0.15
102157|2417|450.24|16|0.1
107806|5783|333.3|57|0.05
108234|5569|213.27|6|0.05
106899|5222|421.07|17|0.0
109024|2251|138.89|45|0.1
103055|2192|70.22|58|0.15
107834|4902|181.76|85|0.15
107964|795|171.47|24|0.15
105334|5069|54.07|23|0.15
103558|7053|150.28|72|0.2
108820|5697|460.69|4|0.0
109437|2788|211.13|72|0.2
107765|6477|172.9|28|0.0
100310|8481|55.86|66|0.05
106665|9107|35.88|94|0.1
105069|2476|165.67|72|0.1
103323|4663|145.59|15|0.2
102749|8263|36.08|36|0.05
100476|3171|122.19|65|0.2
100160|1811|330.36|59|0.0
109865|3770|222.96|73|0.05
108145|8428|301.53|2|0.1
107457|6731|495.72|21|0.15
106521|4201|305.68|97|0.05
107826|6961|56.34|59|0.1
100346|7974|187.21|98|0.2
108366|7748|436.86|17|0.1
100457|7604|462.01|31|0.0
104112|1065|221.04|72|0.0
102447|5521|50.54|12|0.0
107910|7490|457.87|53|0.0
108223|177|404.59|100|0.1
103796|2863|133.53|16|0.0
101816|9005|421.16|52|0.15
101513|2312|347.34|88|0.1
107934|1562|303.87|56|0.0
104766|9104|162.1|66|0.05
105673|8725|302.81|16|0.0
101687|415|178.82|5|0.0
106732|3086|366.68|35|0.1
101992|2153|310.7|24|0.05
101511|6575|477.29|31|0.0
102765|7933|136.5|45|0.05
107366|6044|121.28|77|0.05
105957|4160|307.57|68|0.2
106476|6321|467.36|70|0.2
100655|8601|145.14|62|0.0
100823|3954|483.34|38|0.15
103644|9264|497.16|36|0.15
101048|2585|343.25|61|0.1
104990|5797|249.55|97|0.2
107173|6307|348.81|32|0.15
108477|1049|211.33|76|0.1
102294|5365|359.73|71|0.05
101101|3169|357.04|58|0.0
102651|6817|30.84|8|0.2
103760|3057|192.59|8|0.05
100649|1955|106.83|27|0.2
102766|4843|29.59|14|0.05
100223|2579|462.56|15|0.2
100293|787|491.2|69|0.15
100713|2232|59.16|87|0.0
103505|3764|227.01|47|0.0
101806|6005|30.86|44|0.05
108740|4727|90.31|41|0.1
104581|8311|325.79|2|0.2
101125|3217|103.9|50|0.1
103877|9361|339.96|42|0.1
101865|5264|281.67|91|0.2
105825|8509|468.51|34|0.05
109454|3449|382.94|77|0.15
105043|1500|306.52|82|0.15
102182|5411|304.02|6|0.15
103563|3033|482.33|99|0.2
101490|716|393.9|75|0.1
101793|3817|209.07|42|0.0
107756|8490|88.51|38|0.15
101084|738|353.59|45|0.1
106184|5502|371.22|17|0.1
107635|6321|350.93|31|0.15
105655|3500|140.04|2|0.1
109316|8963|178.02|31|0.1
101143|5439|284.37|30|0.15
108767|1046|38.33|94|0.0
103535|6507|14.92|55|0.2
109159|7354|193.98|28|0.1
104458|776|342.76|14|0.1
105784|2972|289.54|65|0.15
102678|5872|243.31|28|0.15
104637|2352|390.29|80|0.2
103094|1087|150.65|37|0.15
102048|8828|434.17|56|0.15
102150|1939|58.68|27|0.1
103481|8787|26.13|39|0.15
108323|8845|116.0|100|0.05
106628|7285|426.61|74|0.1
108664|5854|179.79|32|0.05
105037|6191|150.24|8|0.05
108674|6883|209.65|47|0.0
105416|7096|155.88|11|0.05
101790|3581|490.26|75|0.1
102460|4095|423.42|95|0.15
101008|4329|254.0|42|0.1
108684|2477|313.08|64|0.1
103624|8769|439.03|67|0.1
101169|8686|251.46|86|0.0
107780|7643|376.21|66|0.1
103142|3183|408.19|67|0.15
102762|5445|266.86|3|0.2
109401|7063|456.43|37|0.2
104945|4015|207.17|18|0.05
102659|361|111.91|14|0.15
103060|2833|381.79|79|0.05
100528|3211|136.33|30|0.15
100449|1204|356.64|96|0.05
106062|2944|396.38|39|0.2
100006|4683|219.79|97|0.1
106999|9645|381.64|68|0.05
107315|1030|273.33|47|0.05
106694|4674|320.34|95|0.2
103171|332|491.19|38|0.1
107029|7249|113.11|64|0.0
101564|2215|16.1|95|0.0
106342|1745|232.65|1|0.0
101027|9726|264.11|51|0.0
103706|3197|170.26|5|0.1
104618|1241|153.64|29|0.0
109522|5912|302.46|61|0.05
109822|8617|172.17|10|0.15
103666|8166|461.23|96|0.2
101370|348|483.14|22|0.15
109118|4029|100.45|55|0.05
107474|786|365.05|49|0.0
109259|1032|177.43|28|0.2
102297|8932|135.13|49|0.05
108306|5169|369.75|94|0.1
109532|4239|19.87|28|0.0
108301|4408|474.31|79|0.05
108205|4626|70.39|42|0.1
104549|4030|168.02|52|0.2
106733|9437|122.19|50|0.0
108890|1172|344.95|32|0.05
105883|2277|448.31|31|0.0
101478|2114|197.85|17|0.2
103880|4345|388.24|40|0.05
104907|8154|148.25|93|0.2
103371|4677|302.78|63|0.05
106449|6920|48.11|30|0.2
102060|4788|369.95|77|0.05
100456|4602|446.59|46|0.2
108543|2130|406.35|82|0.15
107342|3632|95.18|23|0.2
106067|9163|488.86|55|0.15
109079|9425|136.63|18|0.1
108599|2672|58.47|56|0.05
101632|664|40.23|76|0.0
106698|2546|230.58|24|0.15
100265|3585|162.56|23|0.05
107298|4171|217.81|77|0.05
108465|7088|28.52|70|0.0
100400|3778|412.71|45|0.2
107057|4719|368.81|3|0.05
108754|8345|324.83|83|0.2
109880|2644|353.9|67|0.1
103548|2453|115.34|53|0.2
109161|2763|485.71|54|0.05
102168|1013|242.93|13|0.15
102696|295|375.98|19|0.1
105532|984|395.81|25|0.1
106388|5346|85.0|35|0.0
102951|6597|446.84|48|0.1
100879|1258|232.37|32|0.2
100770|8391|224.58|58|0.2
104958|6444|56.25|92|0.05
102605|4263|307.6|11|0.05
108127|6081|321.37|2|0.05
107871|4693|485.41|12|0.05
105127|8121|138.89|44|0.1
107657|6050|351.67|67|0.05
104877|1393|140.82|83|0.2
100459|2033|24.89|7|0.05
106557|8065|308.23|79|0.0
104888|1845|297.13|47|0.0
106690|2642|478.13|47|0.2
104861|9918|256.81|29|0.15
108430|3255|435.71|88|0.0
102095|9357|255.29|92|0.2
102625|9138|389.66|23|0.2
108861|8991|302.16|73|0.0
107154|7589|448.76|49|0.1
108017|8969|401.57|31|0.2
102709|6593|53.1|34|0.0
100834|4944|367.49|56|0.2
104205|800|441.68|21|0.0
106877|8372|135.47|94|0.2
102476|4040|209.9|72|0.2
100868|6344|152.21|85|0.15
105921|8071|319.95|59|0.1
106485|1674|254.96|47|0.2
103636|9365|472.82|98|0.1
106654|3620|179.5|86|0.15
104041|5391|228.04|91|0.1
104955|1796|299.2|40|0.2
107124|2931|495.39|55|0.05
109247|8243|147.67|2|0.1
103427|3516|25.33|81|0.15
107621|4699|314.91|4|0.1
102817|8604|293.96|11|0.1
100772|4411|139.19|78|0.2
100683|6657|99.18|91|0.1
106477|305|305.27|61|0.15
104357|1983|363.5|31|0.2
100167|3608|190.58|1|0.05
106854|1760|203.64|27|0.15
109117|6070|174.19|9|0.05
101067|8399|449.75|79|0.15
101897|3581|251.91|23|0.1
104125|9952|459.95|49|0.2
100108|9934|275.23|86|0.15
103073|2808|351.9|75|0.0
106192|6182|382.08|16|0.1
109211|6488|477.81|13|0.0
101150|7062|53.09|81|0.05
106759|1895|125.24|22|0.15
109619|7337|101.58|9|0.1
109430|1721|315.22|6|0.2
106345|2066|42.46|49|0.05
105519|2279|415.66|35|0.2
105950|2740|43.3|36|0.15
103251|5226|311.76|33|0.15
108447|5223|260.33|38|0.1
106635|4051|415.29|10|0.05
108717|1126|62.66|66|0.15
108877|4393|463.2|74|0.1
100506|6732|151.24|72|0.0
101673|2062|325.99|1|0.0
101486|5658|315.32|92|0.2
108252|3426|129.85|11|0.1
106720|9799|222.8|75|0.1
101516|7456|450.73|85|0.05
106407|2900|63.57|19|0.15
102729|592|245.01|11|0.0
106211|7416|45.18|30|0.1
101235|3958|396.88|3|0.0
107311|3566|331.46|19|0.05
108009|2446|319.89|100|0.0
104519|6987|203.59|74|0.1
108085|92|449.82|73|0.05
104528|1630|28.91|58|0.1
108524|8887|285.94|9|0.1
109702|6362|175.02|58|0.15
107575|1735|38.11|5|0.2
105795|5132|471.21|16|0.0
100638|720|495.5|83|0.0
109766|7850|96.37|73|0.05
107132|9505|455.7|4|0.1
107546|7655|304.05|33|0.05
108341|3666|343.2|31|0.15
109870|3633|358.94|25|0.05
105370|8829|138.18|91|0.05
105197|2297|79.63|77|0.2
100524|4989|274.85|83|0.1
106077|3687|93.06|97|0.1
100741|2628|431.86|45|0.15
100311|4058|325.93|86|0.2
108561|8112|337.83|81|0.05
104537|3243|60.22|4|0.15
104685|1338|239.59|89|0.1
101293|3955|273.01|56|0.05
102779|8353|466.55|93|0.15
105547|3886|267.22|45|0.2
101190|8982|56.82|34|0.05
108098|3891|373.38|57|0.15
106313|5711|93.42|88|0.05
106136|2144|48.21|70|0.05
107108|5695|99.14|80|0.0
108639|7821|299.91|51|0.15
101509|5769|376.78|44|0.1
107179|204|157.45|2|0.15
104078|8315|135.93|42|0.0
107276|4222|305.52|30|0.1
109843|5926|140.21|17|0.05
108303|357|298.83|45|0.2
107972|169|36.49|32|0.05
108503|849|329.83|62|0.2
103739|6008|442.63|33|0.1
107080|1837|118.35|56|0.05
104459|5944|149.08|62|0.05
102092|9844|82.62|51|0.2
102227|4196|301.27|21|0.2
108526|28|376.74|99|0.2
106548|7542|14.69|83|0.15
101949|5314|101.42|60|0.1
104013|8062|63.74|40|0.2
102561|814|11.25|32|0.1
100692|7090|75.07|95|0.15
101993|1878|56.81|48|0.0
104183|1922|174.72|50|0.15
109039|9414|471.58|85|0.0
103428|5826|206.68|89|0.15
109855|9420|450.97|90|0.15
108124|9494|196.3|31|0.15
106595|4951|46.04|8|0.2
101006|5414|59.01|2|0.05
105341|3165|166.84|39|0.0
106299|5132|279.19|93|0.05
108687|4234|311.27|36|0.2
105258|1745|343.45|4|0.1
106289|9196|231.55|74|0.05
101494|9317|342.7|59|0.15
106536|2499|486.48|42|0.0
103277|1923|235.11|71|0.15
108460|94|114.25|25|0.0
109345|3455|59.3|94|0.05
100837|5618|277.52|5|0.1
102004|7521|138.56|28|0.1
105898|9433|213.91|97|0.2
109698|8935|58.45|14|0.05
104297|4057|29.35|58|0.1
105288|6193|111.87|17|0.2
102757|3880|33.24|43|0.2
106194|9170|141.21|58|0.05
103316|8857|453.08|11|0.2
104763|8422|486.7|23|0.2
106192|9692|287.18|41|0.0
101294|6143|295.65|15|0.1
109724|3925|81.49|38|0.15
100189|5199|331.49|40|0.1
106912|1258|417.32|15|0.1
103751|7853|266.97|18|0.0
106315|9927|423.75|40|0.15
108580|9531|96.3|74|0.2
103561|7626|496.03|55|0.15
102984|6019|318.88|56|0.0
103018|4978|433.49|7|0.05
100490|3040|120.78|39|0.05
109706|4394|219.47|87|0.05
101926|6699|443.18|73|0.1
103632|6851|194.92|48|0.1
106505|3313|18.58|95|0.0
102428|4751|367.9|60|0.1
109063|2216|442.34|53|0.0
105910|3466|191.0|17|0.05
102111|9549|103.69|71|0.05
105300|5705|184.18|25|0.1
102515|9161|426.96|19|0.05
102918|2672|178.29|37|0.05
101176|5544|39.63|10|0.05
104427|1651|329.55|8|0.05
108933|923|328.16|31|0.1
102893|5362|287.17|92|0.2
101848|3778|33.0|46|0.15
101899|3167|463.31|97|0.15
108126|5346|279.29|41|0.15
103956|2861|258.11|3|0.1
106541|4730|371.02|5|0.0
104992|4366|92.91|48|0.2
101528|1117|206.19|9|0.0
106110|2489|304.13|14|0.0
108328|1852|272.15|89|0.15
103476|6269|36.96|10|0.05
100179|1514|141.19|75|0.0
105030|3465|65.58|78|0.05
101777|4862|488.58|9|0.1
101162|2308|91.81|82|0.0
102163|5485|17.93|41|0.05
102381|8076|494.3|91|0.15
103249|3463|94.53|49|0.1
100462|1501|269.94|34|0.05
104323|6343|34.85|25|0.05
101564|7091|277.02|31|0.2
101118|5004|50.0|20|0.15
106996|8271|380.28|28|0.15
104375|8015|346.28|36|0.2
107165|8877|388.18|45|0.05
107046|7999|95.19|11|0.15
102814|27|379.36|76|0.1
104762|8128|416.98|51|0.0
102901|1619|70.19|28|0.05
108361|810|258.35|91|0.2
103357|1627|284.18|93|0.0
108079|7032|305.53|2|0.1
103629|5237|494.47|22|0.1
103162|2095|65.06|41|0.0
104443|5628|26.98|26|0.15
106139|3800|453.31|77|0.1
101784|9363|327.27|50|0.15
104957|4027|181.69|89|0.2
103671|6240|345.96|92|0.15
103020|7313|134.47|25|0.15
105979|3489|131.32|20|0.2
106063|9841|33.76|39|0.2
101625|3829|373.46|65|0.2
106401|8064|99.24|55|0.2
102905|9721|363.17|44|0.1
104614|2020|380.83|12|0.2
103159|2337|369.47|97|0.05
101054|7860|203.39|47|0.2
106664|7217|379.86|83|0.2
105686|5704|366.52|83|0.0
101486|1709|468.91|16|0.2
108473|3218|159.0|63|0.2
107083|956|489.83|66|0.1
100046|9396|148.17|28|0.05
103132|6477|230.21|78|0.15
109132|7158|482.53|95|0.2
101628|9008|277.26|11|0.05
108018|6758|426.37|85|0.05
105880|5943|242.38|42|0.15
108546|4521|51.04|65|0.15
104076|2454|445.49|1|0.1
103230|5315|402.15|37|0.2
101843|6304|291.94|27|0.05
107354|6970|462.74|4|0.05
100631|5872|397.81|90|0.05
103965|4385|35.01|73|0.0
100018|9224|175.97|56|0.1
106050|5225|184.22|33|0.15
107853|8851|306.37|89|0.15
107284|2821|416.89|26|0.2
107045|1249|299.48|10|0.2
109925|1655|255.87|99|0.05
102959|4959|313.71|35|0.05
107486|7897|369.87|33|0.05
104949|6483|110.2|89|0.05
107620|1638|104.44|46|0.0
106966|5225|233.58|24|0.1
108312|9980|395.9|80|0.05
107452|3469|185.41|15|0.0
102819|1934|270.4|65|0.0
101050|9140|184.13|46|0.0
101805|3555|109.81|5|0.0
102896|1058|366.44|19|0.05
108730|1336|92.43|33|0.2
105623|4349|495.45|18|0.15
108332|1969|365.32|99|0.15
105052|7110|47.26|1|0.0
100140|6774|68.11|71|0.2
103742|7836|184.69|34|0.15
100797|3285|458.71|25|0.2
100517|8860|328.58|68|0.1
102776|1454|11.08|64|0.1
106173|6376|144.97|17|0.2
101161|9238|198.42|37|0.05
103215|8377|470.11|22|0.2
105140|6383|207.35|40|0.05
107186|7426|326.86|13|0.05
109308|3313|117.06|34|0.05
102016|5648|204.99|31|0.0
101113|5727|243.7|91|0.05
102775|2076|113.99|43|0.1
104052|9501|20.17|22|0.0
102714|214|204.59|27|0.0
103342|8374|42.15|6|0.2
108201|5571|413.09|73|0.15
103741|463|22.6|93|0.1
102362|7752|48.06|80|0.05
104091|4145|326.17|56|0.05
100274|9119|406.39|73|0.05
109900|9905|466.51|3|0.0
103477|9530|268.44|72|0.05
105459|3001|187.21|30|0.2
108792|3697|94.62|62|0.05
102304|9435|260.02|77|0.2
107857|2413|245.37|47|0.0
103502|5848|194.44|70|0.0
105922|6490|374.35|34|0.2
100986|4236|101.7|94|0.05
108809|3349|162.46|26|0.0
102086|823|20.82|31|0.1
108458|7021|57.87|63|0.2
103565|8549|280.39|74|0.2
105497|6752|365.1|2|0.05
104182|4671|335.12|97|0.05
104181|6770|155.36|42|0.0
103919|3841|129.93|14|0.2
101865|6827|128.49|66|0.1
108508|9115|77.83|5|0.0
102833|7999|248.77|62|0.15
105016|3660|174.81|64|0.05
104456|3075|120.81|28|0.2
104868|9347|266.65|25|0.1
107856|8849|338.43|83|0.0
102140|3317|201.02|69|0.2
100627|9353|202.61|88|0.15
105647|7467|441.98|23|0.1
105464|7984|429.85|21|0.1
103609|362|373.35|24|0.0
105820|2362|255.22|83|0.1
109633|7905|158.18|6|0.1
101789|6146|298.49|25|0.0
108166|5706|366.73|79|0.0
106775|5657|164.53|75|0.0
101406|9639|97.33|58|0.1
100676|734|234.11|85|0.05
102150|4867|261.47|50|0.15
107057|5718|300.31|59|0.1
108338|9657|101.99|81|0.15
109513|3886|376.28|49|0.15
106492|4017|154.48|60|0.1
109461|6031|64.47|24|0.05
109623|8449|187.6|61|0.2
102191|7281|302.5|23|0.15
105504|2780|89.74|24|0.2
104848|7389|21.74|82|0.05
108746|1914|12.88|85|0.15
107126|5178|476.2|72|0.05
100789|7784|261.53|69|0.05
102314|1182|439.11|67|0.1
102158|2756|51.48|62|0.05
103250|1186|129.11|4|0.05
100831|4510|106.37|54|0.1
109396|3216|31.22|67|0.2
100122|6036|462.42|49|0.2
109401|4893|490.92|49|0.05
106952|8619|347.59|14|0.15
108581|3988|417.7|82|0.0
100500|5692|453.25|83|0.15
109430|1238|407.5|43|0.15
102763|1670|383.44|21|0.15
106046|3913|346.82|4|0.2
105796|1115|323.39|49|0.1
108419|3503|144.52|99|0.15
107326|7125|438.56|15|0.15
105339|1320|27.68|33|0.05
107307|2920|54.92|64|0.05
101662|3511|493.96|93|0.2
100806|8161|57.07|27|0.0
100767|7233|325.58|71|0.0
109796|671|390.43|91|0.15
109539|1193|17.15|77|0.0
100360|9808|247.97|23|0.15
102927|153|476.89|38|0.05
101168|6915|153.33|74|0.2
102962|1503|357.49|31|0.05
109360|4516|202.52|90|0.05
102222|9063|124.39|19|0.2
105922|5873|246.96|39|0.1
101328|8483|238.66|13|0.0
101899|1038|198.1|37|0.15
108766|212|107.09|46|0.1
107403|6016|211.57|46|0.0
103779|3866|391.08|76|0.15
102636|2161|80.87|50|0.2
109180|432|229.51|96|0.1
109097|9970|248.47|8|0.2
103454|549|89.42|17|0.15
105791|4074|266.17|15|0.1
109019|169|257.51|100|0.15
107732|2032|130.1|39|0.2
108257|5426|133.61|53|0.2
104086|9051|290.85|74|0.05
102014|1693|119.66|17|0.1
107392|687|168.45|59|0.1
103645|2661|491.26|9|0.05
109561|6874|403.92|100|0.15
105309|612|330.31|19|0.15
108458|2516|199.99|31|0.0
104963|2430|23.97|8|0.0
101146|5300|368.81|50|0.0
105392|1974|294.94|26|0.2
109627|4397|139.53|70|0.1
106837|9658|244.42|37|0.1
108188|6727|187.24|98|0.1
106390|4980|41.92|11|0.05
102494|9992|191.04|20|0.0
103716|1499|53.32|32|0.1
106060|3425|445.34|30|0.15
107801|8639|310.64|70|0.15
103226|9791|230.89|34|0.05
106514|911|317.59|86|0.05
106041|353|472.19|96|0.05
100620|140|413.29|34|0.1
105607|5248|107.08|83|0.1
101650|7104|425.1|12|0.2
108767|9189|342.75|87|0.15
103602|5471|219.62|59|0.2
103065|9699|367.95|6|0.2
103120|4342|263.02|91|0.2
100894|113|323.85|60|0.2
101090|8386|338.39|93|0.05
106867|7980|163.92|86|0.15
102169|1737|177.61|52|0.05
109408|4689|159.55|7|0.0
103281|5411|364.89|40|0.05
107635|8449|268.28|93|0.05
104793|2118|174.48|81|0.05
107877|1770|282.44|95|0.15
107754|8884|139.49|86|0.05
103391|1529|220.11|97|0.1
101623|1552|122.89|98|0.15
108133|7186|153.92|27|0.15
107059|3437|187.84|13|0.2
108699|8290|212.13|8|0.05
108513|5686|53.05|52|0.1
101395|764|338.42|43|0.0
109476|8126|102.58|39|0.15
105995|1936|177.69|49|0.2
105986|5538|286.04|26|0.0
108707|9619|486.22|52|0.05
109018|4513|327.44|45|0.1
103515|8822|24.46|90|0.05
107381|6680|26.11|80|0.05
102120|487|365.38|16|0.2
102490|5612|236.29|79|0.15
107768|2454|393.26|10|0.1
101479|7874|52.85|77|0.0
109364|8388|433.78|62|0.05
103114|9522|48.38|50|0.15
106481|5277|336.16|43|0.05
104824|8276|190.01|3|0.1
108130|4218|236.02|49|0.0
100033|8555|382.68|73|0.15
108058|3795|48.39|20|0.1
103168|810|318.52|23|0.15
105359|7241|62.91|99|0.0
101602|5403|65.07|81|0.0
102025|1165|385.85|45|0.1
101822|534|215.52|3|0.1
105911|4489|21.5|16|0.2
102150|769|412.66|10|0.1
102668|7397|321.24|54|0.1
102779|3456|65.06|99|0.15
103386|4954|71.97|27|0.05
102707|7756|18.22|18|0.2
106200|290|61.29|21|0.05
103661|1983|140.5|50|0.05
103485|6545|128.28|13|0.15
100844|5944|287.42|5|0.1
106325|3137|488.45|33|0.15
108727|691|54.27|37|0.0
101334|6697|95.86|98|0.0
105831|8520|411.73|97|0.0
109051|9128|232.52|23|0.2
104565|5676|448.38|94|0.15
102161|4354|65.45|70|0.2
107753|1115|291.9|69|0.05
106072|7866|226.42|55|0.15
109893|4048|417.99|76|0.0
106612|8107|290.61|22|0.15
109298|7296|419.79|17|0.2
100971|1898|161.95|29|0.15
100072|7067|74.41|11|0.2
107004|2601|56.32|4|0.05
105589|6678|494.79|60|0.05
100522|297|62.24|88|0.2
101807|9671|355.73|96|0.2
106263|8423|469.27|91|0.15
103591|1486|404.2|47|0.15
101429|4751|256.83|23|0.05
109573|7246|193.03|48|0.0
102293|7855|454.12|75|0.1
100453|8736|60.1|40|0.15
101955|319|97.3|48|0.15
108705|86|399.13|11|0.15
107222|4513|343.1|20|0.15
104181|2877|89.23|27|0.1
105920|8894|429.6|60|0.15
104283|1446|234.23|49|0.15
103813|298|296.14|11|0.0
107810|4403|465.06|22|0.05
108008|9986|43.46|79|0.05
109709|3910|213.16|40|0.1
100449|9771|72.42|66|0.1
104240|421|82.72|59|0.15
103418|4211|499.69|30|0.05
102056|4681|436.3|76|0.05
103836|6664|385.1|12|0.2
104111|2098|487.84|19|0.1
100505|5417|381.64|18|0.15
105160|6462|402.05|89|0.0
104904|4845|33.19|7|0.1
102578|904|315.13|21|0.1
101233|1840|430.16|14|0.0
106511|150|286.89|30|0.0
100370|9049|290.32|78|0.1
100745|3728|76.79|94|0.2
104104|2297|281.33|50|0.15
105630|451|389.59|88|0.15
105783|7848|473.35|59|0.2
106360|1327|245.02|81|0.1
107399|3389|382.64|38|0.2
108994|6675|354.28|2|0.1
101264|908|334.37|26|0.1
101794|4344|233.39|49|0.15
106899|3918|449.89|35|0.1
106853|8165|215.16|75|0.05
109129|6299|240.41|26|0.15
109759|4521|69.27|58|0.1
102415|722|235.96|42|0.2
100332|8503|261.02|47|0.2
101976|8629|358.52|35|0.15
100980|6310|399.92|95|0.05
102334|6744|496.63|22|0.05
107507|9497|386.48|89|0.1
105355|6219|225.04|53|0.2
102886|3071|473.55|23|0.0
100378|9631|350.14|24|0.1
106841|1734|217.49|34|0.0
108570|7852|310.88|6|0.2
108386|6756|198.86|23|0.15
106993|8462|215.65|15|0.2
102581|5810|422.02|8|0.15
102643|948|475.82|61|0.1
109152|2361|385.45|93|0.15
100321|4562|117.57|66|0.2
104090|737|197.72|71|0.1
103469|5454|362.47|48|0.0
104750|9192|20.06|17|0.15
102080|664|368.96|23|0.1
107903|8303|381.42|28|0.05
100887|7032|64.87|33|0.2
102274|2530|24.58|11|0.05
109230|8184|200.19|73|0.0
101286|366|27.04|45|0.2
108825|3175|400.93|34|0.15
105358|6431|388.56|55|0.0
102438|5509|175.4|74|0.0
109974|4208|255.12|58|0.2
102528|1497|481.47|38|0.2
102820|5773|31.24|93|0.05
102293|9314|382.5|57|0.15
102077|2609|293.33|98|0.0
107841|2963|377.62|48|0.2
103508|1748|98.1|11|0.2
100734|8446|323.95|18|0.15
104010|5816|330.95|70|0.1
104117|9113|480.64|59|0.05
101203|6354|170.62|77|0.2
104990|9269|107.64|45|0.2
101686|8720|303.43|41|0.15
100868|7517|347.43|92|0.15
100440|9465|182.86|55|0.15
104693|4958|118.64|93|0.0
107943|9344|131.59|24|0.1
101486|1580|145.66|26|0.15
106027|4976|103.34|65|0.2
107715|7026|55.47|54|0.0
103905|7767|48.02|16|0.1
107860|3147|184.48|96|0.05
107274|8250|457.64|18|0.15
104992|4450|318.91|65|0.1
102467|671|201.02|72|0.2
109952|6320|212.51|71|0.1
109294|9068|137.85|49|0.0
103495|4306|414.79|88|0.15
107938|131|218.51|34|0.2
109605|9252|415.39|38|0.0
102519|8083|175.34|39|0.15
101030|3368|145.21|20|0.05
103598|7390|52.11|12|0.05
103154|1467|128.0|8|0.1
105649|4289|376.43|4|0.2
101844|3955|251.73|68|0.1
103604|9337|468.64|74|0.1
105693|9975|314.05|49|0.05
102674|5349|484.64|51|0.0
109498|6812|408.71|40|0.1
107720|207|54.94|60|0.15
102062|5782|11.44|41|0.05
100681|403|199.83|83|0.2
103781|3297|131.99|3|0.05
107276|8599|476.4|90|0.05
108484|520|372.64|73|0.0
103983|2694|465.23|91|0.2
109570|6528|25.59|96|0.05
102210|4044|381.14|58|0.15
108763|2722|13.16|61|0.15
105399|2116|277.08|13|0.05
104352|1022|157.69|91|0.0
107741|5627|283.82|73|0.1
107673|8484|343.92|95|0.15
103889|6511|109.51|47|0.1
101248|3902|438.91|31|0.05
103837|5634|10.75|31|0.15
100862|5751|371.67|41|0.2
104477|5531|82.86|41|0.05
106198|147|176.6|95|0.2
107278|9481|39.52|24|0.2
100099|562|113.23|52|0.15
105615|7788|413.0|81|0.2
108027|7270|64.14|94|0.1
104188|1094|164.34|6|0.0
107850|1162|105.32|24|0.2
106334|6475|143.82|77|0.05
101148|6079|444.34|42|0.1
100796|4641|332.24|49|0.1
101384|9254|408.44|54|0.1
100631|4363|415.48|100|0.1
100741|6052|351.93|74|0.0
102021|166|85.74|96|0.05
100555|4865|28.26|81|0.15
107962|6539|216.74|89|0.0
108654|7013|302.77|94|0.2
108180|3210|201.97|72|0.1
107726|3097|205.41|81|0.2
105639|2059|82.64|45|0.1
100163|7448|270.46|92|0.05
106782|1660|177.7|81|0.05
104159|31|318.62|37|0.15
109434|9807|137.97|5|0.05
103604|2012|409.64|30|0.1
108745|8896|325.3|49|0.2
107266|1435|451.91|100|0.05
109124|8305|31.8|77|0.15
102232|9432|106.09|99|0.15
101401|1089|328.78|55|0.0
104102|4101|240.21|36|0.0
108074|1409|271.4|36|0.05
103937|4704|122.19|20|0.05
106058|8138|292.08|49|0.0
105084|1166|308.82|48|0.05
104392|6632|108.26|90|0.15
108474|1992|316.61|10|0.0
105700|885|144.15|37|0.15
104517|2051|282.88|16|0.0
102278|7163|134.86|22|0.2
103874|7088|172.98|73|0.1
104162|8167|433.91|81|0.0
100157|1020|384.59|91|0.0
100790|5687|55.76|45|0.05
103496|3076|219.33|12|0.05
105501|1831|148.47|36|0.05
109606|14|282.2|91|0.0
102002|8552|389.31|70|0.1
105810|3371|177.37|43|0.15
109915|8742|328.14|29|0.15
108644|3386|238.57|44|0.0
105622|243|27.7|13|0.05
108906|4201|108.25|99|0.05
103924|230|295.83|39|0.05
107518|2094|251.69|39|0.05
102802|7266|442.6|86|0.0
108385|8454|414.9|48|0.05
101377|4855|181.39|39|0.1
104330|4327|17.7|65|0.05
107581|8879|347.94|21|0.2
105967|2936|422.43|11|0.15
109168|2144|224.0|16|0.0
100451|2473|37.3|64|0.2
108146|4127|376.86|32|0.15
104663|1091|68.94|46|0.0
104875|3158|330.5|9|0.0
108741|2243|17.69|30|0.05
109301|8508|485.46|88|0.2
101508|3580|498.15|97|0.2
104120|5|288.74|16|0.2
104596|52|224.95|77|0.05
107246|2683|331.0|97|0.0
108062|9921|215.28|56|0.15
100702|6859|206.68|92|0.1
106337|11|199.08|15|0.05
100755|933|43.43|82|0.0
107484|9692|363.53|92|0.1
104158|257|290.84|41|0.05
108661|2780|435.63|99|0.1
101381|3089|206.12|92|0.0
106300|6394|305.53|38|0.0
103543|4432|131.46|19|0.05
105723|47|407.7|88|0.0
103033|9014|415.89|56|0.1
104332|2275|236.33|60|0.15
101319|5166|479.21|37|0.2
106658|4987|344.22|98|0.05
100080|1780|416.04|52|0.0
100367|8582|308.1|87|0.05
102555|9678|397.89|26|0.05
107970|5850|80.15|59|0.05
109656|94|269.44|16|0.1
107106|2592|252.26|9|0.05
104000|9604|331.72|48|0.05
109172|7003|129.09|46|0.15
109025|7842|304.76|72|0.2
102142|2132|292.2|41|0.1
108474|2930|144.53|1|0.0
101464|7854|193.59|66|0.15
109166|4765|340.78|51|0.2
102824|6054|224.65|15|0.1
103441|7956|162.16|30|0.05
105126|3777|211.24|72|0.1
109081|61|255.13|40|0.1
100307|4839|406.88|76|0.0
102096|4540|245.71|70|0.0
101746|132|466.02|94|0.05
102233|9226|368.53|37|0.2
108375|533|192.17|29|0.2
105431|2155|465.4|67|0.1
109235|4636|140.54|53|0.05
107893|1120|434.32|62|0.05
106245|3585|167.99|45|0.0
109753|7023|194.05|32|0.1
101981|8963|217.92|78|0.2
108175|2142|486.76|92|0.15
104164|9432|473.06|38|0.05
103730|1317|71.44|99|0.15
101683|2607|182.04|59|0.05
109341|8954|112.59|79|0.2
104450|7785|76.81|37|0.1
106568|1149|277.67|88|0.0
100915|5977|155.71|32|0.0
109948|7055|394.98|24|0.0
109844|7969|215.17|48|0.0
102152|699|44.65|8|0.0
107492|4527|222.72|27|0.15
105266|7812|298.55|54|0.2
103235|8974|294.07|83|0.15
101539|5180|428.67|24|0.05
100255|4847|455.22|51|0.05
106396|9543|52.43|19|0.0
109009|3590|428.88|1|0.15
100980|4418|191.75|29|0.1
102377|897|264.91|59|0.0
105486|5971|356.1|71|0.1
101075|4963|418.27|7|0.0
105936|9136|427.23|77|0.05
104781|3134|323.79|23|0.1
109458|2575|428.34|37|0.0
107545|4087|388.59|88|0.2
106653|9453|139.68|55|0.2
105966|6438|60.22|63|0.2
100379|4052|66.11|10|0.05
100269|4029|226.35|39|0.0
109248|1414|345.67|27|0.15
108249|8743|423.67|9|0.15
108219|9314|90.04|93|0.1
100795|8712|146.83|58|0.0
104190|6603|24.09|99|0.0
108180|2534|106.2|56|0.1
105477|9218|417.83|88|0.0
104527|9557|107.1|87|0.1
102473|5579|190.46|32|0.15
105123|2799|49.19|43|0.1
109358|7018|430.41|56|0.15
107939|6703|379.3|44|0.2
102279|2823|35.57|23|0.0
108498|8112|110.87|66|0.2
104736|2386|99.42|58|0.1
109669|721|94.59|11|0.1
106850|7776|129.46|6|0.0
109766|4758|33.03|78|0.1
100304|9114|93.15|39|0.2
109836|8618|439.28|51|0.2
100656|5675|42.72|88|0.0
107491|761|342.01|47|0.1
105585|4096|129.01|68|0.1
104960|2801|340.42|78|0.0
103076|2435|51.44|82|0.1
106064|1464|304.6|19|0.0
104840|829|173.82|87|0.05
104121|9881|129.04|49|0.1
102677|3479|409.79|66|0.0
101775|5874|152.03|12|0.15
101788|5401|427.46|36|0.0
105479|8716|109.86|97|0.15
106749|2199|371.28|17|0.0
100493|1156|209.31|34|0.1
103041|3538|107.03|11|0.15
104298|8192|480.42|56|0.15
108437|1795|183.98|52|0.1
109486|4547|405.19|87|0.2
101138|8457|51.72|34|0.15
103020|4808|444.25|80|0.15
104195|7271|482.17|72|0.15
100125|3026|204.29|43|0.1
104811|9800|412.87|62|0.0
102453|2499|480.97|50|0.2
109840|9112|455.09|54|0.0
105927|3188|99.46|3|0.15
100853|9278|57.31|95|0.1
104202|5554|218.41|36|0.15
106110|9720|296.84|35|0.1
102060|8101|301.65|57|0.05
109181|773|160.31|88|0.15
103783|2864|90.14|89|0.0
106295|3500|274.11|58|0.2
106989|7297|389.44|86|0.05
102873|6334|405.35|92|0.2
106942|872|97.01|61|0.15
101687|503|432.66|42|0.0
103423|9882|247.16|38|0.1
108932|2959|433.04|60|0.0
100842|3481|221.24|24|0.15
103367|2448|325.07|34|0.05
100005|1159|156.83|10|0.2
107324|9804|126.19|30|0.1
102583|9726|284.83|71|0.1
101313|9831|356.3|44|0.0
106148|1285|211.02|73|0.0
106027|8781|257.99|41|0.15
102812|1185|198.48|99|0.15
107950|1480|179.5|82|0.15
109074|2218|264.29|99|0.0
107891|9723|321.59|2|0.1
104382|8882|132.69|75|0.2
102393|5455|292.96|86|0.1
105581|1606|105.12|88|0.2
106024|8889|255.77|89|0.1
107078|9243|449.77|88|0.15
102927|3201|65.48|49|0.2
107731|7951|12.67|58|0.2
109649|6601|265.63|90|0.2
107621|304|212.24|87|0.1
107527|8873|328.61|2|0.2
105746|2747|108.4|72|0.15
106882|1397|244.39|17|0.1
101862|3329|419.01|50|0.1
101548|7657|278.67|54|0.15
105076|3716|190.07|29|0.05
109931|3252|139.91|83|0.0
107435|9022|373.59|6|0.2
101682|6605|26.93|55|0.05
105585|6436|297.84|20|0.2
105461|8391|339.09|67|0.05
105060|5675|60.64|57|0.05
109966|6981|195.1|13|0.2
101694|6845|282.44|69|0.05
108690|4698|165.83|14|0.1
104790|580|269.54|78|0.2
102889|5745|239.28|64|0.1
108750|8362|237.91|87|0.1
106630|4530|299.34|24|0.2
105306|3153|163.47|49|0.15
101936|1879|146.17|26|0.0
106474|9772|402.96|22|0.15
107490|5573|212.07|94|0.2
102784|3423|222.05|69|0.2
101675|3412|278.06|4|0.15
100928|6438|250.82|95|0.2
108573|4953|181.79|13|0.1
101269|9731|386.8|2|0.15
108718|2799|240.2|87|0.15
106522|2992|34.52|30|0.05
104387|7093|244.92|44|0.0
101447|1745|290.22|21|0.0
105069|5888|136.51|72|0.1
106536|684|150.16|69|0.15
108163|1938|333.67|4|0.0
101040|2929|15.3|24|0.15
103437|5534|385.5|89|0.1
100480|4771|304.55|18|0.05
100981|696|281.92|77|0.15
104886|4312|361.54|6|0.1
102350|3187|63.11|36|0.15
102032|2936|451.89|40|0.2
102627|2996|203.47|89|0.1
101815|5963|340.27|35|0.05
109351|669|231.91|76|0.05
108563|4867|61.12|73|0.15
104168|2717|153.77|11|0.1
106752|9580|300.91|6|0.15
104518|5352|472.38|60|0.1
106231|6985|422.75|16|0.1
107023|672|182.12|42|0.15
103431|6283|44.92|52|0.1
101908|3493|385.58|42|0.05
109742|5372|427.9|96|0.1
103318|4897|114.51|40|0.2
101866|6464|441.85|42|0.0
109309|6194|402.75|31|0.15
104020|5219|361.15|14|0.1
107773|3066|436.48|80|0.2
106035|3276|48.71|25|0.2
109431|1773|323.93|55|0.2
105575|2408|295.18|30|0.1
101877|1904|473.35|35|0.0
105994|738|20.53|43|0.1
107987|8073|106.6|63|0.0
100444|5838|422.29|3|0.1
108331|4664|98.06|41|0.2
109659|9991|395.16|30|0.15
108010|8758|333.19|86|0.2
102189|1029|473.19|58|0.15
105729|8985|11.62|69|0.2
101387|1281|357.22|41|0.05
102328|1206|44.77|51|0.1
101789|637|287.52|90|0.1
105397|2115|205.57|3|0.05
108572|9460|466.59|60|0.15
107207|4885|270.69|3|0.0
100061|3940|143.21|66|0.05
105997|9614|368.22|34|0.2
104810|2732|440.16|37|0.1
100072|598|235.39|19|0.1
100864|3988|257.91|100|0.0
100115|1560|259.89|81|0.0
108032|1755|35.48|90|0.15
108553|8375|220.42|43|0.15
105261|6609|370.29|56|0.0
105849|469|217.98|12|0.2
107192|493|334.61|44|0.15
105742|6942|319.74|30|0.0
102627|7951|461.05|27|0.05
102816|3604|247.33|92|0.15
107335|8577|249.86|33|0.1
106338|7414|272.77|95|0.15
103213|9616|97.74|1|0.15
105273|4129|303.33|69|0.0
100262|4857|213.57|100|0.2
100043|6759|493.84|33|0.05
105658|7792|347.11|27|0.05
100584|8872|35.68|91|0.1
104567|954|96.82|71|0.0
101575|3100|382.9|31|0.2
101656|3857|350.45|2|0.0
105157|4176|229.08|60|0.0
102812|43|42.52|13|0.15
107572|753|50.13|16|0.2
108655|6279|77.9|29|0.0
105352|2061|185.45|37|0.1
101356|3304|201.09|61|0.05
105373|3127|16.49|39|0.0
102800|4378|428.72|30|0.0
103566|3839|305.98|64|0.0
101939|4667|143.82|23|0.15
106231|567|301.3|33|0.05
109509|9518|216.2|86|0.2
108464|6426|275.02|27|0.0
107279|6384|128.49|19|0.15
105155|5149|126.77|68|0.1
105610|9897|22.01|78|0.0
107229|4166|302.19|37|0.05
107137|2827|342.34|6|0.2
101702|9312|368.44|54|0.2
106678|9569|130.17|7|0.2
109058|762|127.15|24|0.15
104023|8945|12.39|6|0.05
105537|5336|284.97|79|0.1
108101|6067|491.37|73|0.05
103615|801|353.11|56|0.15
106623|4825|351.11|31|0.1
103409|5225|336.46|68|0.15
104535|8010|68.12|76|0.1
105774|602|234.65|53|0.0
105199|7614|310.54|98|0.1
108275|2931|52.25|31|0.1
108690|9522|253.57|93|0.2
107868|7199|361.2|36|0.2
100345|6015|466.54|79|0.15
100156|1412|374.88|5|0.05
101409|801|330.67|5|0.0
106188|2102|63.1|18|0.05
106347|5310|456.84|62|0.15
104900|7129|349.88|32|0.05
104874|2141|198.76|64|0.2
106583|2859|301.3|31|0.05
102393|8595|400.51|80|0.1
106667|1613|347.59|75|0.1
106350|491|375.07|2|0.05
104819|7588|227.17|21|0.05
103305|1201|340.25|57|0.2
109439|563|237.38|25|0.2
102324|9338|286.99|29|0.2
106289|3262|84.68|34|0.1
100379|7458|180.8|25|0.0
106850|6517|483.21|65|0.15
101087|8456|98.03|82|0.0
107803|3620|243.46|43|0.0
101275|5766|370.11|44|0.15
106697|3531|147.64|97|0.05
107149|3197|414.6|79|0.05
107083|3109|214.32|47|0.05
106484|5456|352.09|48|0.15
100696|6573|14.07|67|0.0
101118|4736|414.82|63|0.2
103575|6660|239.87|42|0.1
104888|8810|104.19|98|0.15
108611|7022|467.47|62|0.15
102572|3273|297.68|89|0.2
108521|3795|87.71|25|0.2
102188|7393|301.73|74|0.2
109500|6295|425.73|91|0.1
101979|7263|134.11|65|0.2
102307|3538|226.48|9|0.2
102027|6746|245.36|93|0.05
103034|2779|265.12|76|0.0
102258|9691|88.67|56|0.2
109962|6854|276.54|48|0.15
102202|2163|165.83|25|0.2
100686|8466|298.53|71|0.1
108062|2209|108.86|94|0.05
107013|8566|97.51|51|0.0
107785|5594|112.99|14|0.05
104152|1203|95.92|12|0.2
109813|8948|178.61|13|0.1
101838|2819|327.7|62|0.2
102498|7376|62.65|95|0.2
103099|1302|61.11|76|0.05
108867|8502|178.36|13|0.05
102532|6572|68.78|42|0.05
102315|4845|223.07|52|0.0
104444|530|363.33|75|0.1
102992|4816|68.68|78|0.1
105565|259|384.33|100|0.0
105570|562|205.57|48|0.0
104849|2385|368.84|18|0.05
106793|8712|347.2|69|0.1
104773|8913|115.86|22|0.05
108847|543|17.75|76|0.0
101503|1120|436.17|43|0.15
109642|3327|19.73|41|0.0
100281|396|453.85|23|0.05
105403|8606|353.04|8|0.1
100413|7867|362.03|89|0.15
101473|8236|308.84|57|0.05
108989|8697|149.73|34|0.2
104801|7854|420.79|48|0.05
105981|6573|58.84|11|0.05
100184|1190|418.49|66|0.05
102794|8155|386.66|44|0.0
101212|7125|310.8|63|0.15
106108|4490|495.17|40|0.0
107363|6929|363.49|76|0.05
105155|7407|254.71|70|0.0
105081|3793|74.35|68|0.0
107413|8979|224.35|98|0.2
102176|4909|133.05|53|0.0
105583|5835|242.15|56|0.0
107513|2518|398.36|44|0.0
109642|5634|473.59|5|0.1
103254|1390|366.78|38|0.2
103482|4772|327.13|89|0.2
108097|5026|77.86|8|0.2
102031|5341|439.9|52|0.2
104676|3717|18.12|17|0.1
106765|629|333.53|54|0.1
105743|2557|489.67|93|0.1
107717|4357|312.43|62|0.05
109335|571|37.9|82|0.2
105814|4399|430.6|18|0.05
103129|1831|90.6|56|0.1
107794|9867|247.23|81|0.1
108338|2231|68.96|89|0.15
105806|3783|399.62|73|0.05
106251|6004|70.22|15|0.15
104057|6893|411.26|30|0.1
103174|8181|224.17|87|0.15
101317|5789|495.45|21|0.15
105772|5164|437.15|76|0.1
102924|4278|31.62|28|0.1
104200|1300|369.06|99|0.15
108638|5091|242.52|57|0.2
105384|2402|441.66|46|0.0
104933|517|370.15|54|0.2
103565|4208|403.16|71|0.0
102691|8870|112.7|60|0.0
104584|5749|52.81|75|0.0
107953|8498|158.59|45|0.2
109584|852|271.97|29|0.05
101301|8650|406.71|11|0.05
106519|752|279.19|36|0.0
109685|9438|320.85|84|0.2
107419|730|358.12|20|0.15
104987|8711|424.56|6|0.15
100779|9468|443.13|8|0.15
105797|3338|367.07|49|0.1
101485|7602|454.83|58|0.15
100842|2367|186.25|56|0.0
103510|3632|179.35|9|0.0
105115|3294|416.07|4|0.1
106619|9754|362.31|97|0.15
107140|3294|395.87|80|0.15
107948|5590|18.97|100|0.1
101630|2356|156.3|84|0.15
100368|3873|390.77|41|0.15
106065|7189|285.99|1|0.1
100260|6745|368.34|20|0.2
106392|1994|460.96|29|0.2
109872|9023|246.36|18|0.05
108393|7773|193.8|93|0.05
103584|7805|56.36|74|0.05
104485|7869|122.79|54|0.0
104860|5209|454.88|68|0.05
109911|4003|432.49|30|0.0
102854|6090|159.2|58|0.15
100968|2103|371.94|31|0.15
100740|7190|341.07|31|0.15
104785|475|291.0|95|0.05
102469|6839|484.44|60|0.15
100657|2207|436.44|48|0.0
107004|6128|493.93|66|0.2
109628|9301|170.18|16|0.1
109741|8079|444.72|53|0.15
105274|4906|360.46|18|0.05
101895|8903|419.43|30|0.15
109774|9300|485.07|32|0.05
100397|9898|75.78|48|0.2
108157|5043|284.02|93|0.0
105656|2732|98.56|65|0.05
106011|7036|12.99|7|0.1
103534|7560|65.31|68|0.0
106850|6632|198.04|51|0.0
108693|4618|439.46|66|0.2
109496|2861|498.98|88|0.0
109301|4307|202.6|57|0.2
107463|1946|107.67|20|0.05
108737|3669|338.33|100|0.1
104235|7460|39.31|76|0.2
103986|88|392.5|26|0.2
102936|6024|154.5|87|0.05
102379|8260|371.11|47|0.15
107148|4790|84.7|33|0.15
109389|7090|463.41|64|0.1
107524|8846|126.11|56|0.05
107621|6821|56.34|2|0.05
107933|5748|460.43|57|0.1
104887|3781|332.97|43|0.2
108545|3404|50.06|20|0.1
101048|7820|279.47|67|0.2
100769|1009|280.9|56|0.1
103316|1189|88.84|53|0.15
105812|4467|428.86|97|0.05
105982|3887|375.67|42|0.05
107853|7060|492.14|46|0.05
103259|47|130.26|96|0.2
107986|9622|255.85|58|0.1
104446|9925|358.04|1|0.05
104390|1171|133.17|3|0.2
103819|711|18.16|55|0.05
102605|6588|144.12|28|0.2
104954|6561|494.95|9|0.1
101081|3465|152.81|60|0.1
109057|4185|186.34|5|0.05
109835|2800|489.31|64|0.0
101277|294|104.88|59|0.05
102988|9677|336.04|86|0.0
105786|616|213.94|6|0.05
102049|9227|259.7|13|0.2
101278|577|426.54|54|0.0
105778|3088|93.3|99|0.15
105832|3543|342.95|94|0.1
100378|7971|199.55|67|0.15
107105|2302|224.58|7|0.05
100478|5212|257.09|92|0.15
109763|244|151.87|71|0.15
109525|4117|193.22|24|0.1
100401|342|96.72|53|0.0
107590|1586|191.01|64|0.15
107563|1657|81.95|2|0.0
108530|633|456.07|21|0.15
105099|6498|124.45|3|0.1
102244|6411|56.43|2|0.05
105157|2621|13.72|66|0.0
100917|1809|230.98|3|0.15
103266|241|402.71|100|0.15
107162|1283|193.25|14|0.05
109849|535|342.2|40|0.0
106974|9062|476.8|21|0.15
109604|887|49.95|52|0.15
100121|4278|44.46|48|0.15
102261|8777|393.83|26|0.1
108199|2997|94.66|15|0.05
101899|5698|84.41|64|0.0
102401|4305|362.82|52|0.2
104186|3866|409.19|65|0.05
100429|682|448.49|26|0.05
100845|2156|122.22|27|0.0
104850|7444|203.6|60|0.05
103393|7620|141.17|10|0.2
105565|7256|442.89|57|0.2
109682|429|324.92|48|0.05
109722|6119|224.2|75|0.05
108544|3816|353.42|43|0.2
106376|5419|319.99|58|0.0
106260|3477|420.87|41|0.1
106364|9183|398.58|64|0.0
108131|8722|232.44|33|0.0
108001|1549|117.92|76|0.1
101110|7957|225.78|89|0.2
103789|4274|98.85|74|0.2
100988|8360|479.75|55|0.0
103157|8768|60.83|26|0.2
101761|5160|262.95|32|0.2
100497|4553|31.34|56|0.15
103455|5782|262.12|46|0.0
102891|6996|367.56|52|0.2
100263|4680|160.46|15|0.05
101600|6041|16.81|16|0.1
103603|9486|378.95|57|0.0
106812|6489|137.34|24|0.15
105584|9111|403.63|54|0.15
100346|2553|402.91|53|0.0
104152|2750|353.96|98|0.0
101178|3655|97.2|84|0.0
101606|8651|125.48|97|0.1
101975|8224|343.94|59|0.2
100713|3033|392.28|64|0.0
104588|9307|263.17|44|0.15
100288|9050|103.7|28|0.15
104334|149|229.07|60|0.2
102400|1215|396.36|47|0.15
106610|8610|153.58|32|0.15
100066|4901|230.97|10|0.1
107720|8454|288.01|99|0.15
109443|2214|315.42|40|0.2
102555|263|245.75|52|0.0
104533|3514|478.17|72|0.15
100093|6896|214.42|66|0.2
105699|699|389.0|27|0.05
100116|7934|396.86|91|0.0
103654|1651|387.46|71|0.05
105999|6967|310.34|84|0.0
105855|7045|151.32|71|0.1
106523|8515|222.52|11|0.0
103438|3182|301.75|45|0.1
104641|7632|495.92|91|0.2
102956|8927|495.69|70|0.15
105483|5862|112.72|68|0.0
104498|2668|57.44|56|0.1
105951|1430|130.45|91|0.15
104300|9147|465.44|27|0.05
103503|9538|47.42|46|0.0
102112|186|165.8|85|0.15
107898|1097|93.28|96|0.15
108215|190|38.39|52|0.15
108398|6147|214.14|96|0.2
101797|385|406.96|69|0.1
102638|7623|498.38|16|0.15
105443|3609|191.74|97|0.1
102685|5533|365.37|49|0.15
105072|5393|13.65|38|0.15
104974|2426|365.74|36|0.05
102417|4580|216.57|14|0.0
103964|8391|492.0|83|0.05
108895|3939|181.48|32|0.2
106859|7870|116.43|58|0.2
100761|7146|355.51|70|0.05
108706|4312|86.36|75|0.0
101633|2250|361.08|2|0.0
105326|7389|195.28|51|0.0
100666|2582|73.56|64|0.0
103589|511|470.93|88|0.0
102874|6498|314.49|44|0.15
107041|6572|400.25|83|0.15
106811|8829|218.14|86|0.05
101505|2513|364.04|52|0.05
109879|7520|98.17|7|0.15
101137|3549|458.47|60|0.2
103068|2482|25.46|96|0.1
102776|3536|476.53|42|0.2
102805|4739|156.82|98|0.15
109246|3329|463.81|26|0.15
105137|994|173.71|93|0.05
103064|1846|60.94|52|0.1
104729|9158|317.57|58|0.2
108950|4123|289.44|100|0.15
106116|35|235.33|86|0.0
104220|3621|43.8|49|0.0
105150|5430|477.37|67|0.1
105676|2856|280.16|89|0.2
104712|1741|82.68|100|0.0
101853|6805|85.06|26|0.1
108155|2625|404.25|32|0.2
106416|647|59.95|1|0.15
105790|1197|202.73|20|0.1
104010|1836|97.14|33|0.0
104849|9709|308.3|88|0.15
102736|865|366.93|9|0.1
101680|9307|25.78|21|0.15
109683|484|199.69|76|0.1
106641|1105|371.74|84|0.15
103689|1133|385.29|41|0.1
104115|869|145.14|95|0.1
106821|3426|348.25|62|0.0
101172|2319|155.22|3|0.15
107576|4289|241.61|7|0.05
104240|6059|74.92|33|0.0
104049|6972|167.26|88|0.05
106413|8208|144.79|79|0.05
100628|9880|99.76|45|0.2
101001|2397|379.73|57|0.05
103034|5326|264.62|4|0.05
109783|8650|346.85|20|0.2
106870|1532|218.55|42|0.1
100727|2845|154.78|77|0.1
109760|7589|137.33|68|0.0
104714|2613|278.9|95|0.05
101819|8561|170.36|70|0.1
100213|3292|292.82|100|0.0
109568|9485|110.74|86|0.1
109440|4363|172.76|95|0.15
107532|6173|213.04|13|0.1
106945|3552|118.9|100|0.0
102223|870|35.39|56|0.0
109864|884|207.71|53|0.0
105145|2491|181.23|35|0.15
106993|7585|160.12|80|0.05
106520|7681|133.82|73|0.2
107405|6241|71.92|73|0.2
109335|3927|164.66|89|0.15
100220|9259|444.52|69|0.1
107960|5612|97.29|73|0.15
102245|821|368.79|52|0.1
104605|7270|217.48|36|0.05
108803|2611|85.31|59|0.2
100375|5555|106.74|18|0.15
105094|2165|121.69|76|0.05
106787|3650|394.85|11|0.2
102614|1339|82.24|10|0.0
107178|3718|34.83|33|0.15
102048|5816|360.72|99|0.15
102937|7973|404.46|44|0.05
107672|4039|235.88|65|0.15
109750|3627|270.21|49|0.2
100474|3371|289.04|6|0.2
105818|511|40.98|90|0.2
106083|2130|415.23|51|0.0
102941|1104|464.97|64|0.05
105457|9741|326.46|69|0.0
100124|8885|318.04|100|0.05
100610|7385|39.12|16|0.2
104131|5592|445.55|96|0.0
104308|2044|488.36|60|0.05
107297|4009|282.69|72|0.0
104372|4229|452.16|84|0.15
104701|8807|387.52|60|0.05
101045|8775|135.96|89|0.1
105603|9271|11.84|98|0.2
103905|6214|473.65|57|0.2
103533|913|123.87|76|0.05
101498|2183|217.65|32|0.05
108032|1697|429.98|32|0.2
102693|4208|165.52|69|0.0
101313|3307|89.04|48|0.0
106998|1332|270.59|22|0.1
105072|3916|432.6|4|0.15
108809|9658|38.98|40|0.15
105396|1106|451.11|58|0.05
103346|5526|27.42|58|0.0
101533|4614|478.14|23|0.15
108725|4734|377.21|45|0.15
109828|5496|221.15|86|0.0
105665|5974|71.79|5|0.1
104595|3913|398.81|98|0.0
107766|3946|229.03|22|0.15
102685|8247|429.46|80|0.15
100233|1415|113.68|60|0.1
102927|8172|273.42|9|0.0
103002|9419|266.25|41|0.0
101509|5593|163.72|78|0.2
103804|8614|50.41|74|0.15
100819|4456|141.27|18|0.0
102889|6213|200.55|5|0.0
103993|3719|155.84|88|0.0
105272|622|172.06|4|0.0
108036|6521|289.27|2|0.2
101006|5048|58.6|22|0.05
104525|1477|408.31|63|0.1
109687|6057|363.31|30|0.15
107065|3677|473.27|59|0.1
105085|8679|395.61|94|0.05
105432|2548|196.21|86|0.2
103677|9502|86.05|94|0.05
101944|9639|337.12|69|0.05
107390|1020|456.85|37|0.05
105405|390|134.61|62|0.05
104175|2265|394.74|3|0.1
109622|5453|390.24|61|0.2
101186|1388|159.05|3|0.05
109482|2430|59.27|52|0.05
109153|3076|127.18|85|0.05
108963|6600|475.08|86|0.1
101184|9317|495.99|45|0.0
109893|1951|299.5|16|0.0
102385|8751|480.55|58|0.1
100233|8185|255.11|96|0.0
105838|9902|352.22|82|0.2
103476|352|92.36|98|0.15
109087|2425|378.25|57|0.05
109101|996|404.84|57|0.2
104526|4527|248.54|65|0.2
106670|9668|458.48|22|0.1
102456|5827|77.06|14|0.2
103973|2998|88.7|50|0.15
104340|1784|71.97|81|0.05
103334|1995|374.06|29|0.2
104574|8672|148.03|88|0.1
105478|1331|487.63|84|0.0
106428|4425|450.66|49|0.2
106774|3957|458.5|69|0.15
107431|1644|291.74|35|0.2
103645|1025|90.98|27|0.2
103004|271|319.86|70|0.05
100055|3678|171.42|52|0.1
105794|4404|394.32|8|0.05
102191|2759|349.0|73|0.1
106154|5027|90.08|27|0.2
103483|8938|55.14|54|0.1
102075|4106|258.38|60|0.2
102877|2847|253.41|4|0.0
108273|7499|104.56|71|0.2
109917|9309|133.36|58|0.2
104071|7855|205.58|32|0.2
107214|5212|306.07|42|0.15
106623|1961|307.77|90|0.1
106273|9932|198.35|51|0.0
102502|9339|356.4|100|0.05
109446|3996|349.26|36|0.15
100170|1170|289.66|94|0.1
107148|722|14.81|34|0.1
100915|1512|453.36|21|0.0
108607|4441|72.79|49|0.0
104304|4465|74.17|57|0.2
106877|36|279.86|6|0.2
108320|369|162.35|60|0.1
108926|8946|12.9|23|0.15
104311|3396|16.9|1|0.15
101644|6394|334.94|17|0.0
101878|8725|443.56|40|0.1
109774|2147|136.79|32|0.15
100760|2196|53.24|81|0.0
104559|6689|350.13|79|0.0
102317|6158|87.32|73|0.1
103803|2611|477.22|37|0.1
100794|9877|193.73|29|0.0
107143|1439|260.17|31|0.1
109589|9162|329.97|58|0.2
108591|4271|395.48|72|0.0
109488|6554|51.61|7|0.05
105335|4183|198.88|7|0.15
101945|9126|431.37|73|0.0
101367|7542|441.93|44|0.15
107289|1400|424.55|74|0.05
107365|633|27.69|48|0.1
109224|4743|117.86|94|0.2
102801|1397|267.88|28|0.0
108737|9436|24.9|96|0.05
102204|7079|35.15|55|0.15
106998|9093|31.24|64|0.2
108174|1489|399.55|30|0.15
105568|7651|432.35|85|0.0
102124|9994|36.4|24|0.0
105400|5019|444.32|77|0.05
108467|2754|322.46|88|0.15
101466|7314|342.23|15|0.15
101499|5289|99.9|23|0.2
101307|9331|289.82|74|0.0
102970|911|389.86|43|0.15
109384|2527|448.73|4|0.15
103472|4908|115.72|57|0.05
100940|498|123.49|66|0.0
101704|6991|255.17|88|0.1
107727|7500|174.81|9|0.0
100749|9906|468.96|100|0.05
103255|4053|58.06|41|0.0
107618|246|146.54|9|0.15
105279|7957|487.26|69|0.15
101680|7060|292.09|20|0.2
107814|1361|409.66|20|0.15
104096|9357|27.78|19|0.05
100650|7|37.81|41|0.05
109285|1088|67.05|5|0.0
103024|6267|90.91|7|0.05
106226|2325|454.06|86|0.15
104129|4907|475.72|6|0.15
108410|6416|28.97|70|0.05
104045|3203|332.03|69|0.1
100610|3816|263.15|83|0.0
105026|321|274.56|75|0.1
101327|4901|353.41|40|0.15
104265|5045|248.62|99|0.1
104183|8682|16.68|27|0.2
105328|4016|480.52|88|0.1
105717|5684|316.12|98|0.2
104284|9330|492.83|10|0.15
102536|269|146.12|73|0.15
101525|7167|180.3|17|0.05
101583|7836|227.21|87|0.15
108126|5205|484.14|20|0.1
104852|2680|415.96|27|0.1
106843|6192|138.66|47|0.05
105229|1308|63.92|74|0.0
100352|7807|490.62|74|0.05
101875|1146|445.24|11|0.15
101037|7226|373.5|30|0.2
107628|1304|339.09|13|0.15
100833|1063|359.0|69|0.2
102545|8224|446.77|63|0.1
100471|6665|99.39|44|0.05
104143|760|98.36|94|0.15
101956|5350|30.96|24|0.2
107542|5815|225.22|92|0.05
105357|6669|96.87|24|0.2
106126|2672|80.5|18|0.15
107869|3527|55.5|12|0.15
106556|1892|476.01|58|0.15
106705|1227|175.38|92|0.05
104639|3852|461.82|92|0.2
103301|3789|153.62|16|0.05
108325|1080|422.32|53|0.2
104290|8169|392.15|73|0.0
106776|3368|276.66|90|0.05
103120|225|394.7|40|0.0
108400|1239|402.32|30|0.2
105667|7389|88.01|83|0.2
106001|373|469.41|55|0.05
107016|2213|426.13|70|0.0
102911|804|210.29|71|0.15
103616|7574|216.49|12|0.2
102579|846|471.73|3|0.2
105625|4395|100.6|57|0.15
109134|5490|281.81|24|0.0
103220|9044|137.43|53|0.1
106629|6137|207.72|21|0.1
104253|7386|71.91|89|0.05
100318|3246|39.26|23|0.1
101694|2536|110.08|79|0.1
105860|4922|78.22|26|0.0
105669|4321|451.61|64|0.05
103530|27|481.85|8|0.0
102022|5441|407.82|42|0.05
105918|8225|252.45|44|0.05
104460|2827|308.93|41|0.0
107377|8318|161.27|81|0.2
105586|5692|185.34|14|0.05
100434|9284|104.85|88|0.2
100985|6096|54.65|26|0.2
106760|3801|360.93|55|0.0
108028|7127|454.27|77|0.2
103677|6293|299.21|85|0.05
103790|9617|460.47|79|0.15
108530|9553|324.16|45|0.05
101834|6036|243.89|38|0.0
107550|4691|171.95|75|0.2
103674|5026|201.65|7|0.1
105109|1534|15.5|43|0.1
109879|4479|104.1|11|0.05
101816|6351|58.83|21|0.0
102827|2786|78.46|47|0.0
102033|2918|241.18|9|0.15
103621|169|360.63|23|0.2
107628|25|205.1|7|0.2
102569|1646|377.86|57|0.15
104420|5301|118.95|20|0.15
102545|2360|489.69|17|0.2
105141|2064|328.58|92|0.1
106306|8614|303.86|50|0.05
105890|5810|46.34|51|0.0
109241|780|353.47|8|0.15
102190|568|153.03|73|0.0
102495|5415|110.99|5|0.05
103743|3475|73.47|27|0.15
100290|6708|210.8|35|0.05
100709|8541|441.81|59|0.05
101068|3655|202.27|53|0.2
105150|6532|396.25|43|0.0
101533|3736|465.34|81|0.05
102419|6384|420.73|48|0.2
101275|3520|291.32|62|0.1
105864|3806|461.53|33|0.0
109349|976|228.51|98|0.15
102176|7986|244.54|14|0.05
102724|3297|384.43|85|0.1
108730|3818|261.84|1|0.1
107422|9756|175.89|53|0.2
109191|8436|185.75|34|0.2
104153|7781|436.15|84|0.0
102911|5374|412.66|32|0.05
106363|8669|358.7|1|0.1
106169|3667|312.4|76|0.15
106405|7736|150.7|82|0.2
100751|6751|261.46|79|0.15
107181|9903|224.85|37|0.15
109256|19|129.14|74|0.05
108986|2789|205.65|24|0.05
103108|4825|144.02|54|0.2
109354|7486|31.25|12|0.15
101021|1170|40.49|62|0.05
104189|3197|344.0|19|0.15
106106|1448|234.52|22|0.05
105273|7775|104.71|35|0.2
106036|1352|80.3|5|0.15
104940|7990|167.96|90|0.05
104043|6875|211.66|14|0.0
104309|4859|63.7|76|0.1
104863|3266|241.17|54|0.15
104102|557|439.95|82|0.0
108308|5665|333.21|2|0.2
105891|8641|50.16|39|0.2
103260|5522|283.73|43|0.0
103521|5772|220.22|58|0.0
101087|1052|171.0|75|0.15
102070|7142|179.35|33|0.1
108451|8721|438.54|33|0.15
100787|8855|378.25|27|0.1
102336|3360|342.03|9|0.05
104130|5283|398.84|35|0.15
101251|8943|72.6|40|0.1
102460|8321|26.73|57|0.15
104398|7600|126.46|94|0.05
104957|2898|288.66|47|0.2
102363|6726|316.48|66|0.15
108273|8532|170.98|57|0.05
105787|2041|218.02|38|0.1
100547|6638|310.62|20|0.1
107123|1259|238.43|88|0.2
105748|7883|163.93|88|0.2
104161|3316|121.11|72|0.05
107789|354|436.09|7|0.15
100391|1000|463.93|77|0.0
105140|8082|338.67|10|0.05
101802|3387|339.41|29|0.05
101915|3284|488.88|44|0.15
102992|4290|341.74|94|0.15
108881|3182|16.49|50|0.2
100511|2907|474.01|52|0.2
102963|7316|51.72|72|0.05
105229|4823|74.1|84|0.1
101416|3569|135.65|57|0.0
104440|550|467.05|4|0.15
101356|7127|328.5|75|0.15
100145|2175|337.71|58|0.2
102399|4922|311.41|63|0.15
106138|8409|154.26|93|0.1
100761|944|206.37|31|0.1
109121|8195|298.72|54|0.05
109499|9856|361.98|74|0.0
103720|2324|461.47|31|0.05
107150|2838|53.22|12|0.0
100113|5247|80.85|16|0.0
102634|3387|192.63|89|0.1
104789|6476|428.9|39|0.2
105914|5938|154.66|50|0.05
106359|5696|265.51|73|0.05
109979|6667|283.1|80|0.1
102183|9613|148.65|66|0.2
106193|2403|307.5|12|0.0
109798|950|326.93|83|0.2
106320|7163|98.63|1|0.0
106359|6025|172.35|31|0.1
106005|47|296.25|92|0.2
109602|6223|463.69|70|0.0
100785|2631|492.18|23|0.05
107781|9916|383.29|71|0.1
102377|1240|99.85|87|0.05
105646|2393|72.83|52|0.2
101185|7933|484.98|94|0.2
109494|9845|261.81|76|0.2
100726|9868|172.56|57|0.0
103899|3171|168.29|24|0.05
107859|7727|60.85|94|0.05
108104|8293|320.16|29|0.2
105139|5098|190.86|70|0.15
107734|7863|318.61|32|0.05
106578|7857|439.67|72|0.1
105754|9818|91.37|81|0.0
107228|8043|300.32|84|0.05
108614|2965|423.22|70|0.15
108664|8679|444.33|73|0.2
102698|2120|398.31|53|0.05
106201|4782|497.62|80|0.1
101005|5056|320.21|10|0.05
101737|6299|344.72|45|0.05
109381|2462|149.29|29|0.1
102448|5664|380.89|80|0.1
102685|7230|301.66|9|0.1
100440|3980|29.28|34|0.1
104207|9100|462.75|29|0.1
105846|5235|370.6|13|0.1
101898|5771|12.11|56|0.05
102275|9485|118.31|80|0.2
109111|6058|294.75|40|0.05
106905|7438|273.63|19|0.2
107448|4148|453.08|49|0.15
105747|6095|59.45|65|0.0
103371|6439|485.72|83|0.1
101340|9972|496.29|23|0.0
101938|589|274.99|29|0.05
102712|5259|404.9|57|0.15
104619|6682|298.7|74|0.05
104232|6361|434.98|87|0.1
106146|3593|362.71|26|0.15
105450|7357|120.77|25|0.05
101055|7653|292.56|3|0.1
100751|4671|252.99|73|0.15
107368|9866|216.44|33|0.15
104026|4414|66.12|24|0.05
108207|3785|135.12|81|0.05
105205|5242|14.32|89|0.15
101404|9398|322.03|8|0.05
104133|9290|318.57|75|0.05
108271|1328|397.0|98|0.15
102953|4580|256.0|82|0.1
107679|7095|446.29|98|0.1
103330|8290|16.25|14|0.1
107933|2453|381.76|10|0.0
102112|3449|377.01|88|0.1
106862|6052|16.22|42|0.15
101218|7533|49.54|26|0.0
108981|6738|91.78|72|0.1
107664|4439|333.39|33|0.05
100088|6053|14.46|54|0.05
105929|4560|388.18|26|0.0
105617|6046|21.43|26|0.05
101835|3848|463.39|38|0.1
108501|6137|115.62|22|0.15
106313|8862|363.58|93|0.2
108443|7043|382.36|88|0.2
107281|3284|157.8|59|0.0
109966|8914|440.1|97|0.1
106977|1937|299.55|83|0.15
103412|7908|60.4|24|0.2
101764|5230|190.58|49|0.1
108112|6716|21.47|2|0.15
107169|5308|271.24|50|0.15
103289|9776|144.1|41|0.0
100334|5572|474.88|70|0.15
108580|612|104.02|5|0.05
102253|9641|82.5|98|0.0
104514|3353|386.13|98|0.2
107581|522|458.93|85|0.05
101312|5125|154.37|91|0.05
106412|7402|181.57|71|0.05
105327|1870|279.09|19|0.05
106990|9512|86.24|63|0.2
104962|8124|455.29|46|0.0
102617|2019|499.01|37|0.1
109800|508|187.26|18|0.2
106226|7053|254.09|75|0.05
107911|9865|430.02|11|0.15
100067|3161|153.35|74|0.0
105838|7489|398.75|78|0.15
102408|9658|312.49|11|0.15
102775|6245|368.1|33|0.15
102406|366|216.5|50|0.15
104702|2698|450.43|61|0.1
106792|1245|303.73|67|0.1
105802|7893|78.01|94|0.1
101191|7469|326.12|63|0.15
105762|2783|345.4|40|0.2
101151|8500|440.27|5|0.1
109630|8818|372.02|91|0.1
102407|993|18.97|57|0.1
109681|3773|124.17|29|0.2
102455|536|340.41|46|0.15
109411|2086|122.38|96|0.1
100715|4386|169.81|65|0.05
102339|5139|457.71|4|0.1
103860|9623|306.92|17|0.2
106628|9037|486.12|12|0.0
106496|3042|492.06|78|0.0
106971|2839|494.63|99|0.2
107894|7802|472.23|1|0.1
106277|9862|45.26|75|0.2
105033|4536|271.13|74|0.2
102670|1072|374.48|57|0.15
101664|4489|169.69|33|0.0
104899|1891|12.5|12|0.15
100740|7895|161.76|30|0.05
104616|4508|206.34|55|0.15
100208|5958|111.34|2|0.1
106501|9245|364.09|3|0.15
102261|2942|301.14|80|0.0
108232|7314|430.04|31|0.0
102800|597|475.19|88|0.05
100128|299|113.67|89|0.0
108273|9595|496.55|81|0.2
101385|1425|296.19|59|0.1
109279|8913|256.98|55|0.0
100214|3241|198.74|91|0.0
109996|9999|325.02|35|0.15
106295|1297|42.49|54|0.0
108397|4209|242.66|79|0.2
106493|3508|352.14|74|0.05
101273|5151|321.39|51|0.1
106690|9977|93.62|88|0.0
103444|5180|151.6|80|0.1
105429|4916|24.33|82|0.2
108695|9324|317.69|27|0.15
102853|9701|102.62|6|0.1
106482|6747|342.65|65|0.15
101321|6336|90.1|13|0.0
108058|5906|239.95|9|0.05
104097|6057|275.94|47|0.1
100971|6059|60.1|36|0.05
101348|174|287.98|44|0.05
103530|5849|454.58|78|0.05
103470|525|179.64|26|0.0
108084|4761|240.92|29|0.1
100187|3041|414.92|71|0.2
101234|2124|466.92|25|0.05
100959|7111|396.76|98|0.0
104944|6603|173.03|14|0.0
107226|2229|233.42|7|0.2
104868|7878|186.69|77|0.15
108010|589|120.18|10|0.0
101496|9458|327.88|66|0.0
102598|4672|46.49|17|0.2
103359|1554|132.83|5|0.05
106419|7531|115.56|95|0.1
100276|9546|333.87|60|0.2
107994|2989|372.52|1|0.0
106534|3125|118.19|3|0.15
102673|2691|74.58|51|0.05
109786|1023|72.11|15|0.05
101958|5005|266.86|89|0.0
108959|1456|23.09|19|0.2
105847|6984|325.73|5|0.1
108862|6504|202.37|13|0.2
101127|6247|372.19|72|0.15
105593|7754|234.21|66|0.15
105922|2933|421.15|38|0.1
101289|1417|455.69|44|0.1
102483|1138|236.06|13|0.05
109893|7010|183.89|52|0.0
100983|8517|167.8|4|0.2
100205|7385|424.05|20|0.15
104115|2263|58.32|18|0.2
100591|2978|217.35|99|0.0
100762|2329|108.99|98|0.1
106606|8409|430.23|23|0.1
107948|9083|113.17|57|0.2
104116|943|62.06|94|0.05
104137|8715|226.03|85|0.15
103860|1557|120.87|66|0.2
102564|6171|446.13|41|0.0
108122|645|494.95|15|0.15
107176|9294|341.76|92|0.2
101973|1874|493.42|34|0.1
106436|7118|276.7|99|0.2
102712|7622|119.65|2|0.05
106016|8349|278.04|72|0.2
102222|1117|416.5|14|0.05
103462|8178|225.91|9|0.2
105176|1274|251.12|41|0.05
101048|7248|395.01|6|0.05
106836|7640|379.12|26|0.05
104237|2360|349.41|34|0.0
104406|2444|21.32|65|0.0
108834|9694|92.58|47|0.2
100058|8715|228.18|48|0.1
106299|21|407.63|78|0.0
104867|2629|288.78|33|0.05
102575|2212|374.88|15|0.15
105541|1414|308.26|77|0.1
103704|192|92.34|2|0.0
102502|5751|488.43|23|0.15
103024|8142|227.24|33|0.1
100142|5308|118.07|16|0.05
109511|6667|127.61|93|0.15
105543|1500|275.3|74|0.05
104408|9979|248.62|41|0.15
100157|6721|306.97|27|0.1
104493|424|85.08|65|0.0
109392|520|437.72|1|0.0
105439|1818|252.08|44|0.15
105210|3340|163.21|30|0.2
108498|5185|168.54|29|0.1
104808|6567|159.6|83|0.05
105575|3162|49.1|71|0.0
108718|749|400.1|8|0.0
101288|9031|206.19|64|0.05
109612|9277|15.16|76|0.2
101996|1954|10.2|27|0.0
102759|1558|378.78|57|0.05
100950|3369|279.04|35|0.0
106067|5856|248.03|45|0.15
106194|4394|45.23|62|0.05
103530|367|460.9|100|0.15
106367|8304|436.02|13|0.05
100469|8964|438.24|100|0.0
108532|5759|197.42|85|0.05
108986|4285|106.05|25|0.2
106132|1876|87.97|51|0.1
103484|8246|125.82|37|0.15
109292|9355|424.05|22|0.05
107840|4304|354.12|19|0.15
102233|6672|342.49|81|0.2
104537|3026|56.24|28|0.05
108956|9961|437.06|57|0.2
103058|2609|492.49|98|0.0
108954|5372|113.61|18|0.0
105710|7229|47.92|55|0.0
101166|2828|212.25|20|0.15
109412|5872|201.36|67|0.2
105901|9249|317.41|13|0.15
106252|5240|259.02|70|0.0
106114|7650|135.52|22|0.05
104670|5909|489.84|18|0.05
100313|6502|45.65|15|0.0
106867|9763|497.98|96|0.2
102214|5487|455.46|59|0.1
105138|4923|91.66|16|0.1
105849|6397|16.38|81|0.0
107304|6724|125.07|20|0.1
107900|114|287.64|9|0.05
109572|4833|323.8|63|0.2
100705|3390|293.05|32|0.0
108787|9871|309.34|69|0.2
105866|8534|358.78|30|0.05
108630|5198|467.16|26|0.1
106581|2321|466.52|44|0.15
103023|1338|97.51|46|0.2
100357|8462|263.41|77|0.1
108461|2640|280.28|49|0.0
103705|1100|426.35|37|0.0
108732|3029|10.08|18|0.2
108861|5829|427.16|12|0.2
106092|4683|491.81|4|0.15
106090|8584|492.87|82|0.2
101007|4055|184.13|1|0.0
103340|1502|356.74|51|0.2
107101|2585|264.4|37|0.2
105472|8389|492.71|81|0.1
108491|1946|373.09|56|0.1
102483|3478|444.91|88|0.0
101722|9606|43.07|11|0.1
103400|2248|347.17|35|0.05
100051|4526|16.89|69|0.0
104387|7137|113.89|99|0.15
108042|5357|456.89|21|0.05
102246|68|110.63|29|0.05
109584|2136|12.25|84|0.2
104225|5567|45.82|28|0.1
103742|9191|339.05|9|0.15
104044|7939|134.45|85|0.15
105529|9209|416.99|55|0.1
100826|4898|115.01|60|0.2
102417|1151|77.4|77|0.2
101217|8464|25.28|78|0.2
105860|3071|297.44|54|0.05
109563|5668|420.96|72|0.0
108744|5001|306.11|64|0.2
107260|9719|160.89|44|0.0
107289|473|304.46|82|0.05
108303|2633|243.3|66|0.2
102794|8017|268.92|5|0.2
109528|6688|426.26|96|0.05
102735|1714|122.01|51|0.05
103895|1598|108.24|37|0.15
109990|411|415.65|23|0.1
104039|559|88.13|52|0.05
101028|1524|383.03|59|0.0
105564|383|442.36|36|0.15
101924|8775|489.22|65|0.1
108647|8496|180.95|67|0.2
108125|8172|120.82|13|0.15
105993|8457|225.73|57|0.2
109723|4236|282.44|55|0.05
106105|4251|259.52|85|0.0
107523|8127|97.53|42|0.2
100519|8754|408.98|97|0.0
101462|7131|245.24|5|0.15
108386|8061|32.46|43|0.15
102123|427|355.16|49|0.05
105206|5195|137.54|41|0.0
105005|904|148.35|25|0.0
104114|4740|251.6|8|0.1
100405|9080|172.5|79|0.15
105472|8080|114.02|81|0.15
109109|3567|87.82|8|0.05
106433|4778|21.18|46|0.0
100627|2116|261.4|41|0.05
105764|2948|457.64|97|0.15
100149|91|466.4|91|0.0
104371|9955|246.33|79|0.0
104103|5294|277.55|69|0.0
103187|358|34.63|30|0.05
104509|3611|324.61|90|0.15
107831|7448|124.28|64|0.05
105728|121|454.9|63|0.15
106847|5425|144.17|90|0.2
109259|5542|73.11|69|0.15
106669|943|261.71|43|0.15
107447|5106|295.82|32|0.2
106967|5875|476.84|44|0.15
105157|6277|186.95|81|0.05
103556|8527|254.3|78|0.0
100697|1596|295.91|40|0.1
102529|52|169.14|9|0.0
108266|8087|303.31|30|0.05
107550|3199|200.49|29|0.1
107026|7126|65.4|74|0.2
104241|52|410.37|46|0.1
107749|6030|444.84|27|0.1
109982|9670|309.32|39|0.05
108669|8318|440.5|28|0.1
106546|3083|438.38|40|0.2
102015|8565|498.97|36|0.0
101046|5684|50.9|1|0.0
108895|8214|380.66|77|0.1
100759|8645|341.8|60|0.2
104141|7299|144.89|75|0.2
102148|2262|52.98|64|0.05
104444|6912|202.45|70|0.0
109085|6259|75.55|90|0.15
104330|5379|199.96|68|0.15
102353|4575|467.06|71|0.15
105099|9079|151.3|83|0.2
102335|3845|343.33|60|0.1
107141|1074|179.84|56|0.1
100930|9557|248.4|24|0.1
108395|9845|324.73|8|0.2
106139|2577|359.92|46|0.05
100213|9734|403.54|29|0.2
105396|1256|147.99|33|0.2
104845|4876|36.06|56|0.0
106069|7020|130.3|38|0.05
102899|6360|405.07|40|0.2
108508|8219|245.47|96|0.2
108371|4741|19.64|76|0.05
101890|6040|344.1|22|0.05
109059|573|23.62|14|0.2
107200|9541|249.05|86|0.2
107790|706|221.13|20|0.05
109599|7147|471.26|15|0.15
107091|4287|223.21|50|0.15
109746|1258|290.09|14|0.05
103316|493|238.59|64|0.05
102686|447|76.28|2|0.05
107802|1679|419.32|100|0.15
103440|3654|498.93|7|0.2
102062|6610|161.37|77|0.05
105129|4983|365.34|93|0.1
102374|6637|346.75|11|0.15
107495|6315|333.55|34|0.05
104178|2178|392.17|43|0.0
103965|5289|463.77|95|0.1
105459|7559|327.46|36|0.05
107342|4234|275.16|92|0.1
107356|1291|398.72|23|0.05
109186|472|477.65|18|0.2
104478|8095|316.14|74|0.1
104371|7545|14.58|100|0.2
100917|2614|35.71|83|0.0
104063|7230|442.62|86|0.15
109460|863|258.24|80|0.2
109926|1071|281.58|49|0.15
103268|7007|323.61|73|0.1
109318|3783|454.05|31|0.1
107271|255|164.02|95|0.1
108161|2043|73.81|33|0.0
102537|3715|480.14|82|0.05
107895|7499|76.94|50|0.1
105452|2953|217.78|77|0.15
108401|6269|489.95|42|0.15
100660|6584|280.6|76|0.2
105510|6567|246.38|20|0.2
100881|7888|126.96|9|0.1
100852|345|312.12|84|0.2
106266|5362|168.22|57|0.05
106040|1277|168.75|58|0.15
100252|461|337.99|40|0.2
101362|4184|135.83|33|0.15
102930|1850|343.79|29|0.05
101978|1225|222.89|63|0.1
103752|8228|349.89|36|0.2
108786|1579|398.18|31|0.1
104895|4345|409.66|8|0.05
103212|3019|18.43|9|0.1
103540|2089|250.23|79|0.1
104545|1079|196.46|42|0.05
103512|4813|201.75|63|0.15
104075|2910|493.19|65|0.05
104948|3567|474.83|27|0.0
103457|3428|488.02|67|0.05
103221|6586|101.82|46|0.15
108447|6319|234.3|82|0.2
103808|4473|499.56|66|0.15
101456|8617|476.43|77|0.1
104715|3639|65.69|57|0.0
108003|77|45.49|97|0.1
105656|493|467.22|25|0.05
107253|8326|12.83|4|0.1
101040|9587|477.87|12|0.05
108024|8696|154.59|40|0.05
106520|1915|335.05|94|0.15
106837|5539|293.17|66|0.2
102036|7264|146.08|73|0.2
109575|8629|154.95|70|0.1
105229|3272|348.36|51|0.2
108782|8715|303.48|31|0.05
108557|5816|457.44|81|0.2
104273|1481|226.95|15|0.1
105639|9877|420.75|50|0.1
104809|5162|40.43|100|0.2
100801|3735|425.88|69|0.05
104491|4886|133.06|45|0.0
109575|6305|495.91|58|0.05
104385|5780|315.71|51|0.0
100607|3088|335.08|74|0.05
103407|3350|464.59|46|0.0
108727|2725|454.4|95|0.0
108539|5483|201.09|76|0.15
106046|128|107.81|93|0.2
105585|5912|273.88|65|0.15
102187|201|435.08|22|0.2
108463|5467|267.73|68|0.05
103447|8081|24.49|93|0.1
108877|4726|391.98|60|0.2
101853|4906|72.35|21|0.0
101064|3042|121.68|33|0.05
103759|5722|240.19|11|0.2
102804|2320|328.78|83|0.05
102573|2192|396.8|97|0.05
103345|6121|83.62|34|0.15
104871|2950|140.1|23|0.05
108151|7946|226.42|8|0.05
107022|9901|202.9|95|0.0
101030|586|220.33|40|0.1
106279|4109|435.87|19|0.0
101778|8436|109.51|73|0.15
105145|8618|217.06|95|0.2
102776|744|412.66|60|0.15
101580|2178|35.52|50|0.0
103014|6029|458.45|33|0.0
102548|6873|63.23|20|0.15
105733|6292|376.49|10|0.1
105862|2969|487.27|23|0.05
104154|253|175.83|56|0.1
102243|7447|86.58|59|0.05
108365|9099|126.96|93|0.1
100059|1578|261.57|98|0.15
100445|7802|346.88|62|0.2
104664|4456|474.11|75|0.1
109501|4785|251.17|68|0.15
108183|4392|329.38|29|0.2
102905|6538|375.49|86|0.15
108277|2397|348.88|29|0.0
102685|6699|124.77|74|0.15
109696|1608|454.47|90|0.15
100111|4450|492.22|10|0.0
105672|8584|143.76|97|0.05
101879|8110|449.88|24|0.15
101507|1122|472.48|13|0.15
102821|9227|385.4|62|0.2
109525|6072|133.16|48|0.2
100438|4347|163.36|68|0.0
102201|9813|382.89|21|0.15
109256|2483|434.2|48|0.1
101541|5546|95.53|14|0.0
101339|425|219.09|21|0.15
104290|5075|386.3|39|0.05
100235|9555|469.24|63|0.0
107877|6194|356.26|54|0.1
109047|2106|41.92|65|0.15
101660|4798|455.01|63|0.2
109380|7718|293.0|7|0.1
104334|4714|347.17|70|0.1
103749|3126|278.68|24|0.1
104376|8069|207.9|3|0.05
109960|1998|440.36|6|0.15
104584|5178|350.38|31|0.15
107071|370|340.44|74|0.15
101512|5390|270.4|21|0.1
106580|155|153.76|14|0.2
103789|8940|60.28|69|0.1
107945|2019|277.97|20|0.1
106664|3707|221.42|58|0.2
100705|3045|167.56|58|0.05
106842|1611|324.91|94|0.1
100213|8775|190.89|91|0.2
108584|7961|433.37|2|0.1
109576|7391|350.65|50|0.2
102315|2727|447.27|81|0.1
109324|2910|165.16|5|0.0
100372|9917|165.78|90|0.0
106475|83|358.12|58|0.15
107435|5854|84.59|87|0.15
102695|7289|191.37|46|0.1
107548|1432|404.84|38|0.05
106656|793|361.92|11|0.15
109444|6935|40.84|33|0.15
100524|6721|481.66|13|0.2
107878|8045|227.17|66|0.2
104950|4161|335.18|44|0.2
105261|6747|257.47|54|0.15
108759|5822|495.81|95|0.15
100270|7997|400.47|38|0.2
102531|8017|176.64|87|0.15
105006|216|400.91|92|0.05
101453|209|49.59|99|0.2
102959|9585|125.45|64|0.2
104143|5060|463.53|28|0.1
106461|9925|405.6|89|0.05
105519|6476|424.78|50|0.05
105987|5509|231.26|51|0.2
109665|7698|371.41|88|0.2
107851|9203|91.01|7|0.15
108138|2366|339.72|29|0.05
100975|3038|293.26|69|0.2
106578|2322|48.94|22|0.05
102179|4773|395.03|64|0.15
100551|4363|310.14|52|0.2
104743|4016|25.32|15|0.15
105500|7246|274.79|34|0.15
100294|64|348.96|5|0.1
104409|3936|354.14|85|0.15
109749|6219|176.57|86|0.15
100737|8194|441.29|24|0.0
108491|8706|87.83|83|0.15
104906|8555|383.92|96|0.2
108999|4709|206.31|54|0.0
109271|6764|35.88|59|0.15
109063|7692|277.19|88|0.1
102607|7179|65.33|51|0.05
105808|8956|307.9|49|0.15
103083|3483|204.08|73|0.1
105109|9557|485.14|74|0.15
102894|4341|48.49|56|0.15
103762|8323|392.65|67|0.0
100418|6627|472.08|58|0.05
103405|855|222.48|87|0.2
104896|9747|292.48|66|0.15
107767|1617|411.74|60|0.05
101570|6492|95.2|50|0.0
101695|6268|53.59|11|0.2
106182|5128|83.98|13|0.15
106203|9482|182.39|34|0.05
105279|7471|274.07|13|0.0
109870|9248|168.0|87|0.0
107612|6236|375.89|67|0.1
102920|9355|45.42|69|0.05
109536|8490|59.68|40|0.15
107154|6813|320.85|6|0.1
106985|3611|257.73|19|0.2
101363|696|43.71|96|0.05
108747|4763|419.83|88|0.05
100009|2734|354.17|13|0.0
107084|5253|470.85|5|0.15
105401|9890|13.8|4|0.2
102644|2853|356.11|8|0.15
109988|11|17.02|14|0.05
108684|2718|351.59|27|0.0
106351|6497|460.49|96|0.0
104418|7530|405.35|89|0.0
102868|8599|309.58|42|0.2
102498|6067|408.07|50|0.15
103224|1785|216.91|15|0.15
106443|3510|172.18|11|0.05
103779|2003|80.85|55|0.05
104161|9543|494.6|26|0.0
105370|9038|125.06|33|0.2
100979|794|391.84|87|0.2
109285|262|359.73|69|0.15
100492|4615|263.72|39|0.15
102315|7264|306.36|16|0.15
109501|8046|168.49|93|0.15
107010|961|466.56|34|0.15
100701|3845|448.72|27|0.0
108625|9784|466.04|87|0.0
107914|4342|290.22|13|0.15
105471|7268|267.27|72|0.15
102708|1846|169.22|88|0.05
101157|5563|379.31|82|0.1
101196|2095|480.4|36|0.05
106682|84|422.46|75|0.0
105775|6289|74.32|29|0.15
104230|7180|465.88|90|0.2
109021|6864|498.82|24|0.2
100678|4696|128.08|11|0.1
100180|4058|51.76|65|0.05
101669|3190|192.51|91|0.1
105866|8597|159.48|18|0.0
104298|4911|64.99|2|0.2
102704|8656|218.18|98|0.2
104166|1002|100.67|6|0.15
106085|3921|95.92|50|0.15
104911|549|96.06|54|0.2
102427|5341|157.37|17|0.1
107091|4335|268.28|99|0.2
101797|3398|265.89|57|0.1
106449|5139|58.0|58|0.0
109226|7598|395.86|87|0.0
104882|1609|383.76|74|0.0
103684|7102|222.94|21|0.0
106735|5670|107.71|13|0.1
105050|6182|211.56|6|0.2
107440|1742|429.88|100|0.2
106946|6469|194.7|98|0.05
104615|4651|373.38|9|0.05
101478|4777|464.94|39|0.05
106635|288|261.89|7|0.15
101098|8598|137.1|72|0.1
104219|4098|464.95|14|0.1
102176|1509|233.32|54|0.0
108948|4455|384.85|53|0.15
100149|1079|470.18|84|0.2
104438|8115|380.21|37|0.2
109859|1582|148.64|40|0.2
107184|6331|459.77|68|0.05
102775|66|171.66|76|0.05
105406|9164|125.53|15|0.2
102120|4412|269.9|95|0.05
103031|1290|405.38|47|0.05
102055|5467|236.89|31|0.15
108541|9410|328.75|16|0.0
107976|8589|222.5|92|0.15
102997|7317|229.28|72|0.05
106667|4469|300.62|64|0.0
100173|8185|300.72|79|0.0
107237|2670|221.76|53|0.05
101018|5189|93.5|38|0.0
108232|9816|270.37|1|0.2
105810|3293|82.86|83|0.2
109173|8150|195.9|30|0.0
101354|5758|406.45|37|0.15
105293|7036|137.24|69|0.1
107466|5955|423.55|24|0.2
101164|6014|25.99|85|0.0
102536|7673|454.32|10|0.05
104872|600|208.02|43|0.1
100306|8964|105.55|95|0.15
105644|2710|71.25|37|0.05
106621|6153|371.11|21|0.2
101584|5777|428.92|19|0.0
100794|7248|90.4|48|0.0
101103|2228|244.66|93|0.05
106181|2448|82.76|19|0.2
107455|7465|187.74|34|0.1
102898|286|132.91|45|0.2
105048|5540|417.68|54|0.05
102645|4307|451.18|56|0.0
107837|2973|264.13|68|0.2
108459|8746|428.83|73|0.1
102553|2823|104.93|50|0.15
101626|9141|484.98|57|0.1
100129|8697|313.2|85|0.0
108689|9893|35.61|33|0.0
107650|9476|109.53|32|0.1
108475|1882|405.85|70|0.05
106319|3145|187.43|89|0.1
103148|7099|18.37|64|0.0
104332|5879|320.65|66|0.15
104045|62|251.23|97|0.15
107548|677|465.64|68|0.1
105027|1560|275.5|6|0.05
109800|7630|492.25|13|0.1
100456|3943|109.73|48|0.05
108288|501|490.97|82|0.1
109213|2953|458.64|14|0.15
106893|2167|249.07|87|0.05
108175|2702|386.18|46|0.05
100786|2958|196.99|44|0.1
105079|483|182.67|35|0.15
102921|2860|385.38|44|0.05
107518|1551|54.25|15|0.05
107912|6413|356.16|46|0.0
104390|1184|45.9|49|0.2
105993|4433|180.72|96|0.2
105426|5543|422.55|16|0.1
104339|7633|222.06|73|0.15
100206|133|167.65|37|0.05
108522|307|451.55|76|0.15
102010|9078|146.13|91|0.0
107299|351|420.04|8|0.05
105096|4983|156.64|53|0.15
103569|9132|371.8|24|0.15
100272|4295|486.78|83|0.2
100786|5887|29.72|92|0.0
102073|4648|410.66|71|0.05
101958|7115|208.3|91|0.05
106963|699|118.46|83|0.2
100871|4047|75.6|98|0.0
100081|35|60.94|40|0.15
104791|7588|130.8|99|0.2
109509|1141|234.21|18|0.15
103044|9482|183.14|35|0.1
103637|3807|296.7|56|0.05
104878|9444|396.86|48|0.15
102242|8675|178.14|34|0.15
100010|7146|421.29|41|0.2
106036|900|374.92|93|0.2
102102|150|274.24|38|0.0
104690|1550|145.19|31|0.2
108479|5506|177.26|40|0.2
102788|270|204.78|91|0.15
100910|7371|241.7|85|0.2
105074|125|314.96|91|0.1
108469|3099|45.43|18|0.2
100657|827|489.96|17|0.15
100874|123|494.26|64|0.0
102036|8331|289.14|10|0.15
104306|7955|161.49|63|0.2
106392|2726|209.26|1|0.05
106623|3827|340.25|54|0.2
100406|1585|386.9|62|0.1
103306|5656|45.64|43|0.1
101396|5421|288.05|59|0.05
107091|6995|170.54|12|0.0
103609|7246|195.75|88|0.0
104684|7403|279.89|57|0.1
103190|4951|331.57|8|0.15
104312|6070|32.49|1|0.2
108667|1054|274.83|92|0.2
105438|6752|360.12|25|0.05
105032|7858|315.2|27|0.05
102431|8505|131.79|91|0.1
109132|43|377.69|96|0.2
105884|5189|208.87|43|0.0
101796|6093|161.83|99|0.05
103778|3079|247.4|1|0.15
109301|1406|293.61|80|0.1
106511|1336|42.22|18|0.2
100958|4320|148.29|39|0.2
107583|4378|222.72|45|0.0
105295|3434|57.95|23|0.05
108572|9763|297.33|20|0.05
108872|1614|314.26|53|0.0
106247|6049|138.63|40|0.15
107191|8870|395.65|28|0.05
104803|9083|130.72|8|0.0
100400|8266|343.82|6|0.05
107987|1163|462.35|67|0.15
104801|4753|80.69|62|0.2
105013|3350|85.8|75|0.2
108470|5686|270.84|7|0.15
107740|1680|219.69|82|0.0
103534|4903|244.29|8|0.0
105601|8039|106.41|69|0.15
107478|3940|370.69|31|0.15
109371|9470|337.46|23|0.15
109393|3854|241.09|61|0.2
101176|5293|346.69|46|0.2
102250|2926|465.29|53|0.1
105753|4751|167.78|70|0.15
107693|7910|234.8|34|0.15
105128|6747|127.36|83|0.0
108965|7142|499.01|52|0.2
103061|1766|390.78|11|0.1
103775|663|109.52|52|0.1
108619|9332|379.16|11|0.15
106909|8336|349.0|52|0.05
100147|842|274.77|39|0.0
109368|2034|162.25|21|0.05
101275|859|322.86|63|0.05
101326|2927|267.84|86|0.05
104540|7681|269.43|11|0.2
102123|5840|470.91|1|0.0
101529|4772|413.63|47|0.2
101252|3843|281.32|46|0.0
109719|6579|106.04|97|0.0
105301|2914|63.45|94|0.1
104023|7047|230.75|77|0.0
109069|3083|367.39|96|0.15
105936|1460|157.02|78|0.15
102873|7748|171.86|42|0.05
109531|5692|33.04|81|0.05
107666|3634|264.38|62|0.1
109483|3259|461.46|53|0.05
101891|248|331.85|73|0.15
100020|5576|273.08|53|0.05
106419|4259|31.97|15|0.1
109346|6256|445.07|77|0.05
103230|3473|135.32|58|0.1
107501|9297|448.62|10|0.2
101712|6689|413.48|40|0.15
109908|7469|239.97|50|0.15
106612|6947|48.47|20|0.1
106467|1536|227.28|12|0.0
100910|8485|288.2|40|0.1
102358|436|216.5|50|0.15
103416|2665|427.09|43|0.1
104355|6123|279.69|48|0.0
104356|5014|237.42|72|0.0
106038|4874|386.44|50|0.2
102188|4413|336.18|50|0.15
106315|1978|164.21|43|0.0
103930|8874|95.14|53|0.2
108216|2838|20.32|5|0.1
102830|1177|374.43|74|0.0
102824|3968|282.73|78|0.0
108051|4864|103.21|29|0.0
107092|2982|353.12|78|0.15
101046|2449|196.28|82|0.2
105343|211|101.33|92|0.15
102291|6704|96.91|9|0.2
102856|3085|101.46|44|0.15
106335|2809|202.55|5|0.1
102533|3568|387.67|15|0.2
101170|9949|179.95|55|0.0
103831|4812|451.38|76|0.1
104042|2488|433.4|8|0.1
102553|5281|416.41|22|0.0
100464|5779|16.8|30|0.1
104504|3161|425.63|81|0.15
106470|1404|477.78|1|0.2
108039|1640|184.71|63|0.2
100838|2564|71.96|60|0.0
105397|6438|284.22|41|0.05
105889|13|365.92|42|0.1
100686|3360|198.61|44|0.05
100130|6764|357.88|51|0.1
105367|6565|360.07|57|0.1
100915|7294|178.7|73|0.15
105007|3987|109.73|27|0.15
102596|392|496.95|92|0.2
105351|7688|365.48|55|0.05
102873|9162|156.4|89|0.1
103955|8832|409.74|100|0.1
102251|6210|161.04|94|0.1
104413|1467|377.19|73|0.2
103302|662|457.55|90|0.0
104511|932|265.73|98|0.1
104322|3575|339.67|50|0.15
108617|6888|289.88|11|0.05
103394|962|303.7|35|0.0
101325|2289|364.3|48|0.1
101101|8927|323.1|75|0.05
107130|1664|267.97|43|0.2
107136|4740|370.78|70|0.1
102737|7958|179.86|36|0.05
103494|3380|313.47|7|0.15
109415|4866|413.19|21|0.1
105807|5396|81.44|64|0.15
105427|3876|145.13|15|0.15
107739|9786|23.77|57|0.0
102625|9286|381.72|98|0.15
109052|56|193.4|12|0.0
107227|6006|335.99|96|0.0
108375|448|107.19|97|0.05
103132|131|31.4|65|0.2
102187|2085|212.55|51|0.05
104802|2293|142.02|20|0.15
105566|8642|400.81|50|0.0
108732|347|462.41|93|0.1
101442|5013|443.56|54|0.2
106067|244|459.3|80|0.15
105824|7285|106.53|88|0.05
104854|9925|478.66|29|0.05
103457|1709|331.1|66|0.2
108711|8163|448.53|47|0.05
109914|7104|275.29|55|0.0
109729|4911|235.47|36|0.15
100428|7542|259.4|50|0.15
106511|8443|124.66|32|0.15
103177|1260|91.2|18|0.15
104586|2272|217.63|97|0.1
108592|9285|269.98|69|0.2
100056|5095|165.3|60|0.2
105940|7708|141.62|81|0.0
101032|813|88.91|22|0.2
109110|7165|71.75|30|0.2
104183|8044|31.51|73|0.2
105906|610|13.65|77|0.1
105809|8958|453.28|63|0.15
108370|7233|257.51|16|0.05
109464|8681|472.28|57|0.0
105227|1290|225.5|69|0.15
101137|6997|408.16|48|0.05
108373|8378|480.83|19|0.2
102625|968|177.9|20|0.15
105629|7247|18.26|69|0.05
103347|2721|151.01|71|0.1
103696|5561|443.65|2|0.2
104923|6309|372.04|20|0.15
108632|8783|348.48|94|0.15
100075|5564|129.6|39|0.05
109694|5311|287.55|12|0.2
107934|9631|363.77|54|0.1
108935|7558|176.28|29|0.1
107649|5477|404.86|81|0.2
109721|8413|322.88|39|0.05
104377|5202|310.62|14|0.05
101721|5546|44.18|16|0.15
109228|2288|335.53|88|0.05
107459|1835|403.42|3|0.15
107985|42|435.65|10|0.1
106798|1719|353.23|96|0.1
104729|7290|111.13|74|0.1
100219|5100|201.99|32|0.05
100603|8126|102.48|56|0.05
106007|7043|327.51|84|0.2
100475|5151|21.65|57|0.05
107809|4089|486.93|33|0.15
106639|3709|172.75|66|0.05
104101|8053|105.26|56|0.05
109854|8979|424.92|70|0.15
108141|2676|414.21|86|0.05
107106|1759|63.63|75|0.2
103699|1083|308.41|91|0.05
109138|8911|372.38|28|0.05
104127|3015|65.94|67|0.1
107824|352|467.2|98|0.05
100172|3067|284.44|46|0.05
100953|6477|63.69|93|0.2
105406|4142|397.7|66|0.1
101446|2833|160.15|52|0.1
107137|5334|148.28|40|0.0
109064|342|224.12|87|0.2
102910|7946|499.24|12|0.2
103589|926|260.32|22|0.05
102288|2339|42.48|30|0.2
105314|9811|498.74|100|0.05
104670|4498|399.22|79|0.1
109051|8452|262.9|44|0.1
104187|9245|330.05|92|0.0
102496|9872|199.29|1|0.0
100494|7919|430.57|37|0.05
104877|2699|397.17|72|0.0
100962|592|263.81|66|0.05
102328|6687|335.96|46|0.05
101041|8024|71.68|1|0.1
104334|8803|488.02|14|0.15
104384|2762|215.12|87|0.05
100219|675|444.2|53|0.0
108530|6791|243.6|82|0.15
108887|6976|98.93|14|0.2
109736|5245|56.38|59|0.0
103701|4320|21.24|45|0.0
108972|826|198.95|52|0.1
106768|5407|16.53|33|0.2
103360|5458|274.02|75|0.05
102883|1968|484.34|21|0.15
108420|6641|156.62|47|0.0
106150|9978|327.22|90|0.15
105701|4936|367.71|88|0.0
101831|2692|213.38|42|0.05
108039|1155|18.38|54|0.2
100676|2682|238.07|17|0.2
105665|2542|131.83|51|0.2
101359|9620|195.61|17|0.2
105839|2163|108.61|1|0.1
100284|824|51.64|56|0.0
107419|2300|443.8|11|0.2
101291|3420|176.8|30|0.0
108363|4445|388.67|3|0.0
108886|636|51.66|93|0.05
101066|7575|12.91|95|0.05
103113|3679|369.5|29|0.15
107008|3111|410.32|12|0.0
107342|4126|293.95|8|0.0
104750|4082|192.52|9|0.0
108920|5312|325.41|78|0.1
107267|2090|393.91|78|0.0
102583|1831|227.24|81|0.1
101101|2109|159.51|22|0.0
102247|1140|215.84|12|0.2
107775|6559|356.54|74|0.0
100937|3750|453.33|4|0.05
106377|347|82.28|48|0.15
106989|4315|29.58|58|0.05
102378|7464|117.16|31|0.2
101830|1686|226.34|86|0.05
109885|355|185.8|33|0.0
107470|2249|65.86|39|0.15
108949|70|452.22|38|0.1
106833|935|128.39|64|0.0
105018|9195|304.53|36|0.2
101473|1664|120.27|70|0.1
100837|6028|79.71|92|0.1
100563|4899|418.82|34|0.2
102296|817|471.01|51|0.05
108409|8578|436.36|98|0.05
109081|5582|260.93|34|0.15
106856|952|367.96|70|0.05
103846|5190|208.05|43|0.2
107520|7174|265.39|22|0.0
105819|9349|249.47|26|0.15
106689|5871|17.3|34|0.05
105101|9684|393.62|67|0.2
107909|4525|466.27|20|0.2
104538|1685|287.26|43|0.0
103701|529|197.08|43|0.0
101839|912|441.11|71|0.15
108174|7070|58.83|44|0.15
100216|2790|274.88|100|0.1
105002|3390|213.35|14|0.15
109946|6362|192.69|56|0.0
104407|9348|430.61|92|0.15
102866|5060|118.78|4|0.2
104879|3107|354.84|72|0.2
109540|2995|278.85|75|0.1
104324|1492|333.42|18|0.1
106731|5603|12.63|50|0.1
107916|1345|472.64|82|0.05
102429|6939|60.17|47|0.2
100715|654|464.65|80|0.0
105600|3715|16.81|13|0.1
104930|6832|263.89|97|0.1
106019|11|322.72|75|0.05
100299|7332|285.35|8|0.2
107194|7231|140.21|42|0.0
102455|2520|238.01|85|0.05
106966|7746|413.45|93|0.1
106506|4988|33.52|86|0.05
106975|9693|345.16|85|0.0
108125|880|109.5|24|0.0
109982|2032|57.65|20|0.0
108421|4285|105.52|89|0.1
100814|5461|150.49|88|0.2
103870|8277|308.95|32|0.1
108055|7532|227.17|91|0.2
106644|5003|441.07|33|0.1
105630|2872|214.24|64|0.15
107385|2988|247.9|84|0.0
107448|473|249.54|44|0.05
106222|5781|67.17|16|0.0
106447|478|27.06|71|0.05
101876|9142|442.36|1|0.0
109015|5204|114.66|41|0.2
107559|3612|395.26|86|0.1
103088|6946|255.58|100|0.05
106762|434|73.91|49|0.05
105091|8646|53.75|57|0.1
103284|9577|170.72|38|0.1
102218|5569|338.97|91|0.0
106296|5312|423.09|7|0.05
104472|9050|302.34|2|0.2
105091|5337|150.85|45|0.15
101358|257|215.83|93|0.15
109179|1370|141.77|26|0.05
105211|3335|280.27|14|0.0
109065|118|35.71|58|0.0
102638|1986|68.4|27|0.1
107307|6439|71.67|12|0.2
108236|8944|224.07|25|0.2
108955|8544|492.99|17|0.2
108845|4658|282.95|80|0.2
107533|9946|476.13|29|0.0
106082|7230|199.07|17|0.15
106022|518|99.57|12|0.0
103590|7321|122.83|42|0.0
108179|4105|57.18|68|0.2
107803|9375|280.28|72|0.2
105855|4998|259.6|37|0.15
104247|5620|486.32|94|0.2
106582|4575|122.65|44|0.0
108676|8971|375.51|41|0.05
108646|1529|388.16|43|0.05
108472|3729|107.85|91|0.1
107113|4505|89.19|26|0.1
100965|3141|478.12|70|0.2
105995|3505|218.75|46|0.15
101665|1173|374.68|62|0.0
104087|3675|479.99|78|0.15
101479|5154|296.35|9|0.05
100752|810|416.12|27|0.15
106280|8692|197.64|30|0.0
104235|5691|54.41|9|0.0
100815|4915|433.84|38|0.15
100445|7872|79.48|73|0.0
100566|871|26.36|43|0.1
103890|9839|317.29|34|0.0
105229|997|471.48|65|0.05
101980|4448|487.62|43|0.0
106809|3066|166.76|3|0.0
100083|5678|135.35|61|0.0
101733|4952|141.47|32|0.05
109187|4739|130.97|58|0.0
107817|9772|33.12|71|0.05
101813|8866|153.15|78|0.2
101023|2210|338.07|37|0.1
103185|4492|443.04|95|0.05
108868|2150|294.98|94|0.2
104339|3361|68.37|92|0.2
104824|7064|369.85|34|0.15
107494|7663|194.78|5|0.1
102991|1490|254.01|59|0.1
103337|140|426.17|13|0.1
103322|2838|162.05|75|0.05
105032|886|377.74|29|0.05
100982|1515|429.67|66|0.2
104813|3954|205.33|43|0.1
106602|2721|343.86|46|0.2
107270|5166|419.76|27|0.0
106574|1443|276.21|3|0.15
102904|9854|271.33|83|0.2
104700|7417|271.77|45|0.05
104484|8753|172.28|90|0.0
104575|4577|271.51|45|0.15
108852|7037|90.54|47|0.2
108149|247|429.14|11|0.15
105791|8169|127.79|93|0.2
102995|4871|371.05|54|0.0
109796|9898|207.13|87|0.0
100691|5463|241.33|30|0.1
109013|1213|270.63|43|0.2
100935|394|96.83|27|0.2
105565|2566|38.03|24|0.2
105117|4544|230.38|19|0.1
108631|4546|428.48|15|0.0
109909|760|371.57|82|0.05
107866|3881|25.44|34|0.0
100421|7552|59.97|51|0.2
108454|3750|478.86|38|0.2
108246|9268|106.56|9|0.2
102250|3517|328.54|61|0.0
106150|7831|346.03|88|0.0
109607|4720|385.84|92|0.0
108689|7546|192.63|14|0.0
100121|1902|51.74|13|0.0
103532|7171|351.58|74|0.05
102415|9467|459.37|58|0.15
102735|8561|386.08|10|0.0
101095|8492|241.95|1|0.05
109027|5815|273.85|38|0.0
101629|6638|73.41|87|0.0
100641|1164|129.61|82|0.05
104746|3870|376.12|56|0.1
102124|1689|423.53|6|0.15
102304|9230|308.13|62|0.2
103879|83|33.92|51|0.05
105881|1699|433.86|96|0.1
100672|1079|267.05|55|0.0
104272|374|404.67|42|0.0
106146|8665|172.74|3|0.15
101368|4754|346.22|36|0.0
104842|4169|159.17|3|0.2
102332|2930|203.97|44|0.2
107454|6874|117.59|65|0.2
104224|78|417.7|9|0.15
106232|9126|439.9|44|0.2
108792|5711|153.09|34|0.15
103803|8502|37.14|65|0.0
103315|8601|369.19|74|0.2
102967|214|90.83|23|0.2
106961|5023|376.4|64|0.2
108182|7344|128.62|66|0.0
106120|9961|182.81|62|0.0
108549|1885|130.44|32|0.1
107199|7370|385.62|16|0.05
103795|6856|75.53|21|0.2
106049|8150|283.25|31|0.05
109238|5288|132.13|37|0.15
108260|5355|429.67|66|0.1
100974|9674|375.67|81|0.2
104204|8622|368.13|92|0.0
104930|2459|340.09|17|0.1
106235|5306|279.36|61|0.2
106582|4748|94.21|77|0.1
103555|3341|204.34|70|0.0
108338|7055|233.5|4|0.15
105455|8910|142.13|81|0.2
107878|3917|248.09|56|0.0
104561|6007|184.4|10|0.05
103346|912|464.07|39|0.15
100396|3248|473.03|27|0.0
103181|8028|329.18|69|0.1
102898|9907|303.53|73|0.0
105863|2136|348.53|70|0.15
106928|3356|456.0|36|0.2